chain trials: 20 of route_user_1853 (walk cap 180s + setup budget 180s x 1 attempt = external ceiling 360s)
  config {'PUSH_MAG': 0.45, 'PUSH_SEC': 0.4, 'MISS_MAX': 3, 'STALL_MAX': 4, 'WINDOW': 3, 'LATERAL_GAIN': 2400.0, 'LATERAL_MAG': 0.3, 'LATERAL_CAP_SEC': 0.3, 'LATERAL_TOL_PX': 35.0, 'TABLE_CHECK_TAIL': 30, 'END_PUSH_UNITS': 0.05, 'STOP_LOOK_YAW': True, 'STOP_YAW_NEAR_FIT_ONLY': False, 'STOP_YAW_SKIP_LAST_STOP': True, 'DOOR_STOP_EXTRA_PUSH': True, 'end_iteration_budget': 1}
  205 waypoints -> >= 175 iterations (k rises by at most 3 each), so the 180s cap allows 1.03s per iteration. An iteration is one turn, one push, three captures and a locate — if that budget looks impossible, the chain is too dense and every trial will TIME OUT for a reason that is not navigation.
      |   arm: ESCAPE_GATE = False
      |   pause menu open (selected 'Resume')
      |   selected: Load Last Save
      |   confirmation dialog up (delta 82.1) -> YES
      |   world back after 3.1s, spawn bearing 87 (E)
      |   cleared match_in_progress in progress_testing.json — the reload discarded any match, so the record was stale
      |   setup 13.6s (reset 10.9s, Chain.load 2.8s for 205 waypoints) of a 180s budget
      |   chain_walk: 205 waypoints -> plan of 47 targets (41 push, 6 turn-only); the prompt is checked on every iteration; k rises by at most 1 per iteration, so >= 47 iteration(s). The 180s cap allows 3.83s each. At the last waypoint the walk may spend 3 more iteration(s) — 0.540 walk-units of forward push against OPEN-22's measured 0.05 — and then gives up rather than walking on past the table.
      |         turn to 271.3: TURNED to 273.3 (err -2.0) in 2 push(es), asked -175.7 deg, stick 2.50s
      |         chain strafe: 1 chunk(s) of 0.10s, change 13.9, best 13.9, hazards none — one push, so `best` IS the whole leg's travel
      |     it   1  k=  3 ->   3  turned-aligned to 271.3168428039934  (191 inliers at the stop)
      |         chain push: 1 chunk(s) of 0.40s, change 22.7, best 22.7, hazards none — one push, so `best` IS the whole leg's travel
      |     it   2  k=  4 ->   4  advanced-weak   fix={'k': 5, 'k_float': 5.0, 'inliers': 22, 'dx': -35.385589599609375, 'dy': 31.840011596679688, 'scale': 1.1677681128696666, 'second': 19, 'second_k': 6, 'second_dx': -32.348175048828125, 'detail': 'k=5 (5.00) inliers=22 second=19 dx=-35 scale=1.168 window=[2,6] fitted=[2, 3, 4, 5, 6]'}
      |         chain push: 1 chunk(s) of 0.40s, change 20.3, best 20.3, hazards none — one push, so `best` IS the whole leg's travel
      |     it   3  k=  7 ->   7  advanced-weak   fix={'k': 7, 'k_float': 7.0, 'inliers': 15, 'dx': -53.74772644042969, 'dy': 29.9520263671875, 'scale': 1.2387189469608093, 'second': 11, 'second_k': 6, 'second_dx': -55.64158630371094, 'detail': 'k=7 (7.00) inliers=15 second=11 dx=-54 scale=1.239 window=[3,7] fitted=[3, 4, 5, 6, 7]'}
      |         chain push: 1 chunk(s) of 0.40s, change 15.0, best 15.0, hazards none — one push, so `best` IS the whole leg's travel
      |     it   4  k= 10 ->  10  blind-advance   fix={'k': 10, 'k_float': 10.0, 'inliers': 13, 'dx': -97.45919799804688, 'dy': 36.49542236328125, 'scale': 1.3422091152899638, 'second': 12, 'second_k': 9, 'second_dx': -94.92802429199219, 'detail': 'k=10 (10.00) inliers=13 second=12 dx=-97 scale=1.342 window=[6,10] fitted=[6, 7, 8, 9, 10]'}
      |         chain push: 1 chunk(s) of 0.40s, change 12.8, best 12.8, hazards none — one push, so `best` IS the whole leg's travel
      |         chain strafe: 1 chunk(s) of 0.10s, change 6.4, best 6.4, hazards none — one push, so `best` IS the whole leg's travel
      |     it   5  k= 13 ->  13  blind-advance   fix={'k': 13, 'k_float': 13.0, 'inliers': 7, 'dx': -163.29600524902344, 'dy': 48.096038818359375, 'scale': 1.3877234442043938, 'second': 6, 'second_k': 12, 'second_dx': -167.8233642578125, 'detail': 'k=13 (13.00) inliers=7 second=6 dx=-163 scale=1.388 window=[9,13] fitted=[9, 11, 12, 13]'}  strafe left 0.10s
      |         chain push: 1 chunk(s) of 0.40s, change 8.3, best 8.3, hazards none — one push, so `best` IS the whole leg's travel
      |     it   6  k= 16 ->  16  blind-advance   fix=None
      |         chain push: 1 chunk(s) of 0.40s, change 8.2, best 8.2, hazards none — one push, so `best` IS the whole leg's travel
      |     it   7  k= 19 ->  19  blind-advance   fix=None
      |         chain push: 1 chunk(s) of 0.40s, change 9.3, best 9.3, hazards none — one push, so `best` IS the whole leg's travel
      |     it   8  k= 19 ->  39  door-step 1/1: one more push along 271.3 before the stop turns (the frame after it fits 0 inliers, scale None)
      |         turn to 1.6: TURNED to 1.6 (err +0.0) in 2 push(es), asked +88.3 deg, stick 1.33s
      |     it   8  k= 39 ->  39  turned to 1.6055901753868653  (115 inliers at the stop)
      |         chain push: 1 chunk(s) of 0.40s, change 11.8, best 11.8, hazards none — one push, so `best` IS the whole leg's travel
      |     it   9  k= 40 ->  40  advanced        fix={'k': 42, 'k_float': 42.0, 'inliers': 133, 'dx': 0.41473388671875, 'dy': 321.6000061035156, 'scale': 1.1339157132224833, 'second': 125, 'second_k': 38, 'second_dx': -11.750396728515625, 'detail': 'k=42 (42.00) inliers=133 second=125 dx=+0 scale=1.134 window=[38,42] fitted=[38, 39, 40, 41, 42]'}
      |         chain push: 1 chunk(s) of 0.40s, change 15.9, best 15.9, hazards none — one push, so `best` IS the whole leg's travel
      |         chain strafe: 1 chunk(s) of 0.10s, change 10.9, best 10.9, hazards none — one push, so `best` IS the whole leg's travel
      |     it  10  k= 43 ->  43  advanced        fix={'k': 43, 'k_float': 43.0, 'inliers': 66, 'dx': -40.904632568359375, 'dy': 363.7320556640625, 'scale': 1.2942846954337417, 'second': 46, 'second_k': 42, 'second_dx': -58.54462814331055, 'detail': 'k=43 (43.00) inliers=66 second=46 dx=-41 scale=1.294 window=[39,43] fitted=[39, 40, 41, 42, 43]'}  strafe left 0.10s
      |         chain push: 1 chunk(s) of 0.40s, change 28.3, best 28.3, hazards none — one push, so `best` IS the whole leg's travel
      |     it  11  k= 46 ->  46  advanced        fix={'k': 46, 'k_float': 46.0, 'inliers': 119, 'dx': -9.407997131347656, 'dy': 278.8909912109375, 'scale': 1.3317739202677237, 'second': 64, 'second_k': 45, 'second_dx': -28.13652801513672, 'detail': 'k=46 (46.00) inliers=119 second=64 dx=-9 scale=1.332 window=[42,46] fitted=[42, 43, 44, 45, 46]'}
      |         chain push: 1 chunk(s) of 0.40s, change 42.6, best 42.6, hazards none — one push, so `best` IS the whole leg's travel
      |         chain strafe: 1 chunk(s) of 0.10s, change 13.1, best 13.1, hazards none — one push, so `best` IS the whole leg's travel
      |     it  12  k= 49 ->  49  advanced        fix={'k': 49, 'k_float': 49.0, 'inliers': 152, 'dx': 36.0, 'dy': 283.60003662109375, 'scale': 1.070328980590057, 'second': 152, 'second_k': 48, 'second_dx': 53.176239013671875, 'detail': 'k=49 (49.00) inliers=152 second=152 dx=+36 scale=1.070 window=[45,49] fitted=[45, 46, 47, 48, 49]'}  strafe right 0.10s
      |         chain push: 1 chunk(s) of 0.40s, change 38.5, best 38.5, hazards none — one push, so `best` IS the whole leg's travel
      |         chain strafe: 1 chunk(s) of 0.10s, change 7.4, best 7.4, hazards none — one push, so `best` IS the whole leg's travel
      |     it  13  k= 49 ->  52  stalled         fix={'k': 49, 'k_float': 49.0, 'inliers': 166, 'dx': 69.50399780273438, 'dy': 248.40869140625, 'scale': 1.2514476681146591, 'second': 163, 'second_k': 52, 'second_dx': -7.199951171875, 'detail': 'k=49 (49.00) inliers=166 second=163 dx=+70 scale=1.251 window=[48,52] fitted=[48, 49, 50, 51, 52]'}  strafe right 0.10s
      |         chain push: 1 chunk(s) of 0.40s, change 16.9, best 16.9, hazards none — one push, so `best` IS the whole leg's travel
      |     it  14  k= 52 ->  52  advanced        fix={'k': 52, 'k_float': 52.0, 'inliers': 160, 'dx': 27.5999755859375, 'dy': 240.0960235595703, 'scale': 1.207840302743185, 'second': 149, 'second_k': 50, 'second_dx': 82.280029296875, 'detail': 'k=52 (52.00) inliers=160 second=149 dx=+28 scale=1.208 window=[48,52] fitted=[48, 49, 50, 51, 52]'}
      |         chain push: 1 chunk(s) of 0.40s, change 18.2, best 18.2, hazards none — one push, so `best` IS the whole leg's travel
      |     it  15  k= 55 ->  55  advanced        fix={'k': 55, 'k_float': 55.0, 'inliers': 137, 'dx': 4.79998779296875, 'dy': 222.6240234375, 'scale': 1.1495551902675853, 'second': 109, 'second_k': 54, 'second_dx': 41.800048828125, 'detail': 'k=55 (55.00) inliers=137 second=109 dx=+5 scale=1.150 window=[51,55] fitted=[51, 52, 53, 54, 55]'}
      |         chain push: 1 chunk(s) of 0.40s, change 26.9, best 26.9, hazards none — one push, so `best` IS the whole leg's travel
      |     it  16  k= 55 ->  58  stalled         fix={'k': 57, 'k_float': 57.64220951680652, 'inliers': 99, 'dx': -14.0, 'dy': 270.0, 'scale': 1.0354974779238562, 'second': 94, 'second_k': 58, 'second_dx': -13.20001220703125, 'detail': 'k=57 (57.64) inliers=99 second=94 dx=-14 scale=1.035 window=[54,58] fitted=[54, 55, 56, 57, 58]'}
      |         chain push: 1 chunk(s) of 0.40s, change 32.8, best 32.8, hazards none — one push, so `best` IS the whole leg's travel
      |     it  17  k= 58 ->  58  advanced        fix={'k': 58, 'k_float': 58.0, 'inliers': 79, 'dx': -15.20635986328125, 'dy': 279.9360656738281, 'scale': 1.1473641906264578, 'second': 74, 'second_k': 56, 'second_dx': -17.469085693359375, 'detail': 'k=58 (58.00) inliers=79 second=74 dx=-15 scale=1.147 window=[54,58] fitted=[54, 55, 56, 57, 58]'}
      |         chain push: 1 chunk(s) of 0.40s, change 29.1, best 29.1, hazards none — one push, so `best` IS the whole leg's travel
      |     it  18  k= 61 ->  61  advanced        fix={'k': 61, 'k_float': 61.0, 'inliers': 118, 'dx': -13.1663818359375, 'dy': 307.2480163574219, 'scale': 1.1241403379782924, 'second': 110, 'second_k': 59, 'second_dx': -15.948776245117188, 'detail': 'k=61 (61.00) inliers=118 second=110 dx=-13 scale=1.124 window=[57,61] fitted=[57, 58, 59, 60, 61]'}
      |         chain push: 1 chunk(s) of 0.40s, change 17.5, best 17.5, hazards none — one push, so `best` IS the whole leg's travel
      |     it  19  k= 64 ->  64  advanced        fix={'k': 64, 'k_float': 64.0, 'inliers': 132, 'dx': -1.7831878662109375, 'dy': 299.5315856933594, 'scale': 1.0541345290035375, 'second': 123, 'second_k': 61, 'second_dx': -15.199981689453125, 'detail': 'k=64 (64.00) inliers=132 second=123 dx=-2 scale=1.054 window=[60,64] fitted=[60, 61, 62, 63, 64]'}
      |     it  20  k= 88 ->  88  turned (skipped, same heading) to 1.3495539744498237  (119 inliers at the stop)
      |         chain push: 1 chunk(s) of 0.40s, change 17.3, best 17.3, hazards none — one push, so `best` IS the whole leg's travel
      |     it  21  k= 88 ->  89  stalled         fix={'k': 88, 'k_float': 88.0, 'inliers': 109, 'dx': -15.551971435546875, 'dy': -2.488311767578125, 'scale': 1.1674106614491881, 'second': 106, 'second_k': 87, 'second_dx': -17.418212890625, 'detail': 'k=88 (88.00) inliers=109 second=106 dx=-16 scale=1.167 window=[87,91] fitted=[87, 88, 89, 90, 91]'}
      |         chain push: 1 chunk(s) of 0.40s, change 18.6, best 18.6, hazards none — one push, so `best` IS the whole leg's travel
      |         chain strafe: 1 chunk(s) of 0.10s, change 7.5, best 7.5, hazards none — one push, so `best` IS the whole leg's travel
      |     it  22  k= 88 ->  89  stalled         fix={'k': 88, 'k_float': 88.0, 'inliers': 90, 'dx': 37.822479248046875, 'dy': -13.68572998046875, 'scale': 1.127541381514482, 'second': 80, 'second_k': 87, 'second_dx': -15.1199951171875, 'detail': 'k=88 (88.00) inliers=90 second=80 dx=+38 scale=1.128 window=[87,91] fitted=[87, 88, 89, 90, 91]'}  strafe right 0.10s
      |         chain push: 1 chunk(s) of 0.40s, change 17.7, best 17.7, hazards none — one push, so `best` IS the whole leg's travel
      |     it  23  k= 89 ->  89  advanced        fix={'k': 91, 'k_float': 91.0, 'inliers': 62, 'dx': -33.09461975097656, 'dy': -36.96958923339844, 'scale': 1.2413679616504947, 'second': 61, 'second_k': 90, 'second_dx': -29.08795166015625, 'detail': 'k=91 (91.00) inliers=62 second=61 dx=-33 scale=1.241 window=[87,91] fitted=[87, 88, 89, 90, 91]'}
      |         chain push: 1 chunk(s) of 0.40s, change 17.0, best 17.0, hazards none — one push, so `best` IS the whole leg's travel
      |         chain strafe: 1 chunk(s) of 0.10s, change 1.6, best 1.6, hazards SHORT — one push, so `best` IS the whole leg's travel
      |     it  24  k= 89 ->  92  stalled         fix={'k': 91, 'k_float': 91.0, 'inliers': 77, 'dx': -38.4306640625, 'dy': -33.999969482421875, 'scale': 1.3544927115284253, 'second': 70, 'second_k': 88, 'second_dx': -37.459991455078125, 'detail': 'k=91 (91.00) inliers=77 second=70 dx=-38 scale=1.354 window=[88,92] fitted=[88, 89, 90, 91, 92]'}  strafe left 0.10s
      |         chain push: 1 chunk(s) of 0.40s, change 17.7, best 17.7, hazards none — one push, so `best` IS the whole leg's travel
      |         chain strafe: 1 chunk(s) of 0.10s, change 9.3, best 9.3, hazards none — one push, so `best` IS the whole leg's travel
      |     it  25  k= 89 ->  92  stalled         fix={'k': 91, 'k_float': 91.0, 'inliers': 73, 'dx': -42.9119873046875, 'dy': -29.445068359375, 'scale': 1.5054991789338348, 'second': 70, 'second_k': 88, 'second_dx': -41.345245361328125, 'detail': 'k=91 (91.00) inliers=73 second=70 dx=-43 scale=1.505 window=[88,92] fitted=[88, 89, 90, 91, 92]'}  strafe left 0.10s
      |         chain push: 1 chunk(s) of 0.40s, change 17.2, best 17.2, hazards none — one push, so `best` IS the whole leg's travel
      |         chain strafe: 1 chunk(s) of 0.10s, change 13.6, best 13.6, hazards none — one push, so `best` IS the whole leg's travel
      |     it  26  k= 92 ->  92  advanced        fix={'k': 92, 'k_float': 92.0, 'inliers': 81, 'dx': -36.319976806640625, 'dy': -26.7742919921875, 'scale': 1.5668005871502824, 'second': 79, 'second_k': 89, 'second_dx': -34.963165283203125, 'detail': 'k=92 (92.00) inliers=81 second=79 dx=-36 scale=1.567 window=[88,92] fitted=[88, 89, 90, 91, 92]'}  strafe left 0.10s
      |         chain push: 1 chunk(s) of 0.40s, change 22.1, best 22.1, hazards none — one push, so `best` IS the whole leg's travel
      |     it  27  k= 94 ->  94  advanced        fix={'k': 95, 'k_float': 95.0, 'inliers': 112, 'dx': -19.559982299804688, 'dy': 7.389678955078125, 'scale': 1.5953497547670334, 'second': 90, 'second_k': 92, 'second_dx': -14.813385009765625, 'detail': 'k=95 (95.00) inliers=112 second=90 dx=-20 scale=1.595 window=[91,95] fitted=[91, 92, 93, 94, 95]'}
      |         chain push: 1 chunk(s) of 0.40s, change 23.2, best 23.2, hazards none — one push, so `best` IS the whole leg's travel
      |     it  28  k= 96 ->  96  advanced        fix={'k': 97, 'k_float': 97.0, 'inliers': 95, 'dx': -15.5242919921875, 'dy': -4.4959716796875, 'scale': 1.6160224502418754, 'second': 85, 'second_k': 96, 'second_dx': -10.17596435546875, 'detail': 'k=97 (97.00) inliers=95 second=85 dx=-16 scale=1.616 window=[93,97] fitted=[93, 94, 95, 96, 97]'}
      |         chain push: 1 chunk(s) of 0.40s, change 29.5, best 29.5, hazards none — one push, so `best` IS the whole leg's travel
      |     it  29  k= 98 ->  98  advanced        fix={'k': 99, 'k_float': 99.0, 'inliers': 115, 'dx': -22.070343017578125, 'dy': -12.863983154296875, 'scale': 1.7225600548001336, 'second': 88, 'second_k': 98, 'second_dx': -17.950103759765625, 'detail': 'k=99 (99.00) inliers=115 second=88 dx=-22 scale=1.723 window=[95,99] fitted=[95, 96, 97, 98, 99]'}
      |         chain push: 1 chunk(s) of 0.40s, change 27.7, best 27.7, hazards none — one push, so `best` IS the whole leg's travel
      |     it  30  k=100 -> 100  advanced        fix={'k': 101, 'k_float': 101.0, 'inliers': 111, 'dx': -21.95513916015625, 'dy': -29.403594970703125, 'scale': 2.020056216276728, 'second': 92, 'second_k': 100, 'second_dx': -18.245132446289062, 'detail': 'k=101 (101.00) inliers=111 second=92 dx=-22 scale=2.020 window=[97,101] fitted=[97, 98, 99, 100, 101]'}
      |         chain push: 1 chunk(s) of 0.40s, change 19.5, best 19.5, hazards none — one push, so `best` IS the whole leg's travel
      |     it  31  k=102 -> 102  advanced        fix={'k': 103, 'k_float': 103.0, 'inliers': 88, 'dx': -31.102340698242188, 'dy': -48.908111572265625, 'scale': 2.203799625447305, 'second': 81, 'second_k': 101, 'second_dx': -20.71630859375, 'detail': 'k=103 (103.00) inliers=88 second=81 dx=-31 scale=2.204 window=[99,103] fitted=[99, 100, 101, 102, 103]'}
      |         chain push: 1 chunk(s) of 0.40s, change 17.8, best 17.8, hazards none — one push, so `best` IS the whole leg's travel
      |         chain strafe: 1 chunk(s) of 0.10s, change 11.7, best 11.7, hazards none — one push, so `best` IS the whole leg's travel
      |     it  32  k=104 -> 104  advanced        fix={'k': 105, 'k_float': 105.0, 'inliers': 65, 'dx': -42.874267578125, 'dy': -68.16793823242188, 'scale': 2.4487140450828795, 'second': 59, 'second_k': 104, 'second_dx': -39.274261474609375, 'detail': 'k=105 (105.00) inliers=65 second=59 dx=-43 scale=2.449 window=[101,105] fitted=[101, 102, 103, 104, 105]'}  strafe left 0.10s
      |         chain push: 1 chunk(s) of 0.40s, change 20.9, best 20.9, hazards none — one push, so `best` IS the whole leg's travel
      |     it  33  k=107 -> 107  advanced-weak   fix={'k': 107, 'k_float': 107.0, 'inliers': 19, 'dx': -219.1736297607422, 'dy': -149.42227172851562, 'scale': 2.8957447124098863, 'second': 13, 'second_k': 105, 'second_dx': 23.978179931640625, 'detail': 'k=107 (107.00) inliers=19 second=13 dx=-219 scale=2.896 window=[103,107] fitted=[103, 104, 105, 106, 107]'}
      |         chain push: 1 chunk(s) of 0.40s, change 36.7, best 36.7, hazards none — one push, so `best` IS the whole leg's travel
      |     it  34  k=109 -> 109  blind-advance   fix=None
      |         chain push: 1 chunk(s) of 0.40s, change 48.5, best 48.5, hazards none — one push, so `best` IS the whole leg's travel
      |     it  35  k=112 -> 112  blind-advance   fix={'k': 112, 'k_float': 112.0, 'inliers': 7, 'dx': -39.43865966796875, 'dy': -150.1736297607422, 'scale': 4.159299363832901, 'second': 0, 'second_k': None, 'second_dx': 0.0, 'detail': 'k=112 (112.00) inliers=7 second=0 dx=-39 scale=4.159 window=[108,112] fitted=[112]'}
      |         chain push: 1 chunk(s) of 0.40s, change 40.9, best 40.9, hazards none — one push, so `best` IS the whole leg's travel
      |     it  36  k=114 -> 114  blind-advance   fix={'k': 115, 'k_float': 115.0, 'inliers': 10, 'dx': -274.897216796875, 'dy': -10.223861694335938, 'scale': 3.3570914572010846, 'second': 0, 'second_k': None, 'second_dx': 0.0, 'detail': 'k=115 (115.00) inliers=10 second=0 dx=-275 scale=3.357 window=[111,115] fitted=[115]'}
      |         turn to 303.3: TURNED to 304.7 (err -1.3) in 1 push(es), asked -59.2 deg, stick 0.79s
      |         turn to 278.3: TURNED to 277.7 (err +0.6) in 2 push(es), asked -26.3 deg, stick 0.55s
      |         turn to 328.3: TURNED to 326.2 (err +2.1) in 1 push(es), asked +50.6 deg, stick 0.68s
      |         turn to 303.3: TURNED to 306.4 (err -3.1) in 1 push(es), asked -22.9 deg, stick 0.40s
      |         turn to 290.8: TURNED to 291.6 (err -0.8) in 1 push(es), asked -15.6 deg, stick 0.25s
      |     it  37  k=129 -> 129  turned-looked to 303.34476843910807  (61 inliers at the stop)  STOP YAW -12.5 deg on -245 px, no strafe
      |         turn to 287.3: TURNED to 286.1 (err +1.2) in 1 push(es), asked -4.4 deg, stick 0.15s
      |         chain push: 1 chunk(s) of 0.40s, change 33.0, best 33.0, hazards none — one push, so `best` IS the whole leg's travel
      |         chain strafe: 1 chunk(s) of 0.13s, change 57.0, best 57.0, hazards none — one push, so `best` IS the whole leg's travel
      |     it  38  k=129 -> 130  stalled         fix={'k': 128, 'k_float': 128.0, 'inliers': 116, 'dx': 95.0, 'dy': -16.0, 'scale': 0.9817994529995383, 'second': 103, 'second_k': 132, 'second_dx': -90.0, 'detail': 'k=128 (128.00) inliers=116 second=103 dx=+95 scale=0.982 window=[128,132] fitted=[128, 129, 130, 131, 132]'}  strafe right 0.13s
      |         chain push: 1 chunk(s) of 0.40s, change 20.4, best 20.4, hazards none — one push, so `best` IS the whole leg's travel
      |     it  39  k=130 -> 130  blind-advance   fix={'k': 129, 'k_float': 129.0, 'inliers': 6, 'dx': -48.36317443847656, 'dy': -60.28880310058594, 'scale': 0.13043468609336545, 'second': 0, 'second_k': None, 'second_dx': 0.0, 'detail': 'k=129 (129.00) inliers=6 second=0 dx=-48 scale=0.130 window=[128,132] fitted=[129]'}
      |         turn to 285.8: NO-OP, already inside 4.0 deg (at 286.1, err -0.4) — nothing was sent, the recorded curve was discarded, and the caller's step line will look like a turn that happened
      |         chain push: 1 chunk(s) of 0.40s, change 20.9, best 20.9, hazards none — one push, so `best` IS the whole leg's travel
      |     it  40  k=133 -> 133  advanced-weak   fix={'k': 133, 'k_float': 129.74912577587668, 'inliers': 18, 'dx': -100.11201477050781, 'dy': -40.90000915527344, 'scale': 0.9214949492842922, 'second': 10, 'second_k': 130, 'second_dx': -85.0, 'detail': 'k=133 (129.75) inliers=18 second=10 dx=-100 scale=0.921 window=[129,133] fitted=[129, 130, 131, 133]'}
      |         chain push: 1 chunk(s) of 0.40s, change 23.5, best 23.5, hazards none — one push, so `best` IS the whole leg's travel
      |         chain strafe: 1 chunk(s) of 0.12s, change 43.4, best 43.4, hazards none — one push, so `best` IS the whole leg's travel
      |     it  41  k=133 -> 136  stalled         fix={'k': 135, 'k_float': 135.0, 'inliers': 45, 'dx': -86.39999389648438, 'dy': -30.600006103515625, 'scale': 0.7869822244227538, 'second': 38, 'second_k': 136, 'second_dx': -76.31425476074219, 'detail': 'k=135 (135.00) inliers=45 second=38 dx=-86 scale=0.787 window=[132,136] fitted=[132, 133, 134, 135, 136]'}  strafe left 0.12s
      |         chain push: 1 chunk(s) of 0.40s, change 40.7, best 40.7, hazards none — one push, so `best` IS the whole leg's travel
      |         chain strafe: 1 chunk(s) of 0.10s, change 28.7, best 28.7, hazards none — one push, so `best` IS the whole leg's travel
      |     it  42  k=133 -> 136  stalled         fix={'k': 134, 'k_float': 134.0, 'inliers': 176, 'dx': -68.78721618652344, 'dy': -26.184005737304688, 'scale': 0.8695386363276196, 'second': 107, 'second_k': 135, 'second_dx': -62.208038330078125, 'detail': 'k=134 (134.00) inliers=176 second=107 dx=-69 scale=0.870 window=[132,136] fitted=[132, 133, 134, 135, 136]'}  strafe left 0.10s
      |         chain push: 1 chunk(s) of 0.40s, change 29.7, best 29.7, hazards none — one push, so `best` IS the whole leg's travel
      |         chain strafe: 1 chunk(s) of 0.10s, change 9.2, best 9.2, hazards none — one push, so `best` IS the whole leg's travel
      |     it  43  k=133 -> 136  stalled         fix={'k': 134, 'k_float': 132.5133263682263, 'inliers': 151, 'dx': -45.0, 'dy': -29.0, 'scale': 0.962181004582598, 'second': 150, 'second_k': 133, 'second_dx': -49.0, 'detail': 'k=134 (132.51) inliers=151 second=150 dx=-45 scale=0.962 window=[132,136] fitted=[132, 133, 134, 135, 136]'}  strafe left 0.10s
      |         chain push: 1 chunk(s) of 0.40s, change 11.3, best 11.3, hazards none — one push, so `best` IS the whole leg's travel
      |     it  44  k=133 -> 136  escape:jump     fix={'k': 136, 'k_float': 134.69675811762565, 'inliers': 182, 'dx': -23.364028930664062, 'dy': -37.0, 'scale': 0.8930620895004371, 'second': 174, 'second_k': 132, 'second_dx': -44.08000183105469, 'detail': 'k=136 (134.70) inliers=182 second=174 dx=-23 scale=0.893 window=[132,136] fitted=[132, 133, 134, 135, 136]'}
      |         chain push: 1 chunk(s) of 0.40s, change 15.0, best 15.0, hazards none — one push, so `best` IS the whole leg's travel
      |     it  45  k=136 -> 136  advanced        fix={'k': 136, 'k_float': 136.0, 'inliers': 197, 'dx': -35.0, 'dy': -44.789794921875, 'scale': 1.015464213099445, 'second': 174, 'second_k': 132, 'second_dx': -55.87200927734375, 'detail': 'k=136 (136.00) inliers=197 second=174 dx=-35 scale=1.015 window=[132,136] fitted=[132, 133, 134, 135, 136]'}
      |         chain push: 1 chunk(s) of 0.40s, change 14.6, best 14.6, hazards none — one push, so `best` IS the whole leg's travel
      |         chain strafe: 1 chunk(s) of 0.10s, change 9.2, best 9.2, hazards none — one push, so `best` IS the whole leg's travel
      |     it  46  k=136 -> 139  stalled         fix={'k': 137, 'k_float': 138.60638510852556, 'inliers': 176, 'dx': -37.73371887207031, 'dy': -44.30589294433594, 'scale': 1.114055346004908, 'second': 155, 'second_k': 139, 'second_dx': -23.88787841796875, 'detail': 'k=137 (138.61) inliers=176 second=155 dx=-38 scale=1.114 window=[135,139] fitted=[135, 136, 137, 138, 139]'}  strafe left 0.10s
      |         chain push: 1 chunk(s) of 0.40s, change 20.4, best 20.4, hazards none — one push, so `best` IS the whole leg's travel
      |     it  47  k=136 -> 139  stalled         fix={'k': 136, 'k_float': 136.0, 'inliers': 160, 'dx': 13.077560424804688, 'dy': -87.6287841796875, 'scale': 1.4767125180935647, 'second': 133, 'second_k': 137, 'second_dx': 16.20001220703125, 'detail': 'k=136 (136.00) inliers=160 second=133 dx=+13 scale=1.477 window=[135,139] fitted=[135, 136, 137, 138, 139]'}
      |         chain push: 1 chunk(s) of 0.40s, change 25.3, best 25.3, hazards none — one push, so `best` IS the whole leg's travel
      |     it  48  k=139 -> 139  advanced-past   fix={'k': 136, 'k_float': 136.0, 'inliers': 131, 'dx': -4.133697509765625, 'dy': -139.67037963867188, 'scale': 2.0898649251031403, 'second': 117, 'second_k': 137, 'second_dx': 5.440032958984375, 'detail': 'k=136 (136.00) inliers=131 second=117 dx=-4 scale=2.090 window=[135,139] fitted=[135, 136, 137, 138, 139]'}
      |         chain push: 1 chunk(s) of 0.40s, change 31.1, best 31.1, hazards none — one push, so `best` IS the whole leg's travel
      |     it  49  k=142 -> 142  advanced        fix={'k': 142, 'k_float': 142.0, 'inliers': 74, 'dx': -21.526718139648438, 'dy': -131.33938598632812, 'scale': 1.8956460191001976, 'second': 40, 'second_k': 141, 'second_dx': 4.41510009765625, 'detail': 'k=142 (142.00) inliers=74 second=40 dx=-22 scale=1.896 window=[138,142] fitted=[138, 139, 140, 141, 142]'}
      |         turn to 2.2: TURNED to 0.3 (err +1.9) in 1 push(es), asked +76.1 deg, stick 1.02s
      |         chain strafe: 1 chunk(s) of 0.25s, change 24.3, best 24.3, hazards none — one push, so `best` IS the whole leg's travel
      |     it  50  k=166 -> 166  turned-aligned to 2.2489998976495684  (70 inliers at the stop)
      |         chain push: 1 chunk(s) of 0.40s, change 26.0, best 26.0, hazards none — one push, so `best` IS the whole leg's travel
      |         chain strafe: 1 chunk(s) of 0.21s, change 22.2, best 22.2, hazards none — one push, so `best` IS the whole leg's travel
      |     it  51  k=166 -> 167  stalled         fix={'k': 165, 'k_float': 165.0, 'inliers': 83, 'dx': 148.89605712890625, 'dy': -99.18719482421875, 'scale': 1.2121033299985018, 'second': 79, 'second_k': 169, 'second_dx': 145.49765014648438, 'detail': 'k=165 (165.00) inliers=83 second=79 dx=+149 scale=1.212 window=[165,169] fitted=[165, 166, 167, 168, 169]'}  strafe right 0.21s
      |         chain push: 1 chunk(s) of 0.40s, change 27.4, best 27.4, hazards none — one push, so `best` IS the whole leg's travel
      |         chain strafe: 1 chunk(s) of 0.10s, change 19.7, best 19.7, hazards none — one push, so `best` IS the whole leg's travel
      |     it  52  k=166 -> 167  stalled         fix={'k': 165, 'k_float': 165.0, 'inliers': 86, 'dx': 36.36480712890625, 'dy': -106.15676879882812, 'scale': 1.389086742247798, 'second': 79, 'second_k': 169, 'second_dx': 34.32000732421875, 'detail': 'k=165 (165.00) inliers=86 second=79 dx=+36 scale=1.389 window=[165,169] fitted=[165, 166, 167, 168, 169]'}  strafe right 0.10s
      |         chain push: 1 chunk(s) of 0.40s, change 35.7, best 35.7, hazards none — one push, so `best` IS the whole leg's travel
      |     it  53  k=166 -> 167  stalled         fix={'k': 166, 'k_float': 166.0, 'inliers': 77, 'dx': -2.3599853515625, 'dy': -121.19038391113281, 'scale': 1.4978783261681483, 'second': 69, 'second_k': 165, 'second_dx': -2.3599853515625, 'detail': 'k=166 (166.00) inliers=77 second=69 dx=-2 scale=1.498 window=[165,169] fitted=[165, 166, 167, 168, 169]'}
      |         chain push: 1 chunk(s) of 0.40s, change 35.6, best 35.6, hazards none — one push, so `best` IS the whole leg's travel
      |     it  54  k=167 -> 167  advanced-past   fix={'k': 166, 'k_float': 166.0, 'inliers': 44, 'dx': -33.56813049316406, 'dy': -135.76055908203125, 'scale': 1.6018777567824662, 'second': 44, 'second_k': 167, 'second_dx': -34.94078063964844, 'detail': 'k=166 (166.00) inliers=44 second=44 dx=-34 scale=1.602 window=[165,169] fitted=[165, 166, 167, 168, 169]'}
      |         turn to 4.3: TURNED to 2.9 (err +1.4) in 1 push(es), asked +4.0 deg, stick 0.15s
      |         chain push: 1 chunk(s) of 0.40s, change 32.9, best 32.9, hazards none — one push, so `best` IS the whole leg's travel
      |     it  55  k=169 -> 169  advanced-weak   fix={'k': 170, 'k_float': 170.0, 'inliers': 24, 'dx': 33.03276062011719, 'dy': -169.66238403320312, 'scale': 2.5566711588100386, 'second': 16, 'second_k': 168, 'second_dx': 71.24026489257812, 'detail': 'k=170 (170.00) inliers=24 second=16 dx=+33 scale=2.557 window=[166,170] fitted=[166, 167, 168, 169, 170]'}
      |         turn to 2.2: NO-OP, already inside 4.0 deg (at 2.9, err -0.7) — nothing was sent, the recorded curve was discarded, and the caller's step line will look like a turn that happened
      |         chain push: 1 chunk(s) of 0.40s, change 30.8, best 30.8, hazards none — one push, so `best` IS the whole leg's travel
      |     it  56  k=171 -> 171  advanced-weak   fix={'k': 172, 'k_float': 172.0, 'inliers': 19, 'dx': 47.687469482421875, 'dy': -199.89697265625, 'scale': 2.908752227944002, 'second': 12, 'second_k': 171, 'second_dx': 68.61039733886719, 'detail': 'k=172 (172.00) inliers=19 second=12 dx=+48 scale=2.909 window=[168,172] fitted=[168, 169, 170, 171, 172]'}
      |         chain push: 1 chunk(s) of 0.40s, change 38.3, best 38.3, hazards none — one push, so `best` IS the whole leg's travel
      |     it  57  k=173 -> 173  blind-advance   fix=None
      |         chain push: 1 chunk(s) of 0.40s, change 15.6, best 15.6, hazards none — one push, so `best` IS the whole leg's travel
      |     it  58  k=176 -> 176  blind-advance   fix=None
      |         turn to 89.5: TURNED to 85.5 (err +4.0) in 1 push(es), asked +86.6 deg, stick 1.16s
      |         chain strafe: 1 chunk(s) of 0.60s, change 58.9, best 58.9, hazards none — one push, so `best` IS the whole leg's travel
      |     it  59  k=196 -> 196  turned-aligned to 89.491477293153  (27 inliers at the stop)
      |         chain push: 1 chunk(s) of 0.40s, change 50.3, best 50.3, hazards none — one push, so `best` IS the whole leg's travel
      |         turn to 121.0: TURNED to 122.0 (err -1.1) in 2 push(es), asked +35.5 deg, stick 0.75s
      |     it  60  k=197 -> 197  advanced        fix={'k': 198, 'k_float': 198.0, 'inliers': 83, 'dx': 620.0, 'dy': -40.227783203125, 'scale': 1.2104030903541612, 'second': 79, 'second_k': 199, 'second_dx': 624.0000610351562, 'detail': 'k=198 (198.00) inliers=83 second=79 dx=+620 scale=1.210 window=[195,199] fitted=[195, 196, 197, 198, 199]'}  END TURN +31.5 deg to heading 121.0 on dx 620 px (1/3) — no strafe, turn_to said {'reached': 122.0, 'hazards': []}
      |         chain push: 1 chunk(s) of 0.40s, change 32.6, best 32.6, hazards none — one push, so `best` IS the whole leg's travel
      |         chain strafe: 1 chunk(s) of 0.18s, change 25.7, best 25.7, hazards none — one push, so `best` IS the whole leg's travel
      |     it  61  k=197 -> 200  stalled         fix={'k': 199, 'k_float': 199.0, 'inliers': 137, 'dx': -132.01919555664062, 'dy': -51.839996337890625, 'scale': 1.2295407302062047, 'second': 103, 'second_k': 196, 'second_dx': -137.7791748046875, 'detail': 'k=199 (199.00) inliers=137 second=103 dx=-132 scale=1.230 window=[196,200] fitted=[196, 197, 198, 199, 200]'}  strafe left 0.18s
      |         chain push: 1 chunk(s) of 0.40s, change 43.2, best 43.2, hazards none — one push, so `best` IS the whole leg's travel
      |         chain strafe: 1 chunk(s) of 0.16s, change 26.6, best 26.6, hazards none — one push, so `best` IS the whole leg's travel
      |     it  62  k=197 -> 200  stalled         fix={'k': 199, 'k_float': 199.0, 'inliers': 92, 'dx': -116.93437194824219, 'dy': -21.755096435546875, 'scale': 1.7099216767878858, 'second': 74, 'second_k': 196, 'second_dx': -127.08474731445312, 'detail': 'k=199 (199.00) inliers=92 second=74 dx=-117 scale=1.710 window=[196,200] fitted=[196, 197, 198, 199, 200]'}  strafe left 0.16s
      |         chain push: 1 chunk(s) of 0.40s, change 48.1, best 48.1, hazards none — one push, so `best` IS the whole leg's travel
      |   chain_walk: ARRIVED at iteration 63, k=197 (target 200 of 204), 58 push(es)
[ 1] ARRIVED   ESCAPE_GATE-off k=197/205  it=63  pushes=58  seconds=94.1 (walk 78.55, setup 13.6)  failure=None
      |   arm: ESCAPE_GATE = True
      |   pause menu open (selected 'Resume')
      |   selected: Load Last Save
      |   confirmation dialog up (delta 81.4) -> YES
      |   world back after 3.2s, spawn bearing 87 (E)
      |   setup 13.1s (reset 10.4s, Chain.load 2.7s for 205 waypoints) of a 180s budget
      |   chain_walk: 205 waypoints -> plan of 47 targets (41 push, 6 turn-only); the prompt is checked on every iteration; k rises by at most 1 per iteration, so >= 47 iteration(s). The 180s cap allows 3.83s each. At the last waypoint the walk may spend 3 more iteration(s) — 0.540 walk-units of forward push against OPEN-22's measured 0.05 — and then gives up rather than walking on past the table.
      |         turn to 271.3: TURNED to 274.9 (err -3.6) in 2 push(es), asked -175.7 deg, stick 2.50s
      |         chain strafe: 1 chunk(s) of 0.10s, change 14.3, best 14.3, hazards none — one push, so `best` IS the whole leg's travel
      |     it   1  k=  3 ->   3  turned-aligned to 271.3168428039934  (84 inliers at the stop)
      |         chain push: 1 chunk(s) of 0.40s, change 21.4, best 21.4, hazards none — one push, so `best` IS the whole leg's travel
      |     it   2  k=  4 ->   4  advanced-weak   fix={'k': 5, 'k_float': 5.0, 'inliers': 19, 'dx': -68.67764282226562, 'dy': 31.104034423828125, 'scale': 1.1565020765448093, 'second': 16, 'second_k': 6, 'second_dx': -41.825462341308594, 'detail': 'k=5 (5.00) inliers=19 second=16 dx=-69 scale=1.157 window=[2,6] fitted=[2, 3, 4, 5, 6]'}
      |         chain push: 1 chunk(s) of 0.40s, change 14.8, best 14.8, hazards none — one push, so `best` IS the whole leg's travel
      |     it   3  k=  6 ->   7  advanced-weak   fix={'k': 6, 'k_float': 6.0, 'inliers': 16, 'dx': -78.10559844970703, 'dy': 27.827743530273438, 'scale': 1.2006751575014178, 'second': 16, 'second_k': 3, 'second_dx': -83.79071044921875, 'detail': 'k=6 (6.00) inliers=16 second=16 dx=-78 scale=1.201 window=[3,7] fitted=[3, 4, 5, 6, 7]'}
      |         chain push: 1 chunk(s) of 0.40s, change 18.9, best 18.9, hazards none — one push, so `best` IS the whole leg's travel
      |     it   4  k=  7 ->   7  advanced        fix={'k': 9, 'k_float': 9.0, 'inliers': 53, 'dx': 22.464111328125, 'dy': 38.8800048828125, 'scale': 1.1066148020917008, 'second': 9, 'second_k': 8, 'second_dx': 54.66253662109375, 'detail': 'k=9 (9.00) inliers=53 second=9 dx=+22 scale=1.107 window=[5,9] fitted=[5, 6, 7, 8, 9]'}
      |         chain push: 1 chunk(s) of 0.40s, change 12.7, best 12.7, hazards none — one push, so `best` IS the whole leg's travel
      |     it   5  k= 10 ->  10  blind-advance   fix={'k': 8, 'k_float': 8.0, 'inliers': 8, 'dx': -174.87359619140625, 'dy': 55.56221008300781, 'scale': 1.7563084343149875, 'second': 6, 'second_k': 10, 'second_dx': -177.12692260742188, 'detail': 'k=8 (8.00) inliers=8 second=6 dx=-175 scale=1.756 window=[6,10] fitted=[6, 7, 8, 9, 10]'}
      |         chain push: 1 chunk(s) of 0.40s, change 9.7, best 9.7, hazards none — one push, so `best` IS the whole leg's travel
      |     it   6  k= 13 ->  13  blind-advance   fix=None
      |         chain push: 1 chunk(s) of 0.40s, change 7.8, best 7.8, hazards none — one push, so `best` IS the whole leg's travel
      |     it   7  k= 16 ->  16  blind-advance   fix=None
      |         chain push: 1 chunk(s) of 0.40s, change 7.3, best 7.3, hazards none — one push, so `best` IS the whole leg's travel
      |     it   8  k= 19 ->  19  blind-advance   fix=None
      |         chain push: 1 chunk(s) of 0.40s, change 9.1, best 9.1, hazards none — one push, so `best` IS the whole leg's travel
      |     it   9  k= 19 ->  39  door-step 1/1: one more push along 271.3 before the stop turns (the frame after it fits 0 inliers, scale None)
      |         turn to 1.6: TURNED to 0.4 (err +1.2) in 3 push(es), asked +86.7 deg, stick 1.46s
      |         chain strafe: 1 chunk(s) of 0.15s, change 10.6, best 10.6, hazards none — one push, so `best` IS the whole leg's travel
      |     it   9  k= 39 ->  39  turned-aligned to 1.6055901753868653  (61 inliers at the stop)
      |         chain push: 1 chunk(s) of 0.40s, change 12.5, best 12.5, hazards none — one push, so `best` IS the whole leg's travel
      |         chain strafe: 1 chunk(s) of 0.14s, change 10.2, best 10.2, hazards none — one push, so `best` IS the whole leg's travel
      |     it  10  k= 40 ->  40  advanced        fix={'k': 41, 'k_float': 41.0, 'inliers': 44, 'dx': 101.1400146484375, 'dy': 343.99273681640625, 'scale': 1.1412005587504488, 'second': 42, 'second_k': 39, 'second_dx': 74.85699462890625, 'detail': 'k=41 (41.00) inliers=44 second=42 dx=+101 scale=1.141 window=[38,42] fitted=[38, 39, 40, 41, 42]'}  strafe right 0.14s
      |         chain push: 1 chunk(s) of 0.40s, change 31.7, best 31.7, hazards none — one push, so `best` IS the whole leg's travel
      |         chain strafe: 1 chunk(s) of 0.14s, change 12.3, best 12.3, hazards none — one push, so `best` IS the whole leg's travel
      |     it  11  k= 43 ->  43  advanced        fix={'k': 43, 'k_float': 43.0, 'inliers': 37, 'dx': 104.25604248046875, 'dy': 331.4304504394531, 'scale': 1.2367349308112212, 'second': 33, 'second_k': 40, 'second_dx': 111.0, 'detail': 'k=43 (43.00) inliers=37 second=33 dx=+104 scale=1.237 window=[39,43] fitted=[39, 40, 41, 42, 43]'}  strafe right 0.14s
      |         chain push: 1 chunk(s) of 0.40s, change 41.0, best 41.0, hazards none — one push, so `best` IS the whole leg's travel
      |         chain strafe: 1 chunk(s) of 0.13s, change 20.7, best 20.7, hazards none — one push, so `best` IS the whole leg's travel
      |     it  12  k= 46 ->  46  advanced        fix={'k': 46, 'k_float': 46.0, 'inliers': 49, 'dx': 96.20001220703125, 'dy': 272.678466796875, 'scale': 1.267455061593602, 'second': 47, 'second_k': 45, 'second_dx': 105.23529052734375, 'detail': 'k=46 (46.00) inliers=49 second=47 dx=+96 scale=1.267 window=[42,46] fitted=[42, 43, 44, 45, 46]'}  strafe right 0.13s
      |         chain push: 1 chunk(s) of 0.40s, change 35.1, best 35.1, hazards none — one push, so `best` IS the whole leg's travel
      |         chain strafe: 1 chunk(s) of 0.10s, change 8.3, best 8.3, hazards none — one push, so `best` IS the whole leg's travel
      |     it  13  k= 49 ->  49  advanced        fix={'k': 49, 'k_float': 49.0, 'inliers': 155, 'dx': 70.60003662109375, 'dy': 254.39999389648438, 'scale': 1.2378356856540422, 'second': 112, 'second_k': 48, 'second_dx': 89.0, 'detail': 'k=49 (49.00) inliers=155 second=112 dx=+71 scale=1.238 window=[45,49] fitted=[45, 46, 47, 48, 49]'}  strafe right 0.10s
      |         chain push: 1 chunk(s) of 0.40s, change 18.0, best 18.0, hazards none — one push, so `best` IS the whole leg's travel
      |     it  14  k= 52 ->  52  advanced        fix={'k': 52, 'k_float': 52.0, 'inliers': 162, 'dx': 28.68487548828125, 'dy': 248.30001831054688, 'scale': 1.1938688690679415, 'second': 141, 'second_k': 51, 'second_dx': 59.9200439453125, 'detail': 'k=52 (52.00) inliers=162 second=141 dx=+29 scale=1.194 window=[48,52] fitted=[48, 49, 50, 51, 52]'}
      |         chain push: 1 chunk(s) of 0.40s, change 17.4, best 17.4, hazards none — one push, so `best` IS the whole leg's travel
      |         chain strafe: 1 chunk(s) of 0.11s, change 9.4, best 9.4, hazards none — one push, so `best` IS the whole leg's travel
      |     it  15  k= 52 ->  55  stalled         fix={'k': 53, 'k_float': 53.0, 'inliers': 134, 'dx': 77.12652587890625, 'dy': 197.2543182373047, 'scale': 1.3558038124998915, 'second': 119, 'second_k': 55, 'second_dx': 4.79998779296875, 'detail': 'k=53 (53.00) inliers=134 second=119 dx=+77 scale=1.356 window=[51,55] fitted=[51, 52, 53, 54, 55]'}  strafe right 0.11s
      |         chain push: 1 chunk(s) of 0.40s, change 22.0, best 22.0, hazards none — one push, so `best` IS the whole leg's travel
      |         chain strafe: 1 chunk(s) of 0.10s, change 1.4, best 1.4, hazards SHORT — one push, so `best` IS the whole leg's travel
      |     it  16  k= 55 ->  55  advanced        fix={'k': 55, 'k_float': 55.0, 'inliers': 83, 'dx': 73.65435791015625, 'dy': 131.16000366210938, 'scale': 1.4529355437976843, 'second': 65, 'second_k': 54, 'second_dx': 111.46307373046875, 'detail': 'k=55 (55.00) inliers=83 second=65 dx=+74 scale=1.453 window=[51,55] fitted=[51, 52, 53, 54, 55]'}  strafe right 0.10s
      |         chain push: 1 chunk(s) of 0.40s, change 31.4, best 31.4, hazards none — one push, so `best` IS the whole leg's travel
      |     it  17  k= 58 ->  58  advanced        fix={'k': 58, 'k_float': 58.0, 'inliers': 111, 'dx': 1.0, 'dy': 278.0, 'scale': 1.0864117715335606, 'second': 96, 'second_k': 56, 'second_dx': -1.20001220703125, 'detail': 'k=58 (58.00) inliers=111 second=96 dx=+1 scale=1.086 window=[54,58] fitted=[54, 55, 56, 57, 58]'}
      |         chain push: 1 chunk(s) of 0.40s, change 28.2, best 28.2, hazards none — one push, so `best` IS the whole leg's travel
      |     it  18  k= 58 ->  61  stalled         fix={'k': 59, 'k_float': 59.0, 'inliers': 124, 'dx': 2.073577880859375, 'dy': 295.0, 'scale': 1.0933357663569085, 'second': 117, 'second_k': 61, 'second_dx': 4.147186279296875, 'detail': 'k=59 (59.00) inliers=124 second=117 dx=+2 scale=1.093 window=[57,61] fitted=[57, 58, 59, 60, 61]'}
      |         chain push: 1 chunk(s) of 0.40s, change 27.0, best 27.0, hazards none — one push, so `best` IS the whole leg's travel
      |     it  19  k= 58 ->  61  stalled         fix={'k': 59, 'k_float': 59.0, 'inliers': 117, 'dx': 0.864044189453125, 'dy': 299.0400085449219, 'scale': 1.1885613044277492, 'second': 105, 'second_k': 60, 'second_dx': 2.903076171875, 'detail': 'k=59 (59.00) inliers=117 second=105 dx=+1 scale=1.189 window=[57,61] fitted=[57, 58, 59, 60, 61]'}
      |         chain push: 1 chunk(s) of 0.40s, change 19.3, best 19.3, hazards none — one push, so `best` IS the whole leg's travel
      |     it  20  k= 61 ->  61  advanced        fix={'k': 61, 'k_float': 61.0, 'inliers': 134, 'dx': 2.76483154296875, 'dy': 312.76806640625, 'scale': 1.1825157169094063, 'second': 119, 'second_k': 59, 'second_dx': 0.597198486328125, 'detail': 'k=61 (61.00) inliers=134 second=119 dx=+3 scale=1.183 window=[57,61] fitted=[57, 58, 59, 60, 61]'}
      |         chain push: 1 chunk(s) of 0.40s, change 15.6, best 15.6, hazards none — one push, so `best` IS the whole leg's travel
      |     it  21  k= 61 ->  64  stalled         fix={'k': 62, 'k_float': 62.0, 'inliers': 136, 'dx': 4.70001220703125, 'dy': 305.68243408203125, 'scale': 1.260876308387588, 'second': 113, 'second_k': 64, 'second_dx': 10.08001708984375, 'detail': 'k=62 (62.00) inliers=136 second=113 dx=+5 scale=1.261 window=[60,64] fitted=[60, 61, 62, 63, 64]'}
      |         chain push: 1 chunk(s) of 0.40s, change 19.8, best 19.8, hazards none — one push, so `best` IS the whole leg's travel
      |     it  22  k= 61 ->  64  stalled         fix={'k': 60, 'k_float': 60.0, 'inliers': 107, 'dx': -0.319976806640625, 'dy': 276.52001953125, 'scale': 1.4067975933675467, 'second': 99, 'second_k': 64, 'second_dx': 8.70916748046875, 'detail': 'k=60 (60.00) inliers=107 second=99 dx=-0 scale=1.407 window=[60,64] fitted=[60, 61, 62, 63, 64]'}
      |         chain push: 1 chunk(s) of 0.40s, change 17.7, best 17.7, hazards none — one push, so `best` IS the whole leg's travel
      |     it  23  k= 61 ->  64  stalled         fix={'k': 63, 'k_float': 63.0, 'inliers': 96, 'dx': 3.216033935546875, 'dy': 257.7877197265625, 'scale': 1.4391154900853245, 'second': 92, 'second_k': 60, 'second_dx': -2.1445770263671875, 'detail': 'k=63 (63.00) inliers=96 second=92 dx=+3 scale=1.439 window=[60,64] fitted=[60, 61, 62, 63, 64]'}
      |         chain push: 1 chunk(s) of 0.40s, change 17.2, best 17.2, hazards none — one push, so `best` IS the whole leg's travel
      |     it  24  k= 61 ->  64  escape:jump     fix={'k': 60, 'k_float': 60.0, 'inliers': 108, 'dx': -1.7855224609375, 'dy': 267.0399169921875, 'scale': 1.7495439658165854, 'second': 103, 'second_k': 62, 'second_dx': -0.199005126953125, 'detail': 'k=60 (60.00) inliers=108 second=103 dx=-2 scale=1.750 window=[60,64] fitted=[60, 61, 62, 63, 64]'}
      |         chain push: 1 chunk(s) of 0.40s, change 25.5, best 25.5, hazards none — one push, so `best` IS the whole leg's travel
      |     it  25  k= 64 ->  64  advanced-past   fix={'k': 61, 'k_float': 61.0, 'inliers': 121, 'dx': -2.91192626953125, 'dy': 267.3824462890625, 'scale': 1.9454478142941898, 'second': 100, 'second_k': 64, 'second_dx': 3.544036865234375, 'detail': 'k=61 (61.00) inliers=121 second=100 dx=-3 scale=1.945 window=[60,64] fitted=[60, 61, 62, 63, 64]'}
      |     it  26  k= 88 ->  88  turned (skipped, same heading) to 1.3495539744498237  (90 inliers at the stop)
      |         chain push: 1 chunk(s) of 0.40s, change 22.3, best 22.3, hazards none — one push, so `best` IS the whole leg's travel
      |     it  27  k= 86 ->  89  regressed       fix={'k': 86, 'k_float': 86.0, 'inliers': 29, 'dx': 2.19580078125, 'dy': -13.3343505859375, 'scale': 1.8673490623490443, 'second': 26, 'second_k': 88, 'second_dx': -18.2772216796875, 'detail': 'k=86 (86.00) inliers=29 second=26 dx=+2 scale=1.867 window=[85,91] fitted=[85, 86, 87, 88, 89, 90, 91]'}
      |     it  28  k=105 ->  88  relocalised past the stop: 179 inliers at 105
      |         chain push: 1 chunk(s) of 0.40s, change 26.5, best 26.5, hazards none — one push, so `best` IS the whole leg's travel
      |         chain strafe: 1 chunk(s) of 0.10s, change 12.3, best 12.3, hazards none — one push, so `best` IS the whole leg's travel
      |     it  29  k=107 -> 107  advanced        fix={'k': 108, 'k_float': 107.47539260123966, 'inliers': 174, 'dx': -46.3306884765625, 'dy': 11.0, 'scale': 0.9649699131033808, 'second': 172, 'second_k': 104, 'second_dx': -44.08702087402344, 'detail': 'k=108 (107.48) inliers=174 second=172 dx=-46 scale=0.965 window=[104,108] fitted=[104, 105, 106, 107, 108]'}  strafe left 0.10s
      |         chain push: 1 chunk(s) of 0.40s, change 29.1, best 29.1, hazards none — one push, so `best` IS the whole leg's travel
      |         chain strafe: 1 chunk(s) of 0.10s, change 1.8, best 1.8, hazards SHORT — one push, so `best` IS the whole leg's travel
      |     it  30  k=107 -> 109  stalled         fix={'k': 108, 'k_float': 108.0, 'inliers': 170, 'dx': -45.99253845214844, 'dy': -5.0083160400390625, 'scale': 1.2148477999087057, 'second': 157, 'second_k': 106, 'second_dx': -8.5999755859375, 'detail': 'k=108 (108.00) inliers=170 second=157 dx=-46 scale=1.215 window=[106,110] fitted=[106, 107, 108, 109, 110]'}  strafe left 0.10s
      |         chain push: 1 chunk(s) of 0.40s, change 24.1, best 24.1, hazards none — one push, so `best` IS the whole leg's travel
      |         chain strafe: 1 chunk(s) of 0.11s, change 12.5, best 12.5, hazards none — one push, so `best` IS the whole leg's travel
      |     it  31  k=109 -> 109  advanced        fix={'k': 109, 'k_float': 109.0, 'inliers': 176, 'dx': -80.98397827148438, 'dy': -19.09368896484375, 'scale': 1.4969180683706038, 'second': 154, 'second_k': 107, 'second_dx': -79.63627624511719, 'detail': 'k=109 (109.00) inliers=176 second=154 dx=-81 scale=1.497 window=[106,110] fitted=[106, 107, 108, 109, 110]'}  strafe left 0.11s
      |         chain push: 1 chunk(s) of 0.40s, change 13.8, best 13.8, hazards none — one push, so `best` IS the whole leg's travel
      |         chain strafe: 1 chunk(s) of 0.10s, change 12.9, best 12.9, hazards none — one push, so `best` IS the whole leg's travel
      |     it  32  k=112 -> 112  advanced-past   fix={'k': 109, 'k_float': 109.0, 'inliers': 139, 'dx': -61.3919677734375, 'dy': -34.318023681640625, 'scale': 1.6989624230391982, 'second': 129, 'second_k': 108, 'second_dx': -59.6201171875, 'detail': 'k=109 (109.00) inliers=139 second=129 dx=-61 scale=1.699 window=[108,112] fitted=[108, 109, 110, 111, 112]'}  strafe left 0.10s
      |         chain push: 1 chunk(s) of 0.40s, change 19.5, best 19.5, hazards none — one push, so `best` IS the whole leg's travel
      |     it  33  k=114 -> 114  advanced        fix={'k': 115, 'k_float': 115.0, 'inliers': 136, 'dx': -24.681594848632812, 'dy': -27.37152099609375, 'scale': 1.2180688451525918, 'second': 103, 'second_k': 111, 'second_dx': 41.664093017578125, 'detail': 'k=115 (115.00) inliers=136 second=103 dx=-25 scale=1.218 window=[111,115] fitted=[111, 112, 113, 114, 115]'}
      |         turn to 303.3: TURNED to 305.8 (err -2.5) in 1 push(es), asked -57.1 deg, stick 0.76s
      |         turn to 278.3: TURNED to 277.6 (err +0.8) in 1 push(es), asked -27.5 deg, stick 0.40s
      |         turn to 328.3: TURNED to 324.9 (err +3.4) in 1 push(es), asked +50.8 deg, stick 0.68s
      |         turn to 303.3: TURNED to 306.2 (err -2.8) in 1 push(es), asked -21.6 deg, stick 0.40s
      |         turn to 296.8: TURNED to 298.7 (err -1.9) in 1 push(es), asked -9.3 deg, stick 0.15s
      |     it  34  k=129 -> 129  turned-looked to 303.34476843910807  (145 inliers at the stop)  STOP YAW -6.5 deg on -128 px, no strafe
      |         turn to 293.3: TURNED to 292.1 (err +1.2) in 1 push(es), asked -5.5 deg, stick 0.15s
      |         chain push: 1 chunk(s) of 0.40s, change 11.6, best 11.6, hazards none — one push, so `best` IS the whole leg's travel
      |         chain strafe: 1 chunk(s) of 0.29s, change 11.6, best 11.6, hazards none — one push, so `best` IS the whole leg's travel
      |     it  35  k=129 -> 130  stalled         fix={'k': 129, 'k_float': 129.0, 'inliers': 153, 'dx': 211.10403442382812, 'dy': -22.0, 'scale': 1.1749185033778886, 'second': 145, 'second_k': 130, 'second_dx': 122.16000366210938, 'detail': 'k=129 (129.00) inliers=153 second=145 dx=+211 scale=1.175 window=[128,132] fitted=[128, 129, 130, 131, 132]'}  strafe right 0.29s
      |         chain push: 1 chunk(s) of 0.40s, change 18.3, best 18.3, hazards none — one push, so `best` IS the whole leg's travel
      |         chain strafe: 1 chunk(s) of 0.17s, change 14.7, best 14.7, hazards none — one push, so `best` IS the whole leg's travel
      |     it  36  k=129 -> 130  stalled         fix={'k': 129, 'k_float': 129.0, 'inliers': 130, 'dx': 122.13510131835938, 'dy': -57.85999298095703, 'scale': 1.5071841485358495, 'second': 116, 'second_k': 131, 'second_dx': 23.151214599609375, 'detail': 'k=129 (129.00) inliers=130 second=116 dx=+122 scale=1.507 window=[128,132] fitted=[128, 129, 130, 131, 132]'}  strafe right 0.17s
      |         chain push: 1 chunk(s) of 0.40s, change 20.1, best 20.1, hazards none — one push, so `best` IS the whole leg's travel
      |         chain strafe: 1 chunk(s) of 0.10s, change 4.3, best 4.3, hazards none — one push, so `best` IS the whole leg's travel
      |     it  37  k=130 -> 130  advanced-past   fix={'k': 129, 'k_float': 129.0, 'inliers': 103, 'dx': 54.826080322265625, 'dy': -88.88276672363281, 'scale': 1.964305105706396, 'second': 100, 'second_k': 132, 'second_dx': -37.631927490234375, 'detail': 'k=129 (129.00) inliers=103 second=100 dx=+55 scale=1.964 window=[128,132] fitted=[128, 129, 130, 131, 132]'}  strafe right 0.10s
      |         turn to 291.8: NO-OP, already inside 4.0 deg (at 292.0, err -0.3) — nothing was sent, the recorded curve was discarded, and the caller's step line will look like a turn that happened
      |         chain push: 1 chunk(s) of 0.40s, change 23.8, best 23.8, hazards none — one push, so `best` IS the whole leg's travel
      |         chain strafe: 1 chunk(s) of 0.10s, change 20.5, best 20.5, hazards none — one push, so `best` IS the whole leg's travel
      |     it  38  k=133 -> 133  advanced-past   fix={'k': 130, 'k_float': 130.0, 'inliers': 99, 'dx': -37.648193359375, 'dy': -128.967041015625, 'scale': 2.74877322332016, 'second': 54, 'second_k': 133, 'second_dx': -58.600311279296875, 'detail': 'k=130 (130.00) inliers=99 second=54 dx=-38 scale=2.749 window=[129,133] fitted=[129, 130, 131, 132, 133]'}  strafe left 0.10s
      |         chain push: 1 chunk(s) of 0.40s, change 37.9, best 37.9, hazards none — one push, so `best` IS the whole leg's travel
      |     it  39  k=136 -> 136  blind-advance   fix={'k': 134, 'k_float': 134.0, 'inliers': 9, 'dx': -102.51181030273438, 'dy': -162.25772094726562, 'scale': 3.9927179354276032, 'second': 6, 'second_k': 135, 'second_dx': -114.42144012451172, 'detail': 'k=134 (134.00) inliers=9 second=6 dx=-103 scale=3.993 window=[132,136] fitted=[134, 135]'}
      |         chain push: 1 chunk(s) of 0.40s, change 46.0, best 46.0, hazards none — one push, so `best` IS the whole leg's travel
      |         chain strafe: 1 chunk(s) of 0.21s, change 42.0, best 42.0, hazards none — one push, so `best` IS the whole leg's travel
      |     it  40  k=136 -> 139  stalled         fix={'k': 138, 'k_float': 138.0, 'inliers': 45, 'dx': -151.1212158203125, 'dy': -170.75682067871094, 'scale': 3.132931664589023, 'second': 11, 'second_k': 139, 'second_dx': 319.35760498046875, 'detail': 'k=138 (138.00) inliers=45 second=11 dx=-151 scale=3.133 window=[135,139] fitted=[136, 137, 138, 139]'}  strafe left 0.21s
      |         chain push: 1 chunk(s) of 0.40s, change 36.7, best 36.7, hazards none — one push, so `best` IS the whole leg's travel
      |         chain strafe: 1 chunk(s) of 0.14s, change 34.8, best 34.8, hazards none — one push, so `best` IS the whole leg's travel
      |     it  41  k=139 -> 139  blind-advance   fix={'k': 139, 'k_float': 139.0, 'inliers': 14, 'dx': -136.6212158203125, 'dy': -192.53257751464844, 'scale': 3.035249805466204, 'second': 14, 'second_k': 136, 'second_dx': -159.78756713867188, 'detail': 'k=139 (139.00) inliers=14 second=14 dx=-137 scale=3.035 window=[135,139] fitted=[135, 136, 137, 138, 139]'}  strafe left 0.14s
      |         chain push: 1 chunk(s) of 0.40s, change 37.6, best 37.6, hazards none — one push, so `best` IS the whole leg's travel
      |         chain strafe: 1 chunk(s) of 0.27s, change 50.2, best 50.2, hazards none — one push, so `best` IS the whole leg's travel
      |     it  42  k=142 -> 142  advanced-past   fix={'k': 139, 'k_float': 139.0, 'inliers': 56, 'dx': -195.12319946289062, 'dy': -152.07456970214844, 'scale': 2.925951683899736, 'second': 27, 'second_k': 141, 'second_dx': -130.5394744873047, 'detail': 'k=139 (139.00) inliers=56 second=27 dx=-195 scale=2.926 window=[138,142] fitted=[138, 139, 140, 141, 142]'}  strafe left 0.27s
      |         turn to 2.2: TURNED to 358.8 (err +3.5) in 1 push(es), asked +70.2 deg, stick 0.94s
      |         chain strafe: 1 chunk(s) of 0.35s, change 29.7, best 29.7, hazards none — one push, so `best` IS the whole leg's travel
      |     it  43  k=166 -> 166  turned-aligned to 2.2489998976495684  (115 inliers at the stop)
      |         chain push: 1 chunk(s) of 0.40s, change 34.4, best 34.4, hazards none — one push, so `best` IS the whole leg's travel
      |         chain strafe: 1 chunk(s) of 0.30s, change 31.1, best 31.1, hazards none — one push, so `best` IS the whole leg's travel
      |     it  44  k=167 -> 167  advanced        fix={'k': 169, 'k_float': 169.0, 'inliers': 96, 'dx': 266.9880676269531, 'dy': -36.11541748046875, 'scale': 1.2815517396650087, 'second': 92, 'second_k': 165, 'second_dx': 274.67608642578125, 'detail': 'k=169 (169.00) inliers=96 second=92 dx=+267 scale=1.282 window=[165,169] fitted=[165, 166, 167, 168, 169]'}  strafe right 0.30s
      |         turn to 4.3: TURNED to 4.8 (err -0.5) in 1 push(es), asked +5.5 deg, stick 0.15s
      |         chain push: 1 chunk(s) of 0.40s, change 29.1, best 29.1, hazards none — one push, so `best` IS the whole leg's travel
      |         chain strafe: 1 chunk(s) of 0.15s, change 23.2, best 23.2, hazards none — one push, so `best` IS the whole leg's travel
      |     it  45  k=169 -> 169  advanced        fix={'k': 170, 'k_float': 170.0, 'inliers': 124, 'dx': 108.37161254882812, 'dy': -92.92124938964844, 'scale': 1.4237484262385494, 'second': 101, 'second_k': 167, 'second_dx': 133.28656005859375, 'detail': 'k=170 (170.00) inliers=124 second=101 dx=+108 scale=1.424 window=[166,170] fitted=[166, 167, 168, 169, 170]'}  strafe right 0.15s
      |         turn to 2.2: NO-OP, already inside 4.0 deg (at 4.8, err -2.6) — nothing was sent, the recorded curve was discarded, and the caller's step line will look like a turn that happened
      |         chain push: 1 chunk(s) of 0.40s, change 30.1, best 30.1, hazards none — one push, so `best` IS the whole leg's travel
      |         chain strafe: 1 chunk(s) of 0.10s, change 22.5, best 22.5, hazards none — one push, so `best` IS the whole leg's travel
      |     it  46  k=169 -> 171  stalled         fix={'k': 170, 'k_float': 170.0, 'inliers': 63, 'dx': 73.35205078125, 'dy': -110.713623046875, 'scale': 1.6752426661381596, 'second': 62, 'second_k': 172, 'second_dx': 29.251800537109375, 'detail': 'k=170 (170.00) inliers=63 second=62 dx=+73 scale=1.675 window=[168,172] fitted=[168, 169, 170, 171, 172]'}  strafe right 0.10s
      |         chain push: 1 chunk(s) of 0.40s, change 33.7, best 33.7, hazards none — one push, so `best` IS the whole leg's travel
      |         chain strafe: 1 chunk(s) of 0.12s, change 25.1, best 25.1, hazards none — one push, so `best` IS the whole leg's travel
      |     it  47  k=171 -> 171  advanced        fix={'k': 172, 'k_float': 172.0, 'inliers': 55, 'dx': -87.505859375, 'dy': -129.34396362304688, 'scale': 1.6653404839650705, 'second': 41, 'second_k': 169, 'second_dx': -63.94976806640625, 'detail': 'k=172 (172.00) inliers=55 second=41 dx=-88 scale=1.665 window=[168,172] fitted=[168, 169, 170, 171, 172]'}  strafe left 0.12s
      |         chain push: 1 chunk(s) of 0.40s, change 46.7, best 46.7, hazards none — one push, so `best` IS the whole leg's travel
      |     it  48  k=173 -> 173  advanced        fix={'k': 174, 'k_float': 174.0, 'inliers': 40, 'dx': -29.27001953125, 'dy': -167.5927734375, 'scale': 2.218251287923881, 'second': 29, 'second_k': 173, 'second_dx': -57.17230224609375, 'detail': 'k=174 (174.00) inliers=40 second=29 dx=-29 scale=2.218 window=[170,174] fitted=[170, 171, 172, 173, 174]'}
      |         chain push: 1 chunk(s) of 0.40s, change 41.0, best 41.0, hazards none — one push, so `best` IS the whole leg's travel
      |     it  49  k=176 -> 176  advanced-weak   fix={'k': 176, 'k_float': 176.0, 'inliers': 25, 'dx': -72.49496459960938, 'dy': -236.58863830566406, 'scale': 2.966462662823171, 'second': 12, 'second_k': 175, 'second_dx': -25.900482177734375, 'detail': 'k=176 (176.00) inliers=25 second=12 dx=-72 scale=2.966 window=[172,176] fitted=[173, 174, 175, 176]'}
      |         turn to 89.5: TURNED to 88.9 (err +0.6) in 2 push(es), asked +84.7 deg, stick 1.28s
      |         chain strafe: 1 chunk(s) of 0.57s, change 45.4, best 45.4, hazards none — one push, so `best` IS the whole leg's travel
      |     it  50  k=196 -> 196  turned-aligned to 89.491477293153  (133 inliers at the stop)
      |         chain push: 1 chunk(s) of 0.40s, change 36.1, best 36.1, hazards none — one push, so `best` IS the whole leg's travel
      |         chain strafe: 1 chunk(s) of 0.30s, change 26.0, best 26.0, hazards none — one push, so `best` IS the whole leg's travel
      |     it  51  k=196 -> 197  stalled         fix={'k': 196, 'k_float': 196.0, 'inliers': 112, 'dx': 318.800048828125, 'dy': -27.17999267578125, 'scale': 1.2622397902196174, 'second': 110, 'second_k': 199, 'second_dx': 326.1600341796875, 'detail': 'k=196 (196.00) inliers=112 second=110 dx=+319 scale=1.262 window=[195,199] fitted=[195, 196, 197, 198, 199]'}  strafe right 0.30s
      |         chain push: 1 chunk(s) of 0.40s, change 40.1, best 40.1, hazards none — one push, so `best` IS the whole leg's travel
      |         chain strafe: 1 chunk(s) of 0.30s, change 31.3, best 31.3, hazards none — one push, so `best` IS the whole leg's travel
      |     it  52  k=197 -> 197  advanced        fix={'k': 197, 'k_float': 197.0, 'inliers': 130, 'dx': 275.19287109375, 'dy': -5.8809051513671875, 'scale': 1.694444899766899, 'second': 99, 'second_k': 199, 'second_dx': 282.922119140625, 'detail': 'k=197 (197.00) inliers=130 second=99 dx=+275 scale=1.694 window=[195,199] fitted=[195, 196, 197, 198, 199]'}  strafe right 0.30s
      |         chain push: 1 chunk(s) of 0.40s, change 46.3, best 46.3, hazards none — one push, so `best` IS the whole leg's travel
      |   chain_walk: ARRIVED at iteration 53, k=197 (target 200 of 204), 47 push(es)
[ 2] ARRIVED   ESCAPE_GATE-on k=197/205  it=53  pushes=47  seconds=85.6 (walk 71.0, setup 13.1)  failure=None
      |   arm: ESCAPE_GATE = False
      |   pause menu open (selected 'Resume')
      |   selected: Load Last Save
      |   confirmation dialog up (delta 84.5) -> YES
      |   world back after 3.2s, spawn bearing 87 (E)
      |   setup 13.8s (reset 11.2s, Chain.load 2.7s for 205 waypoints) of a 180s budget
      |   chain_walk: 205 waypoints -> plan of 47 targets (41 push, 6 turn-only); the prompt is checked on every iteration; k rises by at most 1 per iteration, so >= 47 iteration(s). The 180s cap allows 3.83s each. At the last waypoint the walk may spend 3 more iteration(s) — 0.540 walk-units of forward push against OPEN-22's measured 0.05 — and then gives up rather than walking on past the table.
      |         turn to 271.3: TURNED to 271.1 (err +0.3) in 2 push(es), asked -175.7 deg, stick 2.50s
      |     it   1  k=  3 ->   3  turned to 271.3168428039934  (198 inliers at the stop)
      |         chain push: 1 chunk(s) of 0.40s, change 20.0, best 20.0, hazards none — one push, so `best` IS the whole leg's travel
      |         chain strafe: 1 chunk(s) of 0.10s, change 12.3, best 12.3, hazards none — one push, so `best` IS the whole leg's travel
      |     it   2  k=  4 ->   4  advanced        fix={'k': 6, 'k_float': 6.0, 'inliers': 31, 'dx': -35.25120544433594, 'dy': 0.0, 'scale': 1.1301703910699648, 'second': 18, 'second_k': 5, 'second_dx': -54.0, 'detail': 'k=6 (6.00) inliers=31 second=18 dx=-35 scale=1.130 window=[2,6] fitted=[2, 3, 4, 5, 6]'}  strafe left 0.10s
      |         chain push: 1 chunk(s) of 0.40s, change 20.0, best 20.0, hazards none — one push, so `best` IS the whole leg's travel
      |     it   3  k=  7 ->   7  advanced-weak   fix={'k': 7, 'k_float': 7.0, 'inliers': 23, 'dx': 0.414764404296875, 'dy': 27.648040771484375, 'scale': 1.1901776868076532, 'second': 18, 'second_k': 6, 'second_dx': -2.6841583251953125, 'detail': 'k=7 (7.00) inliers=23 second=18 dx=+0 scale=1.190 window=[3,7] fitted=[3, 4, 5, 6, 7]'}
      |         chain push: 1 chunk(s) of 0.40s, change 15.4, best 15.4, hazards none — one push, so `best` IS the whole leg's travel
      |     it   4  k= 10 ->  10  blind-advance   fix={'k': 9, 'k_float': 9.0, 'inliers': 12, 'dx': -30.20269775390625, 'dy': 29.410598754882812, 'scale': 1.4165524048720857, 'second': 12, 'second_k': 8, 'second_dx': -30.43628692626953, 'detail': 'k=9 (9.00) inliers=12 second=12 dx=-30 scale=1.417 window=[6,10] fitted=[6, 7, 8, 9, 10]'}
      |         chain push: 1 chunk(s) of 0.40s, change 13.7, best 13.7, hazards none — one push, so `best` IS the whole leg's travel
      |     it   5  k= 13 ->  13  blind-advance   fix={'k': 13, 'k_float': 13.0, 'inliers': 8, 'dx': -71.95599365234375, 'dy': 40.45539855957031, 'scale': 1.303940860166704, 'second': 0, 'second_k': None, 'second_dx': 0.0, 'detail': 'k=13 (13.00) inliers=8 second=0 dx=-72 scale=1.304 window=[9,13] fitted=[13]'}
      |         chain push: 1 chunk(s) of 0.40s, change 8.3, best 8.3, hazards none — one push, so `best` IS the whole leg's travel
      |     it   6  k= 16 ->  16  blind-advance   fix={'k': 16, 'k_float': 16.0, 'inliers': 9, 'dx': -110.06401062011719, 'dy': 47.520050048828125, 'scale': 1.1709086337062629, 'second': 0, 'second_k': None, 'second_dx': 0.0, 'detail': 'k=16 (16.00) inliers=9 second=0 dx=-110 scale=1.171 window=[12,16] fitted=[16]'}
      |         chain push: 1 chunk(s) of 0.40s, change 8.5, best 8.5, hazards none — one push, so `best` IS the whole leg's travel
      |     it   7  k= 19 ->  19  blind-advance   fix=None
      |         chain push: 1 chunk(s) of 0.40s, change 8.7, best 8.7, hazards none — one push, so `best` IS the whole leg's travel
      |     it   8  k= 19 ->  39  door-step 1/1: one more push along 271.3 before the stop turns (the frame after it fits 0 inliers, scale None)
      |         turn to 1.6: TURNED to 3.3 (err -1.7) in 1 push(es), asked +90.6 deg, stick 1.21s
      |     it   8  k= 39 ->  39  turned to 1.6055901753868653  (69 inliers at the stop)
      |         chain push: 1 chunk(s) of 0.40s, change 15.3, best 15.3, hazards none — one push, so `best` IS the whole leg's travel
      |     it   9  k= 40 ->  40  advanced        fix={'k': 42, 'k_float': 42.0, 'inliers': 103, 'dx': -25.44000244140625, 'dy': 346.2912902832031, 'scale': 1.2491456077051186, 'second': 99, 'second_k': 38, 'second_dx': -36.49534606933594, 'detail': 'k=42 (42.00) inliers=103 second=99 dx=-25 scale=1.249 window=[38,42] fitted=[38, 39, 40, 41, 42]'}
      |         chain push: 1 chunk(s) of 0.40s, change 20.5, best 20.5, hazards none — one push, so `best` IS the whole leg's travel
      |     it  10  k= 40 ->  43  stalled         fix={'k': 40, 'k_float': 40.0, 'inliers': 42, 'dx': 24.440032958984375, 'dy': 354.7349853515625, 'scale': 1.2042904508249428, 'second': 42, 'second_k': 41, 'second_dx': 24.0, 'detail': 'k=40 (40.00) inliers=42 second=42 dx=+24 scale=1.204 window=[39,43] fitted=[39, 40, 41, 42, 43]'}
      |         chain push: 1 chunk(s) of 0.40s, change 42.5, best 42.5, hazards none — one push, so `best` IS the whole leg's travel
      |         chain strafe: 1 chunk(s) of 0.10s, change 18.1, best 18.1, hazards none — one push, so `best` IS the whole leg's travel
      |     it  11  k= 40 ->  43  stalled         fix={'k': 40, 'k_float': 40.0, 'inliers': 39, 'dx': 45.32000732421875, 'dy': 332.6400451660156, 'scale': 1.4032040521642726, 'second': 39, 'second_k': 41, 'second_dx': 45.216064453125, 'detail': 'k=40 (40.00) inliers=39 second=39 dx=+45 scale=1.403 window=[39,43] fitted=[39, 40, 41, 42, 43]'}  strafe right 0.10s
      |         chain push: 1 chunk(s) of 0.40s, change 34.3, best 34.3, hazards none — one push, so `best` IS the whole leg's travel
      |         chain strafe: 1 chunk(s) of 0.10s, change 9.8, best 9.8, hazards none — one push, so `best` IS the whole leg's travel
      |     it  12  k= 43 ->  43  advanced-past   fix={'k': 40, 'k_float': 40.0, 'inliers': 38, 'dx': 46.980010986328125, 'dy': 309.3652038574219, 'scale': 1.6382983582694453, 'second': 36, 'second_k': 41, 'second_dx': 45.848052978515625, 'detail': 'k=40 (40.00) inliers=38 second=36 dx=+47 scale=1.638 window=[39,43] fitted=[39, 40, 41, 42, 43]'}  strafe right 0.10s
      |         chain push: 1 chunk(s) of 0.40s, change 22.7, best 22.7, hazards none — one push, so `best` IS the whole leg's travel
      |     it  13  k= 46 ->  46  advanced        fix={'k': 46, 'k_float': 46.0, 'inliers': 43, 'dx': 20.80804443359375, 'dy': 214.9056396484375, 'scale': 1.6771339078444103, 'second': 37, 'second_k': 45, 'second_dx': 29.932861328125, 'detail': 'k=46 (46.00) inliers=43 second=37 dx=+21 scale=1.677 window=[42,46] fitted=[42, 43, 44, 45, 46]'}
      |         chain push: 1 chunk(s) of 0.40s, change 15.5, best 15.5, hazards none — one push, so `best` IS the whole leg's travel
      |         chain strafe: 1 chunk(s) of 0.10s, change 0.9, best 0.9, hazards SHORT — one push, so `best` IS the whole leg's travel
      |     it  14  k= 49 ->  49  advanced        fix={'k': 49, 'k_float': 49.0, 'inliers': 84, 'dx': 43.76806640625, 'dy': 169.17684936523438, 'scale': 1.626695568826289, 'second': 69, 'second_k': 48, 'second_dx': 59.944091796875, 'detail': 'k=49 (49.00) inliers=84 second=69 dx=+44 scale=1.627 window=[45,49] fitted=[45, 46, 47, 48, 49]'}  strafe right 0.10s
      |         chain push: 1 chunk(s) of 0.40s, change 22.6, best 22.6, hazards none — one push, so `best` IS the whole leg's travel
      |         chain strafe: 1 chunk(s) of 0.21s, change 4.0, best 4.0, hazards none — one push, so `best` IS the whole leg's travel
      |     it  15  k= 49 ->  52  stalled         fix={'k': 51, 'k_float': 51.0, 'inliers': 46, 'dx': 152.86514282226562, 'dy': 38.49925231933594, 'scale': 2.1050867917942853, 'second': 42, 'second_k': 52, 'second_dx': 126.6793212890625, 'detail': 'k=51 (51.00) inliers=46 second=42 dx=+153 scale=2.105 window=[48,52] fitted=[48, 49, 50, 51, 52]'}  strafe right 0.21s
      |         chain push: 1 chunk(s) of 0.40s, change 26.2, best 26.2, hazards none — one push, so `best` IS the whole leg's travel
      |     it  16  k= 52 ->  52  blind-advance   fix={'k': 49, 'k_float': 49.0, 'inliers': 12, 'dx': 376.26434326171875, 'dy': -130.7333526611328, 'scale': 2.786093879682498, 'second': 10, 'second_k': 52, 'second_dx': 299.76849365234375, 'detail': 'k=49 (49.00) inliers=12 second=10 dx=+376 scale=2.786 window=[48,52] fitted=[49, 50, 51, 52]'}
      |         chain push: 1 chunk(s) of 0.40s, change 30.6, best 30.6, hazards none — one push, so `best` IS the whole leg's travel
      |         chain strafe: 1 chunk(s) of 0.10s, change 19.0, best 19.0, hazards none — one push, so `best` IS the whole leg's travel
      |     it  17  k= 55 ->  55  advanced        fix={'k': 55, 'k_float': 55.0, 'inliers': 43, 'dx': -61.6319580078125, 'dy': 250.8000030517578, 'scale': 1.217649879547256, 'second': 20, 'second_k': 54, 'second_dx': -43.68798828125, 'detail': 'k=55 (55.00) inliers=43 second=20 dx=-62 scale=1.218 window=[51,55] fitted=[51, 52, 53, 54, 55]'}  strafe left 0.10s
      |         chain push: 1 chunk(s) of 0.40s, change 29.4, best 29.4, hazards none — one push, so `best` IS the whole leg's travel
      |         chain strafe: 1 chunk(s) of 0.10s, change 16.3, best 16.3, hazards none — one push, so `best` IS the whole leg's travel
      |     it  18  k= 58 ->  58  advanced        fix={'k': 58, 'k_float': 58.0, 'inliers': 109, 'dx': -52.75238037109375, 'dy': 282.0096435546875, 'scale': 1.183414437396088, 'second': 103, 'second_k': 56, 'second_dx': -54.942108154296875, 'detail': 'k=58 (58.00) inliers=109 second=103 dx=-53 scale=1.183 window=[54,58] fitted=[54, 55, 56, 57, 58]'}  strafe left 0.10s
      |         chain push: 1 chunk(s) of 0.40s, change 20.7, best 20.7, hazards none — one push, so `best` IS the whole leg's travel
      |         chain strafe: 1 chunk(s) of 0.10s, change 9.8, best 9.8, hazards none — one push, so `best` IS the whole leg's travel
      |     it  19  k= 58 ->  61  stalled         fix={'k': 60, 'k_float': 60.0, 'inliers': 123, 'dx': -44.79998779296875, 'dy': 308.0000305175781, 'scale': 1.1927319082053107, 'second': 106, 'second_k': 59, 'second_dx': -45.78852844238281, 'detail': 'k=60 (60.00) inliers=123 second=106 dx=-45 scale=1.193 window=[57,61] fitted=[57, 58, 59, 60, 61]'}  strafe left 0.10s
      |         chain push: 1 chunk(s) of 0.40s, change 17.3, best 17.3, hazards none — one push, so `best` IS the whole leg's travel
      |         chain strafe: 1 chunk(s) of 0.10s, change 7.5, best 7.5, hazards none — one push, so `best` IS the whole leg's travel
      |     it  20  k= 61 ->  61  advanced        fix={'k': 61, 'k_float': 61.0, 'inliers': 133, 'dx': -36.910064697265625, 'dy': 314.49603271484375, 'scale': 1.2321335975893613, 'second': 79, 'second_k': 59, 'second_dx': -38.879974365234375, 'detail': 'k=61 (61.00) inliers=133 second=79 dx=-37 scale=1.232 window=[57,61] fitted=[57, 58, 59, 60, 61]'}  strafe left 0.10s
      |         chain push: 1 chunk(s) of 0.40s, change 20.1, best 20.1, hazards none — one push, so `best` IS the whole leg's travel
      |     it  21  k= 61 ->  64  stalled         fix={'k': 61, 'k_float': 61.0, 'inliers': 120, 'dx': -30.951904296875, 'dy': 282.00970458984375, 'scale': 1.3187199121574569, 'second': 113, 'second_k': 64, 'second_dx': -25.91998291015625, 'detail': 'k=61 (61.00) inliers=120 second=113 dx=-31 scale=1.319 window=[60,64] fitted=[60, 61, 62, 63, 64]'}
      |         chain push: 1 chunk(s) of 0.40s, change 19.0, best 19.0, hazards none — one push, so `best` IS the whole leg's travel
      |         chain strafe: 1 chunk(s) of 0.10s, change 9.4, best 9.4, hazards none — one push, so `best` IS the whole leg's travel
      |     it  22  k= 61 ->  64  stalled         fix={'k': 61, 'k_float': 61.0, 'inliers': 118, 'dx': -36.37916564941406, 'dy': 258.0809020996094, 'scale': 1.4574350912221954, 'second': 100, 'second_k': 62, 'second_dx': -33.33515930175781, 'detail': 'k=61 (61.00) inliers=118 second=100 dx=-36 scale=1.457 window=[60,64] fitted=[60, 61, 62, 63, 64]'}  strafe left 0.10s
      |         chain push: 1 chunk(s) of 0.40s, change 17.7, best 17.7, hazards none — one push, so `best` IS the whole leg's travel
      |     it  23  k= 61 ->  64  stalled         fix={'k': 62, 'k_float': 62.0, 'inliers': 108, 'dx': -23.430374145507812, 'dy': 259.62060546875, 'scale': 1.5638074861771354, 'second': 108, 'second_k': 61, 'second_dx': -26.00262451171875, 'detail': 'k=62 (62.00) inliers=108 second=108 dx=-23 scale=1.564 window=[60,64] fitted=[60, 61, 62, 63, 64]'}
      |         chain push: 1 chunk(s) of 0.40s, change 20.7, best 20.7, hazards none — one push, so `best` IS the whole leg's travel
      |     it  24  k= 64 ->  64  advanced-past   fix={'k': 61, 'k_float': 61.0, 'inliers': 109, 'dx': -30.2879638671875, 'dy': 266.27203369140625, 'scale': 1.7509327643577313, 'second': 93, 'second_k': 64, 'second_dx': -25.439971923828125, 'detail': 'k=61 (61.00) inliers=109 second=93 dx=-30 scale=1.751 window=[60,64] fitted=[60, 61, 62, 63, 64]'}
      |     it  25  k= 88 ->  88  turned (skipped, same heading) to 1.3495539744498237  (94 inliers at the stop)
      |         chain push: 1 chunk(s) of 0.40s, change 21.1, best 21.1, hazards none — one push, so `best` IS the whole leg's travel
      |         chain strafe: 1 chunk(s) of 0.10s, change 10.9, best 10.9, hazards none — one push, so `best` IS the whole leg's travel
      |     it  26  k= 89 ->  89  advanced        fix={'k': 91, 'k_float': 91.0, 'inliers': 98, 'dx': -36.910003662109375, 'dy': -23.422012329101562, 'scale': 1.7371560072750833, 'second': 83, 'second_k': 87, 'second_dx': -35.927978515625, 'detail': 'k=91 (91.00) inliers=98 second=83 dx=-37 scale=1.737 window=[87,91] fitted=[87, 88, 89, 90, 91]'}  strafe left 0.10s
      |         chain push: 1 chunk(s) of 0.40s, change 24.5, best 24.5, hazards none — one push, so `best` IS the whole leg's travel
      |     it  27  k= 92 ->  92  advanced-weak   fix={'k': 92, 'k_float': 92.0, 'inliers': 28, 'dx': -24.221435546875, 'dy': -7.91278076171875, 'scale': 1.8481555077460359, 'second': 24, 'second_k': 90, 'second_dx': -38.97810363769531, 'detail': 'k=92 (92.00) inliers=28 second=24 dx=-24 scale=1.848 window=[88,92] fitted=[88, 89, 90, 91, 92]'}
      |         chain push: 1 chunk(s) of 0.40s, change 27.0, best 27.0, hazards none — one push, so `best` IS the whole leg's travel
      |     it  28  k= 94 ->  94  advanced        fix={'k': 95, 'k_float': 95.0, 'inliers': 36, 'dx': -14.619613647460938, 'dy': -25.755325317382812, 'scale': 1.884761707427058, 'second': 14, 'second_k': 94, 'second_dx': -31.105056762695312, 'detail': 'k=95 (95.00) inliers=36 second=14 dx=-15 scale=1.885 window=[91,95] fitted=[91, 92, 93, 94, 95]'}
      |         chain push: 1 chunk(s) of 0.40s, change 24.7, best 24.7, hazards none — one push, so `best` IS the whole leg's travel
      |     it  29  k= 96 ->  96  advanced        fix={'k': 97, 'k_float': 97.0, 'inliers': 78, 'dx': -32.08982849121094, 'dy': -19.201812744140625, 'scale': 1.9859571309888957, 'second': 66, 'second_k': 96, 'second_dx': -16.977981567382812, 'detail': 'k=97 (97.00) inliers=78 second=66 dx=-32 scale=1.986 window=[93,97] fitted=[93, 94, 95, 96, 97]'}
      |         chain push: 1 chunk(s) of 0.40s, change 24.0, best 24.0, hazards none — one push, so `best` IS the whole leg's travel
      |     it  30  k= 98 ->  98  advanced        fix={'k': 99, 'k_float': 99.0, 'inliers': 74, 'dx': -26.426162719726562, 'dy': -32.327972412109375, 'scale': 2.1521462542641796, 'second': 70, 'second_k': 98, 'second_dx': -30.49664306640625, 'detail': 'k=99 (99.00) inliers=74 second=70 dx=-26 scale=2.152 window=[95,99] fitted=[95, 96, 97, 98, 99]'}
      |         chain push: 1 chunk(s) of 0.40s, change 20.3, best 20.3, hazards none — one push, so `best` IS the whole leg's travel
      |         chain strafe: 1 chunk(s) of 0.10s, change 13.1, best 13.1, hazards none — one push, so `best` IS the whole leg's travel
      |     it  31  k=100 -> 100  advanced        fix={'k': 101, 'k_float': 101.0, 'inliers': 70, 'dx': -54.368988037109375, 'dy': -52.90576171875, 'scale': 2.35878245056234, 'second': 61, 'second_k': 100, 'second_dx': -37.00885009765625, 'detail': 'k=101 (101.00) inliers=70 second=61 dx=-54 scale=2.359 window=[97,101] fitted=[97, 98, 99, 100, 101]'}  strafe left 0.10s
      |         chain push: 1 chunk(s) of 0.40s, change 19.2, best 19.2, hazards none — one push, so `best` IS the whole leg's travel
      |     it  32  k=102 -> 102  advanced        fix={'k': 103, 'k_float': 103.0, 'inliers': 43, 'dx': -7.003204345703125, 'dy': -76.77728271484375, 'scale': 2.7517983809301216, 'second': 39, 'second_k': 102, 'second_dx': 5.72955322265625, 'detail': 'k=103 (103.00) inliers=43 second=39 dx=-7 scale=2.752 window=[99,103] fitted=[99, 100, 101, 102, 103]'}
      |         chain push: 1 chunk(s) of 0.40s, change 19.5, best 19.5, hazards none — one push, so `best` IS the whole leg's travel
      |     it  33  k=104 -> 104  advanced-weak   fix={'k': 105, 'k_float': 105.0, 'inliers': 16, 'dx': 5.8608551025390625, 'dy': -110.57124328613281, 'scale': 3.1567976207244697, 'second': 12, 'second_k': 104, 'second_dx': -108.54167175292969, 'detail': 'k=105 (105.00) inliers=16 second=12 dx=+6 scale=3.157 window=[101,105] fitted=[101, 102, 103, 104, 105]'}
      |         chain push: 1 chunk(s) of 0.40s, change 27.0, best 27.0, hazards none — one push, so `best` IS the whole leg's travel
      |     it  34  k=107 -> 107  blind-advance   fix=None
      |         chain push: 1 chunk(s) of 0.40s, change 48.7, best 48.7, hazards none — one push, so `best` IS the whole leg's travel
      |     it  35  k=109 -> 109  blind-advance   fix=None
      |         chain push: 1 chunk(s) of 0.40s, change 40.5, best 40.5, hazards none — one push, so `best` IS the whole leg's travel
      |     it  36  k=109 -> 112  turn-early: blind with the budget spent and a turn stop at 129 within 3 targets — turning to 303.34476843910807 now instead of pushing into whatever is in front
      |         turn to 303.3: TURNED to 305.3 (err -1.9) in 2 push(es), asked -60.0 deg, stick 0.95s
      |         turn to 278.3: TURNED to 278.8 (err -0.4) in 1 push(es), asked -26.9 deg, stick 0.40s
      |         turn to 328.3: TURNED to 328.6 (err -0.3) in 3 push(es), asked +49.6 deg, stick 1.16s
      |         turn to 303.3: TURNED to 304.0 (err -0.6) in 2 push(es), asked -25.3 deg, stick 0.55s
      |         turn to 290.4: TURNED to 290.6 (err -0.1) in 2 push(es), asked -13.5 deg, stick 0.40s
      |     it  37  k=129 -> 129  turned-looked to 303.34476843910807  (136 inliers at the stop)  STOP YAW -12.9 deg on -254 px, no strafe
      |         turn to 286.9: NO-OP, already inside 4.0 deg (at 290.6, err -3.7) — nothing was sent, the recorded curve was discarded, and the caller's step line will look like a turn that happened
      |         chain push: 1 chunk(s) of 0.40s, change 35.1, best 35.1, hazards none — one push, so `best` IS the whole leg's travel
      |         chain strafe: 1 chunk(s) of 0.18s, change 41.6, best 41.6, hazards none — one push, so `best` IS the whole leg's travel
      |     it  38  k=130 -> 130  advanced        fix={'k': 130, 'k_float': 130.5545580128215, 'inliers': 184, 'dx': -129.0, 'dy': -38.399993896484375, 'scale': 1.0137669586332514, 'second': 112, 'second_k': 131, 'second_dx': -156.95999145507812, 'detail': 'k=130 (130.55) inliers=184 second=112 dx=-129 scale=1.014 window=[128,132] fitted=[128, 129, 130, 131, 132]'}  strafe left 0.18s
      |         turn to 285.4: TURNED to 285.9 (err -0.5) in 1 push(es), asked -4.5 deg, stick 0.15s
      |         chain push: 1 chunk(s) of 0.40s, change 15.5, best 15.5, hazards none — one push, so `best` IS the whole leg's travel
      |     it  39  k=130 -> 133  stalled         fix={'k': 130, 'k_float': 130.0, 'inliers': 173, 'dx': -10.079986572265625, 'dy': -47.347198486328125, 'scale': 1.123974640222395, 'second': 126, 'second_k': 129, 'second_dx': 57.844024658203125, 'detail': 'k=130 (130.00) inliers=173 second=126 dx=-10 scale=1.124 window=[129,133] fitted=[129, 130, 131, 132, 133]'}
      |         chain push: 1 chunk(s) of 0.40s, change 15.6, best 15.6, hazards none — one push, so `best` IS the whole leg's travel
      |         chain strafe: 1 chunk(s) of 0.10s, change 9.4, best 9.4, hazards none — one push, so `best` IS the whole leg's travel
      |     it  40  k=133 -> 133  advanced        fix={'k': 133, 'k_float': 133.0, 'inliers': 188, 'dx': -44.47869873046875, 'dy': -64.91999816894531, 'scale': 1.2159834155469096, 'second': 172, 'second_k': 129, 'second_dx': 43.68748474121094, 'detail': 'k=133 (133.00) inliers=188 second=172 dx=-44 scale=1.216 window=[129,133] fitted=[129, 130, 131, 132, 133]'}  strafe left 0.10s
      |         chain push: 1 chunk(s) of 0.40s, change 17.5, best 17.5, hazards none — one push, so `best` IS the whole leg's travel
      |     it  41  k=133 -> 136  stalled         fix={'k': 134, 'k_float': 134.0, 'inliers': 184, 'dx': -23.967987060546875, 'dy': -72.11518859863281, 'scale': 1.4443358423877946, 'second': 108, 'second_k': 135, 'second_dx': -18.143951416015625, 'detail': 'k=134 (134.00) inliers=184 second=108 dx=-24 scale=1.444 window=[132,136] fitted=[132, 133, 134, 135, 136]'}
      |         chain push: 1 chunk(s) of 0.40s, change 21.8, best 21.8, hazards none — one push, so `best` IS the whole leg's travel
      |     it  42  k=133 -> 136  stalled         fix={'k': 134, 'k_float': 134.0, 'inliers': 162, 'dx': 1.97576904296875, 'dy': -96.1529312133789, 'scale': 1.775416084450172, 'second': 91, 'second_k': 135, 'second_dx': 11.861053466796875, 'detail': 'k=134 (134.00) inliers=162 second=91 dx=+2 scale=1.775 window=[132,136] fitted=[132, 133, 134, 135, 136]'}
      |         chain push: 1 chunk(s) of 0.40s, change 24.9, best 24.9, hazards none — one push, so `best` IS the whole leg's travel
      |     it  43  k=136 -> 136  advanced        fix={'k': 136, 'k_float': 136.0, 'inliers': 100, 'dx': 7.3278656005859375, 'dy': -159.31982421875, 'scale': 2.0827441022610644, 'second': 86, 'second_k': 135, 'second_dx': 6.670562744140625, 'detail': 'k=136 (136.00) inliers=100 second=86 dx=+7 scale=2.083 window=[132,136] fitted=[132, 133, 134, 135, 136]'}
      |         chain push: 1 chunk(s) of 0.40s, change 36.4, best 36.4, hazards none — one push, so `best` IS the whole leg's travel
      |         chain strafe: 1 chunk(s) of 0.10s, change 37.4, best 37.4, hazards none — one push, so `best` IS the whole leg's travel
      |     it  44  k=139 -> 139  advanced-past   fix={'k': 136, 'k_float': 136.0, 'inliers': 56, 'dx': -57.513641357421875, 'dy': -181.78065490722656, 'scale': 3.368660843317328, 'second': 32, 'second_k': 137, 'second_dx': -96.60810852050781, 'detail': 'k=136 (136.00) inliers=56 second=32 dx=-58 scale=3.369 window=[135,139] fitted=[135, 136, 137, 138, 139]'}  strafe left 0.10s
      |         chain push: 1 chunk(s) of 0.40s, change 33.2, best 33.2, hazards none — one push, so `best` IS the whole leg's travel
      |         chain strafe: 1 chunk(s) of 0.10s, change 45.3, best 45.3, hazards none — one push, so `best` IS the whole leg's travel
      |     it  45  k=139 -> 142  stalled         fix={'k': 141, 'k_float': 141.0, 'inliers': 145, 'dx': -38.0150146484375, 'dy': -146.71099853515625, 'scale': 2.4197267404519858, 'second': 35, 'second_k': 140, 'second_dx': 3.2947998046875, 'detail': 'k=141 (141.00) inliers=145 second=35 dx=-38 scale=2.420 window=[138,142] fitted=[138, 139, 140, 141, 142]'}  strafe left 0.10s
      |         chain push: 1 chunk(s) of 0.40s, change 34.5, best 34.5, hazards none — one push, so `best` IS the whole leg's travel
      |         chain strafe: 1 chunk(s) of 0.10s, change 42.4, best 42.4, hazards none — one push, so `best` IS the whole leg's travel
      |     it  46  k=142 -> 142  advanced        fix={'k': 142, 'k_float': 142.0, 'inliers': 134, 'dx': 70.15681457519531, 'dy': -149.24078369140625, 'scale': 2.13445269842011, 'second': 60, 'second_k': 138, 'second_dx': -29.063201904296875, 'detail': 'k=142 (142.00) inliers=134 second=60 dx=+70 scale=2.134 window=[138,142] fitted=[138, 139, 140, 141, 142]'}  strafe right 0.10s
      |         turn to 2.2: TURNED to 1.1 (err +1.1) in 1 push(es), asked +76.4 deg, stick 1.02s
      |         chain strafe: 1 chunk(s) of 0.26s, change 23.9, best 23.9, hazards none — one push, so `best` IS the whole leg's travel
      |     it  47  k=166 -> 166  turned-aligned to 2.2489998976495684  (63 inliers at the stop)
      |         chain push: 1 chunk(s) of 0.40s, change 25.9, best 25.9, hazards none — one push, so `best` IS the whole leg's travel
      |         chain strafe: 1 chunk(s) of 0.23s, change 22.8, best 22.8, hazards none — one push, so `best` IS the whole leg's travel
      |     it  48  k=166 -> 167  stalled         fix={'k': 165, 'k_float': 165.0, 'inliers': 62, 'dx': 164.43460083007812, 'dy': -107.488525390625, 'scale': 1.2003134169608374, 'second': 59, 'second_k': 166, 'second_dx': 164.6400146484375, 'detail': 'k=165 (165.00) inliers=62 second=59 dx=+164 scale=1.200 window=[165,169] fitted=[165, 166, 167, 168, 169]'}  strafe right 0.23s
      |         chain push: 1 chunk(s) of 0.40s, change 27.8, best 27.8, hazards none — one push, so `best` IS the whole leg's travel
      |         chain strafe: 1 chunk(s) of 0.17s, change 22.4, best 22.4, hazards none — one push, so `best` IS the whole leg's travel
      |     it  49  k=166 -> 167  stalled         fix={'k': 166, 'k_float': 166.0, 'inliers': 45, 'dx': 119.16299438476562, 'dy': -114.451171875, 'scale': 1.362526738807088, 'second': 45, 'second_k': 165, 'second_dx': 121.2960205078125, 'detail': 'k=166 (166.00) inliers=45 second=45 dx=+119 scale=1.363 window=[165,169] fitted=[165, 166, 167, 168, 169]'}  strafe right 0.17s
      |         chain push: 1 chunk(s) of 0.40s, change 23.7, best 23.7, hazards none — one push, so `best` IS the whole leg's travel
      |     it  50  k=167 -> 167  advanced        fix={'k': 169, 'k_float': 169.0, 'inliers': 58, 'dx': 8.955215454101562, 'dy': -123.00558471679688, 'scale': 1.4355738240660216, 'second': 58, 'second_k': 165, 'second_dx': 9.946395874023438, 'detail': 'k=169 (169.00) inliers=58 second=58 dx=+9 scale=1.436 window=[165,169] fitted=[165, 166, 167, 168, 169]'}
      |         turn to 4.3: NO-OP, already inside 4.0 deg (at 1.2, err +3.1) — nothing was sent, the recorded curve was discarded, and the caller's step line will look like a turn that happened
      |         chain push: 1 chunk(s) of 0.40s, change 37.0, best 37.0, hazards none — one push, so `best` IS the whole leg's travel
      |     it  51  k=167 -> 169  stalled         fix={'k': 167, 'k_float': 167.0, 'inliers': 61, 'dx': -19.007980346679688, 'dy': -134.4399871826172, 'scale': 1.4653933051028503, 'second': 60, 'second_k': 170, 'second_dx': -16.403305053710938, 'detail': 'k=167 (167.00) inliers=61 second=60 dx=-19 scale=1.465 window=[166,170] fitted=[166, 167, 168, 169, 170]'}
      |         chain push: 1 chunk(s) of 0.40s, change 42.1, best 42.1, hazards none — one push, so `best` IS the whole leg's travel
      |         chain strafe: 1 chunk(s) of 0.10s, change 10.9, best 10.9, hazards none — one push, so `best` IS the whole leg's travel
      |     it  52  k=167 -> 169  stalled         fix={'k': 168, 'k_float': 168.0, 'inliers': 39, 'dx': -52.240875244140625, 'dy': -154.0079803466797, 'scale': 1.6743848397506658, 'second': 36, 'second_k': 169, 'second_dx': -54.33521270751953, 'detail': 'k=168 (168.00) inliers=39 second=36 dx=-52 scale=1.674 window=[166,170] fitted=[166, 167, 168, 169, 170]'}  strafe left 0.10s
      |         chain push: 1 chunk(s) of 0.40s, change 31.2, best 31.2, hazards none — one push, so `best` IS the whole leg's travel
      |     it  53  k=169 -> 169  advanced-weak   fix={'k': 170, 'k_float': 170.0, 'inliers': 21, 'dx': -89.3119888305664, 'dy': -176.37210083007812, 'scale': 1.8271058876725828, 'second': 20, 'second_k': 168, 'second_dx': -90.3743896484375, 'detail': 'k=170 (170.00) inliers=21 second=20 dx=-89 scale=1.827 window=[166,170] fitted=[166, 167, 168, 169, 170]'}
      |         turn to 2.2: NO-OP, already inside 4.0 deg (at 1.1, err +1.0) — nothing was sent, the recorded curve was discarded, and the caller's step line will look like a turn that happened
      |         chain push: 1 chunk(s) of 0.40s, change 26.7, best 26.7, hazards none — one push, so `best` IS the whole leg's travel
      |         chain strafe: 1 chunk(s) of 0.12s, change 17.8, best 17.8, hazards none — one push, so `best` IS the whole leg's travel
      |     it  54  k=171 -> 171  advanced-weak   fix={'k': 171, 'k_float': 171.0, 'inliers': 25, 'dx': -111.92462921142578, 'dy': -186.0087890625, 'scale': 1.9330787843086306, 'second': 21, 'second_k': 172, 'second_dx': -116.82046508789062, 'detail': 'k=171 (171.00) inliers=25 second=21 dx=-112 scale=1.933 window=[168,172] fitted=[168, 169, 170, 171, 172]'}  strafe left 0.12s
      |         chain push: 1 chunk(s) of 0.40s, change 23.9, best 23.9, hazards none — one push, so `best` IS the whole leg's travel
      |     it  55  k=173 -> 173  blind-advance   fix={'k': 173, 'k_float': 173.0, 'inliers': 13, 'dx': -103.1933822631836, 'dy': -214.87838745117188, 'scale': 2.0401006819817744, 'second': 11, 'second_k': 174, 'second_dx': -83.09918212890625, 'detail': 'k=173 (173.00) inliers=13 second=11 dx=-103 scale=2.040 window=[170,174] fitted=[170, 171, 172, 173, 174]'}
      |         chain push: 1 chunk(s) of 0.40s, change 14.6, best 14.6, hazards none — one push, so `best` IS the whole leg's travel
      |     it  56  k=176 -> 176  blind-advance   fix={'k': 175, 'k_float': 175.0, 'inliers': 10, 'dx': -82.39447784423828, 'dy': -216.03334045410156, 'scale': 2.105878500817948, 'second': 8, 'second_k': 176, 'second_dx': -62.732147216796875, 'detail': 'k=175 (175.00) inliers=10 second=8 dx=-82 scale=2.106 window=[172,176] fitted=[175, 176]'}
      |         turn to 89.5: TURNED to 86.1 (err +3.4) in 1 push(es), asked +88.2 deg, stick 1.18s
      |         chain strafe: 1 chunk(s) of 0.60s, change 52.9, best 52.9, hazards none — one push, so `best` IS the whole leg's travel
      |     it  57  k=196 -> 196  turned-aligned to 89.491477293153  (25 inliers at the stop)
      |         chain push: 1 chunk(s) of 0.40s, change 50.2, best 50.2, hazards none — one push, so `best` IS the whole leg's travel
      |         turn to 115.5: TURNED to 117.3 (err -1.8) in 2 push(es), asked +29.3 deg, stick 0.65s
      |     it  58  k=197 -> 197  advanced        fix={'k': 198, 'k_float': 198.0, 'inliers': 122, 'dx': 513.0, 'dy': -53.913604736328125, 'scale': 1.0988411872238566, 'second': 115, 'second_k': 197, 'second_dx': 510.96002197265625, 'detail': 'k=198 (198.00) inliers=122 second=115 dx=+513 scale=1.099 window=[195,199] fitted=[195, 196, 197, 198, 199]'}  END TURN +26.0 deg to heading 115.5 on dx 513 px (1/3) — no strafe, turn_to said {'reached': 117.3, 'hazards': []}
      |         chain push: 1 chunk(s) of 0.40s, change 33.7, best 33.7, hazards none — one push, so `best` IS the whole leg's travel
      |         chain strafe: 1 chunk(s) of 0.17s, change 27.9, best 27.9, hazards none — one push, so `best` IS the whole leg's travel
      |     it  59  k=197 -> 200  stalled         fix={'k': 199, 'k_float': 199.0, 'inliers': 136, 'dx': -119.5999755859375, 'dy': -68.12159729003906, 'scale': 1.1755447430139163, 'second': 136, 'second_k': 198, 'second_dx': -123.90240478515625, 'detail': 'k=199 (199.00) inliers=136 second=136 dx=-120 scale=1.176 window=[196,200] fitted=[196, 197, 198, 199, 200]'}  strafe left 0.17s
      |         chain push: 1 chunk(s) of 0.40s, change 45.4, best 45.4, hazards none — one push, so `best` IS the whole leg's travel
      |         chain strafe: 1 chunk(s) of 0.10s, change 27.1, best 27.1, hazards none — one push, so `best` IS the whole leg's travel
      |     it  60  k=200 -> 200  advanced        fix={'k': 200, 'k_float': 200.0, 'inliers': 136, 'dx': -65.99905395507812, 'dy': -22.031982421875, 'scale': 1.5176265351376939, 'second': 108, 'second_k': 199, 'second_dx': -69.11325073242188, 'detail': 'k=200 (200.00) inliers=136 second=108 dx=-66 scale=1.518 window=[196,200] fitted=[196, 197, 198, 199, 200]'}  strafe left 0.10s
      |         chain push: 1 chunk(s) of 0.40s, change 49.1, best 49.1, hazards none — one push, so `best` IS the whole leg's travel
      |   chain_walk: ARRIVED at iteration 61, k=200 (target 203 of 204), 56 push(es)
[ 3] ARRIVED   ESCAPE_GATE-off k=200/205  it=61  pushes=56  seconds=98.2 (walk 82.29, setup 13.8)  failure=None
      |   arm: ESCAPE_GATE = True
      |   pause menu open (selected 'Resume')
      |   selected: Load Last Save
      |   confirmation dialog up (delta 84.4) -> YES
      |   world back after 3.2s, spawn bearing 87 (E)
      |   setup 13.0s (reset 10.3s, Chain.load 2.7s for 205 waypoints) of a 180s budget
      |   chain_walk: 205 waypoints -> plan of 47 targets (41 push, 6 turn-only); the prompt is checked on every iteration; k rises by at most 1 per iteration, so >= 47 iteration(s). The 180s cap allows 3.83s each. At the last waypoint the walk may spend 3 more iteration(s) — 0.540 walk-units of forward push against OPEN-22's measured 0.05 — and then gives up rather than walking on past the table.
      |         turn to 271.3: TURNED to 269.9 (err +1.4) in 2 push(es), asked -175.7 deg, stick 2.50s
      |     it   1  k=  3 ->   3  turned to 271.3168428039934  (198 inliers at the stop)
      |         chain push: 1 chunk(s) of 0.40s, change 20.1, best 20.1, hazards none — one push, so `best` IS the whole leg's travel
      |     it   2  k=  4 ->   4  advanced        fix={'k': 6, 'k_float': 6.0, 'inliers': 63, 'dx': -13.799995422363281, 'dy': -2.764801025390625, 'scale': 1.1318778523880368, 'second': 35, 'second_k': 4, 'second_dx': -33.31199645996094, 'detail': 'k=6 (6.00) inliers=63 second=35 dx=-14 scale=1.132 window=[2,6] fitted=[2, 3, 4, 5, 6]'}
      |         chain push: 1 chunk(s) of 0.40s, change 18.9, best 18.9, hazards none — one push, so `best` IS the whole leg's travel
      |     it   3  k=  7 ->   7  advanced-weak   fix={'k': 7, 'k_float': 7.0, 'inliers': 20, 'dx': 4.7289886474609375, 'dy': 27.164169311523438, 'scale': 1.270852417522804, 'second': 13, 'second_k': 6, 'second_dx': -1.439971923828125, 'detail': 'k=7 (7.00) inliers=20 second=13 dx=+5 scale=1.271 window=[3,7] fitted=[3, 4, 5, 6, 7]'}
      |         chain push: 1 chunk(s) of 0.40s, change 16.2, best 16.2, hazards none — one push, so `best` IS the whole leg's travel
      |     it   4  k= 10 ->  10  advanced-weak   fix={'k': 10, 'k_float': 10.0, 'inliers': 16, 'dx': -26.956771850585938, 'dy': 31.90924072265625, 'scale': 1.2489819525886856, 'second': 13, 'second_k': 8, 'second_dx': -24.485076904296875, 'detail': 'k=10 (10.00) inliers=16 second=13 dx=-27 scale=1.249 window=[6,10] fitted=[6, 7, 8, 9, 10]'}
      |         chain push: 1 chunk(s) of 0.40s, change 13.0, best 13.0, hazards none — one push, so `best` IS the whole leg's travel
      |     it   5  k= 13 ->  13  blind-advance   fix={'k': 13, 'k_float': 13.0, 'inliers': 12, 'dx': -67.18464660644531, 'dy': 38.486053466796875, 'scale': 1.2697653735736874, 'second': 8, 'second_k': 10, 'second_dx': -69.10749816894531, 'detail': 'k=13 (13.00) inliers=12 second=8 dx=-67 scale=1.270 window=[9,13] fitted=[9, 10, 11, 12, 13]'}
      |         chain push: 1 chunk(s) of 0.40s, change 8.8, best 8.8, hazards none — one push, so `best` IS the whole leg's travel
      |     it   6  k= 16 ->  16  blind-advance   fix=None
      |         chain push: 1 chunk(s) of 0.40s, change 8.0, best 8.0, hazards none — one push, so `best` IS the whole leg's travel
      |     it   7  k= 19 ->  19  blind-advance   fix=None
      |         chain push: 1 chunk(s) of 0.40s, change 8.7, best 8.7, hazards none — one push, so `best` IS the whole leg's travel
      |     it   8  k= 19 ->  39  door-step 1/1: one more push along 271.3 before the stop turns (the frame after it fits 0 inliers, scale None)
      |         turn to 1.6: TURNED to 359.7 (err +1.9) in 2 push(es), asked +91.7 deg, stick 1.38s
      |         chain strafe: 1 chunk(s) of 0.12s, change 10.4, best 10.4, hazards none — one push, so `best` IS the whole leg's travel
      |     it   8  k= 39 ->  39  turned-aligned to 1.6055901753868653  (73 inliers at the stop)
      |         chain push: 1 chunk(s) of 0.40s, change 14.4, best 14.4, hazards none — one push, so `best` IS the whole leg's travel
      |     it   9  k= 40 ->  40  advanced        fix={'k': 42, 'k_float': 42.0, 'inliers': 102, 'dx': 7.050262451171875, 'dy': 350.189697265625, 'scale': 1.2500833799008297, 'second': 78, 'second_k': 40, 'second_dx': -7.355987548828125, 'detail': 'k=42 (42.00) inliers=102 second=78 dx=+7 scale=1.250 window=[38,42] fitted=[38, 39, 40, 41, 42]'}
      |         chain push: 1 chunk(s) of 0.40s, change 18.8, best 18.8, hazards none — one push, so `best` IS the whole leg's travel
      |         chain strafe: 1 chunk(s) of 0.12s, change 2.6, best 2.6, hazards SHORT — one push, so `best` IS the whole leg's travel
      |     it  10  k= 40 ->  43  stalled         fix={'k': 40, 'k_float': 40.0, 'inliers': 44, 'dx': 84.0, 'dy': 358.4390869140625, 'scale': 1.2283383530497962, 'second': 42, 'second_k': 43, 'second_dx': 78.0, 'detail': 'k=40 (40.00) inliers=44 second=42 dx=+84 scale=1.228 window=[39,43] fitted=[39, 40, 41, 42, 43]'}  strafe right 0.12s
      |         chain push: 1 chunk(s) of 0.40s, change 40.1, best 40.1, hazards none — one push, so `best` IS the whole leg's travel
      |         chain strafe: 1 chunk(s) of 0.16s, change 11.0, best 11.0, hazards none — one push, so `best` IS the whole leg's travel
      |     it  11  k= 40 ->  43  stalled         fix={'k': 40, 'k_float': 40.0, 'inliers': 43, 'dx': 112.60809326171875, 'dy': 339.0, 'scale': 1.3894955608817807, 'second': 38, 'second_k': 41, 'second_dx': 112.46408081054688, 'detail': 'k=40 (40.00) inliers=43 second=38 dx=+113 scale=1.389 window=[39,43] fitted=[39, 40, 41, 42, 43]'}  strafe right 0.16s
      |         chain push: 1 chunk(s) of 0.40s, change 31.1, best 31.1, hazards none — one push, so `best` IS the whole leg's travel
      |         chain strafe: 1 chunk(s) of 0.17s, change 18.3, best 18.3, hazards none — one push, so `best` IS the whole leg's travel
      |     it  12  k= 43 ->  43  advanced        fix={'k': 43, 'k_float': 43.0, 'inliers': 38, 'dx': 120.09033203125, 'dy': 301.72003173828125, 'scale': 1.530063953429465, 'second': 34, 'second_k': 41, 'second_dx': 127.22802734375, 'detail': 'k=43 (43.00) inliers=38 second=34 dx=+120 scale=1.530 window=[39,43] fitted=[39, 40, 41, 42, 43]'}  strafe right 0.17s
      |         chain push: 1 chunk(s) of 0.40s, change 32.5, best 32.5, hazards none — one push, so `best` IS the whole leg's travel
      |         chain strafe: 1 chunk(s) of 0.14s, change 6.4, best 6.4, hazards none — one push, so `best` IS the whole leg's travel
      |     it  13  k= 46 ->  46  advanced        fix={'k': 46, 'k_float': 46.0, 'inliers': 37, 'dx': 103.10406494140625, 'dy': 231.74566650390625, 'scale': 1.5751096918313754, 'second': 37, 'second_k': 45, 'second_dx': 112.4000244140625, 'detail': 'k=46 (46.00) inliers=37 second=37 dx=+103 scale=1.575 window=[42,46] fitted=[42, 43, 44, 45, 46]'}  strafe right 0.14s
      |         chain push: 1 chunk(s) of 0.40s, change 15.1, best 15.1, hazards none — one push, so `best` IS the whole leg's travel
      |         chain strafe: 1 chunk(s) of 0.16s, change 5.7, best 5.7, hazards none — one push, so `best` IS the whole leg's travel
      |     it  14  k= 49 ->  49  advanced        fix={'k': 49, 'k_float': 49.0, 'inliers': 128, 'dx': 114.15414428710938, 'dy': 185.40887451171875, 'scale': 1.5817272410881626, 'second': 97, 'second_k': 48, 'second_dx': 129.93609619140625, 'detail': 'k=49 (49.00) inliers=128 second=97 dx=+114 scale=1.582 window=[45,49] fitted=[45, 46, 47, 48, 49]'}  strafe right 0.16s
      |         chain push: 1 chunk(s) of 0.40s, change 20.6, best 20.6, hazards none — one push, so `best` IS the whole leg's travel
      |         chain strafe: 1 chunk(s) of 0.16s, change 1.5, best 1.5, hazards SHORT — one push, so `best` IS the whole leg's travel
      |     it  15  k= 52 ->  52  advanced        fix={'k': 52, 'k_float': 52.0, 'inliers': 62, 'dx': 116.30294799804688, 'dy': 138.99684143066406, 'scale': 1.6467895072545173, 'second': 60, 'second_k': 51, 'second_dx': 144.77694702148438, 'detail': 'k=52 (52.00) inliers=62 second=60 dx=+116 scale=1.647 window=[48,52] fitted=[48, 49, 50, 51, 52]'}  strafe right 0.16s
      |         chain push: 1 chunk(s) of 0.40s, change 24.9, best 24.9, hazards none — one push, so `best` IS the whole leg's travel
      |     it  16  k= 55 ->  55  advanced        fix={'k': 55, 'k_float': 55.0, 'inliers': 37, 'dx': 8.92803955078125, 'dy': 253.00003051757812, 'scale': 1.1252322224127687, 'second': 27, 'second_k': 54, 'second_dx': 211.388916015625, 'detail': 'k=55 (55.00) inliers=37 second=27 dx=+9 scale=1.125 window=[51,55] fitted=[51, 52, 53, 54, 55]'}
      |         chain push: 1 chunk(s) of 0.40s, change 31.4, best 31.4, hazards none — one push, so `best` IS the whole leg's travel
      |     it  17  k= 58 ->  58  advanced        fix={'k': 58, 'k_float': 58.0, 'inliers': 100, 'dx': 14.0, 'dy': 275.30401611328125, 'scale': 1.0829404770567987, 'second': 89, 'second_k': 56, 'second_dx': 12.0, 'detail': 'k=58 (58.00) inliers=100 second=89 dx=+14 scale=1.083 window=[54,58] fitted=[54, 55, 56, 57, 58]'}
      |         chain push: 1 chunk(s) of 0.40s, change 31.6, best 31.6, hazards none — one push, so `best` IS the whole leg's travel
      |     it  18  k= 61 ->  61  advanced        fix={'k': 61, 'k_float': 61.0, 'inliers': 130, 'dx': 18.662384033203125, 'dy': 301.9200134277344, 'scale': 1.0560689707495003, 'second': 115, 'second_k': 59, 'second_dx': 15.552032470703125, 'detail': 'k=61 (61.00) inliers=130 second=115 dx=+19 scale=1.056 window=[57,61] fitted=[57, 58, 59, 60, 61]'}
      |         chain push: 1 chunk(s) of 0.40s, change 24.9, best 24.9, hazards none — one push, so `best` IS the whole leg's travel
      |     it  19  k= 64 ->  64  advanced        fix={'k': 64, 'k_float': 64.0, 'inliers': 129, 'dx': 22.809600830078125, 'dy': 298.59844970703125, 'scale': 1.030977571657408, 'second': 121, 'second_k': 61, 'second_dx': 18.20001220703125, 'detail': 'k=64 (64.00) inliers=129 second=121 dx=+23 scale=1.031 window=[60,64] fitted=[60, 61, 62, 63, 64]'}
      |     it  20  k= 88 ->  88  turned (skipped, same heading) to 1.3495539744498237  (134 inliers at the stop)
      |         chain push: 1 chunk(s) of 0.40s, change 18.9, best 18.9, hazards none — one push, so `best` IS the whole leg's travel
      |     it  21  k= 89 ->  89  advanced        fix={'k': 91, 'k_float': 91.0, 'inliers': 101, 'dx': 19.00799560546875, 'dy': 14.929931640625, 'scale': 1.0953117336666318, 'second': 87, 'second_k': 89, 'second_dx': 17.4000244140625, 'detail': 'k=91 (91.00) inliers=101 second=87 dx=+19 scale=1.095 window=[87,91] fitted=[87, 88, 89, 90, 91]'}
      |         chain push: 1 chunk(s) of 0.40s, change 19.4, best 19.4, hazards none — one push, so `best` IS the whole leg's travel
      |     it  22  k= 89 ->  92  stalled         fix={'k': 90, 'k_float': 90.0, 'inliers': 118, 'dx': 11.1199951171875, 'dy': -59.251014709472656, 'scale': 1.2507462654786643, 'second': 110, 'second_k': 89, 'second_dx': 16.713226318359375, 'detail': 'k=90 (90.00) inliers=118 second=110 dx=+11 scale=1.251 window=[88,92] fitted=[88, 89, 90, 91, 92]'}
      |         chain push: 1 chunk(s) of 0.40s, change 18.0, best 18.0, hazards none — one push, so `best` IS the whole leg's travel
      |     it  23  k= 92 ->  92  advanced        fix={'k': 92, 'k_float': 92.0, 'inliers': 80, 'dx': 17.741973876953125, 'dy': -38.44451904296875, 'scale': 1.1801756335301081, 'second': 67, 'second_k': 91, 'second_dx': 24.47998046875, 'detail': 'k=92 (92.00) inliers=80 second=67 dx=+18 scale=1.180 window=[88,92] fitted=[88, 89, 90, 91, 92]'}
      |         chain push: 1 chunk(s) of 0.40s, change 16.1, best 16.1, hazards none — one push, so `best` IS the whole leg's travel
      |     it  24  k= 94 ->  94  advanced        fix={'k': 95, 'k_float': 95.0, 'inliers': 100, 'dx': 14.38250732421875, 'dy': -10.99005126953125, 'scale': 1.1629673074982378, 'second': 68, 'second_k': 92, 'second_dx': 18.057632446289062, 'detail': 'k=95 (95.00) inliers=100 second=68 dx=+14 scale=1.163 window=[91,95] fitted=[91, 92, 93, 94, 95]'}
      |         chain push: 1 chunk(s) of 0.40s, change 16.7, best 16.7, hazards none — one push, so `best` IS the whole leg's travel
      |     it  25  k= 94 ->  96  stalled         fix={'k': 95, 'k_float': 95.0, 'inliers': 127, 'dx': 14.4000244140625, 'dy': -6.335968017578125, 'scale': 1.2704705139904025, 'second': 110, 'second_k': 97, 'second_dx': 14.4000244140625, 'detail': 'k=95 (95.00) inliers=127 second=110 dx=+14 scale=1.270 window=[93,97] fitted=[93, 94, 95, 96, 97]'}
      |         chain push: 1 chunk(s) of 0.40s, change 19.4, best 19.4, hazards none — one push, so `best` IS the whole leg's travel
      |     it  26  k= 96 ->  96  advanced        fix={'k': 97, 'k_float': 97.0, 'inliers': 128, 'dx': 14.988021850585938, 'dy': 19.574798583984375, 'scale': 1.2838184152005856, 'second': 122, 'second_k': 96, 'second_dx': 16.404541015625, 'detail': 'k=97 (97.00) inliers=128 second=122 dx=+15 scale=1.284 window=[93,97] fitted=[93, 94, 95, 96, 97]'}
      |         chain push: 1 chunk(s) of 0.40s, change 22.1, best 22.1, hazards none — one push, so `best` IS the whole leg's travel
      |     it  27  k= 96 ->  98  stalled         fix={'k': 97, 'k_float': 97.0, 'inliers': 174, 'dx': 15.992828369140625, 'dy': 10.749542236328125, 'scale': 1.4321946411211877, 'second': 167, 'second_k': 99, 'second_dx': 8.225341796875, 'detail': 'k=97 (97.00) inliers=174 second=167 dx=+16 scale=1.432 window=[95,99] fitted=[95, 96, 97, 98, 99]'}
      |         chain push: 1 chunk(s) of 0.40s, change 23.5, best 23.5, hazards none — one push, so `best` IS the whole leg's travel
      |     it  28  k= 98 ->  98  advanced        fix={'k': 99, 'k_float': 99.0, 'inliers': 125, 'dx': 17.760009765625, 'dy': -2.557403564453125, 'scale': 1.452750967586106, 'second': 97, 'second_k': 98, 'second_dx': 18.52423095703125, 'detail': 'k=99 (99.00) inliers=125 second=97 dx=+18 scale=1.453 window=[95,99] fitted=[95, 96, 97, 98, 99]'}
      |         chain push: 1 chunk(s) of 0.40s, change 25.2, best 25.2, hazards none — one push, so `best` IS the whole leg's travel
      |     it  29  k=100 -> 100  advanced        fix={'k': 101, 'k_float': 101.0, 'inliers': 146, 'dx': -19.447982788085938, 'dy': -9.791976928710938, 'scale': 1.4918480399442038, 'second': 115, 'second_k': 100, 'second_dx': 21.54248046875, 'detail': 'k=101 (101.00) inliers=146 second=115 dx=-19 scale=1.492 window=[97,101] fitted=[97, 98, 99, 100, 101]'}
      |         chain push: 1 chunk(s) of 0.40s, change 25.4, best 25.4, hazards none — one push, so `best` IS the whole leg's travel
      |     it  30  k=100 -> 102  stalled         fix={'k': 101, 'k_float': 101.0, 'inliers': 143, 'dx': 26.12744140625, 'dy': -19.0479736328125, 'scale': 1.7152560581002063, 'second': 139, 'second_k': 103, 'second_dx': 15.1600341796875, 'detail': 'k=101 (101.00) inliers=143 second=139 dx=+26 scale=1.715 window=[99,103] fitted=[99, 100, 101, 102, 103]'}
      |         chain push: 1 chunk(s) of 0.40s, change 20.7, best 20.7, hazards none — one push, so `best` IS the whole leg's travel
      |     it  31  k=102 -> 102  advanced        fix={'k': 103, 'k_float': 103.0, 'inliers': 113, 'dx': 29.760040283203125, 'dy': -30.201568603515625, 'scale': 1.8288141298805485, 'second': 110, 'second_k': 101, 'second_dx': 26.552780151367188, 'detail': 'k=103 (103.00) inliers=113 second=110 dx=+30 scale=1.829 window=[99,103] fitted=[99, 100, 101, 102, 103]'}
      |         chain push: 1 chunk(s) of 0.40s, change 21.8, best 21.8, hazards none — one push, so `best` IS the whole leg's travel
      |     it  32  k=104 -> 104  advanced        fix={'k': 105, 'k_float': 105.0, 'inliers': 89, 'dx': 30.282958984375, 'dy': -43.211151123046875, 'scale': 2.0407394169620563, 'second': 86, 'second_k': 104, 'second_dx': 38.73016357421875, 'detail': 'k=105 (105.00) inliers=89 second=86 dx=+30 scale=2.041 window=[101,105] fitted=[101, 102, 103, 104, 105]'}
      |         chain push: 1 chunk(s) of 0.40s, change 18.5, best 18.5, hazards none — one push, so `best` IS the whole leg's travel
      |         chain strafe: 1 chunk(s) of 0.14s, change 11.6, best 11.6, hazards none — one push, so `best` IS the whole leg's travel
      |     it  33  k=107 -> 107  advanced        fix={'k': 107, 'k_float': 107.0, 'inliers': 78, 'dx': -98.51951599121094, 'dy': -70.16178894042969, 'scale': 2.2536242554926855, 'second': 71, 'second_k': 106, 'second_dx': 41.31927490234375, 'detail': 'k=107 (107.00) inliers=78 second=71 dx=-99 scale=2.254 window=[103,107] fitted=[103, 104, 105, 106, 107]'}  strafe left 0.14s
      |         chain push: 1 chunk(s) of 0.40s, change 21.7, best 21.7, hazards none — one push, so `best` IS the whole leg's travel
      |     it  34  k=109 -> 109  advanced        fix={'k': 110, 'k_float': 110.0, 'inliers': 92, 'dx': -3.2022857666015625, 'dy': -5.5280914306640625, 'scale': 2.9348305058717945, 'second': 19, 'second_k': 109, 'second_dx': -92.80227661132812, 'detail': 'k=110 (110.00) inliers=92 second=19 dx=-3 scale=2.935 window=[106,110] fitted=[106, 107, 108, 109, 110]'}
      |         chain push: 1 chunk(s) of 0.40s, change 37.8, best 37.8, hazards none — one push, so `best` IS the whole leg's travel
      |     it  35  k=112 -> 112  blind-advance   fix=None
      |         chain push: 1 chunk(s) of 0.40s, change 38.5, best 38.5, hazards none — one push, so `best` IS the whole leg's travel
      |     it  36  k=112 -> 114  turn-early: blind with the budget spent and a turn stop at 129 within 3 targets — turning to 303.34476843910807 now instead of pushing into whatever is in front
      |         turn to 303.3: TURNED to 302.7 (err +0.6) in 1 push(es), asked -59.2 deg, stick 0.79s
      |         chain strafe: 1 chunk(s) of 0.48s, change 19.9, best 19.9, hazards none — one push, so `best` IS the whole leg's travel
      |     it  37  k=129 -> 129  turned-aligned to 303.34476843910807  (74 inliers at the stop)
      |         turn to 299.8: NO-OP, already inside 4.0 deg (at 302.7, err -3.0) — nothing was sent, the recorded curve was discarded, and the caller's step line will look like a turn that happened
      |         chain push: 1 chunk(s) of 0.40s, change 14.9, best 14.9, hazards none — one push, so `best` IS the whole leg's travel
      |         chain strafe: 1 chunk(s) of 0.30s, change 13.3, best 13.3, hazards none — one push, so `best` IS the whole leg's travel
      |     it  38  k=129 -> 130  stalled         fix={'k': 129, 'k_float': 129.0, 'inliers': 109, 'dx': -234.16000366210938, 'dy': -32.639984130859375, 'scale': 1.321779983687098, 'second': 106, 'second_k': 130, 'second_dx': -301.6600036621094, 'detail': 'k=129 (129.00) inliers=109 second=106 dx=-234 scale=1.322 window=[128,132] fitted=[128, 129, 130, 131, 132]'}  strafe left 0.30s
      |         chain push: 1 chunk(s) of 0.40s, change 14.6, best 14.6, hazards none — one push, so `best` IS the whole leg's travel
      |         chain strafe: 1 chunk(s) of 0.30s, change 18.7, best 18.7, hazards none — one push, so `best` IS the whole leg's travel
      |     it  39  k=130 -> 130  advanced        fix={'k': 131, 'k_float': 131.0, 'inliers': 136, 'dx': -319.3086853027344, 'dy': -55.29351806640625, 'scale': 1.6009978306845816, 'second': 115, 'second_k': 129, 'second_dx': -226.95999145507812, 'detail': 'k=131 (131.00) inliers=136 second=115 dx=-319 scale=1.601 window=[128,132] fitted=[128, 129, 130, 131, 132]'}  strafe left 0.30s
      |         turn to 298.3: TURNED to 297.0 (err +1.2) in 1 push(es), asked -4.5 deg, stick 0.15s
      |         chain push: 1 chunk(s) of 0.40s, change 25.2, best 25.2, hazards none — one push, so `best` IS the whole leg's travel
      |         chain strafe: 1 chunk(s) of 0.23s, change 23.6, best 23.6, hazards none — one push, so `best` IS the whole leg's travel
      |     it  40  k=133 -> 133  advanced        fix={'k': 133, 'k_float': 133.0, 'inliers': 162, 'dx': -167.16860961914062, 'dy': -76.70797729492188, 'scale': 1.7870911445928659, 'second': 126, 'second_k': 129, 'second_dx': -79.24122619628906, 'detail': 'k=133 (133.00) inliers=162 second=126 dx=-167 scale=1.787 window=[129,133] fitted=[129, 130, 131, 132, 133]'}  strafe left 0.23s
      |         chain push: 1 chunk(s) of 0.40s, change 30.9, best 30.9, hazards none — one push, so `best` IS the whole leg's travel
      |         chain strafe: 1 chunk(s) of 0.18s, change 27.1, best 27.1, hazards none — one push, so `best` IS the whole leg's travel
      |     it  41  k=136 -> 136  advanced-past   fix={'k': 133, 'k_float': 133.0, 'inliers': 71, 'dx': -126.33145141601562, 'dy': -126.18820190429688, 'scale': 2.299857867072099, 'second': 70, 'second_k': 136, 'second_dx': -110.46539306640625, 'detail': 'k=133 (133.00) inliers=71 second=70 dx=-126 scale=2.300 window=[132,136] fitted=[132, 133, 134, 135, 136]'}  strafe left 0.17s
      |         chain push: 1 chunk(s) of 0.40s, change 34.3, best 34.3, hazards none — one push, so `best` IS the whole leg's travel
      |         chain strafe: 1 chunk(s) of 0.14s, change 25.4, best 25.4, hazards none — one push, so `best` IS the whole leg's travel
      |     it  42  k=136 -> 139  stalled         fix={'k': 138, 'k_float': 138.0, 'inliers': 118, 'dx': -98.70979309082031, 'dy': -138.4450225830078, 'scale': 2.4850039116507334, 'second': 49, 'second_k': 139, 'second_dx': -60.591949462890625, 'detail': 'k=138 (138.00) inliers=118 second=49 dx=-99 scale=2.485 window=[135,139] fitted=[135, 136, 137, 138, 139]'}  strafe left 0.14s
      |         chain push: 1 chunk(s) of 0.40s, change 35.5, best 35.5, hazards none — one push, so `best` IS the whole leg's travel
      |         chain strafe: 1 chunk(s) of 0.24s, change 46.4, best 46.4, hazards none — one push, so `best` IS the whole leg's travel
      |     it  43  k=136 -> 139  stalled         fix={'k': 137, 'k_float': 137.0, 'inliers': 36, 'dx': -170.09226989746094, 'dy': -149.84791564941406, 'scale': 3.3285403948030736, 'second': 20, 'second_k': 139, 'second_dx': -159.76284790039062, 'detail': 'k=137 (137.00) inliers=36 second=20 dx=-170 scale=3.329 window=[135,139] fitted=[135, 136, 137, 138, 139]'}  strafe left 0.24s
      |         chain push: 1 chunk(s) of 0.40s, change 39.4, best 39.4, hazards none — one push, so `best` IS the whole leg's travel
      |         chain strafe: 1 chunk(s) of 0.22s, change 42.0, best 42.0, hazards none — one push, so `best` IS the whole leg's travel
      |     it  44  k=136 -> 139  stalled         fix={'k': 137, 'k_float': 137.0, 'inliers': 50, 'dx': -161.71661376953125, 'dy': -147.4801483154297, 'scale': 3.2494828681666412, 'second': 21, 'second_k': 139, 'second_dx': -168.7474822998047, 'detail': 'k=137 (137.00) inliers=50 second=21 dx=-162 scale=3.249 window=[135,139] fitted=[135, 136, 137, 138, 139]'}  strafe left 0.23s
      |         chain push: 1 chunk(s) of 0.40s, change 35.7, best 35.7, hazards none — one push, so `best` IS the whole leg's travel
      |     it  45  k=136 -> 139  escape:jump     fix={'k': 138, 'k_float': 138.0, 'inliers': 74, 'dx': -64.60713195800781, 'dy': -167.69650268554688, 'scale': 2.9128005827216574, 'second': 18, 'second_k': 139, 'second_dx': -53.764373779296875, 'detail': 'k=138 (138.00) inliers=74 second=18 dx=-65 scale=2.913 window=[135,139] fitted=[135, 137, 138, 139]'}
      |         chain push: 1 chunk(s) of 0.40s, change 23.5, best 23.5, hazards none — one push, so `best` IS the whole leg's travel
      |     it  46  k=139 -> 139  blind-advance   fix={'k': 137, 'k_float': 137.0, 'inliers': 10, 'dx': 433.1331481933594, 'dy': 129.1763916015625, 'scale': 2.1728663048766323, 'second': 8, 'second_k': 138, 'second_dx': 420.2049865722656, 'detail': 'k=137 (137.00) inliers=10 second=8 dx=+433 scale=2.173 window=[135,139] fitted=[135, 137, 138, 139]'}
      |         chain push: 1 chunk(s) of 0.40s, change 16.4, best 16.4, hazards none — one push, so `best` IS the whole leg's travel
      |     it  47  k=139 -> 142  turn-early: blind with the budget spent and a turn stop at 166 within 3 targets — turning to 2.2489998976495684 now instead of pushing into whatever is in front
      |         turn to 2.2: TURNED to 0.2 (err +2.1) in 1 push(es), asked +65.2 deg, stick 0.87s
      |         chain strafe: 1 chunk(s) of 0.33s, change 32.2, best 32.2, hazards none — one push, so `best` IS the whole leg's travel
      |     it  48  k=166 -> 166  turned-aligned to 2.2489998976495684  (46 inliers at the stop)
      |         chain push: 1 chunk(s) of 0.40s, change 31.2, best 31.2, hazards none — one push, so `best` IS the whole leg's travel
      |         chain strafe: 1 chunk(s) of 0.29s, change 28.1, best 28.1, hazards none — one push, so `best` IS the whole leg's travel
      |     it  49  k=167 -> 167  advanced        fix={'k': 169, 'k_float': 169.0, 'inliers': 54, 'dx': 207.6240234375, 'dy': 12.0, 'scale': 1.1779090683354558, 'second': 52, 'second_k': 165, 'second_dx': 208.28741455078125, 'detail': 'k=169 (169.00) inliers=54 second=52 dx=+208 scale=1.178 window=[165,169] fitted=[165, 166, 167, 168, 169]'}  strafe right 0.29s
      |         turn to 4.3: TURNED to 4.8 (err -0.5) in 1 push(es), asked +4.1 deg, stick 0.15s
      |         chain push: 1 chunk(s) of 0.40s, change 8.6, best 8.6, hazards none — one push, so `best` IS the whole leg's travel
      |         chain strafe: 1 chunk(s) of 0.13s, change 32.0, best 32.0, hazards none — one push, so `best` IS the whole leg's travel
      |     it  50  k=169 -> 169  advanced        fix={'k': 169, 'k_float': 169.0, 'inliers': 59, 'dx': 90.07722473144531, 'dy': 9.839996337890625, 'scale': 1.184769879085916, 'second': 54, 'second_k': 166, 'second_dx': 89.80799865722656, 'detail': 'k=169 (169.00) inliers=59 second=54 dx=+90 scale=1.185 window=[166,170] fitted=[166, 167, 168, 169, 170]'}  strafe right 0.12s
      |         turn to 2.2: NO-OP, already inside 4.0 deg (at 4.7, err -2.5) — nothing was sent, the recorded curve was discarded, and the caller's step line will look like a turn that happened
      |         chain push: 1 chunk(s) of 0.40s, change 4.1, best 4.1, hazards none — one push, so `best` IS the whole leg's travel
      |         chain strafe: 1 chunk(s) of 0.11s, change 23.4, best 23.4, hazards none — one push, so `best` IS the whole leg's travel
      |     it  51  k=171 -> 171  advanced        fix={'k': 172, 'k_float': 172.0, 'inliers': 79, 'dx': 75.60000610351562, 'dy': 7.4649658203125, 'scale': 1.0542792229672946, 'second': 69, 'second_k': 171, 'second_dx': 68.40000915527344, 'detail': 'k=172 (172.00) inliers=79 second=69 dx=+76 scale=1.054 window=[168,172] fitted=[168, 169, 170, 171, 172]'}  strafe right 0.10s
      |         chain push: 1 chunk(s) of 0.40s, change 14.2, best 14.2, hazards none — one push, so `best` IS the whole leg's travel
      |         chain strafe: 1 chunk(s) of 0.17s, change 55.0, best 55.0, hazards none — one push, so `best` IS the whole leg's travel
      |     it  52  k=171 -> 173  stalled         fix={'k': 173, 'k_float': 172.258043886569, 'inliers': 77, 'dx': 119.19998168945312, 'dy': 39.600006103515625, 'scale': 0.8552734217096366, 'second': 73, 'second_k': 172, 'second_dx': 69.0, 'detail': 'k=173 (172.26) inliers=77 second=73 dx=+119 scale=0.855 window=[170,174] fitted=[170, 171, 172, 173, 174]'}  strafe right 0.17s
      |         chain push: 1 chunk(s) of 0.40s, change 46.1, best 46.1, hazards none — one push, so `best` IS the whole leg's travel
      |     it  53  k=173 -> 173  advanced        fix={'k': 174, 'k_float': 171.0833024717412, 'inliers': 160, 'dx': 7.72796630859375, 'dy': -57.024017333984375, 'scale': 0.8037372523208911, 'second': 141, 'second_k': 172, 'second_dx': 45.287353515625, 'detail': 'k=174 (171.08) inliers=160 second=141 dx=+8 scale=0.804 window=[170,174] fitted=[170, 171, 172, 173, 174]'}
      |         chain push: 1 chunk(s) of 0.40s, change 48.6, best 48.6, hazards none — one push, so `best` IS the whole leg's travel
      |     it  54  k=173 -> 176  stalled         fix={'k': 174, 'k_float': 174.0, 'inliers': 128, 'dx': -20.073638916015625, 'dy': -52.10545349121094, 'scale': 0.8232804367316331, 'second': 115, 'second_k': 173, 'second_dx': 20.160003662109375, 'detail': 'k=174 (174.00) inliers=128 second=115 dx=-20 scale=0.823 window=[172,176] fitted=[172, 173, 174, 175, 176]'}
      |         chain push: 1 chunk(s) of 0.40s, change 39.2, best 39.2, hazards none — one push, so `best` IS the whole leg's travel
      |     it  55  k=173 -> 176  stalled         fix={'k': 172, 'k_float': 172.53659107545633, 'inliers': 125, 'dx': -2.8800048828125, 'dy': -77.75999450683594, 'scale': 1.0205737338257803, 'second': 123, 'second_k': 173, 'second_dx': -15.839996337890625, 'detail': 'k=172 (172.54) inliers=125 second=123 dx=-3 scale=1.021 window=[172,176] fitted=[172, 173, 174, 175, 176]'}
      |         chain push: 1 chunk(s) of 0.40s, change 22.8, best 22.8, hazards none — one push, so `best` IS the whole leg's travel
      |     it  56  k=173 -> 176  stalled         fix={'k': 174, 'k_float': 173.9292707471296, 'inliers': 131, 'dx': -25.0, 'dy': -72.16128540039062, 'scale': 0.9930922061171534, 'second': 131, 'second_k': 173, 'second_dx': -42.854400634765625, 'detail': 'k=174 (173.93) inliers=131 second=131 dx=-25 scale=0.993 window=[172,176] fitted=[172, 173, 174, 175, 176]'}
      |         chain push: 1 chunk(s) of 0.40s, change 25.2, best 25.2, hazards none — one push, so `best` IS the whole leg's travel
      |     it  57  k=173 -> 176  escape:jump     fix={'k': 173, 'k_float': 175.14499218600002, 'inliers': 128, 'dx': -69.5999984741211, 'dy': -84.96002197265625, 'scale': 1.1897601971268428, 'second': 121, 'second_k': 172, 'second_dx': -83.98080444335938, 'detail': 'k=173 (175.14) inliers=128 second=121 dx=-70 scale=1.190 window=[172,176] fitted=[172, 173, 174, 175, 176]'}
      |         chain push: 1 chunk(s) of 0.40s, change 37.7, best 37.7, hazards none — one push, so `best` IS the whole leg's travel
      |     it  58  k=176 -> 176  advanced        fix={'k': 176, 'k_float': 176.0, 'inliers': 72, 'dx': -3.2915802001953125, 'dy': -92.50675964355469, 'scale': 1.2598393945194475, 'second': 71, 'second_k': 175, 'second_dx': -13.735504150390625, 'detail': 'k=176 (176.00) inliers=72 second=71 dx=-3 scale=1.260 window=[172,176] fitted=[172, 173, 174, 175, 176]'}
      |         turn to 89.5: TURNED to 88.9 (err +0.6) in 2 push(es), asked +84.7 deg, stick 1.28s
      |         chain strafe: 1 chunk(s) of 0.10s, change 16.4, best 16.4, hazards none — one push, so `best` IS the whole leg's travel
      |     it  59  k=196 -> 196  turned-aligned to 89.491477293153  (134 inliers at the stop)
      |         chain push: 1 chunk(s) of 0.40s, change 32.0, best 32.0, hazards none — one push, so `best` IS the whole leg's travel
      |     it  60  k=197 -> 197  advanced        fix={'k': 197, 'k_float': 197.0, 'inliers': 135, 'dx': -29.663970947265625, 'dy': -17.040008544921875, 'scale': 1.1905463981624993, 'second': 122, 'second_k': 199, 'second_dx': -22.0, 'detail': 'k=197 (197.00) inliers=135 second=122 dx=-30 scale=1.191 window=[195,199] fitted=[195, 196, 197, 198, 199]'}
      |         chain push: 1 chunk(s) of 0.40s, change 35.0, best 35.0, hazards none — one push, so `best` IS the whole leg's travel
      |         chain strafe: 1 chunk(s) of 0.10s, change 15.9, best 15.9, hazards none — one push, so `best` IS the whole leg's travel
      |     it  61  k=197 -> 200  stalled         fix={'k': 197, 'k_float': 197.0, 'inliers': 140, 'dx': -46.973907470703125, 'dy': -0.73974609375, 'scale': 1.4410728885067448, 'second': 117, 'second_k': 200, 'second_dx': -36.480010986328125, 'detail': 'k=197 (197.00) inliers=140 second=117 dx=-47 scale=1.441 window=[196,200] fitted=[196, 197, 198, 199, 200]'}  strafe left 0.10s
      |         chain push: 1 chunk(s) of 0.40s, change 49.0, best 49.0, hazards none — one push, so `best` IS the whole leg's travel
      |   chain_walk: ARRIVED at iteration 62, k=197 (target 200 of 204), 57 push(es)
[ 4] ARRIVED   ESCAPE_GATE-on k=197/205  it=62  pushes=57  seconds=89.6 (walk 74.86, setup 13.0)  failure=None
      |   arm: ESCAPE_GATE = False
      |   pause menu open (selected 'Resume')
      |   selected: Load Last Save
      |   confirmation dialog up (delta 80.2) -> YES
      |   world back after 3.2s, spawn bearing 87 (E)
      |   setup 12.9s (reset 10.2s, Chain.load 2.7s for 205 waypoints) of a 180s budget
      |   chain_walk: 205 waypoints -> plan of 47 targets (41 push, 6 turn-only); the prompt is checked on every iteration; k rises by at most 1 per iteration, so >= 47 iteration(s). The 180s cap allows 3.83s each. At the last waypoint the walk may spend 3 more iteration(s) — 0.540 walk-units of forward push against OPEN-22's measured 0.05 — and then gives up rather than walking on past the table.
      |         turn to 271.3: TURNED to 271.8 (err -0.5) in 2 push(es), asked -175.7 deg, stick 2.60s
      |     it   1  k=  3 ->   3  turned to 271.3168428039934  (196 inliers at the stop)
      |         chain push: 1 chunk(s) of 0.40s, change 20.5, best 20.5, hazards none — one push, so `best` IS the whole leg's travel
      |     it   2  k=  4 ->   4  advanced        fix={'k': 6, 'k_float': 6.0, 'inliers': 33, 'dx': 16.55999755859375, 'dy': 18.247711181640625, 'scale': 1.101976586305035, 'second': 19, 'second_k': 4, 'second_dx': 24.72003173828125, 'detail': 'k=6 (6.00) inliers=33 second=19 dx=+17 scale=1.102 window=[2,6] fitted=[2, 3, 4, 5, 6]'}
      |         chain push: 1 chunk(s) of 0.40s, change 20.0, best 20.0, hazards none — one push, so `best` IS the whole leg's travel
      |     it   3  k=  7 ->   7  advanced-weak   fix={'k': 7, 'k_float': 7.0, 'inliers': 23, 'dx': -41.399993896484375, 'dy': 27.37158203125, 'scale': 1.2595155912504343, 'second': 10, 'second_k': 6, 'second_dx': 85.800048828125, 'detail': 'k=7 (7.00) inliers=23 second=10 dx=-41 scale=1.260 window=[3,7] fitted=[3, 4, 5, 6, 7]'}
      |         chain push: 1 chunk(s) of 0.40s, change 14.7, best 14.7, hazards none — one push, so `best` IS the whole leg's travel
      |     it   4  k= 10 ->  10  advanced-weak   fix={'k': 10, 'k_float': 10.0, 'inliers': 25, 'dx': 32.008056640625, 'dy': 29.03045654296875, 'scale': 1.355687852155358, 'second': 16, 'second_k': 9, 'second_dx': -77.2955093383789, 'detail': 'k=10 (10.00) inliers=25 second=16 dx=+32 scale=1.356 window=[6,10] fitted=[6, 7, 8, 9, 10]'}
      |         chain push: 1 chunk(s) of 0.40s, change 12.5, best 12.5, hazards none — one push, so `best` IS the whole leg's travel
      |     it   5  k= 13 ->  13  blind-advance   fix={'k': 13, 'k_float': 13.0, 'inliers': 12, 'dx': -121.87584686279297, 'dy': 33.60894775390625, 'scale': 1.1342951314981016, 'second': 12, 'second_k': 10, 'second_dx': -125.34398651123047, 'detail': 'k=13 (13.00) inliers=12 second=12 dx=-122 scale=1.134 window=[9,13] fitted=[9, 10, 11, 12, 13]'}
      |         chain push: 1 chunk(s) of 0.40s, change 8.7, best 8.7, hazards none — one push, so `best` IS the whole leg's travel
      |     it   6  k= 16 ->  16  blind-advance   fix=None
      |         chain push: 1 chunk(s) of 0.40s, change 8.3, best 8.3, hazards none — one push, so `best` IS the whole leg's travel
      |     it   7  k= 19 ->  19  blind-advance   fix=None
      |         chain push: 1 chunk(s) of 0.40s, change 7.8, best 7.8, hazards none — one push, so `best` IS the whole leg's travel
      |     it   8  k= 19 ->  39  door-step 1/1: one more push along 271.3 before the stop turns (the frame after it fits 0 inliers, scale None)
      |         turn to 1.6: TURNED to 359.2 (err +2.4) in 1 push(es), asked +89.8 deg, stick 1.20s
      |         chain strafe: 1 chunk(s) of 0.10s, change 11.0, best 11.0, hazards none — one push, so `best` IS the whole leg's travel
      |     it   8  k= 39 ->  39  turned-aligned to 1.6055901753868653  (143 inliers at the stop)
      |         chain push: 1 chunk(s) of 0.40s, change 17.0, best 17.0, hazards none — one push, so `best` IS the whole leg's travel
      |         chain strafe: 1 chunk(s) of 0.10s, change 6.1, best 6.1, hazards none — one push, so `best` IS the whole leg's travel
      |     it   9  k= 40 ->  40  advanced        fix={'k': 40, 'k_float': 40.0, 'inliers': 46, 'dx': 56.318023681640625, 'dy': 345.78857421875, 'scale': 1.157652173215449, 'second': 43, 'second_k': 41, 'second_dx': 56.1600341796875, 'detail': 'k=40 (40.00) inliers=46 second=43 dx=+56 scale=1.158 window=[38,42] fitted=[38, 39, 40, 41, 42]'}  strafe right 0.10s
      |         chain push: 1 chunk(s) of 0.40s, change 23.3, best 23.3, hazards none — one push, so `best` IS the whole leg's travel
      |         chain strafe: 1 chunk(s) of 0.10s, change 11.3, best 11.3, hazards none — one push, so `best` IS the whole leg's travel
      |     it  10  k= 40 ->  43  stalled         fix={'k': 39, 'k_float': 39.0, 'inliers': 39, 'dx': 69.0, 'dy': 364.20001220703125, 'scale': 1.2719568951341078, 'second': 37, 'second_k': 40, 'second_dx': 69.4080810546875, 'detail': 'k=39 (39.00) inliers=39 second=37 dx=+69 scale=1.272 window=[39,43] fitted=[39, 40, 41, 42, 43]'}  strafe right 0.10s
      |         chain push: 1 chunk(s) of 0.40s, change 34.3, best 34.3, hazards none — one push, so `best` IS the whole leg's travel
      |         chain strafe: 1 chunk(s) of 0.10s, change 8.4, best 8.4, hazards none — one push, so `best` IS the whole leg's travel
      |     it  11  k= 43 ->  43  advanced        fix={'k': 43, 'k_float': 43.0, 'inliers': 42, 'dx': 69.800048828125, 'dy': 318.71044921875, 'scale': 1.363843578895402, 'second': 40, 'second_k': 40, 'second_dx': 76.80001831054688, 'detail': 'k=43 (43.00) inliers=42 second=40 dx=+70 scale=1.364 window=[39,43] fitted=[39, 40, 41, 42, 43]'}  strafe right 0.10s
      |         chain push: 1 chunk(s) of 0.40s, change 38.5, best 38.5, hazards none — one push, so `best` IS the whole leg's travel
      |         chain strafe: 1 chunk(s) of 0.12s, change 6.7, best 6.7, hazards none — one push, so `best` IS the whole leg's travel
      |     it  12  k= 46 ->  46  advanced        fix={'k': 46, 'k_float': 46.0, 'inliers': 40, 'dx': 87.98001098632812, 'dy': 250.45643615722656, 'scale': 1.5186404279594623, 'second': 37, 'second_k': 44, 'second_dx': 105.40814208984375, 'detail': 'k=46 (46.00) inliers=40 second=37 dx=+88 scale=1.519 window=[42,46] fitted=[42, 43, 44, 45, 46]'}  strafe right 0.12s
      |         chain push: 1 chunk(s) of 0.40s, change 18.8, best 18.8, hazards none — one push, so `best` IS the whole leg's travel
      |         chain strafe: 1 chunk(s) of 0.14s, change 2.7, best 2.7, hazards SHORT — one push, so `best` IS the whole leg's travel
      |     it  13  k= 49 ->  49  advanced        fix={'k': 49, 'k_float': 49.0, 'inliers': 126, 'dx': 99.54156494140625, 'dy': 195.02886962890625, 'scale': 1.5725679492982874, 'second': 102, 'second_k': 48, 'second_dx': 116.9927978515625, 'detail': 'k=49 (49.00) inliers=126 second=102 dx=+100 scale=1.573 window=[45,49] fitted=[45, 46, 47, 48, 49]'}  strafe right 0.14s
      |         chain push: 1 chunk(s) of 0.40s, change 20.6, best 20.6, hazards none — one push, so `best` IS the whole leg's travel
      |         chain strafe: 1 chunk(s) of 0.24s, change 2.9, best 2.9, hazards SHORT — one push, so `best` IS the whole leg's travel
      |     it  14  k= 52 ->  52  advanced        fix={'k': 52, 'k_float': 52.0, 'inliers': 44, 'dx': 175.16168212890625, 'dy': 90.9044189453125, 'scale': 1.7861320497270385, 'second': 40, 'second_k': 51, 'second_dx': 203.56170654296875, 'detail': 'k=52 (52.00) inliers=44 second=40 dx=+175 scale=1.786 window=[48,52] fitted=[48, 49, 50, 51, 52]'}  strafe right 0.24s
      |         chain push: 1 chunk(s) of 0.40s, change 24.3, best 24.3, hazards none — one push, so `best` IS the whole leg's travel
      |     it  15  k= 55 ->  55  advanced        fix={'k': 55, 'k_float': 53.97495453204802, 'inliers': 31, 'dx': 19.44000244140625, 'dy': 250.0, 'scale': 1.04977643333047, 'second': 19, 'second_k': 54, 'second_dx': 20.4000244140625, 'detail': 'k=55 (53.97) inliers=31 second=19 dx=+19 scale=1.050 window=[51,55] fitted=[51, 52, 53, 54, 55]'}
      |         chain push: 1 chunk(s) of 0.40s, change 28.8, best 28.8, hazards none — one push, so `best` IS the whole leg's travel
      |     it  16  k= 58 ->  58  advanced        fix={'k': 58, 'k_float': 58.0, 'inliers': 98, 'dx': 23.020004272460938, 'dy': 276.48004150390625, 'scale': 1.0864086462607332, 'second': 87, 'second_k': 57, 'second_dx': 23.0, 'detail': 'k=58 (58.00) inliers=98 second=87 dx=+23 scale=1.086 window=[54,58] fitted=[54, 55, 56, 57, 58]'}
      |         chain push: 1 chunk(s) of 0.40s, change 32.0, best 32.0, hazards none — one push, so `best` IS the whole leg's travel
      |     it  17  k= 58 ->  61  stalled         fix={'k': 59, 'k_float': 59.0, 'inliers': 127, 'dx': 25.71270751953125, 'dy': 295.61248779296875, 'scale': 1.1346473476207568, 'second': 109, 'second_k': 58, 'second_dx': 24.468536376953125, 'detail': 'k=59 (59.00) inliers=127 second=109 dx=+26 scale=1.135 window=[57,61] fitted=[57, 58, 59, 60, 61]'}
      |         chain push: 1 chunk(s) of 0.40s, change 22.3, best 22.3, hazards none — one push, so `best` IS the whole leg's travel
      |     it  18  k= 61 ->  61  advanced        fix={'k': 61, 'k_float': 61.0, 'inliers': 129, 'dx': 28.864532470703125, 'dy': 308.5517578125, 'scale': 1.1471434539252072, 'second': 104, 'second_k': 59, 'second_dx': 26.571060180664062, 'detail': 'k=61 (61.00) inliers=129 second=104 dx=+29 scale=1.147 window=[57,61] fitted=[57, 58, 59, 60, 61]'}
      |         chain push: 1 chunk(s) of 0.40s, change 19.4, best 19.4, hazards none — one push, so `best` IS the whole leg's travel
      |         chain strafe: 1 chunk(s) of 0.10s, change 8.4, best 8.4, hazards none — one push, so `best` IS the whole leg's travel
      |     it  19  k= 64 ->  64  advanced        fix={'k': 64, 'k_float': 64.0, 'inliers': 132, 'dx': 36.00001525878906, 'dy': 306.1517333984375, 'scale': 1.0845226179698852, 'second': 125, 'second_k': 61, 'second_dx': 30.480010986328125, 'detail': 'k=64 (64.00) inliers=132 second=125 dx=+36 scale=1.085 window=[60,64] fitted=[60, 61, 62, 63, 64]'}  strafe right 0.10s
      |         chain strafe: 1 chunk(s) of 0.10s, change 8.6, best 8.6, hazards none — one push, so `best` IS the whole leg's travel
      |     it  20  k= 88 ->  88  turned-aligned (skipped, same heading) to 1.3495539744498237  (102 inliers at the stop)
      |         chain push: 1 chunk(s) of 0.40s, change 17.4, best 17.4, hazards none — one push, so `best` IS the whole leg's travel
      |     it  21  k= 89 ->  89  advanced        fix={'k': 90, 'k_float': 90.0, 'inliers': 92, 'dx': -16.967193603515625, 'dy': -49.434364318847656, 'scale': 1.2084343774384563, 'second': 86, 'second_k': 87, 'second_dx': -17.399978637695312, 'detail': 'k=90 (90.00) inliers=92 second=86 dx=-17 scale=1.208 window=[87,91] fitted=[87, 88, 89, 90, 91]'}
      |         chain push: 1 chunk(s) of 0.40s, change 17.1, best 17.1, hazards none — one push, so `best` IS the whole leg's travel
      |     it  22  k= 89 ->  92  stalled         fix={'k': 91, 'k_float': 91.0, 'inliers': 75, 'dx': -22.4639892578125, 'dy': -132.39999389648438, 'scale': 1.2883113463363085, 'second': 74, 'second_k': 89, 'second_dx': 6.4846038818359375, 'detail': 'k=91 (91.00) inliers=75 second=74 dx=-22 scale=1.288 window=[88,92] fitted=[88, 89, 90, 91, 92]'}
      |         chain push: 1 chunk(s) of 0.40s, change 12.2, best 12.2, hazards none — one push, so `best` IS the whole leg's travel
      |     it  23  k= 92 ->  92  advanced        fix={'k': 92, 'k_float': 92.0, 'inliers': 77, 'dx': 6.239990234375, 'dy': -32.8800048828125, 'scale': 1.168170851599233, 'second': 76, 'second_k': 91, 'second_dx': 92.69000244140625, 'detail': 'k=92 (92.00) inliers=77 second=76 dx=+6 scale=1.168 window=[88,92] fitted=[88, 89, 90, 91, 92]'}
      |         chain push: 1 chunk(s) of 0.40s, change 17.3, best 17.3, hazards none — one push, so `best` IS the whole leg's travel
      |     it  24  k= 94 ->  94  advanced        fix={'k': 95, 'k_float': 95.0, 'inliers': 120, 'dx': 2.300018310546875, 'dy': -5.90301513671875, 'scale': 1.1575875910773412, 'second': 79, 'second_k': 91, 'second_dx': 1.3824462890625, 'detail': 'k=95 (95.00) inliers=120 second=79 dx=+2 scale=1.158 window=[91,95] fitted=[91, 92, 93, 94, 95]'}
      |         chain push: 1 chunk(s) of 0.40s, change 19.8, best 19.8, hazards none — one push, so `best` IS the whole leg's travel
      |     it  25  k= 96 ->  96  advanced        fix={'k': 97, 'k_float': 97.0, 'inliers': 130, 'dx': -4.9199981689453125, 'dy': 13.767776489257812, 'scale': 1.1701096557652018, 'second': 115, 'second_k': 96, 'second_dx': -4.147186279296875, 'detail': 'k=97 (97.00) inliers=130 second=115 dx=-5 scale=1.170 window=[93,97] fitted=[93, 94, 95, 96, 97]'}
      |         chain push: 1 chunk(s) of 0.40s, change 18.2, best 18.2, hazards none — one push, so `best` IS the whole leg's travel
      |     it  26  k= 98 ->  98  advanced        fix={'k': 99, 'k_float': 99.0, 'inliers': 134, 'dx': -12.167999267578125, 'dy': 9.172821044921875, 'scale': 1.19883403814928, 'second': 123, 'second_k': 96, 'second_dx': -4.55035400390625, 'detail': 'k=99 (99.00) inliers=134 second=123 dx=-12 scale=1.199 window=[95,99] fitted=[95, 96, 97, 98, 99]'}
      |         chain push: 1 chunk(s) of 0.40s, change 21.9, best 21.9, hazards none — one push, so `best` IS the whole leg's travel
      |     it  27  k= 98 -> 100  stalled         fix={'k': 97, 'k_float': 97.0, 'inliers': 145, 'dx': -11.5457763671875, 'dy': 9.40802001953125, 'scale': 1.469395671396546, 'second': 140, 'second_k': 101, 'second_dx': -29.77874755859375, 'detail': 'k=97 (97.00) inliers=145 second=140 dx=-12 scale=1.469 window=[97,101] fitted=[97, 98, 99, 100, 101]'}
      |         chain push: 1 chunk(s) of 0.40s, change 25.5, best 25.5, hazards none — one push, so `best` IS the whole leg's travel
      |     it  28  k=100 -> 100  advanced        fix={'k': 101, 'k_float': 101.0, 'inliers': 145, 'dx': -17.4873046875, 'dy': -5.1839599609375, 'scale': 1.3920120088765038, 'second': 141, 'second_k': 100, 'second_dx': -5.639984130859375, 'detail': 'k=101 (101.00) inliers=145 second=141 dx=-17 scale=1.392 window=[97,101] fitted=[97, 98, 99, 100, 101]'}
      |         chain push: 1 chunk(s) of 0.40s, change 29.5, best 29.5, hazards none — one push, so `best` IS the whole leg's travel
      |         chain strafe: 1 chunk(s) of 0.10s, change 13.9, best 13.9, hazards none — one push, so `best` IS the whole leg's travel
      |     it  29  k=102 -> 102  advanced        fix={'k': 103, 'k_float': 103.0, 'inliers': 169, 'dx': -55.823974609375, 'dy': -11.059173583984375, 'scale': 1.4716890499975186, 'second': 123, 'second_k': 102, 'second_dx': -10.62396240234375, 'detail': 'k=103 (103.00) inliers=169 second=123 dx=-56 scale=1.472 window=[99,103] fitted=[99, 100, 101, 102, 103]'}  strafe left 0.10s
      |         chain push: 1 chunk(s) of 0.40s, change 23.0, best 23.0, hazards none — one push, so `best` IS the whole leg's travel
      |     it  30  k=104 -> 104  advanced        fix={'k': 104, 'k_float': 104.0, 'inliers': 141, 'dx': 15.148834228515625, 'dy': -17.544921875, 'scale': 1.6524748254352717, 'second': 141, 'second_k': 103, 'second_dx': 24.864044189453125, 'detail': 'k=104 (104.00) inliers=141 second=141 dx=+15 scale=1.652 window=[101,105] fitted=[101, 102, 103, 104, 105]'}
      |         chain push: 1 chunk(s) of 0.40s, change 21.4, best 21.4, hazards none — one push, so `best` IS the whole leg's travel
      |         chain strafe: 1 chunk(s) of 0.10s, change 13.9, best 13.9, hazards none — one push, so `best` IS the whole leg's travel
      |     it  31  k=107 -> 107  advanced        fix={'k': 107, 'k_float': 107.0, 'inliers': 154, 'dx': -56.22630310058594, 'dy': -25.93145751953125, 'scale': 1.6873357303836658, 'second': 139, 'second_k': 106, 'second_dx': -55.49755859375, 'detail': 'k=107 (107.00) inliers=154 second=139 dx=-56 scale=1.687 window=[103,107] fitted=[103, 104, 105, 106, 107]'}  strafe left 0.10s
      |         chain push: 1 chunk(s) of 0.40s, change 21.8, best 21.8, hazards none — one push, so `best` IS the whole leg's travel
      |         chain strafe: 1 chunk(s) of 0.10s, change 15.6, best 15.6, hazards none — one push, so `best` IS the whole leg's travel
      |     it  32  k=109 -> 109  advanced        fix={'k': 110, 'k_float': 110.0, 'inliers': 84, 'dx': -39.62890625, 'dy': -75.30876922607422, 'scale': 1.997674360694504, 'second': 72, 'second_k': 109, 'second_dx': -39.75775146484375, 'detail': 'k=110 (110.00) inliers=84 second=72 dx=-40 scale=1.998 window=[106,110] fitted=[106, 107, 108, 109, 110]'}  strafe left 0.10s
      |         chain push: 1 chunk(s) of 0.40s, change 26.7, best 26.7, hazards none — one push, so `best` IS the whole leg's travel
      |     it  33  k=111 -> 112  advanced-weak   fix={'k': 111, 'k_float': 111.0, 'inliers': 24, 'dx': 173.4736328125, 'dy': 72.50405883789062, 'scale': 3.5373305001438675, 'second': 23, 'second_k': 110, 'second_dx': 166.15020751953125, 'detail': 'k=111 (111.00) inliers=24 second=23 dx=+173 scale=3.537 window=[108,112] fitted=[108, 109, 110, 111, 112]'}
      |         chain push: 1 chunk(s) of 0.40s, change 47.9, best 47.9, hazards none — one push, so `best` IS the whole leg's travel
      |     it  34  k=112 -> 112  blind-advance   fix=None
      |         chain push: 1 chunk(s) of 0.40s, change 37.8, best 37.8, hazards none — one push, so `best` IS the whole leg's travel
      |     it  35  k=114 -> 114  blind-advance   fix=None
      |         turn to 303.3: TURNED to 303.5 (err -0.2) in 1 push(es), asked -55.7 deg, stick 0.75s
      |         turn to 278.3: TURNED to 280.8 (err -2.5) in 1 push(es), asked -25.2 deg, stick 0.40s
      |         turn to 328.3: TURNED to 329.4 (err -1.0) in 1 push(es), asked +47.5 deg, stick 0.64s
      |         turn to 303.3: TURNED to 305.1 (err -1.8) in 1 push(es), asked -26.0 deg, stick 0.40s
      |         turn to 281.0: TURNED to 284.2 (err -3.2) in 1 push(es), asked -24.1 deg, stick 0.40s
      |     it  36  k=129 -> 129  turned-looked to 303.34476843910807  (138 inliers at the stop)  STOP YAW -22.3 deg on -440 px, no strafe
      |         turn to 277.5: TURNED to 278.2 (err -0.7) in 2 push(es), asked -6.8 deg, stick 0.30s
      |         chain push: 1 chunk(s) of 0.40s, change 14.5, best 14.5, hazards none — one push, so `best` IS the whole leg's travel
      |         chain strafe: 1 chunk(s) of 0.12s, change 11.0, best 11.0, hazards none — one push, so `best` IS the whole leg's travel
      |     it  37  k=130 -> 130  advanced        fix={'k': 132, 'k_float': 132.0, 'inliers': 164, 'dx': 86.18000793457031, 'dy': -59.60798645019531, 'scale': 1.272484641574527, 'second': 158, 'second_k': 128, 'second_dx': 270.6312255859375, 'detail': 'k=132 (132.00) inliers=164 second=158 dx=+86 scale=1.272 window=[128,132] fitted=[128, 129, 130, 131, 132]'}  strafe right 0.12s
      |         turn to 276.0: NO-OP, already inside 4.0 deg (at 278.2, err -2.2) — nothing was sent, the recorded curve was discarded, and the caller's step line will look like a turn that happened
      |         chain push: 1 chunk(s) of 0.40s, change 14.5, best 14.5, hazards none — one push, so `best` IS the whole leg's travel
      |         chain strafe: 1 chunk(s) of 0.16s, change 5.4, best 5.4, hazards none — one push, so `best` IS the whole leg's travel
      |     it  38  k=130 -> 133  stalled         fix={'k': 130, 'k_float': 130.0, 'inliers': 185, 'dx': 115.39205932617188, 'dy': -66.10556030273438, 'scale': 1.5579640018192034, 'second': 124, 'second_k': 133, 'second_dx': 96.87922668457031, 'detail': 'k=130 (130.00) inliers=185 second=124 dx=+115 scale=1.558 window=[129,133] fitted=[129, 130, 131, 132, 133]'}  strafe right 0.16s
      |         chain push: 1 chunk(s) of 0.40s, change 11.9, best 11.9, hazards none — one push, so `best` IS the whole leg's travel
      |         chain strafe: 1 chunk(s) of 0.16s, change 2.8, best 2.8, hazards SHORT — one push, so `best` IS the whole leg's travel
      |     it  39  k=133 -> 133  advanced        fix={'k': 133, 'k_float': 133.0, 'inliers': 134, 'dx': 116.3736572265625, 'dy': -90.52743530273438, 'scale': 1.497323184168669, 'second': 126, 'second_k': 131, 'second_dx': 108.86488342285156, 'detail': 'k=133 (133.00) inliers=134 second=126 dx=+116 scale=1.497 window=[129,133] fitted=[129, 130, 131, 132, 133]'}  strafe right 0.16s
      |         chain push: 1 chunk(s) of 0.40s, change 21.2, best 21.2, hazards none — one push, so `best` IS the whole leg's travel
      |         chain strafe: 1 chunk(s) of 0.22s, change 21.3, best 21.3, hazards none — one push, so `best` IS the whole leg's travel
      |     it  40  k=133 -> 136  stalled         fix={'k': 132, 'k_float': 132.0, 'inliers': 182, 'dx': 159.6300811767578, 'dy': -96.32862854003906, 'scale': 2.080658168090808, 'second': 156, 'second_k': 136, 'second_dx': 177.79685974121094, 'detail': 'k=132 (132.00) inliers=182 second=156 dx=+160 scale=2.081 window=[132,136] fitted=[132, 133, 134, 135, 136]'}  strafe right 0.22s
      |         chain push: 1 chunk(s) of 0.40s, change 28.1, best 28.1, hazards none — one push, so `best` IS the whole leg's travel
      |         chain strafe: 1 chunk(s) of 0.14s, change 29.2, best 29.2, hazards none — one push, so `best` IS the whole leg's travel
      |     it  41  k=133 -> 136  stalled         fix={'k': 134, 'k_float': 134.0, 'inliers': 111, 'dx': 100.12908935546875, 'dy': -151.30409240722656, 'scale': 2.6664186863423867, 'second': 60, 'second_k': 135, 'second_dx': 105.37324523925781, 'detail': 'k=134 (134.00) inliers=111 second=60 dx=+100 scale=2.666 window=[132,136] fitted=[132, 133, 134, 135, 136]'}  strafe right 0.14s
      |         chain push: 1 chunk(s) of 0.40s, change 38.6, best 38.6, hazards none — one push, so `best` IS the whole leg's travel
      |     it  42  k=136 -> 136  blind-advance   fix={'k': 135, 'k_float': 135.0, 'inliers': 6, 'dx': -285.8687744140625, 'dy': -185.04922485351562, 'scale': 0.8250367791940219, 'second': 0, 'second_k': None, 'second_dx': 0.0, 'detail': 'k=135 (135.00) inliers=6 second=0 dx=-286 scale=0.825 window=[132,136] fitted=[135]'}
      |         chain push: 1 chunk(s) of 0.40s, change 25.5, best 25.5, hazards none — one push, so `best` IS the whole leg's travel
      |         chain strafe: 1 chunk(s) of 0.15s, change 51.0, best 51.0, hazards none — one push, so `best` IS the whole leg's travel
      |     it  43  k=136 -> 139  stalled         fix={'k': 138, 'k_float': 138.0, 'inliers': 40, 'dx': -108.73333740234375, 'dy': -191.58815002441406, 'scale': 3.1871065885423278, 'second': 9, 'second_k': 139, 'second_dx': -165.1400146484375, 'detail': 'k=138 (138.00) inliers=40 second=9 dx=-109 scale=3.187 window=[135,139] fitted=[138, 139]'}  strafe left 0.15s
      |         chain push: 1 chunk(s) of 0.40s, change 28.3, best 28.3, hazards none — one push, so `best` IS the whole leg's travel
      |     it  44  k=139 -> 139  advanced        fix={'k': 139, 'k_float': 139.0, 'inliers': 75, 'dx': -26.9832763671875, 'dy': -150.88296508789062, 'scale': 2.9084684728385066, 'second': 27, 'second_k': 135, 'second_dx': -67.42953491210938, 'detail': 'k=139 (139.00) inliers=75 second=27 dx=-27 scale=2.908 window=[135,139] fitted=[135, 137, 138, 139]'}
      |         chain push: 1 chunk(s) of 0.40s, change 27.5, best 27.5, hazards none — one push, so `best` IS the whole leg's travel
      |     it  45  k=142 -> 142  advanced        fix={'k': 142, 'k_float': 142.0, 'inliers': 136, 'dx': -8.8863525390625, 'dy': -161.02500915527344, 'scale': 2.2122584337324103, 'second': 64, 'second_k': 138, 'second_dx': -79.68519592285156, 'detail': 'k=142 (142.00) inliers=136 second=64 dx=-9 scale=2.212 window=[138,142] fitted=[138, 139, 140, 141, 142]'}
      |         turn to 2.2: TURNED to 3.0 (err -0.8) in 2 push(es), asked +84.1 deg, stick 1.27s
      |         chain strafe: 1 chunk(s) of 0.27s, change 27.6, best 27.6, hazards none — one push, so `best` IS the whole leg's travel
      |     it  46  k=166 -> 166  turned-aligned to 2.2489998976495684  (125 inliers at the stop)
      |         chain push: 1 chunk(s) of 0.40s, change 34.6, best 34.6, hazards none — one push, so `best` IS the whole leg's travel
      |         chain strafe: 1 chunk(s) of 0.24s, change 33.2, best 33.2, hazards none — one push, so `best` IS the whole leg's travel
      |     it  47  k=167 -> 167  advanced        fix={'k': 168, 'k_float': 168.0, 'inliers': 134, 'dx': 174.91683959960938, 'dy': -90.84638977050781, 'scale': 1.2942347886794938, 'second': 120, 'second_k': 166, 'second_dx': 176.600830078125, 'detail': 'k=168 (168.00) inliers=134 second=120 dx=+175 scale=1.294 window=[165,169] fitted=[165, 166, 167, 168, 169]'}  strafe right 0.24s
      |         turn to 4.3: NO-OP, already inside 4.0 deg (at 3.1, err +1.2) — nothing was sent, the recorded curve was discarded, and the caller's step line will look like a turn that happened
      |         chain push: 1 chunk(s) of 0.40s, change 36.7, best 36.7, hazards none — one push, so `best` IS the whole leg's travel
      |         chain strafe: 1 chunk(s) of 0.22s, change 21.0, best 21.0, hazards none — one push, so `best` IS the whole leg's travel
      |     it  48  k=169 -> 169  advanced-past   fix={'k': 167, 'k_float': 167.0, 'inliers': 88, 'dx': 156.21224975585938, 'dy': -93.76797485351562, 'scale': 1.6760476354957392, 'second': 85, 'second_k': 169, 'second_dx': 149.5296630859375, 'detail': 'k=167 (167.00) inliers=88 second=85 dx=+156 scale=1.676 window=[166,170] fitted=[166, 167, 168, 169, 170]'}  strafe right 0.22s
      |         turn to 2.2: NO-OP, already inside 4.0 deg (at 3.1, err -0.9) — nothing was sent, the recorded curve was discarded, and the caller's step line will look like a turn that happened
      |         chain push: 1 chunk(s) of 0.40s, change 27.0, best 27.0, hazards none — one push, so `best` IS the whole leg's travel
      |         chain strafe: 1 chunk(s) of 0.14s, change 17.5, best 17.5, hazards none — one push, so `best` IS the whole leg's travel
      |     it  49  k=171 -> 171  advanced        fix={'k': 171, 'k_float': 171.0, 'inliers': 61, 'dx': -102.12066650390625, 'dy': -124.69244384765625, 'scale': 1.3742058880460073, 'second': 57, 'second_k': 172, 'second_dx': -95.8003158569336, 'detail': 'k=171 (171.00) inliers=61 second=57 dx=-102 scale=1.374 window=[168,172] fitted=[168, 169, 170, 171, 172]'}  strafe left 0.14s
      |         chain push: 1 chunk(s) of 0.40s, change 32.9, best 32.9, hazards none — one push, so `best` IS the whole leg's travel
      |     it  50  k=173 -> 173  advanced        fix={'k': 174, 'k_float': 174.0, 'inliers': 61, 'dx': 24.9200439453125, 'dy': -142.53924560546875, 'scale': 1.6922167265918084, 'second': 51, 'second_k': 173, 'second_dx': 16.6656494140625, 'detail': 'k=174 (174.00) inliers=61 second=51 dx=+25 scale=1.692 window=[170,174] fitted=[170, 171, 172, 173, 174]'}
      |         chain push: 1 chunk(s) of 0.40s, change 31.8, best 31.8, hazards none — one push, so `best` IS the whole leg's travel
      |         chain strafe: 1 chunk(s) of 0.10s, change 15.9, best 15.9, hazards none — one push, so `best` IS the whole leg's travel
      |     it  51  k=176 -> 176  advanced        fix={'k': 176, 'k_float': 176.0, 'inliers': 55, 'dx': 59.765869140625, 'dy': -157.12908935546875, 'scale': 1.814811427159388, 'second': 53, 'second_k': 175, 'second_dx': 43.15679931640625, 'detail': 'k=176 (176.00) inliers=55 second=53 dx=+60 scale=1.815 window=[172,176] fitted=[172, 173, 174, 175, 176]'}  strafe right 0.10s
      |         turn to 89.5: TURNED to 88.1 (err +1.4) in 1 push(es), asked +86.5 deg, stick 1.16s
      |         chain strafe: 1 chunk(s) of 0.31s, change 26.7, best 26.7, hazards none — one push, so `best` IS the whole leg's travel
      |     it  52  k=196 -> 196  turned-aligned to 89.491477293153  (100 inliers at the stop)
      |         chain push: 1 chunk(s) of 0.40s, change 35.1, best 35.1, hazards none — one push, so `best` IS the whole leg's travel
      |         chain strafe: 1 chunk(s) of 0.24s, change 25.5, best 25.5, hazards none — one push, so `best` IS the whole leg's travel
      |     it  53  k=197 -> 197  advanced        fix={'k': 197, 'k_float': 197.0, 'inliers': 133, 'dx': 172.36004638671875, 'dy': -27.5999755859375, 'scale': 1.3779272664795057, 'second': 79, 'second_k': 199, 'second_dx': 179.0400390625, 'detail': 'k=197 (197.00) inliers=133 second=79 dx=+172 scale=1.378 window=[195,199] fitted=[195, 196, 197, 198, 199]'}  strafe right 0.24s
      |         chain push: 1 chunk(s) of 0.40s, change 46.9, best 46.9, hazards none — one push, so `best` IS the whole leg's travel
      |   chain_walk: ARRIVED at iteration 54, k=197 (target 200 of 204), 49 push(es)
[ 5] ARRIVED   ESCAPE_GATE-off k=197/205  it=54  pushes=49  seconds=84.6 (walk 69.88, setup 12.9)  failure=None
      |   arm: ESCAPE_GATE = True
      |   pause menu open (selected 'Resume')
      |   selected: Load Last Save
      |   confirmation dialog up (delta 82.1) -> YES
      |   world back after 3.1s, spawn bearing 87 (E)
      |   setup 12.7s (reset 10.0s, Chain.load 2.7s for 205 waypoints) of a 180s budget
      |   chain_walk: 205 waypoints -> plan of 47 targets (41 push, 6 turn-only); the prompt is checked on every iteration; k rises by at most 1 per iteration, so >= 47 iteration(s). The 180s cap allows 3.83s each. At the last waypoint the walk may spend 3 more iteration(s) — 0.540 walk-units of forward push against OPEN-22's measured 0.05 — and then gives up rather than walking on past the table.
      |         turn to 271.3: TURNED to 272.1 (err -0.8) in 2 push(es), asked -175.7 deg, stick 2.50s
      |     it   1  k=  3 ->   3  turned to 271.3168428039934  (192 inliers at the stop)
      |         chain push: 1 chunk(s) of 0.40s, change 20.5, best 20.5, hazards none — one push, so `best` IS the whole leg's travel
      |     it   2  k=  4 ->   4  advanced-weak   fix={'k': 6, 'k_float': 6.0, 'inliers': 23, 'dx': 14.33270263671875, 'dy': 19.110321044921875, 'scale': 1.1248697077822665, 'second': 15, 'second_k': 3, 'second_dx': -36.287994384765625, 'detail': 'k=6 (6.00) inliers=23 second=15 dx=+14 scale=1.125 window=[2,6] fitted=[2, 3, 4, 5, 6]'}
      |         chain push: 1 chunk(s) of 0.40s, change 17.9, best 17.9, hazards none — one push, so `best` IS the whole leg's travel
      |     it   3  k=  7 ->   7  advanced-weak   fix={'k': 7, 'k_float': 7.0, 'inliers': 21, 'dx': -42.400970458984375, 'dy': 27.37158203125, 'scale': 1.2453546629112648, 'second': 16, 'second_k': 6, 'second_dx': -53.948143005371094, 'detail': 'k=7 (7.00) inliers=21 second=16 dx=-42 scale=1.245 window=[3,7] fitted=[3, 4, 5, 6, 7]'}
      |         chain push: 1 chunk(s) of 0.40s, change 15.0, best 15.0, hazards none — one push, so `best` IS the whole leg's travel
      |     it   4  k= 10 ->  10  advanced-weak   fix={'k': 10, 'k_float': 10.0, 'inliers': 27, 'dx': 52.56005859375, 'dy': 44.0, 'scale': 1.1002907254869851, 'second': 14, 'second_k': 9, 'second_dx': -85.86351776123047, 'detail': 'k=10 (10.00) inliers=27 second=14 dx=+53 scale=1.100 window=[6,10] fitted=[6, 7, 8, 9, 10]'}
      |         chain push: 1 chunk(s) of 0.40s, change 15.1, best 15.1, hazards none — one push, so `best` IS the whole leg's travel
      |     it   5  k= 13 ->  13  blind-advance   fix={'k': 13, 'k_float': 13.0, 'inliers': 6, 'dx': -26.279953002929688, 'dy': 56.1197509765625, 'scale': 1.4403936893718658, 'second': 0, 'second_k': None, 'second_dx': 0.0, 'detail': 'k=13 (13.00) inliers=6 second=0 dx=-26 scale=1.440 window=[9,13] fitted=[13]'}
      |         chain push: 1 chunk(s) of 0.40s, change 7.2, best 7.2, hazards none — one push, so `best` IS the whole leg's travel
      |     it   6  k= 16 ->  16  blind-advance   fix=None
      |         chain push: 1 chunk(s) of 0.40s, change 7.7, best 7.7, hazards none — one push, so `best` IS the whole leg's travel
      |     it   7  k= 19 ->  19  blind-advance   fix=None
      |         chain push: 1 chunk(s) of 0.40s, change 12.0, best 12.0, hazards none — one push, so `best` IS the whole leg's travel
      |     it   8  k= 19 ->  39  door-step 1/1: one more push along 271.3 before the stop turns (the frame after it fits 0 inliers, scale None)
      |         turn to 1.6: TURNED to 359.5 (err +2.1) in 1 push(es), asked +89.5 deg, stick 1.20s
      |         chain strafe: 1 chunk(s) of 0.19s, change 11.2, best 11.2, hazards none — one push, so `best` IS the whole leg's travel
      |     it   8  k= 39 ->  39  turned-aligned to 1.6055901753868653  (63 inliers at the stop)
      |         chain push: 1 chunk(s) of 0.40s, change 12.9, best 12.9, hazards none — one push, so `best` IS the whole leg's travel
      |         chain strafe: 1 chunk(s) of 0.18s, change 11.5, best 11.5, hazards none — one push, so `best` IS the whole leg's travel
      |     it   9  k= 40 ->  40  advanced        fix={'k': 40, 'k_float': 40.0, 'inliers': 41, 'dx': 133.0, 'dy': 340.4023132324219, 'scale': 1.1403538590067985, 'second': 41, 'second_k': 41, 'second_dx': 133.0, 'detail': 'k=40 (40.00) inliers=41 second=41 dx=+133 scale=1.140 window=[38,42] fitted=[38, 39, 40, 41, 42]'}  strafe right 0.18s
      |         chain push: 1 chunk(s) of 0.40s, change 38.2, best 38.2, hazards none — one push, so `best` IS the whole leg's travel
      |     it  10  k= 43 ->  43  advanced        fix={'k': 43, 'k_float': 43.0, 'inliers': 39, 'dx': 14.13922119140625, 'dy': 320.99896240234375, 'scale': 2.037967654777348, 'second': 36, 'second_k': 41, 'second_dx': 150.43203735351562, 'detail': 'k=43 (43.00) inliers=39 second=36 dx=+14 scale=2.038 window=[39,43] fitted=[39, 40, 41, 42, 43]'}
      |         chain push: 1 chunk(s) of 0.40s, change 40.0, best 40.0, hazards none — one push, so `best` IS the whole leg's travel
      |         chain strafe: 1 chunk(s) of 0.23s, change 25.6, best 25.6, hazards none — one push, so `best` IS the whole leg's travel
      |     it  11  k= 43 ->  46  stalled         fix={'k': 45, 'k_float': 45.0, 'inliers': 43, 'dx': 166.80047607421875, 'dy': 285.2353210449219, 'scale': 1.3627289962960856, 'second': 37, 'second_k': 46, 'second_dx': 157.67999267578125, 'detail': 'k=45 (45.00) inliers=43 second=37 dx=+167 scale=1.363 window=[42,46] fitted=[42, 43, 44, 45, 46]'}  strafe right 0.23s
      |         chain push: 1 chunk(s) of 0.40s, change 41.2, best 41.2, hazards none — one push, so `best` IS the whole leg's travel
      |         chain strafe: 1 chunk(s) of 0.30s, change 9.6, best 9.6, hazards none — one push, so `best` IS the whole leg's travel
      |     it  12  k= 43 ->  46  stalled         fix={'k': 44, 'k_float': 44.0, 'inliers': 37, 'dx': 215.39190673828125, 'dy': 250.1600341796875, 'scale': 1.8159870556407824, 'second': 31, 'second_k': 46, 'second_dx': 197.6400146484375, 'detail': 'k=44 (44.00) inliers=37 second=31 dx=+215 scale=1.816 window=[42,46] fitted=[42, 43, 44, 45, 46]'}  strafe right 0.30s
      |         chain push: 1 chunk(s) of 0.40s, change 14.9, best 14.9, hazards none — one push, so `best` IS the whole leg's travel
      |         chain strafe: 1 chunk(s) of 0.26s, change 8.8, best 8.8, hazards none — one push, so `best` IS the whole leg's travel
      |     it  13  k= 46 ->  46  advanced        fix={'k': 46, 'k_float': 46.0, 'inliers': 31, 'dx': 186.37994384765625, 'dy': 191.90261840820312, 'scale': 2.0426569755986512, 'second': 24, 'second_k': 44, 'second_dx': 206.69610595703125, 'detail': 'k=46 (46.00) inliers=31 second=24 dx=+186 scale=2.043 window=[42,46] fitted=[42, 43, 44, 45, 46]'}  strafe right 0.26s
      |         chain push: 1 chunk(s) of 0.40s, change 12.7, best 12.7, hazards none — one push, so `best` IS the whole leg's travel
      |         chain strafe: 1 chunk(s) of 0.21s, change 2.8, best 2.8, hazards SHORT — one push, so `best` IS the whole leg's travel
      |     it  14  k= 49 ->  49  advanced        fix={'k': 49, 'k_float': 49.0, 'inliers': 54, 'dx': 149.76409912109375, 'dy': 139.35865783691406, 'scale': 1.8406181683072023, 'second': 42, 'second_k': 48, 'second_dx': 170.4976806640625, 'detail': 'k=49 (49.00) inliers=54 second=42 dx=+150 scale=1.841 window=[45,49] fitted=[45, 46, 47, 48, 49]'}  strafe right 0.21s
      |         chain push: 1 chunk(s) of 0.40s, change 21.9, best 21.9, hazards none — one push, so `best` IS the whole leg's travel
      |         chain strafe: 1 chunk(s) of 0.28s, change 3.0, best 3.0, hazards none — one push, so `best` IS the whole leg's travel
      |     it  15  k= 52 ->  52  advanced        fix={'k': 52, 'k_float': 52.0, 'inliers': 32, 'dx': 202.37136840820312, 'dy': 56.18792724609375, 'scale': 1.9765587075959337, 'second': 30, 'second_k': 51, 'second_dx': 232.9869384765625, 'detail': 'k=52 (52.00) inliers=32 second=30 dx=+202 scale=1.977 window=[48,52] fitted=[48, 49, 50, 51, 52]'}  strafe right 0.28s
      |         chain push: 1 chunk(s) of 0.40s, change 26.5, best 26.5, hazards none — one push, so `best` IS the whole leg's travel
      |     it  16  k= 52 ->  55  stalled         fix={'k': 55, 'k_float': 53.93490735958715, 'inliers': 30, 'dx': 14.457611083984375, 'dy': 243.90000915527344, 'scale': 0.9841984804027855, 'second': 14, 'second_k': 54, 'second_dx': 14.400009155273438, 'detail': 'k=55 (53.93) inliers=30 second=14 dx=+14 scale=0.984 window=[51,55] fitted=[52, 53, 54, 55]'}
      |         chain push: 1 chunk(s) of 0.40s, change 29.2, best 29.2, hazards none — one push, so `best` IS the whole leg's travel
      |     it  17  k= 55 ->  55  advanced        fix={'k': 55, 'k_float': 55.0, 'inliers': 30, 'dx': 13.9000244140625, 'dy': 249.3034210205078, 'scale': 1.0819780873932987, 'second': 10, 'second_k': 54, 'second_dx': 29.5, 'detail': 'k=55 (55.00) inliers=30 second=10 dx=+14 scale=1.082 window=[51,55] fitted=[51, 54, 55]'}
      |         chain push: 1 chunk(s) of 0.40s, change 27.5, best 27.5, hazards none — one push, so `best` IS the whole leg's travel
      |     it  18  k= 58 ->  58  advanced        fix={'k': 58, 'k_float': 58.0, 'inliers': 84, 'dx': 17.418243408203125, 'dy': 281.18023681640625, 'scale': 1.1636363201053523, 'second': 82, 'second_k': 57, 'second_dx': 16.164031982421875, 'detail': 'k=58 (58.00) inliers=84 second=82 dx=+17 scale=1.164 window=[54,58] fitted=[54, 55, 56, 57, 58]'}
      |         chain push: 1 chunk(s) of 0.40s, change 25.1, best 25.1, hazards none — one push, so `best` IS the whole leg's travel
      |     it  19  k= 58 ->  61  stalled         fix={'k': 59, 'k_float': 59.0, 'inliers': 105, 'dx': 18.720001220703125, 'dy': 300.8000183105469, 'scale': 1.2285365257754914, 'second': 94, 'second_k': 61, 'second_dx': 21.135391235351562, 'detail': 'k=59 (59.00) inliers=105 second=94 dx=+19 scale=1.229 window=[57,61] fitted=[57, 58, 59, 60, 61]'}
      |         chain push: 1 chunk(s) of 0.40s, change 15.4, best 15.4, hazards none — one push, so `best` IS the whole leg's travel
      |     it  20  k= 61 ->  61  advanced        fix={'k': 61, 'k_float': 61.0, 'inliers': 108, 'dx': 22.080001831054688, 'dy': 314.0, 'scale': 1.1910572902161156, 'second': 97, 'second_k': 59, 'second_dx': 19.20001220703125, 'detail': 'k=61 (61.00) inliers=108 second=97 dx=+22 scale=1.191 window=[57,61] fitted=[57, 58, 59, 60, 61]'}
      |         chain push: 1 chunk(s) of 0.40s, change 17.9, best 17.9, hazards none — one push, so `best` IS the whole leg's travel
      |     it  21  k= 64 ->  64  advanced        fix={'k': 64, 'k_float': 64.0, 'inliers': 154, 'dx': 29.422592163085938, 'dy': 289.20965576171875, 'scale': 1.121531995935885, 'second': 119, 'second_k': 63, 'second_dx': 30.600006103515625, 'detail': 'k=64 (64.00) inliers=154 second=119 dx=+29 scale=1.122 window=[60,64] fitted=[60, 61, 62, 63, 64]'}
      |     it  22  k= 88 ->  88  turned (skipped, same heading) to 1.3495539744498237  (101 inliers at the stop)
      |         chain push: 1 chunk(s) of 0.40s, change 17.3, best 17.3, hazards none — one push, so `best` IS the whole leg's travel
      |     it  23  k= 88 ->  89  stalled         fix={'k': 88, 'k_float': 88.0, 'inliers': 83, 'dx': 24.240020751953125, 'dy': -25.199981689453125, 'scale': 1.227054886466953, 'second': 81, 'second_k': 91, 'second_dx': 24.88323974609375, 'detail': 'k=88 (88.00) inliers=83 second=81 dx=+24 scale=1.227 window=[87,91] fitted=[87, 88, 89, 90, 91]'}
      |         chain push: 1 chunk(s) of 0.40s, change 14.6, best 14.6, hazards none — one push, so `best` IS the whole leg's travel
      |     it  24  k= 88 ->  89  stalled         fix={'k': 87, 'k_float': 87.0, 'inliers': 69, 'dx': 24.53765869140625, 'dy': -28.40826416015625, 'scale': 1.3214988643536694, 'second': 66, 'second_k': 90, 'second_dx': 24.081451416015625, 'detail': 'k=87 (87.00) inliers=69 second=66 dx=+25 scale=1.321 window=[87,91] fitted=[87, 88, 89, 90, 91]'}
      |         chain push: 1 chunk(s) of 0.40s, change 16.4, best 16.4, hazards none — one push, so `best` IS the whole leg's travel
      |     it  25  k= 89 ->  89  advanced        fix={'k': 89, 'k_float': 89.0, 'inliers': 89, 'dx': 25.84002685546875, 'dy': -24.191925048828125, 'scale': 1.4287750228390885, 'second': 88, 'second_k': 90, 'second_dx': 24.31683349609375, 'detail': 'k=89 (89.00) inliers=89 second=88 dx=+26 scale=1.429 window=[87,91] fitted=[87, 88, 89, 90, 91]'}
      |         chain push: 1 chunk(s) of 0.40s, change 20.2, best 20.2, hazards none — one push, so `best` IS the whole leg's travel
      |     it  26  k= 92 ->  92  advanced        fix={'k': 92, 'k_float': 92.0, 'inliers': 88, 'dx': 23.846466064453125, 'dy': -26.92218017578125, 'scale': 1.5171625618951028, 'second': 63, 'second_k': 89, 'second_dx': 24.537689208984375, 'detail': 'k=92 (92.00) inliers=88 second=63 dx=+24 scale=1.517 window=[88,92] fitted=[88, 89, 90, 91, 92]'}
      |         chain push: 1 chunk(s) of 0.40s, change 19.0, best 19.0, hazards none — one push, so `best` IS the whole leg's travel
      |     it  27  k= 94 ->  94  advanced        fix={'k': 95, 'k_float': 95.0, 'inliers': 150, 'dx': 22.215225219726562, 'dy': 2.0621337890625, 'scale': 1.4419861110813474, 'second': 97, 'second_k': 92, 'second_dx': 23.373687744140625, 'detail': 'k=95 (95.00) inliers=150 second=97 dx=+22 scale=1.442 window=[91,95] fitted=[91, 92, 93, 94, 95]'}
      |         chain push: 1 chunk(s) of 0.40s, change 21.5, best 21.5, hazards none — one push, so `best` IS the whole leg's travel
      |     it  28  k= 96 ->  96  advanced        fix={'k': 97, 'k_float': 97.0, 'inliers': 131, 'dx': 25.574432373046875, 'dy': 5.4720458984375, 'scale': 1.468341384438602, 'second': 94, 'second_k': 96, 'second_dx': 28.372756958007812, 'detail': 'k=97 (97.00) inliers=131 second=94 dx=+26 scale=1.468 window=[93,97] fitted=[93, 94, 95, 96, 97]'}
      |         chain push: 1 chunk(s) of 0.40s, change 23.6, best 23.6, hazards none — one push, so `best` IS the whole leg's travel
      |     it  29  k= 98 ->  98  advanced        fix={'k': 99, 'k_float': 99.0, 'inliers': 120, 'dx': 25.180511474609375, 'dy': -2.9023590087890625, 'scale': 1.5108669225216718, 'second': 111, 'second_k': 97, 'second_dx': 32.25146484375, 'detail': 'k=99 (99.00) inliers=120 second=111 dx=+25 scale=1.511 window=[95,99] fitted=[95, 96, 97, 98, 99]'}
      |         chain push: 1 chunk(s) of 0.40s, change 26.6, best 26.6, hazards none — one push, so `best` IS the whole leg's travel
      |     it  30  k=100 -> 100  advanced        fix={'k': 101, 'k_float': 101.0, 'inliers': 134, 'dx': 21.540359497070312, 'dy': -1.2039794921875, 'scale': 1.5725057708505323, 'second': 127, 'second_k': 100, 'second_dx': 30.44744873046875, 'detail': 'k=101 (101.00) inliers=134 second=127 dx=+22 scale=1.573 window=[97,101] fitted=[97, 98, 99, 100, 101]'}
      |         chain push: 1 chunk(s) of 0.40s, change 23.8, best 23.8, hazards none — one push, so `best` IS the whole leg's travel
      |     it  31  k=102 -> 102  advanced        fix={'k': 103, 'k_float': 103.0, 'inliers': 145, 'dx': 28.440032958984375, 'dy': -16.775970458984375, 'scale': 1.62549718312776, 'second': 141, 'second_k': 102, 'second_dx': 34.35845947265625, 'detail': 'k=103 (103.00) inliers=145 second=141 dx=+28 scale=1.625 window=[99,103] fitted=[99, 100, 101, 102, 103]'}
      |         chain push: 1 chunk(s) of 0.40s, change 20.7, best 20.7, hazards none — one push, so `best` IS the whole leg's travel
      |     it  32  k=104 -> 104  advanced        fix={'k': 105, 'k_float': 105.0, 'inliers': 155, 'dx': 30.488037109375, 'dy': -28.5465087890625, 'scale': 1.7849590695377267, 'second': 124, 'second_k': 102, 'second_dx': 36.674468994140625, 'detail': 'k=105 (105.00) inliers=155 second=124 dx=+30 scale=1.785 window=[101,105] fitted=[101, 102, 103, 104, 105]'}
      |         chain push: 1 chunk(s) of 0.40s, change 17.6, best 17.6, hazards none — one push, so `best` IS the whole leg's travel
      |         chain strafe: 1 chunk(s) of 0.10s, change 12.5, best 12.5, hazards none — one push, so `best` IS the whole leg's travel
      |     it  33  k=104 -> 107  stalled         fix={'k': 106, 'k_float': 106.0, 'inliers': 115, 'dx': -61.44476318359375, 'dy': -49.431976318359375, 'scale': 2.0125974852082664, 'second': 111, 'second_k': 105, 'second_dx': -63.43365478515625, 'detail': 'k=106 (106.00) inliers=115 second=111 dx=-61 scale=2.013 window=[103,107] fitted=[103, 104, 105, 106, 107]'}  strafe left 0.10s
      |         chain push: 1 chunk(s) of 0.40s, change 22.8, best 22.8, hazards none — one push, so `best` IS the whole leg's travel
      |         chain strafe: 1 chunk(s) of 0.10s, change 17.5, best 17.5, hazards none — one push, so `best` IS the whole leg's travel
      |     it  34  k=107 -> 107  advanced        fix={'k': 107, 'k_float': 107.0, 'inliers': 43, 'dx': -59.1136474609375, 'dy': -110.07456970214844, 'scale': 2.7103369123200864, 'second': 32, 'second_k': 105, 'second_dx': 48.137939453125, 'detail': 'k=107 (107.00) inliers=43 second=32 dx=-59 scale=2.710 window=[103,107] fitted=[103, 104, 105, 106, 107]'}  strafe left 0.10s
      |         chain push: 1 chunk(s) of 0.40s, change 27.8, best 27.8, hazards none — one push, so `best` IS the whole leg's travel
      |     it  35  k=109 -> 109  advanced-weak   fix={'k': 110, 'k_float': 110.0, 'inliers': 15, 'dx': 226.81854248046875, 'dy': -13.68182373046875, 'scale': 4.083220445738809, 'second': 0, 'second_k': None, 'second_dx': 0.0, 'detail': 'k=110 (110.00) inliers=15 second=0 dx=+227 scale=4.083 window=[106,110] fitted=[110]'}
      |         chain push: 1 chunk(s) of 0.40s, change 46.3, best 46.3, hazards none — one push, so `best` IS the whole leg's travel
      |     it  36  k=112 -> 112  blind-advance   fix=None
      |         chain push: 1 chunk(s) of 0.40s, change 36.1, best 36.1, hazards none — one push, so `best` IS the whole leg's travel
      |     it  37  k=112 -> 114  turn-early: blind with the budget spent and a turn stop at 129 within 3 targets — turning to 303.34476843910807 now instead of pushing into whatever is in front
      |         turn to 303.3: TURNED to 302.6 (err +0.8) in 1 push(es), asked -56.2 deg, stick 0.75s
      |         turn to 278.3: TURNED to 280.3 (err -1.9) in 1 push(es), asked -24.2 deg, stick 0.40s
      |         turn to 328.3: TURNED to 325.2 (err +3.1) in 1 push(es), asked +48.1 deg, stick 0.64s
      |         turn to 303.3: TURNED to 304.7 (err -1.4) in 2 push(es), asked -21.9 deg, stick 0.55s
      |         turn to 283.9: TURNED to 285.8 (err -1.9) in 1 push(es), asked -20.8 deg, stick 0.40s
      |     it  38  k=129 -> 129  turned-looked to 303.34476843910807  (153 inliers at the stop)  STOP YAW -19.4 deg on -382 px, no strafe
      |         turn to 280.4: TURNED to 280.8 (err -0.4) in 1 push(es), asked -5.5 deg, stick 0.15s
      |         chain push: 1 chunk(s) of 0.40s, change 12.5, best 12.5, hazards none — one push, so `best` IS the whole leg's travel
      |     it  39  k=130 -> 130  advanced        fix={'k': 131, 'k_float': 131.0, 'inliers': 147, 'dx': -0.575958251953125, 'dy': -52.89599609375, 'scale': 1.3472441395308512, 'second': 134, 'second_k': 129, 'second_dx': 94.44100952148438, 'detail': 'k=131 (131.00) inliers=147 second=134 dx=-1 scale=1.347 window=[128,132] fitted=[128, 129, 130, 131, 132]'}
      |         turn to 278.9: NO-OP, already inside 4.0 deg (at 280.8, err -1.9) — nothing was sent, the recorded curve was discarded, and the caller's step line will look like a turn that happened
      |         chain push: 1 chunk(s) of 0.40s, change 11.9, best 11.9, hazards none — one push, so `best` IS the whole leg's travel
      |         chain strafe: 1 chunk(s) of 0.10s, change 5.2, best 5.2, hazards none — one push, so `best` IS the whole leg's travel
      |     it  40  k=130 -> 133  stalled         fix={'k': 130, 'k_float': 130.0, 'inliers': 182, 'dx': 64.25204467773438, 'dy': -63.33119201660156, 'scale': 1.5416263835890784, 'second': 119, 'second_k': 133, 'second_dx': 41.72088623046875, 'detail': 'k=130 (130.00) inliers=182 second=119 dx=+64 scale=1.542 window=[129,133] fitted=[129, 130, 131, 132, 133]'}  strafe right 0.10s
      |         chain push: 1 chunk(s) of 0.40s, change 15.6, best 15.6, hazards none — one push, so `best` IS the whole leg's travel
      |         chain strafe: 1 chunk(s) of 0.24s, change 7.6, best 7.6, hazards none — one push, so `best` IS the whole leg's travel
      |     it  41  k=130 -> 133  stalled         fix={'k': 129, 'k_float': 129.0, 'inliers': 123, 'dx': 175.99343872070312, 'dy': -80.63038635253906, 'scale': 1.7888577874101137, 'second': 118, 'second_k': 133, 'second_dx': 89.39205932617188, 'detail': 'k=129 (129.00) inliers=123 second=118 dx=+176 scale=1.789 window=[129,133] fitted=[129, 130, 131, 132, 133]'}  strafe right 0.24s
      |         chain push: 1 chunk(s) of 0.40s, change 22.4, best 22.4, hazards none — one push, so `best` IS the whole leg's travel
      |         chain strafe: 1 chunk(s) of 0.16s, change 21.2, best 21.2, hazards none — one push, so `best` IS the whole leg's travel
      |     it  42  k=133 -> 133  advanced        fix={'k': 133, 'k_float': 133.0, 'inliers': 104, 'dx': 118.5460205078125, 'dy': -131.28765869140625, 'scale': 2.1310880200318048, 'second': 91, 'second_k': 129, 'second_dx': 205.5333251953125, 'detail': 'k=133 (133.00) inliers=104 second=91 dx=+119 scale=2.131 window=[129,133] fitted=[129, 130, 131, 132, 133]'}  strafe right 0.17s
      |         chain push: 1 chunk(s) of 0.40s, change 28.2, best 28.2, hazards none — one push, so `best` IS the whole leg's travel
      |     it  43  k=133 -> 136  stalled         fix={'k': 134, 'k_float': 134.0, 'inliers': 83, 'dx': 16.0518798828125, 'dy': -146.88763427734375, 'scale': 2.8528073519703083, 'second': 38, 'second_k': 135, 'second_dx': 38.92106628417969, 'detail': 'k=134 (134.00) inliers=83 second=38 dx=+16 scale=2.853 window=[132,136] fitted=[132, 133, 134, 135, 136]'}
      |         chain push: 1 chunk(s) of 0.40s, change 36.8, best 36.8, hazards none — one push, so `best` IS the whole leg's travel
      |     it  44  k=136 -> 136  blind-advance   fix={'k': 132, 'k_float': 132.0, 'inliers': 6, 'dx': -131.55844116210938, 'dy': -183.74400329589844, 'scale': 0.9972928521352665, 'second': 6, 'second_k': 134, 'second_dx': -127.76045227050781, 'detail': 'k=132 (132.00) inliers=6 second=6 dx=-132 scale=0.997 window=[132,136] fitted=[132, 134]'}
      |         chain push: 1 chunk(s) of 0.40s, change 25.8, best 25.8, hazards none — one push, so `best` IS the whole leg's travel
      |         chain strafe: 1 chunk(s) of 0.15s, change 50.0, best 50.0, hazards none — one push, so `best` IS the whole leg's travel
      |     it  45  k=136 -> 139  stalled         fix={'k': 137, 'k_float': 137.0, 'inliers': 34, 'dx': -106.87728118896484, 'dy': -174.46522521972656, 'scale': 3.421501019315086, 'second': 17, 'second_k': 139, 'second_dx': -124.93435668945312, 'detail': 'k=137 (137.00) inliers=34 second=17 dx=-107 scale=3.422 window=[135,139] fitted=[135, 136, 137, 138, 139]'}  strafe left 0.15s
      |         chain push: 1 chunk(s) of 0.40s, change 30.1, best 30.1, hazards none — one push, so `best` IS the whole leg's travel
      |     it  46  k=136 -> 139  stalled         fix={'k': 138, 'k_float': 138.0, 'inliers': 67, 'dx': -18.364105224609375, 'dy': -181.75682067871094, 'scale': 3.1049991534438295, 'second': 7, 'second_k': 139, 'second_dx': 121.477294921875, 'detail': 'k=138 (138.00) inliers=67 second=7 dx=-18 scale=3.105 window=[135,139] fitted=[138, 139]'}
      |         chain push: 1 chunk(s) of 0.40s, change 31.9, best 31.9, hazards none — one push, so `best` IS the whole leg's travel
      |         chain strafe: 1 chunk(s) of 0.10s, change 49.1, best 49.1, hazards none — one push, so `best` IS the whole leg's travel
      |     it  47  k=139 -> 139  advanced        fix={'k': 139, 'k_float': 139.0, 'inliers': 72, 'dx': -69.2613525390625, 'dy': -144.9320068359375, 'scale': 2.923779699193072, 'second': 28, 'second_k': 135, 'second_dx': -62.80522155761719, 'detail': 'k=139 (139.00) inliers=72 second=28 dx=-69 scale=2.924 window=[135,139] fitted=[135, 137, 138, 139]'}  strafe left 0.10s
      |         chain push: 1 chunk(s) of 0.40s, change 34.0, best 34.0, hazards none — one push, so `best` IS the whole leg's travel
      |         chain strafe: 1 chunk(s) of 0.10s, change 41.9, best 41.9, hazards none — one push, so `best` IS the whole leg's travel
      |     it  48  k=142 -> 142  advanced        fix={'k': 142, 'k_float': 142.0, 'inliers': 134, 'dx': 44.564849853515625, 'dy': -136.05917358398438, 'scale': 2.167104708978838, 'second': 57, 'second_k': 138, 'second_dx': 55.93975830078125, 'detail': 'k=142 (142.00) inliers=134 second=57 dx=+45 scale=2.167 window=[138,142] fitted=[138, 139, 140, 141, 142]'}  strafe right 0.10s
      |         turn to 2.2: TURNED to 359.7 (err +2.5) in 1 push(es), asked +81.5 deg, stick 1.09s
      |         chain strafe: 1 chunk(s) of 0.36s, change 37.2, best 37.2, hazards none — one push, so `best` IS the whole leg's travel
      |     it  49  k=166 -> 166  turned-aligned to 2.2489998976495684  (127 inliers at the stop)
      |         chain push: 1 chunk(s) of 0.40s, change 42.9, best 42.9, hazards none — one push, so `best` IS the whole leg's travel
      |         chain strafe: 1 chunk(s) of 0.29s, change 34.7, best 34.7, hazards none — one push, so `best` IS the whole leg's travel
      |     it  50  k=167 -> 167  advanced        fix={'k': 168, 'k_float': 168.0, 'inliers': 80, 'dx': 212.08248901367188, 'dy': -87.4287109375, 'scale': 1.2914373204466125, 'second': 74, 'second_k': 169, 'second_dx': 162.921630859375, 'detail': 'k=168 (168.00) inliers=80 second=74 dx=+212 scale=1.291 window=[165,169] fitted=[165, 166, 167, 168, 169]'}  strafe right 0.29s
      |         turn to 4.3: TURNED to 2.7 (err +1.6) in 1 push(es), asked +4.6 deg, stick 0.15s
      |         chain push: 1 chunk(s) of 0.40s, change 29.1, best 29.1, hazards none — one push, so `best` IS the whole leg's travel
      |         chain strafe: 1 chunk(s) of 0.15s, change 18.3, best 18.3, hazards none — one push, so `best` IS the whole leg's travel
      |     it  51  k=169 -> 169  advanced        fix={'k': 169, 'k_float': 169.0, 'inliers': 108, 'dx': 109.11029052734375, 'dy': -93.66877746582031, 'scale': 1.4542412384150545, 'second': 99, 'second_k': 167, 'second_dx': 114.3245849609375, 'detail': 'k=169 (169.00) inliers=108 second=99 dx=+109 scale=1.454 window=[166,170] fitted=[166, 167, 168, 169, 170]'}  strafe right 0.15s
      |         turn to 2.2: NO-OP, already inside 4.0 deg (at 2.6, err -0.4) — nothing was sent, the recorded curve was discarded, and the caller's step line will look like a turn that happened
      |         chain push: 1 chunk(s) of 0.40s, change 27.6, best 27.6, hazards none — one push, so `best` IS the whole leg's travel
      |         chain strafe: 1 chunk(s) of 0.15s, change 19.1, best 19.1, hazards none — one push, so `best` IS the whole leg's travel
      |     it  52  k=171 -> 171  advanced-past   fix={'k': 169, 'k_float': 169.0, 'inliers': 92, 'dx': 108.2833251953125, 'dy': -100.58982849121094, 'scale': 1.7550549640205155, 'second': 82, 'second_k': 171, 'second_dx': -0.2581787109375, 'detail': 'k=169 (169.00) inliers=92 second=82 dx=+108 scale=1.755 window=[168,172] fitted=[168, 169, 170, 171, 172]'}  strafe right 0.15s
      |         chain push: 1 chunk(s) of 0.40s, change 29.6, best 29.6, hazards none — one push, so `best` IS the whole leg's travel
      |         chain strafe: 1 chunk(s) of 0.10s, change 15.4, best 15.4, hazards none — one push, so `best` IS the whole leg's travel
      |     it  53  k=173 -> 173  advanced        fix={'k': 174, 'k_float': 174.0, 'inliers': 81, 'dx': -74.87997436523438, 'dy': -123.67999267578125, 'scale': 1.444011765214649, 'second': 55, 'second_k': 173, 'second_dx': -79.1199951171875, 'detail': 'k=174 (174.00) inliers=81 second=55 dx=-75 scale=1.444 window=[170,174] fitted=[170, 171, 172, 173, 174]'}  strafe left 0.10s
      |         chain push: 1 chunk(s) of 0.40s, change 31.1, best 31.1, hazards none — one push, so `best` IS the whole leg's travel
      |         chain strafe: 1 chunk(s) of 0.10s, change 17.2, best 17.2, hazards none — one push, so `best` IS the whole leg's travel
      |     it  54  k=173 -> 176  stalled         fix={'k': 175, 'k_float': 175.0, 'inliers': 66, 'dx': -36.7535400390625, 'dy': -144.60858154296875, 'scale': 1.7003553731368204, 'second': 63, 'second_k': 176, 'second_dx': -27.0, 'detail': 'k=175 (175.00) inliers=66 second=63 dx=-37 scale=1.700 window=[172,176] fitted=[172, 173, 174, 175, 176]'}  strafe left 0.10s
      |         chain push: 1 chunk(s) of 0.40s, change 33.8, best 33.8, hazards none — one push, so `best` IS the whole leg's travel
      |     it  55  k=176 -> 176  advanced        fix={'k': 176, 'k_float': 176.0, 'inliers': 46, 'dx': 22.656097412109375, 'dy': -180.6658477783203, 'scale': 2.133991828612572, 'second': 36, 'second_k': 175, 'second_dx': 15.721054077148438, 'detail': 'k=176 (176.00) inliers=46 second=36 dx=+23 scale=2.134 window=[172,176] fitted=[172, 173, 174, 175, 176]'}
      |         turn to 89.5: TURNED to 88.9 (err +0.6) in 1 push(es), asked +86.9 deg, stick 1.16s
      |         chain strafe: 1 chunk(s) of 0.40s, change 35.1, best 35.1, hazards none — one push, so `best` IS the whole leg's travel
      |     it  56  k=196 -> 196  turned-aligned to 89.491477293153  (132 inliers at the stop)
      |         chain push: 1 chunk(s) of 0.40s, change 33.7, best 33.7, hazards none — one push, so `best` IS the whole leg's travel
      |         chain strafe: 1 chunk(s) of 0.27s, change 30.1, best 30.1, hazards none — one push, so `best` IS the whole leg's travel
      |     it  57  k=196 -> 197  stalled         fix={'k': 195, 'k_float': 195.0, 'inliers': 112, 'dx': 192.31199645996094, 'dy': -34.7039794921875, 'scale': 1.201065276579481, 'second': 107, 'second_k': 199, 'second_dx': 199.06561279296875, 'detail': 'k=195 (195.00) inliers=112 second=107 dx=+192 scale=1.201 window=[195,199] fitted=[195, 196, 197, 198, 199]'}  strafe right 0.27s
      |         chain push: 1 chunk(s) of 0.40s, change 41.6, best 41.6, hazards none — one push, so `best` IS the whole leg's travel
      |         chain strafe: 1 chunk(s) of 0.16s, change 25.5, best 25.5, hazards none — one push, so `best` IS the whole leg's travel
      |     it  58  k=197 -> 197  advanced        fix={'k': 197, 'k_float': 197.0, 'inliers': 117, 'dx': 115.52001953125, 'dy': -15.319976806640625, 'scale': 1.5346430540091989, 'second': 78, 'second_k': 198, 'second_dx': 115.31524658203125, 'detail': 'k=197 (197.00) inliers=117 second=78 dx=+116 scale=1.535 window=[195,199] fitted=[195, 196, 197, 198, 199]'}  strafe right 0.16s
      |         chain push: 1 chunk(s) of 0.40s, change 55.1, best 55.1, hazards none — one push, so `best` IS the whole leg's travel
      |   chain_walk: ARRIVED at iteration 59, k=197 (target 200 of 204), 54 push(es)
[ 6] ARRIVED   ESCAPE_GATE-on k=197/205  it=59  pushes=54  seconds=88.6 (walk 74.34, setup 12.7)  failure=None
      |   arm: ESCAPE_GATE = False
      |   pause menu open (selected 'Resume')
      |   selected: Load Last Save
      |   confirmation dialog up (delta 81.5) -> YES
      |   world back after 3.4s, spawn bearing 87 (E)
      |   setup 18.5s (reset 15.3s, Chain.load 3.3s for 205 waypoints) of a 180s budget
      |   chain_walk: 205 waypoints -> plan of 47 targets (41 push, 6 turn-only); the prompt is checked on every iteration; k rises by at most 1 per iteration, so >= 47 iteration(s). The 180s cap allows 3.83s each. At the last waypoint the walk may spend 3 more iteration(s) — 0.540 walk-units of forward push against OPEN-22's measured 0.05 — and then gives up rather than walking on past the table.
      |         turn to 271.3: TURNED to 272.5 (err -1.1) in 2 push(es), asked -175.7 deg, stick 2.50s
      |     it   1  k=  3 ->   3  turned to 271.3168428039934  (192 inliers at the stop)
      |         chain push: 1 chunk(s) of 0.40s, change 21.7, best 21.7, hazards none — one push, so `best` IS the whole leg's travel
      |     it   2  k=  4 ->   4  advanced-weak   fix={'k': 6, 'k_float': 6.0, 'inliers': 24, 'dx': 5.1771240234375, 'dy': 16.760299682617188, 'scale': 1.1148376825916222, 'second': 18, 'second_k': 4, 'second_dx': -40.012176513671875, 'detail': 'k=6 (6.00) inliers=24 second=18 dx=+5 scale=1.115 window=[2,6] fitted=[2, 3, 4, 5, 6]'}
      |         chain push: 1 chunk(s) of 0.40s, change 19.3, best 19.3, hazards none — one push, so `best` IS the whole leg's travel
      |     it   3  k=  7 ->   7  advanced-weak   fix={'k': 7, 'k_float': 7.0, 'inliers': 21, 'dx': -59.615997314453125, 'dy': 27.786285400390625, 'scale': 1.254462171954243, 'second': 12, 'second_k': 6, 'second_dx': 66.4560546875, 'detail': 'k=7 (7.00) inliers=21 second=12 dx=-60 scale=1.254 window=[3,7] fitted=[3, 4, 5, 6, 7]'}
      |         chain push: 1 chunk(s) of 0.40s, change 15.8, best 15.8, hazards none — one push, so `best` IS the whole leg's travel
      |     it   4  k= 10 ->  10  advanced-weak   fix={'k': 10, 'k_float': 10.0, 'inliers': 22, 'dx': 14.156036376953125, 'dy': 29.291244506835938, 'scale': 1.3007380131023694, 'second': 13, 'second_k': 7, 'second_dx': -99.44984436035156, 'detail': 'k=10 (10.00) inliers=22 second=13 dx=+14 scale=1.301 window=[6,10] fitted=[6, 7, 8, 9, 10]'}
      |         chain push: 1 chunk(s) of 0.40s, change 13.7, best 13.7, hazards none — one push, so `best` IS the whole leg's travel
      |     it   5  k= 13 ->  13  blind-advance   fix={'k': 13, 'k_float': 13.0, 'inliers': 10, 'dx': -169.25839233398438, 'dy': 41.05711364746094, 'scale': 1.2919403178183566, 'second': 6, 'second_k': 12, 'second_dx': 166.33303833007812, 'detail': 'k=13 (13.00) inliers=10 second=6 dx=-169 scale=1.292 window=[9,13] fitted=[12, 13]'}
      |         chain push: 1 chunk(s) of 0.40s, change 7.8, best 7.8, hazards none — one push, so `best` IS the whole leg's travel
      |     it   6  k= 16 ->  16  blind-advance   fix=None
      |         chain push: 1 chunk(s) of 0.40s, change 8.8, best 8.8, hazards none — one push, so `best` IS the whole leg's travel
      |     it   7  k= 19 ->  19  blind-advance   fix=None
      |         chain push: 1 chunk(s) of 0.40s, change 9.7, best 9.7, hazards none — one push, so `best` IS the whole leg's travel
      |     it   8  k= 19 ->  39  door-step 1/1: one more push along 271.3 before the stop turns (the frame after it fits 0 inliers, scale None)
      |         turn to 1.6: TURNED to 0.4 (err +1.2) in 2 push(es), asked +89.1 deg, stick 1.34s
      |         chain strafe: 1 chunk(s) of 0.11s, change 8.8, best 8.8, hazards none — one push, so `best` IS the whole leg's travel
      |     it   8  k= 39 ->  39  turned-aligned to 1.6055901753868653  (68 inliers at the stop)
      |         chain push: 1 chunk(s) of 0.40s, change 14.5, best 14.5, hazards none — one push, so `best` IS the whole leg's travel
      |     it   9  k= 40 ->  40  advanced        fix={'k': 41, 'k_float': 41.0, 'inliers': 56, 'dx': 27.76800537109375, 'dy': 389.04803466796875, 'scale': 1.4099794640436814, 'second': 54, 'second_k': 40, 'second_dx': 25.660003662109375, 'detail': 'k=41 (41.00) inliers=56 second=54 dx=+28 scale=1.410 window=[38,42] fitted=[38, 39, 40, 41, 42]'}
      |         chain push: 1 chunk(s) of 0.40s, change 26.5, best 26.5, hazards none — one push, so `best` IS the whole leg's travel
      |     it  10  k= 43 ->  43  advanced        fix={'k': 43, 'k_float': 43.0, 'inliers': 42, 'dx': 3.5280075073242188, 'dy': 362.02001953125, 'scale': 1.6834225147109554, 'second': 36, 'second_k': 39, 'second_dx': 106.00125122070312, 'detail': 'k=43 (43.00) inliers=42 second=36 dx=+4 scale=1.683 window=[39,43] fitted=[39, 40, 41, 42, 43]'}
      |         chain push: 1 chunk(s) of 0.40s, change 40.5, best 40.5, hazards none — one push, so `best` IS the whole leg's travel
      |         chain strafe: 1 chunk(s) of 0.15s, change 21.1, best 21.1, hazards none — one push, so `best` IS the whole leg's travel
      |     it  11  k= 43 ->  46  stalled         fix={'k': 45, 'k_float': 45.0, 'inliers': 50, 'dx': 110.32321166992188, 'dy': 290.5248107910156, 'scale': 1.264494907689871, 'second': 44, 'second_k': 44, 'second_dx': 118.84323120117188, 'detail': 'k=45 (45.00) inliers=50 second=44 dx=+110 scale=1.264 window=[42,46] fitted=[42, 43, 44, 45, 46]'}  strafe right 0.15s
      |         chain push: 1 chunk(s) of 0.40s, change 34.1, best 34.1, hazards none — one push, so `best` IS the whole leg's travel
      |         chain strafe: 1 chunk(s) of 0.15s, change 11.2, best 11.2, hazards none — one push, so `best` IS the whole leg's travel
      |     it  12  k= 46 ->  46  advanced        fix={'k': 46, 'k_float': 46.0, 'inliers': 38, 'dx': 109.54885864257812, 'dy': 260.0547790527344, 'scale': 1.4011921148462578, 'second': 38, 'second_k': 45, 'second_dx': 118.76400756835938, 'detail': 'k=46 (46.00) inliers=38 second=38 dx=+110 scale=1.401 window=[42,46] fitted=[42, 43, 44, 45, 46]'}  strafe right 0.15s
      |         chain push: 1 chunk(s) of 0.40s, change 26.3, best 26.3, hazards none — one push, so `best` IS the whole leg's travel
      |         chain strafe: 1 chunk(s) of 0.19s, change 9.0, best 9.0, hazards none — one push, so `best` IS the whole leg's travel
      |     it  13  k= 49 ->  49  advanced        fix={'k': 49, 'k_float': 49.0, 'inliers': 125, 'dx': 137.9520263671875, 'dy': 198.43203735351562, 'scale': 1.5251521364026424, 'second': 78, 'second_k': 48, 'second_dx': 147.248046875, 'detail': 'k=49 (49.00) inliers=125 second=78 dx=+138 scale=1.525 window=[45,49] fitted=[45, 46, 47, 48, 49]'}  strafe right 0.19s
      |         chain push: 1 chunk(s) of 0.40s, change 18.5, best 18.5, hazards none — one push, so `best` IS the whole leg's travel
      |         chain strafe: 1 chunk(s) of 0.13s, change 7.3, best 7.3, hazards none — one push, so `best` IS the whole leg's travel
      |     it  14  k= 52 ->  52  advanced        fix={'k': 52, 'k_float': 52.0, 'inliers': 101, 'dx': 91.8720703125, 'dy': 161.32803344726562, 'scale': 1.525973206886298, 'second': 80, 'second_k': 51, 'second_dx': 120.37130737304688, 'detail': 'k=52 (52.00) inliers=101 second=80 dx=+92 scale=1.526 window=[48,52] fitted=[48, 49, 50, 51, 52]'}  strafe right 0.13s
      |         chain push: 1 chunk(s) of 0.40s, change 23.2, best 23.2, hazards none — one push, so `best` IS the whole leg's travel
      |         chain strafe: 1 chunk(s) of 0.14s, change 1.7, best 1.7, hazards SHORT — one push, so `best` IS the whole leg's travel
      |     it  15  k= 55 ->  55  advanced        fix={'k': 55, 'k_float': 55.0, 'inliers': 44, 'dx': 100.248046875, 'dy': 98.876220703125, 'scale': 1.524943545966296, 'second': 41, 'second_k': 54, 'second_dx': 136.4730224609375, 'detail': 'k=55 (55.00) inliers=44 second=41 dx=+100 scale=1.525 window=[51,55] fitted=[51, 52, 53, 54, 55]'}  strafe right 0.14s
      |         chain push: 1 chunk(s) of 0.40s, change 25.4, best 25.4, hazards none — one push, so `best` IS the whole leg's travel
      |     it  16  k= 58 ->  58  advanced        fix={'k': 58, 'k_float': 58.0, 'inliers': 119, 'dx': 0.0, 'dy': 274.7106018066406, 'scale': 1.0180830586448675, 'second': 93, 'second_k': 56, 'second_dx': -2.639984130859375, 'detail': 'k=58 (58.00) inliers=119 second=93 dx=+0 scale=1.018 window=[54,58] fitted=[54, 55, 56, 57, 58]'}
      |         chain push: 1 chunk(s) of 0.40s, change 30.2, best 30.2, hazards none — one push, so `best` IS the whole leg's travel
      |     it  17  k= 58 ->  61  stalled         fix={'k': 61, 'k_float': 60.95694473783883, 'inliers': 143, 'dx': 2.8800048828125, 'dy': 300.9599914550781, 'scale': 0.9975373679072468, 'second': 125, 'second_k': 59, 'second_dx': 0.239990234375, 'detail': 'k=61 (60.96) inliers=143 second=125 dx=+3 scale=0.998 window=[57,61] fitted=[57, 58, 59, 60, 61]'}
      |         chain push: 1 chunk(s) of 0.40s, change 30.4, best 30.4, hazards none — one push, so `best` IS the whole leg's travel
      |     it  18  k= 61 ->  61  advanced        fix={'k': 61, 'k_float': 61.0, 'inliers': 116, 'dx': 2.4000244140625, 'dy': 305.068115234375, 'scale': 1.0811318843122484, 'second': 116, 'second_k': 59, 'second_dx': -0.372772216796875, 'detail': 'k=61 (61.00) inliers=116 second=116 dx=+2 scale=1.081 window=[57,61] fitted=[57, 58, 59, 60, 61]'}
      |         chain push: 1 chunk(s) of 0.40s, change 19.6, best 19.6, hazards none — one push, so `best` IS the whole leg's travel
      |     it  19  k= 64 ->  64  advanced        fix={'k': 64, 'k_float': 64.0, 'inliers': 135, 'dx': 22.4639892578125, 'dy': 295.61248779296875, 'scale': 1.0537798319484646, 'second': 128, 'second_k': 63, 'second_dx': 26.4000244140625, 'detail': 'k=64 (64.00) inliers=135 second=128 dx=+22 scale=1.054 window=[60,64] fitted=[60, 61, 62, 63, 64]'}
      |     it  20  k= 88 ->  88  turned (skipped, same heading) to 1.3495539744498237  (125 inliers at the stop)
      |         chain push: 1 chunk(s) of 0.40s, change 14.7, best 14.7, hazards none — one push, so `best` IS the whole leg's travel
      |     it  21  k= 88 ->  89  stalled         fix={'k': 87, 'k_float': 87.0, 'inliers': 94, 'dx': -5.7999725341796875, 'dy': 1.22210693359375, 'scale': 1.1520923266672192, 'second': 91, 'second_k': 88, 'second_dx': -5.374755859375, 'detail': 'k=87 (87.00) inliers=94 second=91 dx=-6 scale=1.152 window=[87,91] fitted=[87, 88, 89, 90, 91]'}
      |         chain push: 1 chunk(s) of 0.40s, change 19.2, best 19.2, hazards none — one push, so `best` IS the whole leg's travel
      |     it  22  k= 89 ->  89  advanced        fix={'k': 89, 'k_float': 89.0, 'inliers': 87, 'dx': 2.985992431640625, 'dy': -5.040008544921875, 'scale': 1.1252436749707018, 'second': 84, 'second_k': 91, 'second_dx': -15.05999755859375, 'detail': 'k=89 (89.00) inliers=87 second=84 dx=+3 scale=1.125 window=[87,91] fitted=[87, 88, 89, 90, 91]'}
      |         chain push: 1 chunk(s) of 0.40s, change 17.3, best 17.3, hazards none — one push, so `best` IS the whole leg's travel
      |     it  23  k= 92 ->  92  advanced        fix={'k': 92, 'k_float': 92.0, 'inliers': 73, 'dx': 0.995330810546875, 'dy': -33.841156005859375, 'scale': 1.1348714537307873, 'second': 66, 'second_k': 90, 'second_dx': 2.2176361083984375, 'detail': 'k=92 (92.00) inliers=73 second=66 dx=+1 scale=1.135 window=[88,92] fitted=[88, 89, 90, 91, 92]'}
      |         chain push: 1 chunk(s) of 0.40s, change 16.6, best 16.6, hazards none — one push, so `best` IS the whole leg's travel
      |     it  24  k= 94 ->  94  advanced        fix={'k': 95, 'k_float': 95.0, 'inliers': 79, 'dx': -3.360015869140625, 'dy': -5.374755859375, 'scale': 1.117651811074578, 'second': 73, 'second_k': 93, 'second_dx': 0.995330810546875, 'detail': 'k=95 (95.00) inliers=79 second=73 dx=-3 scale=1.118 window=[91,95] fitted=[91, 92, 93, 94, 95]'}
      |         chain push: 1 chunk(s) of 0.40s, change 17.9, best 17.9, hazards none — one push, so `best` IS the whole leg's travel
      |     it  25  k= 96 ->  96  advanced        fix={'k': 97, 'k_float': 97.0, 'inliers': 160, 'dx': -13.779754638671875, 'dy': 13.420013427734375, 'scale': 1.1872713710495821, 'second': 146, 'second_k': 96, 'second_dx': -10.159988403320312, 'detail': 'k=97 (97.00) inliers=160 second=146 dx=-14 scale=1.187 window=[93,97] fitted=[93, 94, 95, 96, 97]'}
      |         chain push: 1 chunk(s) of 0.40s, change 18.5, best 18.5, hazards none — one push, so `best` IS the whole leg's travel
      |     it  26  k= 98 ->  98  advanced        fix={'k': 99, 'k_float': 99.0, 'inliers': 153, 'dx': -19.11029052734375, 'dy': 10.656005859375, 'scale': 1.1898971545961017, 'second': 135, 'second_k': 97, 'second_dx': -14.783966064453125, 'detail': 'k=99 (99.00) inliers=153 second=135 dx=-19 scale=1.190 window=[95,99] fitted=[95, 96, 97, 98, 99]'}
      |         chain push: 1 chunk(s) of 0.40s, change 21.0, best 21.0, hazards none — one push, so `best` IS the whole leg's travel
      |     it  27  k= 98 -> 100  stalled         fix={'k': 97, 'k_float': 97.0, 'inliers': 169, 'dx': -17.03997802734375, 'dy': 10.464019775390625, 'scale': 1.4389689945729829, 'second': 159, 'second_k': 101, 'second_dx': -35.234588623046875, 'detail': 'k=97 (97.00) inliers=169 second=159 dx=-17 scale=1.439 window=[97,101] fitted=[97, 98, 99, 100, 101]'}
      |         chain push: 1 chunk(s) of 0.40s, change 25.4, best 25.4, hazards none — one push, so `best` IS the whole leg's travel
      |         chain strafe: 1 chunk(s) of 0.10s, change 2.5, best 2.5, hazards SHORT — one push, so `best` IS the whole leg's travel
      |     it  28  k=100 -> 100  advanced        fix={'k': 101, 'k_float': 101.0, 'inliers': 149, 'dx': -35.997650146484375, 'dy': -2.639984130859375, 'scale': 1.3666335958952591, 'second': 140, 'second_k': 100, 'second_dx': -17.229095458984375, 'detail': 'k=101 (101.00) inliers=149 second=140 dx=-36 scale=1.367 window=[97,101] fitted=[97, 98, 99, 100, 101]'}  strafe left 0.10s
      |         chain push: 1 chunk(s) of 0.40s, change 27.7, best 27.7, hazards none — one push, so `best` IS the whole leg's travel
      |     it  29  k=102 -> 102  advanced        fix={'k': 103, 'k_float': 103.0, 'inliers': 156, 'dx': -27.3369140625, 'dy': -8.133087158203125, 'scale': 1.4044061314549303, 'second': 151, 'second_k': 102, 'second_dx': -61.007965087890625, 'detail': 'k=103 (103.00) inliers=156 second=151 dx=-27 scale=1.404 window=[99,103] fitted=[99, 100, 101, 102, 103]'}
      |         chain push: 1 chunk(s) of 0.40s, change 25.3, best 25.3, hazards none — one push, so `best` IS the whole leg's travel
      |         chain strafe: 1 chunk(s) of 0.11s, change 14.3, best 14.3, hazards none — one push, so `best` IS the whole leg's travel
      |     it  30  k=104 -> 104  advanced        fix={'k': 105, 'k_float': 105.0, 'inliers': 175, 'dx': -78.81600952148438, 'dy': -12.2879638671875, 'scale': 1.4838578107924583, 'second': 146, 'second_k': 102, 'second_dx': -21.82232666015625, 'detail': 'k=105 (105.00) inliers=175 second=146 dx=-79 scale=1.484 window=[101,105] fitted=[101, 102, 103, 104, 105]'}  strafe left 0.11s
      |         chain push: 1 chunk(s) of 0.40s, change 19.9, best 19.9, hazards none — one push, so `best` IS the whole leg's travel
      |         chain strafe: 1 chunk(s) of 0.10s, change 11.8, best 11.8, hazards none — one push, so `best` IS the whole leg's travel
      |     it  31  k=107 -> 107  advanced        fix={'k': 107, 'k_float': 107.0, 'inliers': 146, 'dx': -52.75196838378906, 'dy': -18.089263916015625, 'scale': 1.5511271916393374, 'second': 143, 'second_k': 105, 'second_dx': -54.679962158203125, 'detail': 'k=107 (107.00) inliers=146 second=143 dx=-53 scale=1.551 window=[103,107] fitted=[103, 104, 105, 106, 107]'}  strafe left 0.10s
      |         chain push: 1 chunk(s) of 0.40s, change 19.7, best 19.7, hazards none — one push, so `best` IS the whole leg's travel
      |     it  32  k=107 -> 109  stalled         fix={'k': 108, 'k_float': 108.0, 'inliers': 135, 'dx': 18.245849609375, 'dy': -45.181396484375, 'scale': 1.8062711791573176, 'second': 130, 'second_k': 110, 'second_dx': -11.061904907226562, 'detail': 'k=108 (108.00) inliers=135 second=130 dx=+18 scale=1.806 window=[106,110] fitted=[106, 107, 108, 109, 110]'}
      |         chain push: 1 chunk(s) of 0.40s, change 20.4, best 20.4, hazards none — one push, so `best` IS the whole leg's travel
      |     it  33  k=109 -> 109  advanced        fix={'k': 110, 'k_float': 110.0, 'inliers': 91, 'dx': -11.42864990234375, 'dy': -9.170166015625, 'scale': 2.3414601776324693, 'second': 61, 'second_k': 109, 'second_dx': 73.595458984375, 'detail': 'k=110 (110.00) inliers=91 second=61 dx=-11 scale=2.341 window=[106,110] fitted=[106, 107, 108, 109, 110]'}
      |         chain push: 1 chunk(s) of 0.40s, change 36.7, best 36.7, hazards none — one push, so `best` IS the whole leg's travel
      |     it  34  k=112 -> 112  blind-advance   fix=None
      |         chain push: 1 chunk(s) of 0.40s, change 37.4, best 37.4, hazards none — one push, so `best` IS the whole leg's travel
      |     it  35  k=114 -> 114  blind-advance   fix={'k': 115, 'k_float': 115.0, 'inliers': 6, 'dx': -13.623931884765625, 'dy': -74.05726623535156, 'scale': 1.1414412023327916, 'second': 0, 'second_k': None, 'second_dx': 0.0, 'detail': 'k=115 (115.00) inliers=6 second=0 dx=-14 scale=1.141 window=[111,115] fitted=[115]'}
      |         turn to 303.3: TURNED to 305.9 (err -2.6) in 1 push(es), asked -57.1 deg, stick 0.76s
      |         turn to 278.3: TURNED to 280.8 (err -2.4) in 1 push(es), asked -27.6 deg, stick 0.40s
      |         turn to 303.3: TURNED to 302.9 (err +0.5) in 1 push(es), asked +22.6 deg, stick 0.40s
      |         turn to 282.1: TURNED to 283.9 (err -1.7) in 1 push(es), asked -20.7 deg, stick 0.40s
      |     it  36  k=129 -> 129  turned-looked to 303.34476843910807  (174 inliers at the stop)  STOP YAW -21.2 deg on -419 px, no strafe
      |         turn to 278.6: TURNED to 278.4 (err +0.1) in 1 push(es), asked -5.3 deg, stick 0.15s
      |         chain push: 1 chunk(s) of 0.40s, change 12.2, best 12.2, hazards none — one push, so `best` IS the whole leg's travel
      |         chain strafe: 1 chunk(s) of 0.18s, change 10.0, best 10.0, hazards none — one push, so `best` IS the whole leg's travel
      |     it  37  k=130 -> 130  advanced        fix={'k': 130, 'k_float': 130.0, 'inliers': 150, 'dx': 128.4240264892578, 'dy': -40.62126159667969, 'scale': 1.2523926163554087, 'second': 148, 'second_k': 131, 'second_dx': 100.51205444335938, 'detail': 'k=130 (130.00) inliers=150 second=148 dx=+128 scale=1.252 window=[128,132] fitted=[128, 129, 130, 131, 132]'}  strafe right 0.18s
      |         turn to 277.1: NO-OP, already inside 4.0 deg (at 278.4, err -1.4) — nothing was sent, the recorded curve was discarded, and the caller's step line will look like a turn that happened
      |         chain push: 1 chunk(s) of 0.40s, change 14.6, best 14.6, hazards none — one push, so `best` IS the whole leg's travel
      |         chain strafe: 1 chunk(s) of 0.10s, change 4.7, best 4.7, hazards none — one push, so `best` IS the whole leg's travel
      |     it  38  k=130 -> 133  stalled         fix={'k': 131, 'k_float': 131.0, 'inliers': 147, 'dx': 74.72003173828125, 'dy': -64.36453247070312, 'scale': 1.436253195671807, 'second': 144, 'second_k': 129, 'second_dx': 168.99925231933594, 'detail': 'k=131 (131.00) inliers=147 second=144 dx=+75 scale=1.436 window=[129,133] fitted=[129, 130, 131, 132, 133]'}  strafe right 0.10s
      |         chain push: 1 chunk(s) of 0.40s, change 20.6, best 20.6, hazards none — one push, so `best` IS the whole leg's travel
      |         chain strafe: 1 chunk(s) of 0.19s, change 7.4, best 7.4, hazards none — one push, so `best` IS the whole leg's travel
      |     it  39  k=130 -> 133  stalled         fix={'k': 132, 'k_float': 132.0, 'inliers': 116, 'dx': 134.36485290527344, 'dy': -86.92703247070312, 'scale': 1.778758526882374, 'second': 95, 'second_k': 133, 'second_dx': 140.95880126953125, 'detail': 'k=132 (132.00) inliers=116 second=95 dx=+134 scale=1.779 window=[129,133] fitted=[129, 130, 131, 132, 133]'}  strafe right 0.19s
      |         chain push: 1 chunk(s) of 0.40s, change 23.5, best 23.5, hazards none — one push, so `best` IS the whole leg's travel
      |         chain strafe: 1 chunk(s) of 0.24s, change 25.0, best 25.0, hazards none — one push, so `best` IS the whole leg's travel
      |     it  40  k=133 -> 133  advanced        fix={'k': 133, 'k_float': 133.0, 'inliers': 173, 'dx': 170.40203857421875, 'dy': -102.31517028808594, 'scale': 2.1611636881878757, 'second': 151, 'second_k': 129, 'second_dx': 257.80206298828125, 'detail': 'k=133 (133.00) inliers=173 second=151 dx=+170 scale=2.161 window=[129,133] fitted=[129, 130, 131, 132, 133]'}  strafe right 0.24s
      |         chain push: 1 chunk(s) of 0.40s, change 27.9, best 27.9, hazards none — one push, so `best` IS the whole leg's travel
      |         chain strafe: 1 chunk(s) of 0.10s, change 18.5, best 18.5, hazards none — one push, so `best` IS the whole leg's travel
      |     it  41  k=133 -> 136  stalled         fix={'k': 134, 'k_float': 134.0, 'inliers': 85, 'dx': 52.883697509765625, 'dy': -141.91098022460938, 'scale': 2.8796261890134622, 'second': 35, 'second_k': 135, 'second_dx': 83.19915771484375, 'detail': 'k=134 (134.00) inliers=85 second=35 dx=+53 scale=2.880 window=[132,136] fitted=[132, 133, 134, 135, 136]'}  strafe right 0.10s
      |         chain push: 1 chunk(s) of 0.40s, change 38.4, best 38.4, hazards none — one push, so `best` IS the whole leg's travel
      |     it  42  k=136 -> 136  advanced-weak   fix={'k': 136, 'k_float': 136.0, 'inliers': 19, 'dx': -100.427734375, 'dy': -153.34181213378906, 'scale': 3.739530322868976, 'second': 0, 'second_k': None, 'second_dx': 0.0, 'detail': 'k=136 (136.00) inliers=19 second=0 dx=-100 scale=3.740 window=[132,136] fitted=[136]'}
      |         chain push: 1 chunk(s) of 0.40s, change 29.7, best 29.7, hazards none — one push, so `best` IS the whole leg's travel
      |         chain strafe: 1 chunk(s) of 0.13s, change 48.8, best 48.8, hazards none — one push, so `best` IS the whole leg's travel
      |     it  43  k=139 -> 139  advanced        fix={'k': 139, 'k_float': 139.0, 'inliers': 66, 'dx': -91.02493286132812, 'dy': -173.0189971923828, 'scale': 2.9202586559259607, 'second': 21, 'second_k': 135, 'second_dx': -141.0931854248047, 'detail': 'k=139 (139.00) inliers=66 second=21 dx=-91 scale=2.920 window=[135,139] fitted=[135, 137, 138, 139]'}  strafe left 0.13s
      |         chain push: 1 chunk(s) of 0.40s, change 30.3, best 30.3, hazards none — one push, so `best` IS the whole leg's travel
      |         chain strafe: 1 chunk(s) of 0.10s, change 50.3, best 50.3, hazards none — one push, so `best` IS the whole leg's travel
      |     it  44  k=139 -> 142  stalled         fix={'k': 140, 'k_float': 140.0, 'inliers': 57, 'dx': -36.759490966796875, 'dy': -153.2825164794922, 'scale': 2.6560692306612217, 'second': 35, 'second_k': 141, 'second_dx': 30.79302978515625, 'detail': 'k=140 (140.00) inliers=57 second=35 dx=-37 scale=2.656 window=[138,142] fitted=[139, 140, 141, 142]'}  strafe left 0.10s
      |         chain push: 1 chunk(s) of 0.40s, change 26.8, best 26.8, hazards none — one push, so `best` IS the whole leg's travel
      |         chain strafe: 1 chunk(s) of 0.12s, change 49.0, best 49.0, hazards none — one push, so `best` IS the whole leg's travel
      |     it  45  k=139 -> 142  stalled         fix={'k': 141, 'k_float': 141.0, 'inliers': 136, 'dx': 87.06121826171875, 'dy': -145.92959594726562, 'scale': 2.411584265225899, 'second': 41, 'second_k': 140, 'second_dx': 101.85098266601562, 'detail': 'k=141 (141.00) inliers=136 second=41 dx=+87 scale=2.412 window=[138,142] fitted=[138, 139, 140, 141, 142]'}  strafe right 0.12s
      |         chain push: 1 chunk(s) of 0.40s, change 27.3, best 27.3, hazards none — one push, so `best` IS the whole leg's travel
      |         chain strafe: 1 chunk(s) of 0.10s, change 39.9, best 39.9, hazards none — one push, so `best` IS the whole leg's travel
      |     it  46  k=142 -> 142  advanced        fix={'k': 142, 'k_float': 142.0, 'inliers': 150, 'dx': -43.625, 'dy': -150.25975036621094, 'scale': 2.2206279688923987, 'second': 58, 'second_k': 138, 'second_dx': -121.8721694946289, 'detail': 'k=142 (142.00) inliers=150 second=58 dx=-44 scale=2.221 window=[138,142] fitted=[138, 139, 141, 142]'}  strafe left 0.10s
      |         turn to 2.2: TURNED to 359.7 (err +2.6) in 1 push(es), asked +83.8 deg, stick 1.12s
      |         chain strafe: 1 chunk(s) of 0.36s, change 41.8, best 41.8, hazards none — one push, so `best` IS the whole leg's travel
      |     it  47  k=166 -> 166  turned-aligned to 2.2489998976495684  (99 inliers at the stop)
      |         chain push: 1 chunk(s) of 0.40s, change 50.0, best 50.0, hazards none — one push, so `best` IS the whole leg's travel
      |         chain strafe: 1 chunk(s) of 0.29s, change 42.1, best 42.1, hazards none — one push, so `best` IS the whole leg's travel
      |     it  48  k=167 -> 167  advanced        fix={'k': 169, 'k_float': 169.0, 'inliers': 90, 'dx': 210.16241455078125, 'dy': -73.51998901367188, 'scale': 1.2810115978388616, 'second': 88, 'second_k': 165, 'second_dx': 215.58676147460938, 'detail': 'k=169 (169.00) inliers=90 second=88 dx=+210 scale=1.281 window=[165,169] fitted=[165, 166, 167, 168, 169]'}  strafe right 0.29s
      |         turn to 4.3: TURNED to 4.3 (err -0.0) in 1 push(es), asked +4.5 deg, stick 0.15s
      |         chain push: 1 chunk(s) of 0.40s, change 29.6, best 29.6, hazards none — one push, so `best` IS the whole leg's travel
      |         chain strafe: 1 chunk(s) of 0.10s, change 18.2, best 18.2, hazards none — one push, so `best` IS the whole leg's travel
      |     it  49  k=169 -> 169  advanced        fix={'k': 170, 'k_float': 170.0, 'inliers': 111, 'dx': 71.760009765625, 'dy': -81.11923217773438, 'scale': 1.3791618667339764, 'second': 96, 'second_k': 169, 'second_dx': 92.42404174804688, 'detail': 'k=170 (170.00) inliers=111 second=96 dx=+72 scale=1.379 window=[166,170] fitted=[166, 167, 168, 169, 170]'}  strafe right 0.10s
      |         turn to 2.2: NO-OP, already inside 4.0 deg (at 4.2, err -2.0) — nothing was sent, the recorded curve was discarded, and the caller's step line will look like a turn that happened
      |         chain push: 1 chunk(s) of 0.40s, change 18.6, best 18.6, hazards none — one push, so `best` IS the whole leg's travel
      |     it  50  k=171 -> 171  advanced        fix={'k': 171, 'k_float': 171.0, 'inliers': 119, 'dx': 20.90191650390625, 'dy': -87.26394653320312, 'scale': 1.369353744854371, 'second': 110, 'second_k': 170, 'second_dx': 46.24884033203125, 'detail': 'k=171 (171.00) inliers=119 second=110 dx=+21 scale=1.369 window=[168,172] fitted=[168, 169, 170, 171, 172]'}
      |         chain push: 1 chunk(s) of 0.40s, change 31.3, best 31.3, hazards none — one push, so `best` IS the whole leg's travel
      |         chain strafe: 1 chunk(s) of 0.10s, change 5.1, best 5.1, hazards none — one push, so `best` IS the whole leg's travel
      |     it  51  k=173 -> 173  advanced        fix={'k': 174, 'k_float': 174.0, 'inliers': 70, 'dx': -44.058380126953125, 'dy': -115.37277221679688, 'scale': 1.396601821450863, 'second': 65, 'second_k': 173, 'second_dx': -35.087982177734375, 'detail': 'k=174 (174.00) inliers=70 second=65 dx=-44 scale=1.397 window=[170,174] fitted=[170, 171, 172, 173, 174]'}  strafe left 0.10s
      |         chain push: 1 chunk(s) of 0.40s, change 39.6, best 39.6, hazards none — one push, so `best` IS the whole leg's travel
      |         chain strafe: 1 chunk(s) of 0.10s, change 18.4, best 18.4, hazards none — one push, so `best` IS the whole leg's travel
      |     it  52  k=176 -> 176  advanced        fix={'k': 176, 'k_float': 176.0, 'inliers': 65, 'dx': -51.575958251953125, 'dy': -144.27197265625, 'scale': 1.7777762821647876, 'second': 38, 'second_k': 175, 'second_dx': -83.2935791015625, 'detail': 'k=176 (176.00) inliers=65 second=38 dx=-52 scale=1.778 window=[172,176] fitted=[172, 173, 174, 175, 176]'}  strafe left 0.10s
      |         turn to 89.5: TURNED to 88.4 (err +1.1) in 2 push(es), asked +85.3 deg, stick 1.29s
      |         chain strafe: 1 chunk(s) of 0.31s, change 27.7, best 27.7, hazards none — one push, so `best` IS the whole leg's travel
      |     it  53  k=196 -> 196  turned-aligned to 89.491477293153  (101 inliers at the stop)
      |         chain push: 1 chunk(s) of 0.40s, change 35.9, best 35.9, hazards none — one push, so `best` IS the whole leg's travel
      |         chain strafe: 1 chunk(s) of 0.22s, change 23.8, best 23.8, hazards none — one push, so `best` IS the whole leg's travel
      |     it  54  k=197 -> 197  advanced        fix={'k': 199, 'k_float': 199.0, 'inliers': 110, 'dx': 160.69577026367188, 'dy': -41.37599182128906, 'scale': 1.2317784343403462, 'second': 98, 'second_k': 198, 'second_dx': 156.67202758789062, 'detail': 'k=199 (199.00) inliers=110 second=98 dx=+161 scale=1.232 window=[195,199] fitted=[195, 196, 197, 198, 199]'}  strafe right 0.22s
      |         chain push: 1 chunk(s) of 0.40s, change 44.5, best 44.5, hazards none — one push, so `best` IS the whole leg's travel
      |   chain_walk: ARRIVED at iteration 55, k=197 (target 200 of 204), 50 push(es)
[ 7] ARRIVED   ESCAPE_GATE-off k=197/205  it=55  pushes=50  seconds=94.2 (walk 70.76, setup 18.5)  failure=None
      |   arm: ESCAPE_GATE = True
      |   pause menu open (selected 'Resume')
      |   selected: Load Last Save
      |   confirmation dialog up (delta 82.9) -> YES
      |   world back after 3.1s, spawn bearing 87 (E)
      |   setup 13.7s (reset 11.1s, Chain.load 2.6s for 205 waypoints) of a 180s budget
      |   chain_walk: 205 waypoints -> plan of 47 targets (41 push, 6 turn-only); the prompt is checked on every iteration; k rises by at most 1 per iteration, so >= 47 iteration(s). The 180s cap allows 3.83s each. At the last waypoint the walk may spend 3 more iteration(s) — 0.540 walk-units of forward push against OPEN-22's measured 0.05 — and then gives up rather than walking on past the table.
      |         turn to 271.3: TURNED to 269.9 (err +1.4) in 2 push(es), asked -175.7 deg, stick 2.50s
      |     it   1  k=  3 ->   3  turned to 271.3168428039934  (196 inliers at the stop)
      |         chain push: 1 chunk(s) of 0.40s, change 21.5, best 21.5, hazards none — one push, so `best` IS the whole leg's travel
      |     it   2  k=  4 ->   4  advanced-weak   fix={'k': 6, 'k_float': 6.0, 'inliers': 23, 'dx': -27.35999298095703, 'dy': -10.1199951171875, 'scale': 1.1911037941112452, 'second': 18, 'second_k': 2, 'second_dx': -20.736007690429688, 'detail': 'k=6 (6.00) inliers=23 second=18 dx=-27 scale=1.191 window=[2,6] fitted=[2, 3, 4, 5, 6]'}
      |         chain push: 1 chunk(s) of 0.40s, change 18.7, best 18.7, hazards none — one push, so `best` IS the whole leg's travel
      |     it   3  k=  7 ->   7  blind-advance   fix={'k': 7, 'k_float': 7.0, 'inliers': 14, 'dx': -7.9324798583984375, 'dy': 33.12481689453125, 'scale': 1.2895809730990488, 'second': 11, 'second_k': 5, 'second_dx': -17.2108154296875, 'detail': 'k=7 (7.00) inliers=14 second=11 dx=-8 scale=1.290 window=[3,7] fitted=[3, 4, 5, 6, 7]'}
      |         chain push: 1 chunk(s) of 0.40s, change 13.3, best 13.3, hazards none — one push, so `best` IS the whole leg's travel
      |     it   4  k= 10 ->  10  blind-advance   fix={'k': 8, 'k_float': 8.0, 'inliers': 12, 'dx': -41.27153778076172, 'dy': 52.171844482421875, 'scale': 1.4244950527964264, 'second': 10, 'second_k': 9, 'second_dx': -40.43516540527344, 'detail': 'k=8 (8.00) inliers=12 second=10 dx=-41 scale=1.424 window=[6,10] fitted=[6, 7, 8, 9, 10]'}
      |         chain push: 1 chunk(s) of 0.40s, change 9.8, best 9.8, hazards none — one push, so `best` IS the whole leg's travel
      |     it   5  k= 13 ->  13  blind-advance   fix={'k': 9, 'k_float': 9.0, 'inliers': 8, 'dx': -87.05107879638672, 'dy': 58.337371826171875, 'scale': 1.6949510441746585, 'second': 7, 'second_k': 11, 'second_dx': -86.67645263671875, 'detail': 'k=9 (9.00) inliers=8 second=7 dx=-87 scale=1.695 window=[9,13] fitted=[9, 11]'}
      |         chain push: 1 chunk(s) of 0.40s, change 9.9, best 9.9, hazards none — one push, so `best` IS the whole leg's travel
      |     it   6  k= 16 ->  16  blind-advance   fix=None
      |         chain push: 1 chunk(s) of 0.40s, change 9.7, best 9.7, hazards none — one push, so `best` IS the whole leg's travel
      |     it   7  k= 19 ->  19  blind-advance   fix=None
      |         chain push: 1 chunk(s) of 0.40s, change 9.9, best 9.9, hazards none — one push, so `best` IS the whole leg's travel
      |     it   8  k= 19 ->  39  door-step 1/1: one more push along 271.3 before the stop turns (the frame after it fits 0 inliers, scale None)
      |         turn to 1.6: TURNED to 1.8 (err -0.2) in 2 push(es), asked +91.7 deg, stick 1.48s
      |         chain strafe: 1 chunk(s) of 0.10s, change 8.2, best 8.2, hazards none — one push, so `best` IS the whole leg's travel
      |     it   8  k= 39 ->  39  turned-aligned to 1.6055901753868653  (68 inliers at the stop)
      |         chain push: 1 chunk(s) of 0.40s, change 13.8, best 13.8, hazards none — one push, so `best` IS the whole leg's travel
      |         chain strafe: 1 chunk(s) of 0.10s, change 8.8, best 8.8, hazards none — one push, so `best` IS the whole leg's travel
      |     it   9  k= 40 ->  40  advanced        fix={'k': 40, 'k_float': 40.0, 'inliers': 49, 'dx': 70.56005859375, 'dy': 330.0, 'scale': 1.1129982128566496, 'second': 48, 'second_k': 42, 'second_dx': 68.4144287109375, 'detail': 'k=40 (40.00) inliers=49 second=48 dx=+71 scale=1.113 window=[38,42] fitted=[38, 39, 40, 41, 42]'}  strafe right 0.10s
      |         chain push: 1 chunk(s) of 0.40s, change 22.2, best 22.2, hazards none — one push, so `best` IS the whole leg's travel
      |         chain strafe: 1 chunk(s) of 0.11s, change 11.1, best 11.1, hazards none — one push, so `best` IS the whole leg's travel
      |     it  10  k= 40 ->  43  stalled         fix={'k': 40, 'k_float': 40.0, 'inliers': 49, 'dx': 79.1424560546875, 'dy': 348.4800109863281, 'scale': 1.2419244876195379, 'second': 46, 'second_k': 41, 'second_dx': 79.27120971679688, 'detail': 'k=40 (40.00) inliers=49 second=46 dx=+79 scale=1.242 window=[39,43] fitted=[39, 40, 41, 42, 43]'}  strafe right 0.11s
      |         chain push: 1 chunk(s) of 0.40s, change 41.4, best 41.4, hazards none — one push, so `best` IS the whole leg's travel
      |         chain strafe: 1 chunk(s) of 0.13s, change 16.7, best 16.7, hazards none — one push, so `best` IS the whole leg's travel
      |     it  11  k= 40 ->  43  stalled         fix={'k': 39, 'k_float': 39.0, 'inliers': 43, 'dx': 92.60003662109375, 'dy': 337.800048828125, 'scale': 1.4080742101337442, 'second': 42, 'second_k': 41, 'second_dx': 92.92001342773438, 'detail': 'k=39 (39.00) inliers=43 second=42 dx=+93 scale=1.408 window=[39,43] fitted=[39, 40, 41, 42, 43]'}  strafe right 0.13s
      |         chain push: 1 chunk(s) of 0.40s, change 34.4, best 34.4, hazards none — one push, so `best` IS the whole leg's travel
      |         chain strafe: 1 chunk(s) of 0.15s, change 9.3, best 9.3, hazards none — one push, so `best` IS the whole leg's travel
      |     it  12  k= 43 ->  43  advanced-past   fix={'k': 40, 'k_float': 40.0, 'inliers': 42, 'dx': 107.435791015625, 'dy': 303.796875, 'scale': 1.6405088888380432, 'second': 41, 'second_k': 41, 'second_dx': 107.4000244140625, 'detail': 'k=40 (40.00) inliers=42 second=41 dx=+107 scale=1.641 window=[39,43] fitted=[39, 40, 41, 42, 43]'}  strafe right 0.15s
      |         chain push: 1 chunk(s) of 0.40s, change 12.2, best 12.2, hazards none — one push, so `best` IS the whole leg's travel
      |         chain strafe: 1 chunk(s) of 0.10s, change 7.1, best 7.1, hazards none — one push, so `best` IS the whole leg's travel
      |     it  13  k= 46 ->  46  advanced        fix={'k': 46, 'k_float': 46.0, 'inliers': 47, 'dx': 58.0, 'dy': 245.85995483398438, 'scale': 1.4507558673889065, 'second': 36, 'second_k': 45, 'second_dx': 67.32485961914062, 'detail': 'k=46 (46.00) inliers=47 second=36 dx=+58 scale=1.451 window=[42,46] fitted=[42, 43, 44, 45, 46]'}  strafe right 0.10s
      |         chain push: 1 chunk(s) of 0.40s, change 18.8, best 18.8, hazards none — one push, so `best` IS the whole leg's travel
      |         chain strafe: 1 chunk(s) of 0.10s, change 5.9, best 5.9, hazards none — one push, so `best` IS the whole leg's travel
      |     it  14  k= 49 ->  49  advanced        fix={'k': 49, 'k_float': 49.0, 'inliers': 113, 'dx': 63.286376953125, 'dy': 196.07974243164062, 'scale': 1.471949048294776, 'second': 96, 'second_k': 48, 'second_dx': 76.25125122070312, 'detail': 'k=49 (49.00) inliers=113 second=96 dx=+63 scale=1.472 window=[45,49] fitted=[45, 46, 47, 48, 49]'}  strafe right 0.10s
      |         chain push: 1 chunk(s) of 0.40s, change 19.4, best 19.4, hazards none — one push, so `best` IS the whole leg's travel
      |         chain strafe: 1 chunk(s) of 0.10s, change 2.3, best 2.3, hazards SHORT — one push, so `best` IS the whole leg's travel
      |     it  15  k= 52 ->  52  advanced        fix={'k': 52, 'k_float': 52.0, 'inliers': 83, 'dx': 45.34405517578125, 'dy': 154.56002807617188, 'scale': 1.5238778225850842, 'second': 66, 'second_k': 51, 'second_dx': 74.29849243164062, 'detail': 'k=52 (52.00) inliers=83 second=66 dx=+45 scale=1.524 window=[48,52] fitted=[48, 49, 50, 51, 52]'}  strafe right 0.10s
      |         chain push: 1 chunk(s) of 0.40s, change 14.5, best 14.5, hazards none — one push, so `best` IS the whole leg's travel
      |     it  16  k= 52 ->  55  stalled         fix={'k': 54, 'k_float': 54.0, 'inliers': 100, 'dx': 26.163726806640625, 'dy': 163.55813598632812, 'scale': 1.439378863774437, 'second': 96, 'second_k': 55, 'second_dx': -11.803955078125, 'detail': 'k=54 (54.00) inliers=100 second=96 dx=+26 scale=1.439 window=[51,55] fitted=[51, 52, 53, 54, 55]'}
      |         chain push: 1 chunk(s) of 0.40s, change 16.9, best 16.9, hazards none — one push, so `best` IS the whole leg's travel
      |         chain strafe: 1 chunk(s) of 0.10s, change 2.8, best 2.8, hazards SHORT — one push, so `best` IS the whole leg's travel
      |     it  17  k= 55 ->  55  advanced        fix={'k': 55, 'k_float': 55.0, 'inliers': 84, 'dx': 42.986968994140625, 'dy': 126.53860473632812, 'scale': 1.4320508600296913, 'second': 70, 'second_k': 54, 'second_dx': 80.11029052734375, 'detail': 'k=55 (55.00) inliers=84 second=70 dx=+43 scale=1.432 window=[51,55] fitted=[51, 52, 53, 54, 55]'}  strafe right 0.10s
      |         chain push: 1 chunk(s) of 0.40s, change 31.4, best 31.4, hazards none — one push, so `best` IS the whole leg's travel
      |     it  18  k= 58 ->  58  advanced        fix={'k': 58, 'k_float': 58.0, 'inliers': 96, 'dx': -26.0, 'dy': 271.0, 'scale': 1.101029915322053, 'second': 80, 'second_k': 56, 'second_dx': -28.439407348632812, 'detail': 'k=58 (58.00) inliers=96 second=80 dx=-26 scale=1.101 window=[54,58] fitted=[55, 56, 57, 58]'}
      |         chain push: 1 chunk(s) of 0.40s, change 32.4, best 32.4, hazards none — one push, so `best` IS the whole leg's travel
      |     it  19  k= 61 ->  61  advanced        fix={'k': 61, 'k_float': 61.0, 'inliers': 115, 'dx': -24.5999755859375, 'dy': 298.0, 'scale': 1.0438081680956965, 'second': 107, 'second_k': 59, 'second_dx': -27.199981689453125, 'detail': 'k=61 (61.00) inliers=115 second=107 dx=-25 scale=1.044 window=[57,61] fitted=[57, 58, 59, 60, 61]'}
      |         chain push: 1 chunk(s) of 0.40s, change 26.6, best 26.6, hazards none — one push, so `best` IS the whole leg's travel
      |     it  20  k= 64 ->  64  advanced        fix={'k': 64, 'k_float': 64.0, 'inliers': 142, 'dx': -21.5999755859375, 'dy': 294.0, 'scale': 1.0252499983056933, 'second': 134, 'second_k': 63, 'second_dx': -4.8883056640625, 'detail': 'k=64 (64.00) inliers=142 second=134 dx=-22 scale=1.025 window=[60,64] fitted=[60, 61, 62, 63, 64]'}
      |     it  21  k= 88 ->  88  turned (skipped, same heading) to 1.3495539744498237  (107 inliers at the stop)
      |         chain push: 1 chunk(s) of 0.40s, change 23.7, best 23.7, hazards none — one push, so `best` IS the whole leg's travel
      |     it  22  k= 89 ->  89  advanced        fix={'k': 91, 'k_float': 91.0, 'inliers': 110, 'dx': -10.2239990234375, 'dy': 9.0, 'scale': 1.0647100870424382, 'second': 98, 'second_k': 90, 'second_dx': -4.147125244140625, 'detail': 'k=91 (91.00) inliers=110 second=98 dx=-10 scale=1.065 window=[87,91] fitted=[87, 88, 89, 90, 91]'}
      |         chain push: 1 chunk(s) of 0.40s, change 16.5, best 16.5, hazards none — one push, so `best` IS the whole leg's travel
      |     it  23  k= 92 ->  92  advanced        fix={'k': 92, 'k_float': 92.0, 'inliers': 99, 'dx': -9.95330810546875, 'dy': 9.5999755859375, 'scale': 1.022206304715637, 'second': 96, 'second_k': 91, 'second_dx': -5.112030029296875, 'detail': 'k=92 (92.00) inliers=99 second=96 dx=-10 scale=1.022 window=[88,92] fitted=[88, 89, 90, 91, 92]'}
      |         chain push: 1 chunk(s) of 0.40s, change 21.9, best 21.9, hazards none — one push, so `best` IS the whole leg's travel
      |         chain strafe: 1 chunk(s) of 0.10s, change 10.1, best 10.1, hazards none — one push, so `best` IS the whole leg's travel
      |     it  24  k= 94 ->  94  advanced        fix={'k': 95, 'k_float': 95.0, 'inliers': 112, 'dx': -41.47198486328125, 'dy': 1.44000244140625, 'scale': 1.0384619238198363, 'second': 70, 'second_k': 91, 'second_dx': -56.423980712890625, 'detail': 'k=95 (95.00) inliers=112 second=70 dx=-41 scale=1.038 window=[91,95] fitted=[91, 92, 93, 94, 95]'}  strafe left 0.10s
      |         chain push: 1 chunk(s) of 0.40s, change 18.4, best 18.4, hazards none — one push, so `best` IS the whole leg's travel
      |     it  25  k= 96 ->  96  advanced        fix={'k': 97, 'k_float': 97.0, 'inliers': 123, 'dx': -27.3599853515625, 'dy': 10.079986572265625, 'scale': 1.0549916762886726, 'second': 105, 'second_k': 96, 'second_dx': -29.0303955078125, 'detail': 'k=97 (97.00) inliers=123 second=105 dx=-27 scale=1.055 window=[93,97] fitted=[93, 94, 95, 96, 97]'}
      |         chain push: 1 chunk(s) of 0.40s, change 17.8, best 17.8, hazards none — one push, so `best` IS the whole leg's travel
      |     it  26  k= 96 ->  98  stalled         fix={'k': 96, 'k_float': 96.0, 'inliers': 137, 'dx': -31.679962158203125, 'dy': -4.777587890625, 'scale': 1.2150790641298461, 'second': 136, 'second_k': 97, 'second_dx': -34.12730407714844, 'detail': 'k=96 (96.00) inliers=137 second=136 dx=-32 scale=1.215 window=[95,99] fitted=[95, 96, 97, 98, 99]'}
      |         chain push: 1 chunk(s) of 0.40s, change 18.5, best 18.5, hazards none — one push, so `best` IS the whole leg's travel
      |         chain strafe: 1 chunk(s) of 0.10s, change 11.9, best 11.9, hazards none — one push, so `best` IS the whole leg's travel
      |     it  27  k= 98 ->  98  advanced        fix={'k': 98, 'k_float': 98.0, 'inliers': 159, 'dx': -40.031982421875, 'dy': 4.56195068359375, 'scale': 1.2232366953630855, 'second': 126, 'second_k': 95, 'second_dx': -33.1400146484375, 'detail': 'k=98 (98.00) inliers=159 second=126 dx=-40 scale=1.223 window=[95,99] fitted=[95, 96, 97, 98, 99]'}  strafe left 0.10s
      |         chain push: 1 chunk(s) of 0.40s, change 20.0, best 20.0, hazards none — one push, so `best` IS the whole leg's travel
      |     it  28  k=100 -> 100  advanced        fix={'k': 101, 'k_float': 101.0, 'inliers': 177, 'dx': -25.679443359375, 'dy': -0.5999755859375, 'scale': 1.1837422492563605, 'second': 177, 'second_k': 97, 'second_dx': -19.491790771484375, 'detail': 'k=101 (101.00) inliers=177 second=177 dx=-26 scale=1.184 window=[97,101] fitted=[97, 98, 99, 100, 101]'}
      |         chain push: 1 chunk(s) of 0.40s, change 23.2, best 23.2, hazards none — one push, so `best` IS the whole leg's travel
      |         chain strafe: 1 chunk(s) of 0.10s, change 11.0, best 11.0, hazards none — one push, so `best` IS the whole leg's travel
      |     it  29  k=102 -> 102  advanced        fix={'k': 103, 'k_float': 103.0, 'inliers': 174, 'dx': -47.3126220703125, 'dy': -2.7024078369140625, 'scale': 1.1903993492736071, 'second': 157, 'second_k': 102, 'second_dx': -28.5999755859375, 'detail': 'k=103 (103.00) inliers=174 second=157 dx=-47 scale=1.190 window=[99,103] fitted=[99, 100, 101, 102, 103]'}  strafe left 0.10s
      |         chain push: 1 chunk(s) of 0.40s, change 28.6, best 28.6, hazards none — one push, so `best` IS the whole leg's travel
      |     it  30  k=104 -> 104  advanced        fix={'k': 105, 'k_float': 105.0, 'inliers': 181, 'dx': -29.445098876953125, 'dy': -4.319976806640625, 'scale': 1.248604347107383, 'second': 164, 'second_k': 102, 'second_dx': -6.427978515625, 'detail': 'k=105 (105.00) inliers=181 second=164 dx=-29 scale=1.249 window=[101,105] fitted=[101, 102, 103, 104, 105]'}
      |         chain push: 1 chunk(s) of 0.40s, change 23.8, best 23.8, hazards none — one push, so `best` IS the whole leg's travel
      |     it  31  k=104 -> 107  stalled         fix={'k': 105, 'k_float': 105.0, 'inliers': 187, 'dx': -14.30780029296875, 'dy': -15.494384765625, 'scale': 1.4536360859234732, 'second': 160, 'second_k': 106, 'second_dx': -23.633636474609375, 'detail': 'k=105 (105.00) inliers=187 second=160 dx=-14 scale=1.454 window=[103,107] fitted=[103, 104, 105, 106, 107]'}
      |         chain push: 1 chunk(s) of 0.40s, change 18.2, best 18.2, hazards none — one push, so `best` IS the whole leg's travel
      |     it  32  k=107 -> 107  advanced        fix={'k': 107, 'k_float': 107.0, 'inliers': 170, 'dx': -22.051986694335938, 'dy': -19.207977294921875, 'scale': 1.5061214857660488, 'second': 161, 'second_k': 105, 'second_dx': -10.98394775390625, 'detail': 'k=107 (107.00) inliers=170 second=161 dx=-22 scale=1.506 window=[103,107] fitted=[103, 104, 105, 106, 107]'}
      |         chain push: 1 chunk(s) of 0.40s, change 19.6, best 19.6, hazards none — one push, so `best` IS the whole leg's travel
      |         chain strafe: 1 chunk(s) of 0.15s, change 7.0, best 7.0, hazards none — one push, so `best` IS the whole leg's travel
      |     it  33  k=109 -> 109  advanced        fix={'k': 109, 'k_float': 109.0, 'inliers': 132, 'dx': -106.96638488769531, 'dy': -36.1773681640625, 'scale': 1.6208815584773717, 'second': 131, 'second_k': 110, 'second_dx': -106.7039794921875, 'detail': 'k=109 (109.00) inliers=132 second=131 dx=-107 scale=1.621 window=[106,110] fitted=[106, 107, 108, 109, 110]'}  strafe left 0.15s
      |         chain push: 1 chunk(s) of 0.40s, change 18.1, best 18.1, hazards none — one push, so `best` IS the whole leg's travel
      |         chain strafe: 1 chunk(s) of 0.15s, change 13.2, best 13.2, hazards none — one push, so `best` IS the whole leg's travel
      |     it  34  k=112 -> 112  advanced        fix={'k': 112, 'k_float': 112.0, 'inliers': 150, 'dx': -109.47370910644531, 'dy': 3.743743896484375, 'scale': 1.7457652627730458, 'second': 98, 'second_k': 111, 'second_dx': -140.85662841796875, 'detail': 'k=112 (112.00) inliers=150 second=98 dx=-109 scale=1.746 window=[108,112] fitted=[108, 109, 110, 111, 112]'}  strafe left 0.15s
      |         chain push: 1 chunk(s) of 0.40s, change 23.8, best 23.8, hazards none — one push, so `best` IS the whole leg's travel
      |         chain strafe: 1 chunk(s) of 0.13s, change 18.4, best 18.4, hazards none — one push, so `best` IS the whole leg's travel
      |     it  35  k=114 -> 114  advanced        fix={'k': 114, 'k_float': 114.0, 'inliers': 80, 'dx': -93.20596313476562, 'dy': -25.450820922851562, 'scale': 2.150597716171552, 'second': 78, 'second_k': 113, 'second_dx': -73.58950805664062, 'detail': 'k=114 (114.00) inliers=80 second=78 dx=-93 scale=2.151 window=[111,115] fitted=[111, 112, 113, 114, 115]'}  strafe left 0.13s
      |         turn to 303.3: TURNED to 305.2 (err -1.9) in 2 push(es), asked -58.4 deg, stick 0.93s
      |     it  36  k=136 -> 129  relocalised past the stop: 190 inliers at 136
      |         turn to 298.3: TURNED to 299.0 (err -0.7) in 1 push(es), asked -7.0 deg, stick 0.15s
      |         chain push: 1 chunk(s) of 0.40s, change 15.0, best 15.0, hazards none — one push, so `best` IS the whole leg's travel
      |         chain strafe: 1 chunk(s) of 0.21s, change 12.7, best 12.7, hazards none — one push, so `best` IS the whole leg's travel
      |     it  37  k=136 -> 139  stalled         fix={'k': 138, 'k_float': 138.0, 'inliers': 196, 'dx': -149.61700439453125, 'dy': -19.008010864257812, 'scale': 0.8180739625576819, 'second': 148, 'second_k': 135, 'second_dx': -165.88800048828125, 'detail': 'k=138 (138.00) inliers=196 second=148 dx=-150 scale=0.818 window=[135,139] fitted=[135, 136, 137, 138, 139]'}  strafe left 0.21s
      |         chain push: 1 chunk(s) of 0.40s, change 17.3, best 17.3, hazards none — one push, so `best` IS the whole leg's travel
      |         chain strafe: 1 chunk(s) of 0.18s, change 17.6, best 17.6, hazards none — one push, so `best` IS the whole leg's travel
      |     it  38  k=136 -> 139  stalled         fix={'k': 137, 'k_float': 137.99197550746354, 'inliers': 173, 'dx': -129.60000610351562, 'dy': -27.37152099609375, 'scale': 1.063047309132184, 'second': 129, 'second_k': 139, 'second_dx': -116.81280517578125, 'detail': 'k=137 (137.99) inliers=173 second=129 dx=-130 scale=1.063 window=[135,139] fitted=[135, 136, 137, 138, 139]'}  strafe left 0.18s
      |         chain push: 1 chunk(s) of 0.40s, change 25.3, best 25.3, hazards none — one push, so `best` IS the whole leg's travel
      |         chain strafe: 1 chunk(s) of 0.14s, change 23.1, best 23.1, hazards none — one push, so `best` IS the whole leg's travel
      |     it  39  k=136 -> 139  stalled         fix={'k': 137, 'k_float': 137.0, 'inliers': 119, 'dx': -104.08319091796875, 'dy': -45.64801025390625, 'scale': 1.3084135188818218, 'second': 116, 'second_k': 136, 'second_dx': -108.14837646484375, 'detail': 'k=137 (137.00) inliers=119 second=116 dx=-104 scale=1.308 window=[135,139] fitted=[135, 136, 137, 138, 139]'}  strafe left 0.14s
      |         chain push: 1 chunk(s) of 0.40s, change 26.4, best 26.4, hazards none — one push, so `best` IS the whole leg's travel
      |     it  40  k=136 -> 139  escape:jump     fix={'k': 138, 'k_float': 138.0, 'inliers': 149, 'dx': -52.48504638671875, 'dy': -80.95330810546875, 'scale': 1.5978051435530445, 'second': 118, 'second_k': 139, 'second_dx': -43.59196472167969, 'detail': 'k=138 (138.00) inliers=149 second=118 dx=-52 scale=1.598 window=[135,139] fitted=[135, 136, 137, 138, 139]'}
      |         chain push: 1 chunk(s) of 0.40s, change 34.3, best 34.3, hazards none — one push, so `best` IS the whole leg's travel
      |     it  41  k=136 -> 139  stalled         fix={'k': 138, 'k_float': 138.0, 'inliers': 85, 'dx': -130.77728271484375, 'dy': -150.35260009765625, 'scale': 2.68902586989129, 'second': 28, 'second_k': 139, 'second_dx': -113.00552368164062, 'detail': 'k=138 (138.00) inliers=85 second=28 dx=-131 scale=2.689 window=[135,139] fitted=[135, 136, 137, 138, 139]'}
      |         chain push: 1 chunk(s) of 0.40s, change 37.4, best 37.4, hazards none — one push, so `best` IS the whole leg's travel
      |     it  42  k=139 -> 139  blind-advance   fix={'k': 135, 'k_float': 135.0, 'inliers': 16, 'dx': 161.8099365234375, 'dy': -11.795135498046875, 'scale': 1.8465310083663526, 'second': 15, 'second_k': 137, 'second_dx': 217.20001220703125, 'detail': 'k=135 (135.00) inliers=16 second=15 dx=+162 scale=1.847 window=[135,139] fitted=[135, 136, 137, 138, 139]'}
      |         chain push: 1 chunk(s) of 0.40s, change 49.1, best 49.1, hazards none — one push, so `best` IS the whole leg's travel
      |         chain strafe: 1 chunk(s) of 0.10s, change 39.3, best 39.3, hazards none — one push, so `best` IS the whole leg's travel
      |     it  43  k=142 -> 142  advanced        fix={'k': 142, 'k_float': 142.0, 'inliers': 36, 'dx': 67.77224731445312, 'dy': -30.821731567382812, 'scale': 1.4288593554871403, 'second': 26, 'second_k': 141, 'second_dx': 107.86001586914062, 'detail': 'k=142 (142.00) inliers=36 second=26 dx=+68 scale=1.429 window=[138,142] fitted=[138, 139, 140, 141, 142]'}  strafe right 0.10s
      |         turn to 2.2: TURNED to 358.4 (err +3.8) in 1 push(es), asked +63.3 deg, stick 0.85s
      |         chain strafe: 1 chunk(s) of 0.40s, change 28.0, best 28.0, hazards none — one push, so `best` IS the whole leg's travel
      |     it  44  k=166 -> 166  turned-aligned to 2.2489998976495684  (133 inliers at the stop)
      |         chain push: 1 chunk(s) of 0.40s, change 34.9, best 34.9, hazards none — one push, so `best` IS the whole leg's travel
      |         chain strafe: 1 chunk(s) of 0.30s, change 26.6, best 26.6, hazards none — one push, so `best` IS the whole leg's travel
      |     it  45  k=167 -> 167  advanced        fix={'k': 168, 'k_float': 168.0, 'inliers': 107, 'dx': 282.92218017578125, 'dy': -76.27197265625, 'scale': 1.4888964939772373, 'second': 106, 'second_k': 166, 'second_dx': 285.302490234375, 'detail': 'k=168 (168.00) inliers=107 second=106 dx=+283 scale=1.489 window=[165,169] fitted=[165, 166, 167, 168, 169]'}  strafe right 0.30s
      |         turn to 4.3: TURNED to 4.6 (err -0.4) in 1 push(es), asked +5.8 deg, stick 0.15s
      |         chain push: 1 chunk(s) of 0.40s, change 33.7, best 33.7, hazards none — one push, so `best` IS the whole leg's travel
      |         chain strafe: 1 chunk(s) of 0.20s, change 28.3, best 28.3, hazards none — one push, so `best` IS the whole leg's travel
      |     it  46  k=169 -> 169  advanced-past   fix={'k': 167, 'k_float': 167.0, 'inliers': 78, 'dx': 145.82028198242188, 'dy': -76.35116577148438, 'scale': 1.7220885946269395, 'second': 76, 'second_k': 169, 'second_dx': 140.65643310546875, 'detail': 'k=167 (167.00) inliers=78 second=76 dx=+146 scale=1.722 window=[166,170] fitted=[166, 167, 168, 169, 170]'}  strafe right 0.20s
      |         turn to 2.2: NO-OP, already inside 4.0 deg (at 4.7, err -2.5) — nothing was sent, the recorded curve was discarded, and the caller's step line will look like a turn that happened
      |         chain push: 1 chunk(s) of 0.40s, change 33.4, best 33.4, hazards none — one push, so `best` IS the whole leg's travel
      |         chain strafe: 1 chunk(s) of 0.10s, change 15.3, best 15.3, hazards none — one push, so `best` IS the whole leg's travel
      |     it  47  k=171 -> 171  advanced        fix={'k': 171, 'k_float': 171.0, 'inliers': 51, 'dx': -56.655975341796875, 'dy': -111.85824584960938, 'scale': 1.7999398546337835, 'second': 49, 'second_k': 172, 'second_dx': -47.858642578125, 'detail': 'k=171 (171.00) inliers=51 second=49 dx=-57 scale=1.800 window=[168,172] fitted=[168, 169, 170, 171, 172]'}  strafe left 0.10s
      |         chain push: 1 chunk(s) of 0.40s, change 30.5, best 30.5, hazards none — one push, so `best` IS the whole leg's travel
      |     it  48  k=173 -> 173  advanced        fix={'k': 174, 'k_float': 174.0, 'inliers': 58, 'dx': -30.234024047851562, 'dy': -130.1557159423828, 'scale': 1.7725054620610494, 'second': 46, 'second_k': 172, 'second_dx': -42.7215576171875, 'detail': 'k=174 (174.00) inliers=58 second=46 dx=-30 scale=1.773 window=[170,174] fitted=[170, 171, 172, 173, 174]'}
      |         chain push: 1 chunk(s) of 0.40s, change 33.3, best 33.3, hazards none — one push, so `best` IS the whole leg's travel
      |     it  49  k=176 -> 176  advanced        fix={'k': 176, 'k_float': 176.0, 'inliers': 47, 'dx': -18.559967041015625, 'dy': -146.00442504882812, 'scale': 1.9203968708243606, 'second': 41, 'second_k': 175, 'second_dx': -51.34503173828125, 'detail': 'k=176 (176.00) inliers=47 second=41 dx=-19 scale=1.920 window=[172,176] fitted=[172, 173, 174, 175, 176]'}
      |         turn to 89.5: TURNED to 87.2 (err +2.3) in 1 push(es), asked +84.8 deg, stick 1.13s
      |         chain strafe: 1 chunk(s) of 0.36s, change 30.6, best 30.6, hazards none — one push, so `best` IS the whole leg's travel
      |     it  50  k=196 -> 196  turned-aligned to 89.491477293153  (112 inliers at the stop)
      |         chain push: 1 chunk(s) of 0.40s, change 30.2, best 30.2, hazards none — one push, so `best` IS the whole leg's travel
      |         chain strafe: 1 chunk(s) of 0.25s, change 23.5, best 23.5, hazards none — one push, so `best` IS the whole leg's travel
      |     it  51  k=196 -> 197  stalled         fix={'k': 196, 'k_float': 196.0, 'inliers': 101, 'dx': 176.800048828125, 'dy': -19.999969482421875, 'scale': 1.2724195717658044, 'second': 99, 'second_k': 199, 'second_dx': 184.89605712890625, 'detail': 'k=196 (196.00) inliers=101 second=99 dx=+177 scale=1.272 window=[195,199] fitted=[195, 196, 197, 198, 199]'}  strafe right 0.25s
      |         chain push: 1 chunk(s) of 0.40s, change 43.2, best 43.2, hazards none — one push, so `best` IS the whole leg's travel
      |         chain strafe: 1 chunk(s) of 0.20s, change 28.0, best 28.0, hazards none — one push, so `best` IS the whole leg's travel
      |     it  52  k=197 -> 197  advanced        fix={'k': 199, 'k_float': 199.0, 'inliers': 112, 'dx': 143.4874267578125, 'dy': -14.915481567382812, 'scale': 1.493076032822213, 'second': 90, 'second_k': 195, 'second_dx': 135.94142150878906, 'detail': 'k=199 (199.00) inliers=112 second=90 dx=+143 scale=1.493 window=[195,199] fitted=[195, 196, 197, 198, 199]'}  strafe right 0.20s
      |         chain push: 1 chunk(s) of 0.40s, change 48.8, best 48.8, hazards none — one push, so `best` IS the whole leg's travel
      |   chain_walk: ARRIVED at iteration 53, k=197 (target 200 of 204), 48 push(es)
[ 8] ARRIVED   ESCAPE_GATE-on k=197/205  it=53  pushes=48  seconds=81.6 (walk 66.41, setup 13.7)  failure=None
      |   arm: ESCAPE_GATE = False
      |   pause menu open (selected 'Resume')
      |   selected: Load Last Save
      |   confirmation dialog up (delta 83.7) -> YES
      |   world back after 3.2s, spawn bearing 87 (E)
      |   setup 12.5s (reset 9.9s, Chain.load 2.6s for 205 waypoints) of a 180s budget
      |   chain_walk: 205 waypoints -> plan of 47 targets (41 push, 6 turn-only); the prompt is checked on every iteration; k rises by at most 1 per iteration, so >= 47 iteration(s). The 180s cap allows 3.83s each. At the last waypoint the walk may spend 3 more iteration(s) — 0.540 walk-units of forward push against OPEN-22's measured 0.05 — and then gives up rather than walking on past the table.
      |         turn to 271.3: TURNED to 270.4 (err +0.9) in 2 push(es), asked -175.7 deg, stick 2.50s
      |     it   1  k=  3 ->   3  turned to 271.3168428039934  (194 inliers at the stop)
      |         chain push: 1 chunk(s) of 0.40s, change 20.5, best 20.5, hazards none — one push, so `best` IS the whole leg's travel
      |     it   2  k=  4 ->   4  advanced        fix={'k': 6, 'k_float': 6.0, 'inliers': 37, 'dx': -29.76000213623047, 'dy': -5.399993896484375, 'scale': 1.163537459522679, 'second': 23, 'second_k': 4, 'second_dx': -48.03839874267578, 'detail': 'k=6 (6.00) inliers=37 second=23 dx=-30 scale=1.164 window=[2,6] fitted=[2, 3, 4, 5, 6]'}
      |         chain push: 1 chunk(s) of 0.40s, change 18.5, best 18.5, hazards none — one push, so `best` IS the whole leg's travel
      |     it   3  k=  7 ->   7  advanced-weak   fix={'k': 7, 'k_float': 7.0, 'inliers': 16, 'dx': -10.6199951171875, 'dy': 28.36688232421875, 'scale': 1.3011217013910286, 'second': 9, 'second_k': 5, 'second_dx': -19.871978759765625, 'detail': 'k=7 (7.00) inliers=16 second=9 dx=-11 scale=1.301 window=[3,7] fitted=[4, 5, 6, 7]'}
      |         chain push: 1 chunk(s) of 0.40s, change 17.3, best 17.3, hazards none — one push, so `best` IS the whole leg's travel
      |     it   4  k= 10 ->  10  blind-advance   fix={'k': 8, 'k_float': 8.0, 'inliers': 10, 'dx': -63.82954406738281, 'dy': 51.833160400390625, 'scale': 1.4957202551494169, 'second': 9, 'second_k': 10, 'second_dx': -61.793243408203125, 'detail': 'k=8 (8.00) inliers=10 second=9 dx=-64 scale=1.496 window=[6,10] fitted=[6, 7, 8, 9, 10]'}
      |         chain push: 1 chunk(s) of 0.40s, change 9.7, best 9.7, hazards none — one push, so `best` IS the whole leg's travel
      |     it   5  k= 13 ->  13  blind-advance   fix=None
      |         chain push: 1 chunk(s) of 0.40s, change 8.1, best 8.1, hazards none — one push, so `best` IS the whole leg's travel
      |     it   6  k= 16 ->  16  blind-advance   fix=None
      |         chain push: 1 chunk(s) of 0.40s, change 8.0, best 8.0, hazards none — one push, so `best` IS the whole leg's travel
      |     it   7  k= 19 ->  19  blind-advance   fix=None
      |         chain push: 1 chunk(s) of 0.40s, change 8.4, best 8.4, hazards none — one push, so `best` IS the whole leg's travel
      |     it   8  k= 19 ->  39  door-step 1/1: one more push along 271.3 before the stop turns (the frame after it fits 0 inliers, scale None)
      |         turn to 1.6: TURNED to 1.2 (err +0.4) in 3 push(es), asked +91.2 deg, stick 1.62s
      |         chain strafe: 1 chunk(s) of 0.14s, change 10.6, best 10.6, hazards none — one push, so `best` IS the whole leg's travel
      |     it   8  k= 39 ->  39  turned-aligned to 1.6055901753868653  (61 inliers at the stop)
      |         chain push: 1 chunk(s) of 0.40s, change 11.6, best 11.6, hazards none — one push, so `best` IS the whole leg's travel
      |         chain strafe: 1 chunk(s) of 0.15s, change 6.7, best 6.7, hazards none — one push, so `best` IS the whole leg's travel
      |     it   9  k= 40 ->  40  advanced        fix={'k': 40, 'k_float': 40.0, 'inliers': 47, 'dx': 106.44482421875, 'dy': 328.4583435058594, 'scale': 1.1067355810530526, 'second': 45, 'second_k': 41, 'second_dx': 105.703857421875, 'detail': 'k=40 (40.00) inliers=47 second=45 dx=+106 scale=1.107 window=[38,42] fitted=[38, 39, 40, 41, 42]'}  strafe right 0.15s
      |         chain push: 1 chunk(s) of 0.40s, change 19.1, best 19.1, hazards none — one push, so `best` IS the whole leg's travel
      |         chain strafe: 1 chunk(s) of 0.17s, change 13.7, best 13.7, hazards none — one push, so `best` IS the whole leg's travel
      |     it  10  k= 40 ->  43  stalled         fix={'k': 39, 'k_float': 39.0, 'inliers': 42, 'dx': 121.248046875, 'dy': 357.30242919921875, 'scale': 1.2323469992288487, 'second': 41, 'second_k': 40, 'second_dx': 121.0, 'detail': 'k=39 (39.00) inliers=42 second=41 dx=+121 scale=1.232 window=[39,43] fitted=[39, 40, 41, 42, 43]'}  strafe right 0.17s
      |         chain push: 1 chunk(s) of 0.40s, change 41.7, best 41.7, hazards none — one push, so `best` IS the whole leg's travel
      |         chain strafe: 1 chunk(s) of 0.18s, change 25.0, best 25.0, hazards none — one push, so `best` IS the whole leg's travel
      |     it  11  k= 40 ->  43  stalled         fix={'k': 41, 'k_float': 41.0, 'inliers': 43, 'dx': 129.0, 'dy': 336.12237548828125, 'scale': 1.3981013617975475, 'second': 41, 'second_k': 43, 'second_dx': 121.99688720703125, 'detail': 'k=41 (41.00) inliers=43 second=41 dx=+129 scale=1.398 window=[39,43] fitted=[39, 40, 41, 42, 43]'}  strafe right 0.18s
      |         chain push: 1 chunk(s) of 0.40s, change 30.7, best 30.7, hazards none — one push, so `best` IS the whole leg's travel
      |         chain strafe: 1 chunk(s) of 0.16s, change 12.7, best 12.7, hazards none — one push, so `best` IS the whole leg's travel
      |     it  12  k= 40 ->  43  stalled         fix={'k': 40, 'k_float': 40.0, 'inliers': 42, 'dx': 117.0040283203125, 'dy': 312.1392517089844, 'scale': 1.5624206410260753, 'second': 40, 'second_k': 39, 'second_dx': 117.02401733398438, 'detail': 'k=40 (40.00) inliers=42 second=40 dx=+117 scale=1.562 window=[39,43] fitted=[39, 40, 41, 42, 43]'}  strafe right 0.16s
      |         chain push: 1 chunk(s) of 0.40s, change 31.3, best 31.3, hazards none — one push, so `best` IS the whole leg's travel
      |         chain strafe: 1 chunk(s) of 0.20s, change 7.4, best 7.4, hazards none — one push, so `best` IS the whole leg's travel
      |     it  13  k= 43 ->  43  advanced-past   fix={'k': 40, 'k_float': 40.0, 'inliers': 37, 'dx': 141.800048828125, 'dy': 291.69805908203125, 'scale': 1.8451523904409703, 'second': 36, 'second_k': 43, 'second_dx': 134.459228515625, 'detail': 'k=40 (40.00) inliers=37 second=36 dx=+142 scale=1.845 window=[39,43] fitted=[39, 40, 41, 42, 43]'}  strafe right 0.20s
      |         chain push: 1 chunk(s) of 0.40s, change 15.1, best 15.1, hazards none — one push, so `best` IS the whole leg's travel
      |         chain strafe: 1 chunk(s) of 0.18s, change 7.2, best 7.2, hazards none — one push, so `best` IS the whole leg's travel
      |     it  14  k= 45 ->  46  advanced-weak   fix={'k': 45, 'k_float': 45.0, 'inliers': 28, 'dx': 130.7464599609375, 'dy': 211.4522705078125, 'scale': 1.9727424107305878, 'second': 28, 'second_k': 44, 'second_dx': 138.8848876953125, 'detail': 'k=45 (45.00) inliers=28 second=28 dx=+131 scale=1.973 window=[42,46] fitted=[42, 43, 44, 45, 46]'}  strafe right 0.18s
      |         chain push: 1 chunk(s) of 0.40s, change 19.6, best 19.6, hazards none — one push, so `best` IS the whole leg's travel
      |         chain strafe: 1 chunk(s) of 0.23s, change 3.8, best 3.8, hazards none — one push, so `best` IS the whole leg's travel
      |     it  15  k= 46 ->  46  advanced        fix={'k': 48, 'k_float': 48.0, 'inliers': 39, 'dx': 166.7406005859375, 'dy': 87.811279296875, 'scale': 2.0781722897375063, 'second': 15, 'second_k': 47, 'second_dx': 137.07281494140625, 'detail': 'k=48 (48.00) inliers=39 second=15 dx=+167 scale=2.078 window=[44,48] fitted=[44, 45, 46, 47, 48]'}  strafe right 0.23s
      |         chain push: 1 chunk(s) of 0.40s, change 21.6, best 21.6, hazards none — one push, so `best` IS the whole leg's travel
      |     it  16  k= 49 ->  49  advanced-weak   fix={'k': 49, 'k_float': 49.0, 'inliers': 23, 'dx': 250.073486328125, 'dy': -0.0360107421875, 'scale': 2.4735618582846213, 'second': 21, 'second_k': 48, 'second_dx': 269.073486328125, 'detail': 'k=49 (49.00) inliers=23 second=21 dx=+250 scale=2.474 window=[45,49] fitted=[45, 47, 48, 49]'}
      |         chain push: 1 chunk(s) of 0.40s, change 25.1, best 25.1, hazards none — one push, so `best` IS the whole leg's travel
      |     it  17  k= 52 ->  52  blind-advance   fix={'k': 51, 'k_float': 51.0, 'inliers': 9, 'dx': -2.073577880859375, 'dy': 201.60003662109375, 'scale': 1.3592228353007616, 'second': 8, 'second_k': 52, 'second_dx': -5.080322265625, 'detail': 'k=51 (51.00) inliers=9 second=8 dx=-2 scale=1.359 window=[48,52] fitted=[49, 50, 51, 52]'}
      |         chain push: 1 chunk(s) of 0.40s, change 30.6, best 30.6, hazards none — one push, so `best` IS the whole leg's travel
      |     it  18  k= 55 ->  55  advanced        fix={'k': 55, 'k_float': 55.0, 'inliers': 30, 'dx': -18.631179809570312, 'dy': 245.06402587890625, 'scale': 1.1075812066202917, 'second': 11, 'second_k': 54, 'second_dx': -5.971954345703125, 'detail': 'k=55 (55.00) inliers=30 second=11 dx=-19 scale=1.108 window=[51,55] fitted=[52, 53, 54, 55]'}
      |         chain push: 1 chunk(s) of 0.40s, change 29.6, best 29.6, hazards none — one push, so `best` IS the whole leg's travel
      |     it  19  k= 58 ->  58  advanced        fix={'k': 58, 'k_float': 58.0, 'inliers': 90, 'dx': -18.571182250976562, 'dy': 281.760009765625, 'scale': 1.2347435275989638, 'second': 76, 'second_k': 57, 'second_dx': -19.689590454101562, 'detail': 'k=58 (58.00) inliers=90 second=76 dx=-19 scale=1.235 window=[54,58] fitted=[54, 55, 56, 57, 58]'}
      |         chain push: 1 chunk(s) of 0.40s, change 16.7, best 16.7, hazards none — one push, so `best` IS the whole leg's travel
      |     it  20  k= 61 ->  61  advanced        fix={'k': 61, 'k_float': 61.0, 'inliers': 130, 'dx': -16.087005615234375, 'dy': 306.03173828125, 'scale': 1.164388959282736, 'second': 107, 'second_k': 59, 'second_dx': -18.3167724609375, 'detail': 'k=61 (61.00) inliers=130 second=107 dx=-16 scale=1.164 window=[57,61] fitted=[57, 58, 59, 60, 61]'}
      |         chain push: 1 chunk(s) of 0.40s, change 18.7, best 18.7, hazards none — one push, so `best` IS the whole leg's travel
      |     it  21  k= 64 ->  64  advanced        fix={'k': 64, 'k_float': 64.0, 'inliers': 115, 'dx': -12.384002685546875, 'dy': 283.04644775390625, 'scale': 1.1213867654703664, 'second': 108, 'second_k': 63, 'second_dx': -13.199996948242188, 'detail': 'k=64 (64.00) inliers=115 second=108 dx=-12 scale=1.121 window=[60,64] fitted=[60, 61, 62, 63, 64]'}
      |     it  22  k= 88 ->  88  turned (skipped, same heading) to 1.3495539744498237  (106 inliers at the stop)
      |         chain push: 1 chunk(s) of 0.40s, change 18.1, best 18.1, hazards none — one push, so `best` IS the whole leg's travel
      |     it  23  k= 88 ->  89  stalled         fix={'k': 87, 'k_float': 87.0, 'inliers': 67, 'dx': -19.44000244140625, 'dy': -34.5999755859375, 'scale': 1.1605043294082484, 'second': 65, 'second_k': 91, 'second_dx': -20.15997314453125, 'detail': 'k=87 (87.00) inliers=67 second=65 dx=-19 scale=1.161 window=[87,91] fitted=[87, 88, 89, 90, 91]'}
      |         chain push: 1 chunk(s) of 0.40s, change 17.1, best 17.1, hazards none — one push, so `best` IS the whole leg's travel
      |     it  24  k= 89 ->  89  advanced        fix={'k': 89, 'k_float': 89.0, 'inliers': 75, 'dx': -24.186431884765625, 'dy': -33.079986572265625, 'scale': 1.3703542460237348, 'second': 61, 'second_k': 91, 'second_dx': -23.2906494140625, 'detail': 'k=89 (89.00) inliers=75 second=61 dx=-24 scale=1.370 window=[87,91] fitted=[87, 88, 89, 90, 91]'}
      |         chain push: 1 chunk(s) of 0.40s, change 20.6, best 20.6, hazards none — one push, so `best` IS the whole leg's travel
      |     it  25  k= 92 ->  92  advanced        fix={'k': 92, 'k_float': 92.0, 'inliers': 89, 'dx': -31.55999755859375, 'dy': -35.596771240234375, 'scale': 1.4303279723825033, 'second': 77, 'second_k': 89, 'second_dx': -30.14398193359375, 'detail': 'k=92 (92.00) inliers=89 second=77 dx=-32 scale=1.430 window=[88,92] fitted=[88, 89, 90, 91, 92]'}
      |         chain push: 1 chunk(s) of 0.40s, change 21.1, best 21.1, hazards none — one push, so `best` IS the whole leg's travel
      |         chain strafe: 1 chunk(s) of 0.10s, change 9.9, best 9.9, hazards none — one push, so `best` IS the whole leg's travel
      |     it  26  k= 94 ->  94  advanced        fix={'k': 95, 'k_float': 95.0, 'inliers': 94, 'dx': -38.162750244140625, 'dy': -5.501922607421875, 'scale': 1.408461430923782, 'second': 89, 'second_k': 93, 'second_dx': -38.668426513671875, 'detail': 'k=95 (95.00) inliers=94 second=89 dx=-38 scale=1.408 window=[91,95] fitted=[91, 92, 93, 94, 95]'}  strafe left 0.10s
      |         chain push: 1 chunk(s) of 0.40s, change 22.8, best 22.8, hazards none — one push, so `best` IS the whole leg's travel
      |     it  27  k= 96 ->  96  advanced        fix={'k': 97, 'k_float': 97.0, 'inliers': 126, 'dx': -32.999969482421875, 'dy': 0.523223876953125, 'scale': 1.4510510265308707, 'second': 113, 'second_k': 95, 'second_dx': -32.630126953125, 'detail': 'k=97 (97.00) inliers=126 second=113 dx=-33 scale=1.451 window=[93,97] fitted=[93, 94, 95, 96, 97]'}
      |         chain push: 1 chunk(s) of 0.40s, change 26.0, best 26.0, hazards none — one push, so `best` IS the whole leg's travel
      |     it  28  k= 96 ->  98  stalled         fix={'k': 97, 'k_float': 97.0, 'inliers': 98, 'dx': -31.13690185546875, 'dy': -10.3455810546875, 'scale': 1.650469691223702, 'second': 97, 'second_k': 99, 'second_dx': -34.511932373046875, 'detail': 'k=97 (97.00) inliers=98 second=97 dx=-31 scale=1.650 window=[95,99] fitted=[95, 96, 97, 98, 99]'}
      |         chain push: 1 chunk(s) of 0.40s, change 27.2, best 27.2, hazards none — one push, so `best` IS the whole leg's travel
      |         chain strafe: 1 chunk(s) of 0.10s, change 12.6, best 12.6, hazards none — one push, so `best` IS the whole leg's travel
      |     it  29  k= 98 ->  98  advanced        fix={'k': 99, 'k_float': 99.0, 'inliers': 112, 'dx': -62.82676696777344, 'dy': -19.50396728515625, 'scale': 1.7358967608431153, 'second': 84, 'second_k': 98, 'second_dx': -27.74395751953125, 'detail': 'k=99 (99.00) inliers=112 second=84 dx=-63 scale=1.736 window=[95,99] fitted=[95, 96, 97, 98, 99]'}  strafe left 0.10s
      |         chain push: 1 chunk(s) of 0.40s, change 26.1, best 26.1, hazards none — one push, so `best` IS the whole leg's travel
      |     it  30  k=100 -> 100  advanced        fix={'k': 100, 'k_float': 100.0, 'inliers': 107, 'dx': -11.3563232421875, 'dy': -27.53656005859375, 'scale': 1.9551292855934186, 'second': 103, 'second_k': 101, 'second_dx': -10.54071044921875, 'detail': 'k=100 (100.00) inliers=107 second=103 dx=-11 scale=1.955 window=[97,101] fitted=[97, 98, 99, 100, 101]'}
      |         chain push: 1 chunk(s) of 0.40s, change 20.5, best 20.5, hazards none — one push, so `best` IS the whole leg's travel
      |         chain strafe: 1 chunk(s) of 0.15s, change 15.7, best 15.7, hazards none — one push, so `best` IS the whole leg's travel
      |     it  31  k=102 -> 102  advanced        fix={'k': 103, 'k_float': 103.0, 'inliers': 111, 'dx': -105.59036254882812, 'dy': -43.93145751953125, 'scale': 2.0022562969846325, 'second': 101, 'second_k': 102, 'second_dx': -19.02874755859375, 'detail': 'k=103 (103.00) inliers=111 second=101 dx=-106 scale=2.002 window=[99,103] fitted=[99, 100, 101, 102, 103]'}  strafe left 0.15s
      |         chain push: 1 chunk(s) of 0.40s, change 19.5, best 19.5, hazards none — one push, so `best` IS the whole leg's travel
      |         chain strafe: 1 chunk(s) of 0.10s, change 10.9, best 10.9, hazards none — one push, so `best` IS the whole leg's travel
      |     it  32  k=102 -> 104  stalled         fix={'k': 103, 'k_float': 103.0, 'inliers': 76, 'dx': 61.84010314941406, 'dy': -67.8193359375, 'scale': 2.4848116456689073, 'second': 74, 'second_k': 104, 'second_dx': -66.17962646484375, 'detail': 'k=103 (103.00) inliers=76 second=74 dx=+62 scale=2.485 window=[101,105] fitted=[101, 102, 103, 104, 105]'}  strafe right 0.10s
      |         chain push: 1 chunk(s) of 0.40s, change 20.6, best 20.6, hazards none — one push, so `best` IS the whole leg's travel
      |     it  33  k=104 -> 104  advanced-weak   fix={'k': 105, 'k_float': 105.0, 'inliers': 25, 'dx': -144.1212158203125, 'dy': -121.37596130371094, 'scale': 2.953007823478776, 'second': 23, 'second_k': 104, 'second_dx': -147.50999450683594, 'detail': 'k=105 (105.00) inliers=25 second=23 dx=-144 scale=2.953 window=[101,105] fitted=[101, 102, 103, 104, 105]'}
      |         chain push: 1 chunk(s) of 0.40s, change 30.4, best 30.4, hazards none — one push, so `best` IS the whole leg's travel
      |     it  34  k=107 -> 107  blind-advance   fix=None
      |         chain push: 1 chunk(s) of 0.40s, change 50.1, best 50.1, hazards none — one push, so `best` IS the whole leg's travel
      |     it  35  k=109 -> 109  blind-advance   fix=None
      |         chain push: 1 chunk(s) of 0.40s, change 39.8, best 39.8, hazards none — one push, so `best` IS the whole leg's travel
      |     it  36  k=112 -> 112  blind-advance   fix={'k': 112, 'k_float': 112.0, 'inliers': 7, 'dx': 74.6400146484375, 'dy': -156.33999633789062, 'scale': 3.974843118056923, 'second': 0, 'second_k': None, 'second_dx': 0.0, 'detail': 'k=112 (112.00) inliers=7 second=0 dx=+75 scale=3.975 window=[108,112] fitted=[112]'}
      |         chain push: 1 chunk(s) of 0.40s, change 47.8, best 47.8, hazards none — one push, so `best` IS the whole leg's travel
      |     it  37  k=114 -> 114  advanced-weak   fix={'k': 115, 'k_float': 115.0, 'inliers': 15, 'dx': -64.64886474609375, 'dy': -111.4259033203125, 'scale': 2.8880672670755803, 'second': 9, 'second_k': 114, 'second_dx': -39.8404541015625, 'detail': 'k=115 (115.00) inliers=15 second=9 dx=-65 scale=2.888 window=[111,115] fitted=[112, 113, 114, 115]'}
      |         turn to 303.3: TURNED to 302.0 (err +1.4) in 1 push(es), asked -57.9 deg, stick 0.77s
      |         chain strafe: 1 chunk(s) of 0.39s, change 40.7, best 40.7, hazards none — one push, so `best` IS the whole leg's travel
      |     it  38  k=129 -> 129  turned-aligned to 303.34476843910807  (80 inliers at the stop)
      |         turn to 299.8: NO-OP, already inside 4.0 deg (at 301.9, err -2.2) — nothing was sent, the recorded curve was discarded, and the caller's step line will look like a turn that happened
      |         chain push: 1 chunk(s) of 0.40s, change 14.7, best 14.7, hazards none — one push, so `best` IS the whole leg's travel
      |     it  39  k=130 -> 130  blind-advance   fix={'k': 128, 'k_float': 128.0, 'inliers': 7, 'dx': -198.8000030517578, 'dy': -16.199981689453125, 'scale': 1.4709110808543773, 'second': 6, 'second_k': 132, 'second_dx': -383.70001220703125, 'detail': 'k=128 (128.00) inliers=7 second=6 dx=-199 scale=1.471 window=[128,132] fitted=[128, 132]'}
      |         turn to 298.3: NO-OP, already inside 4.0 deg (at 301.9, err -3.7) — nothing was sent, the recorded curve was discarded, and the caller's step line will look like a turn that happened
      |         chain push: 1 chunk(s) of 0.40s, change 8.1, best 8.1, hazards none — one push, so `best` IS the whole leg's travel
      |     it  40  k=133 -> 133  blind-advance   fix=None
      |         chain push: 1 chunk(s) of 0.40s, change 4.2, best 4.2, hazards none — one push, so `best` IS the whole leg's travel
      |     it  41  k=136 -> 136  blind-advance   fix=None
      |         chain push: 1 chunk(s) of 0.40s, change 8.7, best 8.7, hazards none — one push, so `best` IS the whole leg's travel
      |     it  42  k=136 -> 139  turn-early: blind with the budget spent and a turn stop at 166 within 3 targets — turning to 2.2489998976495684 now instead of pushing into whatever is in front
      |         turn to 2.2: TURNED to 2.7 (err -0.5) in 1 push(es), asked +60.3 deg, stick 0.81s
      |         turn to 337.2: TURNED to 335.3 (err +1.9) in 1 push(es), asked -25.5 deg, stick 0.40s
      |         turn to 27.2: TURNED to 28.7 (err -1.4) in 1 push(es), asked +51.9 deg, stick 0.69s
      |         turn to 2.2: TURNED to 5.9 (err -3.6) in 1 push(es), asked -26.4 deg, stick 0.40s
      |         chain back: 1 chunk(s) of 0.50s, change 19.5, best 19.5, hazards none — one push, so `best` IS the whole leg's travel
      |     it  43  k=136 -> 166  turn-back: nothing fits head-on or either side; one step back for clearance
      |         turn to 337.2: TURNED to 339.4 (err -2.1) in 1 push(es), asked -28.6 deg, stick 0.40s
      |         turn to 27.2: TURNED to 30.3 (err -3.1) in 1 push(es), asked +47.9 deg, stick 0.64s
      |         turn to 2.2: TURNED to 4.6 (err -2.4) in 1 push(es), asked -28.1 deg, stick 0.40s
      |     it  44  k=136 -> 166  turn-wait: nothing fits head-on or either side; waited 2s for whatever is there to move
      |         turn to 337.2: TURNED to 336.4 (err +0.8) in 2 push(es), asked -27.4 deg, stick 0.55s
      |         turn to 27.2: TURNED to 27.2 (err +0.0) in 2 push(es), asked +50.8 deg, stick 0.83s
      |         turn to 2.2: TURNED to 4.2 (err -1.9) in 1 push(es), asked -25.0 deg, stick 0.40s
      |     it  45  k=166 -> 166  turned-unverified (skipped, same heading) to 2.2489998976495684  (0 inliers at the stop)
      |         chain push: 1 chunk(s) of 0.40s, change 18.3, best 18.3, hazards none — one push, so `best` IS the whole leg's travel
      |     it  46  k=166 -> 167  miss            fix=None
      |         chain push: 1 chunk(s) of 0.40s, change 6.5, best 6.5, hazards none — one push, so `best` IS the whole leg's travel
      |     it  47  k=166 -> 167  miss            fix=None
      |         chain push: 1 chunk(s) of 0.40s, change 5.4, best 5.4, hazards none — one push, so `best` IS the whole leg's travel
      |     it  48  k=166 -> 167  escape:jump     fix=None
      |         chain push: 1 chunk(s) of 0.40s, change 25.9, best 25.9, hazards none — one push, so `best` IS the whole leg's travel
      |     it  49  k=166 -> 167  miss            fix=None
      |         chain push: 1 chunk(s) of 0.40s, change 11.9, best 11.9, hazards none — one push, so `best` IS the whole leg's travel
      |     it  50  k=166 -> 167  miss            fix=None
      |         chain push: 1 chunk(s) of 0.40s, change 14.8, best 14.8, hazards none — one push, so `best` IS the whole leg's travel
      |         chain back: 1 chunk(s) of 0.50s, change 29.3, best 29.3, hazards none — one push, so `best` IS the whole leg's travel
      |     it  51  k=166 -> 167  escape:back     fix=None
      |         chain push: 1 chunk(s) of 0.40s, change 32.8, best 32.8, hazards none — one push, so `best` IS the whole leg's travel
      |     it  52  k=166 -> 167  miss            fix=None
      |         chain push: 1 chunk(s) of 0.40s, change 14.7, best 14.7, hazards none — one push, so `best` IS the whole leg's travel
      |     it  53  k=166 -> 167  miss            fix=None
      |         chain push: 1 chunk(s) of 0.40s, change 14.6, best 14.6, hazards none — one push, so `best` IS the whole leg's travel
      |         chain strafe: 1 chunk(s) of 0.60s, change 34.7, best 34.7, hazards none — one push, so `best` IS the whole leg's travel
      |     it  54  k=166 -> 167  escape:left     fix=None
      |         chain push: 1 chunk(s) of 0.40s, change 5.7, best 5.7, hazards none — one push, so `best` IS the whole leg's travel
      |     it  55  k=166 -> 167  miss            fix=None
      |         chain push: 1 chunk(s) of 0.40s, change 4.7, best 4.7, hazards none — one push, so `best` IS the whole leg's travel
      |     it  56  k=166 -> 167  miss            fix=None
      |         chain push: 1 chunk(s) of 0.40s, change 8.8, best 8.8, hazards none — one push, so `best` IS the whole leg's travel
      |         chain strafe: 1 chunk(s) of 1.20s, change 32.3, best 32.3, hazards none — one push, so `best` IS the whole leg's travel
      |     it  57  k=166 -> 167  escape:right    fix=None
      |         chain push: 1 chunk(s) of 0.40s, change 1.7, best 1.7, hazards SHORT — one push, so `best` IS the whole leg's travel
      |         chain back: 1 chunk(s) of 1.00s, change 36.2, best 36.2, hazards none — one push, so `best` IS the whole leg's travel
      |         turn to 337.2: TURNED to 338.6 (err -1.4) in 1 push(es), asked -26.9 deg, stick 0.40s
      |         turn to 27.2: TURNED to 26.0 (err +1.3) in 1 push(es), asked +48.6 deg, stick 0.65s
      |         turn to 2.2: TURNED to 4.2 (err -1.9) in 1 push(es), asked -23.7 deg, stick 0.40s
      |     it  58  k=166 -> 167  rescue-failed: backed 1.0s and looked 3 time(s) from 0; best 153 inliers, under 165
      |   chain_walk: LOST — 13 iterations with nothing credible after the blind budget at k=166 of 204
[ 9] FAILED    ESCAPE_GATE-off k=166/205  it=58  pushes=52  seconds=96.2 (walk 82.18, setup 12.5)  failure=lost at k=166 of 204: 13 iterations with no credible fix after 6 blind advances
      |   arm: ESCAPE_GATE = True
      |   pause menu open (selected 'Resume')
      |   selected: Load Last Save
      |   confirmation dialog up (delta 81.2) -> YES
      |   world back after 3.2s, spawn bearing 87 (E)
      |   setup 12.6s (reset 9.9s, Chain.load 2.7s for 205 waypoints) of a 180s budget
      |   chain_walk: 205 waypoints -> plan of 47 targets (41 push, 6 turn-only); the prompt is checked on every iteration; k rises by at most 1 per iteration, so >= 47 iteration(s). The 180s cap allows 3.83s each. At the last waypoint the walk may spend 3 more iteration(s) — 0.540 walk-units of forward push against OPEN-22's measured 0.05 — and then gives up rather than walking on past the table.
      |         turn to 271.3: TURNED to 273.3 (err -2.0) in 3 push(es), asked -175.7 deg, stick 2.65s
      |         chain strafe: 1 chunk(s) of 0.10s, change 14.2, best 14.2, hazards none — one push, so `best` IS the whole leg's travel
      |     it   1  k=  3 ->   3  turned-aligned to 271.3168428039934  (186 inliers at the stop)
      |         chain push: 1 chunk(s) of 0.40s, change 20.8, best 20.8, hazards none — one push, so `best` IS the whole leg's travel
      |     it   2  k=  4 ->   4  advanced-weak   fix={'k': 5, 'k_float': 5.0, 'inliers': 22, 'dx': -43.013572692871094, 'dy': 7.2723541259765625, 'scale': 1.1508047672796367, 'second': 21, 'second_k': 6, 'second_dx': 24.53765869140625, 'detail': 'k=5 (5.00) inliers=22 second=21 dx=-43 scale=1.151 window=[2,6] fitted=[2, 3, 4, 5, 6]'}
      |         chain push: 1 chunk(s) of 0.40s, change 19.5, best 19.5, hazards none — one push, so `best` IS the whole leg's travel
      |     it   3  k=  7 ->   7  blind-advance   fix={'k': 7, 'k_float': 7.0, 'inliers': 12, 'dx': -67.62239837646484, 'dy': -1.6463851928710938, 'scale': 1.2331348078215294, 'second': 9, 'second_k': 5, 'second_dx': 93.48004150390625, 'detail': 'k=7 (7.00) inliers=12 second=9 dx=-68 scale=1.233 window=[3,7] fitted=[3, 4, 5, 6, 7]'}
      |         chain push: 1 chunk(s) of 0.40s, change 15.1, best 15.1, hazards none — one push, so `best` IS the whole leg's travel
      |     it   4  k= 10 ->  10  advanced-weak   fix={'k': 10, 'k_float': 10.0, 'inliers': 16, 'dx': -19.906539916992188, 'dy': 35.83184814453125, 'scale': 1.258883789340488, 'second': 13, 'second_k': 7, 'second_dx': -90.47804260253906, 'detail': 'k=10 (10.00) inliers=16 second=13 dx=-20 scale=1.259 window=[6,10] fitted=[6, 7, 8, 9, 10]'}
      |         chain push: 1 chunk(s) of 0.40s, change 11.5, best 11.5, hazards none — one push, so `best` IS the whole leg's travel
      |     it   5  k= 13 ->  13  blind-advance   fix={'k': 13, 'k_float': 13.0, 'inliers': 9, 'dx': -148.46400451660156, 'dy': 37.6234130859375, 'scale': 1.2731414896266886, 'second': 6, 'second_k': 9, 'second_dx': -149.21278381347656, 'detail': 'k=13 (13.00) inliers=9 second=6 dx=-148 scale=1.273 window=[9,13] fitted=[9, 10, 11, 12, 13]'}
      |         chain push: 1 chunk(s) of 0.40s, change 9.3, best 9.3, hazards none — one push, so `best` IS the whole leg's travel
      |     it   6  k= 16 ->  16  blind-advance   fix=None
      |         chain push: 1 chunk(s) of 0.40s, change 7.3, best 7.3, hazards none — one push, so `best` IS the whole leg's travel
      |     it   7  k= 19 ->  19  blind-advance   fix=None
      |         chain push: 1 chunk(s) of 0.40s, change 7.5, best 7.5, hazards none — one push, so `best` IS the whole leg's travel
      |     it   8  k= 19 ->  39  door-step 1/1: one more push along 271.3 before the stop turns (the frame after it fits 0 inliers, scale None)
      |         turn to 1.6: TURNED to 3.0 (err -1.4) in 2 push(es), asked +88.3 deg, stick 1.33s
      |     it   8  k= 39 ->  39  turned to 1.6055901753868653  (125 inliers at the stop)
      |         chain push: 1 chunk(s) of 0.40s, change 15.8, best 15.8, hazards none — one push, so `best` IS the whole leg's travel
      |         chain strafe: 1 chunk(s) of 0.10s, change 9.2, best 9.2, hazards none — one push, so `best` IS the whole leg's travel
      |     it   9  k= 40 ->  40  advanced        fix={'k': 42, 'k_float': 42.0, 'inliers': 80, 'dx': -66.6869888305664, 'dy': 365.4720458984375, 'scale': 1.3100529933386287, 'second': 56, 'second_k': 39, 'second_dx': -84.38800048828125, 'detail': 'k=42 (42.00) inliers=80 second=56 dx=-67 scale=1.310 window=[38,42] fitted=[38, 39, 40, 41, 42]'}  strafe left 0.10s
      |         chain push: 1 chunk(s) of 0.40s, change 24.7, best 24.7, hazards none — one push, so `best` IS the whole leg's travel
      |     it  10  k= 43 ->  43  advanced        fix={'k': 43, 'k_float': 43.0, 'inliers': 40, 'dx': 26.14373779296875, 'dy': 331.343994140625, 'scale': 1.1982470174680562, 'second': 38, 'second_k': 39, 'second_dx': 32.64324951171875, 'detail': 'k=43 (43.00) inliers=40 second=38 dx=+26 scale=1.198 window=[39,43] fitted=[39, 40, 41, 42, 43]'}
      |         chain push: 1 chunk(s) of 0.40s, change 37.4, best 37.4, hazards none — one push, so `best` IS the whole leg's travel
      |     it  11  k= 46 ->  46  advanced        fix={'k': 46, 'k_float': 46.0, 'inliers': 61, 'dx': 18.0, 'dy': 280.2240295410156, 'scale': 1.1967993508938473, 'second': 58, 'second_k': 45, 'second_dx': 27.70001220703125, 'detail': 'k=46 (46.00) inliers=61 second=58 dx=+18 scale=1.197 window=[42,46] fitted=[42, 43, 44, 45, 46]'}
      |         chain push: 1 chunk(s) of 0.40s, change 31.9, best 31.9, hazards none — one push, so `best` IS the whole leg's travel
      |     it  12  k= 49 ->  49  advanced        fix={'k': 49, 'k_float': 49.0, 'inliers': 158, 'dx': 2.933013916015625, 'dy': 268.08001708984375, 'scale': 1.136204861359907, 'second': 133, 'second_k': 48, 'second_dx': 22.46405029296875, 'detail': 'k=49 (49.00) inliers=158 second=133 dx=+3 scale=1.136 window=[45,49] fitted=[45, 46, 47, 48, 49]'}
      |         chain push: 1 chunk(s) of 0.40s, change 29.4, best 29.4, hazards none — one push, so `best` IS the whole leg's travel
      |     it  13  k= 52 ->  52  advanced        fix={'k': 52, 'k_float': 52.0, 'inliers': 159, 'dx': -25.0, 'dy': 263.0, 'scale': 1.0786507949340953, 'second': 155, 'second_k': 50, 'second_dx': 30.47998046875, 'detail': 'k=52 (52.00) inliers=159 second=155 dx=-25 scale=1.079 window=[48,52] fitted=[48, 49, 50, 51, 52]'}
      |         chain push: 1 chunk(s) of 0.40s, change 13.6, best 13.6, hazards none — one push, so `best` IS the whole leg's travel
      |     it  14  k= 52 ->  55  stalled         fix={'k': 52, 'k_float': 54.730708426339056, 'inliers': 150, 'dx': 27.6240234375, 'dy': 222.8083953857422, 'scale': 1.2499851540977573, 'second': 138, 'second_k': 55, 'second_dx': -80.4000244140625, 'detail': 'k=52 (54.73) inliers=150 second=138 dx=+28 scale=1.250 window=[51,55] fitted=[51, 52, 53, 54, 55]'}
      |         chain push: 1 chunk(s) of 0.40s, change 18.9, best 18.9, hazards none — one push, so `best` IS the whole leg's travel
      |     it  15  k= 55 ->  55  advanced        fix={'k': 55, 'k_float': 55.0, 'inliers': 132, 'dx': -9.79595947265625, 'dy': 220.84803771972656, 'scale': 1.167032969151266, 'second': 105, 'second_k': 53, 'second_dx': 62.62286376953125, 'detail': 'k=55 (55.00) inliers=132 second=105 dx=-10 scale=1.167 window=[51,55] fitted=[51, 52, 53, 54, 55]'}
      |         chain push: 1 chunk(s) of 0.40s, change 21.7, best 21.7, hazards none — one push, so `best` IS the whole leg's travel
      |         chain strafe: 1 chunk(s) of 0.10s, change 10.2, best 10.2, hazards none — one push, so `best` IS the whole leg's travel
      |     it  16  k= 55 ->  58  stalled         fix={'k': 57, 'k_float': 57.52428835991157, 'inliers': 95, 'dx': -40.0, 'dy': 283.07135009765625, 'scale': 1.0161561992116792, 'second': 79, 'second_k': 58, 'second_dx': -39.600006103515625, 'detail': 'k=57 (57.52) inliers=95 second=79 dx=-40 scale=1.016 window=[54,58] fitted=[54, 55, 56, 57, 58]'}  strafe left 0.10s
      |         chain push: 1 chunk(s) of 0.40s, change 26.6, best 26.6, hazards none — one push, so `best` IS the whole leg's travel
      |         chain strafe: 1 chunk(s) of 0.10s, change 18.3, best 18.3, hazards none — one push, so `best` IS the whole leg's travel
      |     it  17  k= 55 ->  58  stalled         fix={'k': 58, 'k_float': 57.99538026454384, 'inliers': 103, 'dx': -35.831817626953125, 'dy': 273.60003662109375, 'scale': 0.9996373416448696, 'second': 99, 'second_k': 57, 'second_dx': -36.0, 'detail': 'k=58 (58.00) inliers=103 second=99 dx=-36 scale=1.000 window=[54,58] fitted=[54, 55, 56, 57, 58]'}  strafe left 0.10s
      |         chain push: 1 chunk(s) of 0.40s, change 33.4, best 33.4, hazards none — one push, so `best` IS the whole leg's travel
      |     it  18  k= 58 ->  58  advanced        fix={'k': 58, 'k_float': 58.0, 'inliers': 112, 'dx': -28.32958984375, 'dy': 277.20001220703125, 'scale': 1.1085828868809067, 'second': 84, 'second_k': 56, 'second_dx': -31.103988647460938, 'detail': 'k=58 (58.00) inliers=112 second=84 dx=-28 scale=1.109 window=[54,58] fitted=[54, 55, 56, 57, 58]'}
      |         chain push: 1 chunk(s) of 0.40s, change 32.0, best 32.0, hazards none — one push, so `best` IS the whole leg's travel
      |     it  19  k= 61 ->  61  advanced        fix={'k': 61, 'k_float': 61.0, 'inliers': 126, 'dx': -31.052001953125, 'dy': 303.6000061035156, 'scale': 1.084056536385297, 'second': 125, 'second_k': 59, 'second_dx': -33.1776123046875, 'detail': 'k=61 (61.00) inliers=126 second=125 dx=-31 scale=1.084 window=[57,61] fitted=[57, 58, 59, 60, 61]'}
      |         chain push: 1 chunk(s) of 0.40s, change 23.3, best 23.3, hazards none — one push, so `best` IS the whole leg's travel
      |     it  20  k= 64 ->  64  advanced        fix={'k': 64, 'k_float': 64.0, 'inliers': 144, 'dx': -27.64801025390625, 'dy': 298.39111328125, 'scale': 1.0060093860233998, 'second': 130, 'second_k': 63, 'second_dx': -24.48004150390625, 'detail': 'k=64 (64.00) inliers=144 second=130 dx=-28 scale=1.006 window=[60,64] fitted=[60, 61, 62, 63, 64]'}
      |     it  21  k= 88 ->  88  turned (skipped, same heading) to 1.3495539744498237  (166 inliers at the stop)
      |         chain push: 1 chunk(s) of 0.40s, change 17.6, best 17.6, hazards none — one push, so `best` IS the whole leg's travel
      |     it  22  k= 89 ->  89  advanced        fix={'k': 91, 'k_float': 91.0, 'inliers': 111, 'dx': -28.0, 'dy': 14.399993896484375, 'scale': 1.0225399992795654, 'second': 83, 'second_k': 88, 'second_dx': -25.91998291015625, 'detail': 'k=91 (91.00) inliers=111 second=83 dx=-28 scale=1.023 window=[87,91] fitted=[87, 88, 89, 90, 91]'}
      |         chain push: 1 chunk(s) of 0.40s, change 17.8, best 17.8, hazards none — one push, so `best` IS the whole leg's travel
      |         chain strafe: 1 chunk(s) of 0.10s, change 8.7, best 8.7, hazards none — one push, so `best` IS the whole leg's travel
      |     it  23  k= 89 ->  92  stalled         fix={'k': 89, 'k_float': 89.0, 'inliers': 106, 'dx': -43.13084411621094, 'dy': -33.401512145996094, 'scale': 1.2107101710421506, 'second': 102, 'second_k': 88, 'second_dx': -46.72798156738281, 'detail': 'k=89 (89.00) inliers=106 second=102 dx=-43 scale=1.211 window=[88,92] fitted=[88, 89, 90, 91, 92]'}  strafe left 0.10s
      |         chain push: 1 chunk(s) of 0.40s, change 19.8, best 19.8, hazards none — one push, so `best` IS the whole leg's travel
      |     it  24  k= 89 ->  92  stalled         fix={'k': 91, 'k_float': 91.0, 'inliers': 76, 'dx': -30.099990844726562, 'dy': -38.23716735839844, 'scale': 1.2147461388709655, 'second': 75, 'second_k': 88, 'second_dx': -29.3759765625, 'detail': 'k=91 (91.00) inliers=76 second=75 dx=-30 scale=1.215 window=[88,92] fitted=[88, 89, 90, 91, 92]'}
      |         chain push: 1 chunk(s) of 0.40s, change 16.8, best 16.8, hazards none — one push, so `best` IS the whole leg's travel
      |     it  25  k= 89 ->  92  stalled         fix={'k': 89, 'k_float': 89.0, 'inliers': 63, 'dx': -32.34814453125, 'dy': -28.0511474609375, 'scale': 1.3459116073075732, 'second': 60, 'second_k': 92, 'second_dx': -34.043487548828125, 'detail': 'k=89 (89.00) inliers=63 second=60 dx=-32 scale=1.346 window=[88,92] fitted=[88, 89, 90, 91, 92]'}
      |         chain push: 1 chunk(s) of 0.40s, change 16.6, best 16.6, hazards none — one push, so `best` IS the whole leg's travel
      |         chain strafe: 1 chunk(s) of 0.10s, change 9.2, best 9.2, hazards none — one push, so `best` IS the whole leg's travel
      |     it  26  k= 92 ->  92  advanced        fix={'k': 92, 'k_float': 92.0, 'inliers': 86, 'dx': -39.787017822265625, 'dy': -32.38557434082031, 'scale': 1.3624254788435215, 'second': 79, 'second_k': 89, 'second_dx': -37.727996826171875, 'detail': 'k=92 (92.00) inliers=86 second=79 dx=-40 scale=1.362 window=[88,92] fitted=[88, 89, 90, 91, 92]'}  strafe left 0.10s
      |         chain push: 1 chunk(s) of 0.40s, change 20.7, best 20.7, hazards none — one push, so `best` IS the whole leg's travel
      |         chain strafe: 1 chunk(s) of 0.10s, change 11.4, best 11.4, hazards none — one push, so `best` IS the whole leg's travel
      |     it  27  k= 94 ->  94  advanced        fix={'k': 94, 'k_float': 94.0, 'inliers': 116, 'dx': -39.199981689453125, 'dy': -24.060623168945312, 'scale': 1.4969017594526195, 'second': 104, 'second_k': 95, 'second_dx': -36.5679931640625, 'detail': 'k=94 (94.00) inliers=116 second=104 dx=-39 scale=1.497 window=[91,95] fitted=[91, 92, 93, 94, 95]'}  strafe left 0.10s
      |         chain push: 1 chunk(s) of 0.40s, change 21.5, best 21.5, hazards none — one push, so `best` IS the whole leg's travel
      |     it  28  k= 96 ->  96  advanced        fix={'k': 97, 'k_float': 97.0, 'inliers': 191, 'dx': -30.239990234375, 'dy': 11.335723876953125, 'scale': 1.4462339169835963, 'second': 152, 'second_k': 96, 'second_dx': -26.0999755859375, 'detail': 'k=97 (97.00) inliers=191 second=152 dx=-30 scale=1.446 window=[93,97] fitted=[93, 94, 95, 96, 97]'}
      |         chain push: 1 chunk(s) of 0.40s, change 26.6, best 26.6, hazards none — one push, so `best` IS the whole leg's travel
      |     it  29  k= 98 ->  98  advanced        fix={'k': 98, 'k_float': 98.0, 'inliers': 104, 'dx': -27.160263061523438, 'dy': -8.846694946289062, 'scale': 1.645001660596823, 'second': 99, 'second_k': 99, 'second_dx': -28.2911376953125, 'detail': 'k=98 (98.00) inliers=104 second=99 dx=-27 scale=1.645 window=[95,99] fitted=[95, 96, 97, 98, 99]'}
      |         chain push: 1 chunk(s) of 0.40s, change 25.7, best 25.7, hazards none — one push, so `best` IS the whole leg's travel
      |     it  30  k=100 -> 100  advanced        fix={'k': 101, 'k_float': 101.0, 'inliers': 130, 'dx': -33.359954833984375, 'dy': -15.227981567382812, 'scale': 1.6765616115196413, 'second': 116, 'second_k': 100, 'second_dx': -30.08795166015625, 'detail': 'k=101 (101.00) inliers=130 second=116 dx=-33 scale=1.677 window=[97,101] fitted=[97, 98, 99, 100, 101]'}
      |         chain push: 1 chunk(s) of 0.40s, change 21.5, best 21.5, hazards none — one push, so `best` IS the whole leg's travel
      |         chain strafe: 1 chunk(s) of 0.10s, change 12.4, best 12.4, hazards none — one push, so `best` IS the whole leg's travel
      |     it  31  k=102 -> 102  advanced        fix={'k': 103, 'k_float': 103.0, 'inliers': 145, 'dx': -44.999969482421875, 'dy': -23.6224365234375, 'scale': 1.7233920886945515, 'second': 120, 'second_k': 102, 'second_dx': -37.90211486816406, 'detail': 'k=103 (103.00) inliers=145 second=120 dx=-45 scale=1.723 window=[99,103] fitted=[99, 100, 101, 102, 103]'}  strafe left 0.10s
      |         chain push: 1 chunk(s) of 0.40s, change 22.9, best 22.9, hazards none — one push, so `best` IS the whole leg's travel
      |         chain strafe: 1 chunk(s) of 0.14s, change 11.4, best 11.4, hazards none — one push, so `best` IS the whole leg's travel
      |     it  32  k=104 -> 104  advanced        fix={'k': 104, 'k_float': 104.0, 'inliers': 114, 'dx': -103.92410278320312, 'dy': -39.21978759765625, 'scale': 2.04061849518663, 'second': 106, 'second_k': 105, 'second_dx': -16.405990600585938, 'detail': 'k=104 (104.00) inliers=114 second=106 dx=-104 scale=2.041 window=[101,105] fitted=[101, 102, 103, 104, 105]'}  strafe left 0.14s
      |         chain push: 1 chunk(s) of 0.40s, change 21.6, best 21.6, hazards none — one push, so `best` IS the whole leg's travel
      |         chain strafe: 1 chunk(s) of 0.16s, change 12.1, best 12.1, hazards none — one push, so `best` IS the whole leg's travel
      |     it  33  k=107 -> 107  advanced        fix={'k': 107, 'k_float': 107.0, 'inliers': 65, 'dx': -115.77304077148438, 'dy': -75.56282043457031, 'scale': 2.316931591712952, 'second': 64, 'second_k': 106, 'second_dx': -121.5970458984375, 'detail': 'k=107 (107.00) inliers=65 second=64 dx=-116 scale=2.317 window=[103,107] fitted=[103, 104, 105, 106, 107]'}  strafe left 0.16s
      |         chain push: 1 chunk(s) of 0.40s, change 20.5, best 20.5, hazards none — one push, so `best` IS the whole leg's travel
      |     it  34  k=109 -> 109  advanced        fix={'k': 110, 'k_float': 110.0, 'inliers': 68, 'dx': -7.4798583984375, 'dy': -27.76690673828125, 'scale': 2.9916496593443855, 'second': 21, 'second_k': 109, 'second_dx': -116.74969482421875, 'detail': 'k=110 (110.00) inliers=68 second=21 dx=-7 scale=2.992 window=[106,110] fitted=[106, 107, 108, 109, 110]'}
      |         chain push: 1 chunk(s) of 0.40s, change 37.0, best 37.0, hazards none — one push, so `best` IS the whole leg's travel
      |     it  35  k=112 -> 112  blind-advance   fix=None
      |         chain push: 1 chunk(s) of 0.40s, change 36.9, best 36.9, hazards none — one push, so `best` IS the whole leg's travel
      |     it  36  k=112 -> 114  turn-early: blind with the budget spent and a turn stop at 129 within 3 targets — turning to 303.34476843910807 now instead of pushing into whatever is in front
      |         turn to 303.3: TURNED to 303.8 (err -0.4) in 1 push(es), asked -61.0 deg, stick 0.82s
      |         chain strafe: 1 chunk(s) of 0.51s, change 17.7, best 17.7, hazards none — one push, so `best` IS the whole leg's travel
      |     it  37  k=129 -> 129  turned-aligned to 303.34476843910807  (34 inliers at the stop)
      |         turn to 299.8: NO-OP, already inside 4.0 deg (at 303.8, err -4.0) — nothing was sent, the recorded curve was discarded, and the caller's step line will look like a turn that happened
      |         chain push: 1 chunk(s) of 0.40s, change 13.7, best 13.7, hazards none — one push, so `best` IS the whole leg's travel
      |         chain strafe: 1 chunk(s) of 0.30s, change 12.8, best 12.8, hazards none — one push, so `best` IS the whole leg's travel
      |     it  38  k=129 -> 130  stalled         fix={'k': 129, 'k_float': 129.0, 'inliers': 139, 'dx': -258.6239929199219, 'dy': -26.4000244140625, 'scale': 1.314872033298491, 'second': 121, 'second_k': 131, 'second_dx': -353.66400146484375, 'detail': 'k=129 (129.00) inliers=139 second=121 dx=-259 scale=1.315 window=[128,132] fitted=[128, 129, 130, 131, 132]'}  strafe left 0.30s
      |         chain push: 1 chunk(s) of 0.40s, change 13.6, best 13.6, hazards none — one push, so `best` IS the whole leg's travel
      |         chain strafe: 1 chunk(s) of 0.20s, change 14.3, best 14.3, hazards none — one push, so `best` IS the whole leg's travel
      |     it  39  k=130 -> 130  advanced        fix={'k': 130, 'k_float': 130.0, 'inliers': 62, 'dx': -144.54237365722656, 'dy': -18.466522216796875, 'scale': 1.4290404157467935, 'second': 61, 'second_k': 129, 'second_dx': -74.99996948242188, 'detail': 'k=130 (130.00) inliers=62 second=61 dx=-145 scale=1.429 window=[128,132] fitted=[128, 129, 130, 131, 132]'}  strafe left 0.20s
      |         turn to 298.3: TURNED to 298.1 (err +0.2) in 1 push(es), asked -5.4 deg, stick 0.15s
      |         chain push: 1 chunk(s) of 0.40s, change 21.2, best 21.2, hazards none — one push, so `best` IS the whole leg's travel
      |         chain strafe: 1 chunk(s) of 0.30s, change 22.8, best 22.8, hazards none — one push, so `best` IS the whole leg's travel
      |     it  40  k=133 -> 133  advanced-past   fix={'k': 130, 'k_float': 130.0, 'inliers': 155, 'dx': -224.18557739257812, 'dy': -88.75677490234375, 'scale': 2.070425134936594, 'second': 84, 'second_k': 129, 'second_dx': -153.1456298828125, 'detail': 'k=130 (130.00) inliers=155 second=84 dx=-224 scale=2.070 window=[129,133] fitted=[129, 130, 131, 132, 133]'}  strafe left 0.30s
      |         chain push: 1 chunk(s) of 0.40s, change 26.4, best 26.4, hazards none — one push, so `best` IS the whole leg's travel
      |         chain strafe: 1 chunk(s) of 0.23s, change 25.9, best 25.9, hazards none — one push, so `best` IS the whole leg's travel
      |     it  41  k=136 -> 136  advanced        fix={'k': 136, 'k_float': 136.0, 'inliers': 147, 'dx': -167.62518310546875, 'dy': -112.27197265625, 'scale': 2.210277945668301, 'second': 95, 'second_k': 132, 'second_dx': -187.0511474609375, 'detail': 'k=136 (136.00) inliers=147 second=95 dx=-168 scale=2.210 window=[132,136] fitted=[132, 133, 134, 135, 136]'}  strafe left 0.23s
      |         chain push: 1 chunk(s) of 0.40s, change 38.5, best 38.5, hazards none — one push, so `best` IS the whole leg's travel
      |     it  42  k=137 -> 139  advanced-weak   fix={'k': 137, 'k_float': 137.0, 'inliers': 16, 'dx': 232.80908203125, 'dy': -93.21233367919922, 'scale': 1.589301354265222, 'second': 16, 'second_k': 138, 'second_dx': -196.83529663085938, 'detail': 'k=137 (137.00) inliers=16 second=16 dx=+233 scale=1.589 window=[135,139] fitted=[135, 136, 137, 138, 139]'}
      |         chain push: 1 chunk(s) of 0.40s, change 41.5, best 41.5, hazards none — one push, so `best` IS the whole leg's travel
      |     it  43  k=139 -> 139  advanced-weak   fix={'k': 140, 'k_float': 140.0, 'inliers': 19, 'dx': 168.2105712890625, 'dy': -73.20954895019531, 'scale': 1.4316960238161336, 'second': 15, 'second_k': 138, 'second_dx': 195.9830322265625, 'detail': 'k=140 (140.00) inliers=19 second=15 dx=+168 scale=1.432 window=[136,140] fitted=[136, 137, 138, 139, 140]'}
      |         chain push: 1 chunk(s) of 0.40s, change 51.6, best 51.6, hazards none — one push, so `best` IS the whole leg's travel
      |         chain strafe: 1 chunk(s) of 0.11s, change 37.9, best 37.9, hazards none — one push, so `best` IS the whole leg's travel
      |     it  44  k=142 -> 142  advanced        fix={'k': 142, 'k_float': 142.0, 'inliers': 34, 'dx': 77.47531127929688, 'dy': -26.606369018554688, 'scale': 1.441242678346271, 'second': 29, 'second_k': 141, 'second_dx': 98.7034912109375, 'detail': 'k=142 (142.00) inliers=34 second=29 dx=+77 scale=1.441 window=[138,142] fitted=[138, 139, 140, 141, 142]'}  strafe right 0.11s
      |         turn to 2.2: TURNED to 3.7 (err -1.4) in 1 push(es), asked +64.1 deg, stick 0.86s
      |         chain strafe: 1 chunk(s) of 0.21s, change 26.1, best 26.1, hazards none — one push, so `best` IS the whole leg's travel
      |     it  45  k=166 -> 166  turned-aligned to 2.2489998976495684  (70 inliers at the stop)
      |         chain push: 1 chunk(s) of 0.40s, change 28.0, best 28.0, hazards none — one push, so `best` IS the whole leg's travel
      |     it  46  k=167 -> 167  advanced        fix={'k': 169, 'k_float': 169.0, 'inliers': 86, 'dx': 8.961936950683594, 'dy': -86.02537536621094, 'scale': 1.290292555594946, 'second': 85, 'second_k': 166, 'second_dx': 9.455612182617188, 'detail': 'k=169 (169.00) inliers=86 second=85 dx=+9 scale=1.290 window=[165,169] fitted=[165, 166, 167, 168, 169]'}
      |         turn to 4.3: NO-OP, already inside 4.0 deg (at 3.7, err +0.6) — nothing was sent, the recorded curve was discarded, and the caller's step line will look like a turn that happened
      |         chain push: 1 chunk(s) of 0.40s, change 28.4, best 28.4, hazards none — one push, so `best` IS the whole leg's travel
      |     it  47  k=169 -> 169  advanced        fix={'k': 170, 'k_float': 170.0, 'inliers': 66, 'dx': -14.997413635253906, 'dy': -98.16423034667969, 'scale': 1.3993233144335122, 'second': 61, 'second_k': 169, 'second_dx': -14.432266235351562, 'detail': 'k=170 (170.00) inliers=66 second=61 dx=-15 scale=1.399 window=[166,170] fitted=[166, 167, 168, 169, 170]'}
      |         turn to 2.2: NO-OP, already inside 4.0 deg (at 3.7, err -1.5) — nothing was sent, the recorded curve was discarded, and the caller's step line will look like a turn that happened
      |         chain push: 1 chunk(s) of 0.40s, change 30.1, best 30.1, hazards none — one push, so `best` IS the whole leg's travel
      |         chain strafe: 1 chunk(s) of 0.10s, change 15.0, best 15.0, hazards none — one push, so `best` IS the whole leg's travel
      |     it  48  k=171 -> 171  advanced        fix={'k': 172, 'k_float': 172.0, 'inliers': 57, 'dx': 69.81124877929688, 'dy': -102.26992797851562, 'scale': 1.456772077082596, 'second': 46, 'second_k': 170, 'second_dx': -44.375999450683594, 'detail': 'k=172 (172.00) inliers=57 second=46 dx=+70 scale=1.457 window=[168,172] fitted=[168, 169, 170, 171, 172]'}  strafe right 0.10s
      |         chain push: 1 chunk(s) of 0.40s, change 34.2, best 34.2, hazards none — one push, so `best` IS the whole leg's travel
      |         chain strafe: 1 chunk(s) of 0.12s, change 15.8, best 15.8, hazards none — one push, so `best` IS the whole leg's travel
      |     it  49  k=173 -> 173  advanced        fix={'k': 174, 'k_float': 174.0, 'inliers': 50, 'dx': 85.52005004882812, 'dy': -111.67408752441406, 'scale': 1.5678024657049223, 'second': 48, 'second_k': 173, 'second_dx': 64.32455444335938, 'detail': 'k=174 (174.00) inliers=50 second=48 dx=+86 scale=1.568 window=[170,174] fitted=[170, 171, 172, 173, 174]'}  strafe right 0.12s
      |         chain push: 1 chunk(s) of 0.40s, change 35.7, best 35.7, hazards none — one push, so `best` IS the whole leg's travel
      |         chain strafe: 1 chunk(s) of 0.12s, change 22.1, best 22.1, hazards none — one push, so `best` IS the whole leg's travel
      |     it  50  k=176 -> 176  advanced        fix={'k': 176, 'k_float': 176.0, 'inliers': 67, 'dx': 83.33578491210938, 'dy': -124.88046264648438, 'scale': 1.6942417639257241, 'second': 50, 'second_k': 174, 'second_dx': 64.0640869140625, 'detail': 'k=176 (176.00) inliers=67 second=50 dx=+83 scale=1.694 window=[172,176] fitted=[172, 173, 174, 175, 176]'}  strafe right 0.12s
      |         turn to 89.5: TURNED to 91.1 (err -1.6) in 1 push(es), asked +85.9 deg, stick 1.15s
      |         chain strafe: 1 chunk(s) of 0.17s, change 22.1, best 22.1, hazards none — one push, so `best` IS the whole leg's travel
      |     it  51  k=196 -> 196  turned-aligned to 89.491477293153  (120 inliers at the stop)
      |         chain push: 1 chunk(s) of 0.40s, change 29.9, best 29.9, hazards none — one push, so `best` IS the whole leg's travel
      |         chain strafe: 1 chunk(s) of 0.10s, change 18.8, best 18.8, hazards none — one push, so `best` IS the whole leg's travel
      |     it  52  k=197 -> 197  advanced        fix={'k': 198, 'k_float': 198.0, 'inliers': 105, 'dx': 57.600006103515625, 'dy': -23.500762939453125, 'scale': 1.1263455056870522, 'second': 101, 'second_k': 199, 'second_dx': 62.2080078125, 'detail': 'k=198 (198.00) inliers=105 second=101 dx=+58 scale=1.126 window=[195,199] fitted=[195, 196, 197, 198, 199]'}  strafe right 0.10s
      |         chain push: 1 chunk(s) of 0.40s, change 36.5, best 36.5, hazards none — one push, so `best` IS the whole leg's travel
      |     it  53  k=197 -> 200  stalled         fix={'k': 197, 'k_float': 197.0, 'inliers': 125, 'dx': 5.66790771484375, 'dy': 1.52069091796875, 'scale': 1.5043291883965404, 'second': 103, 'second_k': 200, 'second_dx': 16.000030517578125, 'detail': 'k=197 (197.00) inliers=125 second=103 dx=+6 scale=1.504 window=[196,200] fitted=[196, 197, 198, 199, 200]'}
      |         chain push: 1 chunk(s) of 0.40s, change 45.0, best 45.0, hazards none — one push, so `best` IS the whole leg's travel
      |   chain_walk: ARRIVED at iteration 54, k=197 (target 200 of 204), 49 push(es)
[10] ARRIVED   ESCAPE_GATE-on k=197/205  it=54  pushes=49  seconds=79.0 (walk 64.68, setup 12.6)  failure=None
      |   arm: ESCAPE_GATE = False
      |   pause menu open (selected 'Resume')
      |   selected: Load Last Save
      |   confirmation dialog up (delta 80.8) -> YES
      |   world back after 3.2s, spawn bearing 87 (E)
      |   setup 13.2s (reset 10.4s, Chain.load 2.8s for 205 waypoints) of a 180s budget
      |   chain_walk: 205 waypoints -> plan of 47 targets (41 push, 6 turn-only); the prompt is checked on every iteration; k rises by at most 1 per iteration, so >= 47 iteration(s). The 180s cap allows 3.83s each. At the last waypoint the walk may spend 3 more iteration(s) — 0.540 walk-units of forward push against OPEN-22's measured 0.05 — and then gives up rather than walking on past the table.
      |         turn to 271.3: TURNED to 273.7 (err -2.4) in 2 push(es), asked -175.7 deg, stick 2.50s
      |         chain strafe: 1 chunk(s) of 0.10s, change 12.8, best 12.8, hazards none — one push, so `best` IS the whole leg's travel
      |     it   1  k=  3 ->   3  turned-aligned to 271.3168428039934  (166 inliers at the stop)
      |         chain push: 1 chunk(s) of 0.40s, change 20.8, best 20.8, hazards none — one push, so `best` IS the whole leg's travel
      |     it   2  k=  4 ->   4  advanced-weak   fix={'k': 5, 'k_float': 5.0, 'inliers': 20, 'dx': -55.36509704589844, 'dy': 32.762908935546875, 'scale': 1.1756054989504088, 'second': 19, 'second_k': 6, 'second_dx': -50.264068603515625, 'detail': 'k=5 (5.00) inliers=20 second=19 dx=-55 scale=1.176 window=[2,6] fitted=[2, 3, 4, 5, 6]'}
      |         chain push: 1 chunk(s) of 0.40s, change 19.9, best 19.9, hazards none — one push, so `best` IS the whole leg's travel
      |     it   3  k=  7 ->   7  advanced-weak   fix={'k': 7, 'k_float': 7.0, 'inliers': 16, 'dx': -83.03759765625, 'dy': 33.66552734375, 'scale': 1.4160650854021413, 'second': 14, 'second_k': 6, 'second_dx': -88.74315643310547, 'detail': 'k=7 (7.00) inliers=16 second=14 dx=-83 scale=1.416 window=[3,7] fitted=[3, 4, 5, 6, 7]'}
      |         chain push: 1 chunk(s) of 0.40s, change 13.9, best 13.9, hazards none — one push, so `best` IS the whole leg's travel
      |     it   4  k= 10 ->  10  blind-advance   fix={'k': 10, 'k_float': 10.0, 'inliers': 8, 'dx': -145.239990234375, 'dy': 42.9869384765625, 'scale': 1.4372450141082003, 'second': 8, 'second_k': 9, 'second_dx': -144.6721954345703, 'detail': 'k=10 (10.00) inliers=8 second=8 dx=-145 scale=1.437 window=[6,10] fitted=[7, 8, 9, 10]'}
      |         chain push: 1 chunk(s) of 0.40s, change 9.9, best 9.9, hazards none — one push, so `best` IS the whole leg's travel
      |     it   5  k= 13 ->  13  blind-advance   fix=None
      |         chain push: 1 chunk(s) of 0.40s, change 7.6, best 7.6, hazards none — one push, so `best` IS the whole leg's travel
      |     it   6  k= 16 ->  16  blind-advance   fix=None
      |         chain push: 1 chunk(s) of 0.40s, change 6.7, best 6.7, hazards none — one push, so `best` IS the whole leg's travel
      |     it   7  k= 19 ->  19  blind-advance   fix=None
      |         chain push: 1 chunk(s) of 0.40s, change 8.5, best 8.5, hazards none — one push, so `best` IS the whole leg's travel
      |     it   8  k= 19 ->  39  door-step 1/1: one more push along 271.3 before the stop turns (the frame after it fits 0 inliers, scale None)
      |         turn to 1.6: TURNED to 0.2 (err +1.4) in 2 push(es), asked +87.9 deg, stick 1.33s
      |     it   8  k= 39 ->  39  turned to 1.6055901753868653  (122 inliers at the stop)
      |         chain push: 1 chunk(s) of 0.40s, change 16.8, best 16.8, hazards none — one push, so `best` IS the whole leg's travel
      |     it   9  k= 40 ->  40  advanced        fix={'k': 40, 'k_float': 40.0, 'inliers': 64, 'dx': -34.401397705078125, 'dy': 401.1588134765625, 'scale': 1.4246669585607725, 'second': 61, 'second_k': 42, 'second_dx': -22.4639892578125, 'detail': 'k=40 (40.00) inliers=64 second=61 dx=-34 scale=1.425 window=[38,42] fitted=[38, 39, 40, 41, 42]'}
      |         chain push: 1 chunk(s) of 0.40s, change 25.6, best 25.6, hazards none — one push, so `best` IS the whole leg's travel
      |         chain strafe: 1 chunk(s) of 0.12s, change 14.4, best 14.4, hazards none — one push, so `best` IS the whole leg's travel
      |     it  10  k= 40 ->  43  stalled         fix={'k': 40, 'k_float': 40.0, 'inliers': 47, 'dx': 84.6029052734375, 'dy': 352.5120849609375, 'scale': 1.2834286827403338, 'second': 41, 'second_k': 39, 'second_dx': 85.36322021484375, 'detail': 'k=40 (40.00) inliers=47 second=41 dx=+85 scale=1.283 window=[39,43] fitted=[39, 40, 41, 42, 43]'}  strafe right 0.12s
      |         chain push: 1 chunk(s) of 0.40s, change 35.9, best 35.9, hazards none — one push, so `best` IS the whole leg's travel
      |         chain strafe: 1 chunk(s) of 0.12s, change 18.8, best 18.8, hazards none — one push, so `best` IS the whole leg's travel
      |     it  11  k= 40 ->  43  stalled         fix={'k': 39, 'k_float': 39.0, 'inliers': 44, 'dx': 85.54568481445312, 'dy': 345.01971435546875, 'scale': 1.424841327535009, 'second': 38, 'second_k': 41, 'second_dx': 85.619140625, 'detail': 'k=39 (39.00) inliers=44 second=38 dx=+86 scale=1.425 window=[39,43] fitted=[39, 40, 41, 42, 43]'}  strafe right 0.12s
      |         chain push: 1 chunk(s) of 0.40s, change 31.0, best 31.0, hazards none — one push, so `best` IS the whole leg's travel
      |         chain strafe: 1 chunk(s) of 0.11s, change 9.6, best 9.6, hazards none — one push, so `best` IS the whole leg's travel
      |     it  12  k= 43 ->  43  advanced-past   fix={'k': 40, 'k_float': 40.0, 'inliers': 43, 'dx': 82.760009765625, 'dy': 316.08001708984375, 'scale': 1.605665694297553, 'second': 37, 'second_k': 43, 'second_dx': 76.55743408203125, 'detail': 'k=40 (40.00) inliers=43 second=37 dx=+83 scale=1.606 window=[39,43] fitted=[39, 40, 41, 42, 43]'}  strafe right 0.12s
      |         chain push: 1 chunk(s) of 0.40s, change 24.0, best 24.0, hazards none — one push, so `best` IS the whole leg's travel
      |         chain strafe: 1 chunk(s) of 0.10s, change 3.9, best 3.9, hazards none — one push, so `best` IS the whole leg's travel
      |     it  13  k= 46 ->  46  advanced        fix={'k': 46, 'k_float': 46.0, 'inliers': 34, 'dx': 75.07159423828125, 'dy': 225.08526611328125, 'scale': 1.6668733410103393, 'second': 34, 'second_k': 44, 'second_dx': 93.7012939453125, 'detail': 'k=46 (46.00) inliers=34 second=34 dx=+75 scale=1.667 window=[42,46] fitted=[42, 43, 44, 45, 46]'}  strafe right 0.10s
      |         chain push: 1 chunk(s) of 0.40s, change 16.2, best 16.2, hazards none — one push, so `best` IS the whole leg's travel
      |         chain strafe: 1 chunk(s) of 0.15s, change 1.9, best 1.9, hazards SHORT — one push, so `best` IS the whole leg's travel
      |     it  14  k= 49 ->  49  advanced        fix={'k': 49, 'k_float': 49.0, 'inliers': 91, 'dx': 109.52008056640625, 'dy': 162.8720703125, 'scale': 1.7065813834168728, 'second': 56, 'second_k': 48, 'second_dx': 119.88015747070312, 'detail': 'k=49 (49.00) inliers=91 second=56 dx=+110 scale=1.707 window=[45,49] fitted=[45, 46, 47, 48, 49]'}  strafe right 0.15s
      |         chain push: 1 chunk(s) of 0.40s, change 21.3, best 21.3, hazards none — one push, so `best` IS the whole leg's travel
      |         chain strafe: 1 chunk(s) of 0.21s, change 2.6, best 2.6, hazards SHORT — one push, so `best` IS the whole leg's travel
      |     it  15  k= 52 ->  52  advanced        fix={'k': 52, 'k_float': 52.0, 'inliers': 49, 'dx': 150.27850341796875, 'dy': 99.46405029296875, 'scale': 1.7891939827946013, 'second': 41, 'second_k': 51, 'second_dx': 179.67852783203125, 'detail': 'k=52 (52.00) inliers=49 second=41 dx=+150 scale=1.789 window=[48,52] fitted=[48, 49, 50, 51, 52]'}  strafe right 0.21s
      |         chain push: 1 chunk(s) of 0.40s, change 26.5, best 26.5, hazards none — one push, so `best` IS the whole leg's travel
      |     it  16  k= 55 ->  55  advanced        fix={'k': 55, 'k_float': 52.99551979460122, 'inliers': 34, 'dx': -0.1999969482421875, 'dy': 244.32000732421875, 'scale': 1.093663759931579, 'second': 17, 'second_k': 54, 'second_dx': 0.0, 'detail': 'k=55 (53.00) inliers=34 second=17 dx=-0 scale=1.094 window=[51,55] fitted=[51, 52, 53, 54, 55]'}
      |         chain push: 1 chunk(s) of 0.40s, change 28.7, best 28.7, hazards none — one push, so `best` IS the whole leg's travel
      |     it  17  k= 58 ->  58  advanced        fix={'k': 58, 'k_float': 58.0, 'inliers': 100, 'dx': 2.5641632080078125, 'dy': 278.0, 'scale': 1.0872240554368622, 'second': 95, 'second_k': 56, 'second_dx': 0.239990234375, 'detail': 'k=58 (58.00) inliers=100 second=95 dx=+3 scale=1.087 window=[54,58] fitted=[54, 55, 56, 57, 58]'}
      |         chain push: 1 chunk(s) of 0.40s, change 29.2, best 29.2, hazards none — one push, so `best` IS the whole leg's travel
      |     it  18  k= 61 ->  61  advanced        fix={'k': 61, 'k_float': 61.0, 'inliers': 123, 'dx': 6.0, 'dy': 303.5751037597656, 'scale': 1.0416302491936806, 'second': 117, 'second_k': 59, 'second_dx': 3.167999267578125, 'detail': 'k=61 (61.00) inliers=123 second=117 dx=+6 scale=1.042 window=[57,61] fitted=[57, 58, 59, 60, 61]'}
      |         chain push: 1 chunk(s) of 0.40s, change 24.3, best 24.3, hazards none — one push, so `best` IS the whole leg's travel
      |     it  19  k= 64 ->  64  advanced        fix={'k': 64, 'k_float': 64.0, 'inliers': 148, 'dx': 11.519989013671875, 'dy': 300.8160400390625, 'scale': 1.0367326611782226, 'second': 142, 'second_k': 63, 'second_dx': 16.24322509765625, 'detail': 'k=64 (64.00) inliers=148 second=142 dx=+12 scale=1.037 window=[60,64] fitted=[60, 61, 62, 63, 64]'}
      |     it  20  k= 88 ->  88  turned (skipped, same heading) to 1.3495539744498237  (136 inliers at the stop)
      |         chain push: 1 chunk(s) of 0.40s, change 17.8, best 17.8, hazards none — one push, so `best` IS the whole leg's travel
      |     it  21  k= 89 ->  89  advanced        fix={'k': 90, 'k_float': 90.0, 'inliers': 106, 'dx': 26.57525634765625, 'dy': 18.66241455078125, 'scale': 1.055643431161849, 'second': 105, 'second_k': 91, 'second_dx': 22.8095703125, 'detail': 'k=90 (90.00) inliers=106 second=105 dx=+27 scale=1.056 window=[87,91] fitted=[87, 88, 89, 90, 91]'}
      |         chain push: 1 chunk(s) of 0.40s, change 11.7, best 11.7, hazards none — one push, so `best` IS the whole leg's travel
      |     it  22  k= 92 ->  92  advanced        fix={'k': 92, 'k_float': 92.0, 'inliers': 92, 'dx': 26.87384033203125, 'dy': 14.929931640625, 'scale': 1.0520361343654159, 'second': 87, 'second_k': 89, 'second_dx': -4.199981689453125, 'detail': 'k=92 (92.00) inliers=92 second=87 dx=+27 scale=1.052 window=[88,92] fitted=[88, 89, 90, 91, 92]'}
      |         chain push: 1 chunk(s) of 0.40s, change 19.0, best 19.0, hazards none — one push, so `best` IS the whole leg's travel
      |     it  23  k= 94 ->  94  advanced        fix={'k': 95, 'k_float': 95.0, 'inliers': 92, 'dx': -1.727996826171875, 'dy': 16.800018310546875, 'scale': 1.0238105139227534, 'second': 91, 'second_k': 92, 'second_dx': 43.0, 'detail': 'k=95 (95.00) inliers=92 second=91 dx=-2 scale=1.024 window=[91,95] fitted=[91, 92, 93, 94, 95]'}
      |         chain push: 1 chunk(s) of 0.40s, change 17.8, best 17.8, hazards none — one push, so `best` IS the whole leg's travel
      |     it  24  k= 96 ->  96  advanced        fix={'k': 97, 'k_float': 97.0, 'inliers': 129, 'dx': 8.95794677734375, 'dy': 17.0, 'scale': 1.0293686080039999, 'second': 105, 'second_k': 96, 'second_dx': 22.4639892578125, 'detail': 'k=97 (97.00) inliers=129 second=105 dx=+9 scale=1.029 window=[93,97] fitted=[93, 94, 95, 96, 97]'}
      |         chain push: 1 chunk(s) of 0.40s, change 17.2, best 17.2, hazards none — one push, so `best` IS the whole leg's travel
      |     it  25  k= 98 ->  98  advanced        fix={'k': 98, 'k_float': 98.91563447161103, 'inliers': 134, 'dx': 19.953277587890625, 'dy': 14.332717895507812, 'scale': 1.0544705900698983, 'second': 128, 'second_k': 99, 'second_dx': -11.0, 'detail': 'k=98 (98.92) inliers=134 second=128 dx=+20 scale=1.054 window=[95,99] fitted=[95, 96, 97, 98, 99]'}
      |         chain push: 1 chunk(s) of 0.40s, change 17.9, best 17.9, hazards none — one push, so `best` IS the whole leg's travel
      |     it  26  k=100 -> 100  advanced        fix={'k': 100, 'k_float': 100.0, 'inliers': 156, 'dx': -11.520004272460938, 'dy': 15.839996337890625, 'scale': 1.0594862097650786, 'second': 138, 'second_k': 97, 'second_dx': -8.399993896484375, 'detail': 'k=100 (100.00) inliers=156 second=138 dx=-12 scale=1.059 window=[97,101] fitted=[97, 98, 99, 100, 101]'}
      |         chain push: 1 chunk(s) of 0.40s, change 18.9, best 18.9, hazards none — one push, so `best` IS the whole leg's travel
      |     it  27  k=102 -> 102  advanced        fix={'k': 103, 'k_float': 102.81963584715501, 'inliers': 182, 'dx': -23.040008544921875, 'dy': 11.52001953125, 'scale': 0.9869139339100294, 'second': 147, 'second_k': 101, 'second_dx': 31.67999267578125, 'detail': 'k=103 (102.82) inliers=182 second=147 dx=-23 scale=0.987 window=[99,103] fitted=[99, 100, 101, 102, 103]'}
      |         chain push: 1 chunk(s) of 0.40s, change 20.0, best 20.0, hazards none — one push, so `best` IS the whole leg's travel
      |     it  28  k=104 -> 104  advanced        fix={'k': 105, 'k_float': 104.3378417383279, 'inliers': 176, 'dx': -31.10400390625, 'dy': 15.57598876953125, 'scale': 0.9613334688958864, 'second': 172, 'second_k': 104, 'second_dx': -27.599990844726562, 'detail': 'k=105 (104.34) inliers=176 second=172 dx=-31 scale=0.961 window=[101,105] fitted=[101, 102, 103, 104, 105]'}
      |         chain push: 1 chunk(s) of 0.40s, change 18.0, best 18.0, hazards none — one push, so `best` IS the whole leg's travel
      |     it  29  k=104 -> 107  stalled         fix={'k': 105, 'k_float': 105.54084021514547, 'inliers': 178, 'dx': -31.10400390625, 'dy': 13.199981689453125, 'scale': 1.02277860050202, 'second': 157, 'second_k': 103, 'second_dx': -22.4639892578125, 'detail': 'k=105 (105.54) inliers=178 second=157 dx=-31 scale=1.023 window=[103,107] fitted=[103, 104, 105, 106, 107]'}
      |         chain push: 1 chunk(s) of 0.40s, change 25.6, best 25.6, hazards none — one push, so `best` IS the whole leg's travel
      |     it  30  k=104 -> 107  stalled         fix={'k': 104, 'k_float': 104.0, 'inliers': 180, 'dx': -25.031982421875, 'dy': 5.335693359375, 'scale': 1.2156437432937048, 'second': 163, 'second_k': 107, 'second_dx': -41.760009765625, 'detail': 'k=104 (104.00) inliers=180 second=163 dx=-25 scale=1.216 window=[103,107] fitted=[103, 104, 105, 106, 107]'}
      |         chain push: 1 chunk(s) of 0.40s, change 25.2, best 25.2, hazards none — one push, so `best` IS the whole leg's travel
      |         chain strafe: 1 chunk(s) of 0.10s, change 11.6, best 11.6, hazards none — one push, so `best` IS the whole leg's travel
      |     it  31  k=104 -> 107  stalled         fix={'k': 103, 'k_float': 103.0, 'inliers': 179, 'dx': -54.245361328125, 'dy': -8.879974365234375, 'scale': 1.4296056002078317, 'second': 164, 'second_k': 106, 'second_dx': -54.44000244140625, 'detail': 'k=103 (103.00) inliers=179 second=164 dx=-54 scale=1.430 window=[103,107] fitted=[103, 104, 105, 106, 107]'}  strafe left 0.10s
      |         chain push: 1 chunk(s) of 0.40s, change 25.1, best 25.1, hazards none — one push, so `best` IS the whole leg's travel
      |     it  32  k=104 -> 107  escape:jump     fix={'k': 105, 'k_float': 105.0, 'inliers': 183, 'dx': 0.115234375, 'dy': -10.367950439453125, 'scale': 1.4649382873423318, 'second': 147, 'second_k': 106, 'second_dx': -6.4696044921875, 'detail': 'k=105 (105.00) inliers=183 second=147 dx=+0 scale=1.465 window=[103,107] fitted=[103, 104, 105, 106, 107]'}
      |         chain push: 1 chunk(s) of 0.40s, change 31.0, best 31.0, hazards none — one push, so `best` IS the whole leg's travel
      |     it  33  k=104 -> 107  stalled         fix={'k': 106, 'k_float': 106.0, 'inliers': 149, 'dx': 2.40545654296875, 'dy': -26.967987060546875, 'scale': 1.6583504967002278, 'second': 147, 'second_k': 107, 'second_dx': -61.55999755859375, 'detail': 'k=106 (106.00) inliers=149 second=147 dx=+2 scale=1.658 window=[103,107] fitted=[103, 104, 105, 106, 107]'}
      |         chain push: 1 chunk(s) of 0.40s, change 20.9, best 20.9, hazards none — one push, so `best` IS the whole leg's travel
      |         chain strafe: 1 chunk(s) of 0.13s, change 12.3, best 12.3, hazards none — one push, so `best` IS the whole leg's travel
      |     it  34  k=107 -> 107  advanced        fix={'k': 107, 'k_float': 107.0, 'inliers': 102, 'dx': -95.77299499511719, 'dy': -47.769866943359375, 'scale': 2.0150554493775683, 'second': 84, 'second_k': 105, 'second_dx': 11.978347778320312, 'detail': 'k=107 (107.00) inliers=102 second=84 dx=-96 scale=2.015 window=[103,107] fitted=[103, 104, 105, 106, 107]'}  strafe left 0.13s
      |         chain push: 1 chunk(s) of 0.40s, change 22.0, best 22.0, hazards none — one push, so `best` IS the whole leg's travel
      |     it  35  k=109 -> 109  advanced        fix={'k': 110, 'k_float': 110.0, 'inliers': 74, 'dx': -33.943450927734375, 'dy': -6.56005859375, 'scale': 2.5843910906760983, 'second': 39, 'second_k': 109, 'second_dx': -102.11746215820312, 'detail': 'k=110 (110.00) inliers=74 second=39 dx=-34 scale=2.584 window=[106,110] fitted=[106, 107, 108, 109, 110]'}
      |         chain push: 1 chunk(s) of 0.40s, change 28.0, best 28.0, hazards none — one push, so `best` IS the whole leg's travel
      |     it  36  k=112 -> 112  advanced-weak   fix={'k': 112, 'k_float': 112.0, 'inliers': 19, 'dx': -95.6397705078125, 'dy': -43.26318359375, 'scale': 3.548855974306775, 'second': 14, 'second_k': 111, 'second_dx': -60.43318176269531, 'detail': 'k=112 (112.00) inliers=19 second=14 dx=-96 scale=3.549 window=[108,112] fitted=[110, 111, 112]'}
      |         chain push: 1 chunk(s) of 0.40s, change 45.7, best 45.7, hazards none — one push, so `best` IS the whole leg's travel
      |     it  37  k=114 -> 114  blind-advance   fix={'k': 112, 'k_float': 112.0, 'inliers': 6, 'dx': -121.70233154296875, 'dy': -215.918701171875, 'scale': 0.2531174655796682, 'second': 6, 'second_k': 111, 'second_dx': -39.11997985839844, 'detail': 'k=112 (112.00) inliers=6 second=6 dx=-122 scale=0.253 window=[111,115] fitted=[111, 112]'}
      |         turn to 303.3: TURNED to 305.5 (err -2.2) in 2 push(es), asked -56.9 deg, stick 0.91s
      |         turn to 278.3: TURNED to 279.1 (err -0.7) in 1 push(es), asked -27.2 deg, stick 0.40s
      |         turn to 303.3: TURNED to 304.8 (err -1.5) in 1 push(es), asked +24.3 deg, stick 0.40s
      |         turn to 287.1: TURNED to 289.8 (err -2.6) in 1 push(es), asked -17.6 deg, stick 0.25s
      |     it  38  k=129 -> 129  turned-looked to 303.34476843910807  (186 inliers at the stop)  STOP YAW -16.2 deg on -320 px, no strafe
      |         turn to 283.6: TURNED to 280.9 (err +2.7) in 1 push(es), asked -6.2 deg, stick 0.15s
      |         chain push: 1 chunk(s) of 0.40s, change 12.6, best 12.6, hazards none — one push, so `best` IS the whole leg's travel
      |         chain strafe: 1 chunk(s) of 0.10s, change 9.1, best 9.1, hazards none — one push, so `best` IS the whole leg's travel
      |     it  39  k=130 -> 130  advanced        fix={'k': 130, 'k_float': 130.0, 'inliers': 194, 'dx': 74.80001831054688, 'dy': -37.31309509277344, 'scale': 1.1891473135357102, 'second': 122, 'second_k': 129, 'second_dx': 141.98402404785156, 'detail': 'k=130 (130.00) inliers=194 second=122 dx=+75 scale=1.189 window=[128,132] fitted=[128, 129, 130, 131, 132]'}  strafe right 0.10s
      |         turn to 282.1: NO-OP, already inside 4.0 deg (at 280.9, err +1.2) — nothing was sent, the recorded curve was discarded, and the caller's step line will look like a turn that happened
      |         chain push: 1 chunk(s) of 0.40s, change 16.1, best 16.1, hazards none — one push, so `best` IS the whole leg's travel
      |         chain strafe: 1 chunk(s) of 0.17s, change 6.7, best 6.7, hazards none — one push, so `best` IS the whole leg's travel
      |     it  40  k=130 -> 133  stalled         fix={'k': 129, 'k_float': 129.0, 'inliers': 157, 'dx': 120.20001220703125, 'dy': -48.798675537109375, 'scale': 1.441988644744833, 'second': 152, 'second_k': 131, 'second_dx': 25.20001220703125, 'detail': 'k=129 (129.00) inliers=157 second=152 dx=+120 scale=1.442 window=[129,133] fitted=[129, 130, 131, 132, 133]'}  strafe right 0.17s
      |         chain push: 1 chunk(s) of 0.40s, change 14.2, best 14.2, hazards none — one push, so `best` IS the whole leg's travel
      |         chain strafe: 1 chunk(s) of 0.10s, change 5.8, best 5.8, hazards none — one push, so `best` IS the whole leg's travel
      |     it  41  k=130 -> 133  stalled         fix={'k': 132, 'k_float': 132.0, 'inliers': 162, 'dx': 52.08026123046875, 'dy': -61.90571594238281, 'scale': 1.57914206756751, 'second': 110, 'second_k': 133, 'second_dx': 63.96003723144531, 'detail': 'k=132 (132.00) inliers=162 second=110 dx=+52 scale=1.579 window=[129,133] fitted=[129, 130, 131, 132, 133]'}  strafe right 0.10s
      |         chain push: 1 chunk(s) of 0.40s, change 19.7, best 19.7, hazards none — one push, so `best` IS the whole leg's travel
      |         chain strafe: 1 chunk(s) of 0.18s, change 20.5, best 20.5, hazards none — one push, so `best` IS the whole leg's travel
      |     it  42  k=133 -> 133  advanced-past   fix={'k': 130, 'k_float': 130.0, 'inliers': 120, 'dx': 126.25286865234375, 'dy': -103.03468322753906, 'scale': 2.0707128898251423, 'second': 117, 'second_k': 129, 'second_dx': 192.46932983398438, 'detail': 'k=130 (130.00) inliers=120 second=117 dx=+126 scale=2.071 window=[129,133] fitted=[129, 130, 131, 132, 133]'}  strafe right 0.17s
      |         chain push: 1 chunk(s) of 0.40s, change 25.9, best 25.9, hazards none — one push, so `best` IS the whole leg's travel
      |         chain strafe: 1 chunk(s) of 0.10s, change 19.9, best 19.9, hazards none — one push, so `best` IS the whole leg's travel
      |     it  43  k=133 -> 136  stalled         fix={'k': 135, 'k_float': 135.0, 'inliers': 100, 'dx': 56.8463134765625, 'dy': -151.65203857421875, 'scale': 2.187192113096812, 'second': 75, 'second_k': 133, 'second_dx': 44.08367919921875, 'detail': 'k=135 (135.00) inliers=100 second=75 dx=+57 scale=2.187 window=[132,136] fitted=[132, 133, 134, 135, 136]'}  strafe right 0.10s
      |         chain push: 1 chunk(s) of 0.40s, change 32.9, best 32.9, hazards none — one push, so `best` IS the whole leg's travel
      |         chain strafe: 1 chunk(s) of 0.10s, change 34.3, best 34.3, hazards none — one push, so `best` IS the whole leg's travel
      |     it  44  k=136 -> 136  advanced        fix={'k': 136, 'k_float': 136.0, 'inliers': 59, 'dx': -63.84637451171875, 'dy': -150.9418182373047, 'scale': 3.2739093825947307, 'second': 12, 'second_k': 132, 'second_dx': -110.09500122070312, 'detail': 'k=136 (136.00) inliers=59 second=12 dx=-64 scale=3.274 window=[132,136] fitted=[132, 133, 135, 136]'}  strafe left 0.10s
      |         chain push: 1 chunk(s) of 0.40s, change 28.8, best 28.8, hazards none — one push, so `best` IS the whole leg's travel
      |     it  45  k=136 -> 139  stalled         fix={'k': 137, 'k_float': 137.0, 'inliers': 43, 'dx': -32.930450439453125, 'dy': -145.9250030517578, 'scale': 3.3486040086372664, 'second': 17, 'second_k': 139, 'second_dx': 41.06591796875, 'detail': 'k=137 (137.00) inliers=43 second=17 dx=-33 scale=3.349 window=[135,139] fitted=[135, 136, 137, 138, 139]'}
      |         chain push: 1 chunk(s) of 0.40s, change 34.8, best 34.8, hazards none — one push, so `best` IS the whole leg's travel
      |         chain strafe: 1 chunk(s) of 0.10s, change 35.0, best 35.0, hazards none — one push, so `best` IS the whole leg's travel
      |     it  46  k=139 -> 139  advanced-past   fix={'k': 136, 'k_float': 136.0, 'inliers': 44, 'dx': -73.22114562988281, 'dy': -158.21658325195312, 'scale': 3.6498990874457045, 'second': 18, 'second_k': 139, 'second_dx': -18.249603271484375, 'detail': 'k=136 (136.00) inliers=44 second=18 dx=-73 scale=3.650 window=[135,139] fitted=[136, 137, 139]'}  strafe left 0.10s
      |         chain push: 1 chunk(s) of 0.40s, change 34.2, best 34.2, hazards none — one push, so `best` IS the whole leg's travel
      |         chain strafe: 1 chunk(s) of 0.10s, change 29.1, best 29.1, hazards none — one push, so `best` IS the whole leg's travel
      |     it  47  k=142 -> 142  advanced-past   fix={'k': 139, 'k_float': 139.0, 'inliers': 72, 'dx': -59.62303161621094, 'dy': -151.96099853515625, 'scale': 2.9132528136363702, 'second': 34, 'second_k': 141, 'second_dx': 9.818145751953125, 'detail': 'k=139 (139.00) inliers=72 second=34 dx=-60 scale=2.913 window=[138,142] fitted=[138, 139, 140, 141, 142]'}  strafe left 0.10s
      |         turn to 2.2: TURNED to 0.5 (err +1.7) in 2 push(es), asked +81.4 deg, stick 1.24s
      |         chain strafe: 1 chunk(s) of 0.34s, change 27.6, best 27.6, hazards none — one push, so `best` IS the whole leg's travel
      |     it  48  k=166 -> 166  turned-aligned to 2.2489998976495684  (123 inliers at the stop)
      |         chain push: 1 chunk(s) of 0.40s, change 33.5, best 33.5, hazards none — one push, so `best` IS the whole leg's travel
      |         chain strafe: 1 chunk(s) of 0.30s, change 37.4, best 37.4, hazards none — one push, so `best` IS the whole leg's travel
      |     it  49  k=167 -> 167  advanced        fix={'k': 169, 'k_float': 169.0, 'inliers': 132, 'dx': 223.34402465820312, 'dy': -84.63743591308594, 'scale': 1.2701314760177635, 'second': 132, 'second_k': 167, 'second_dx': 227.80404663085938, 'detail': 'k=169 (169.00) inliers=132 second=132 dx=+223 scale=1.270 window=[165,169] fitted=[165, 166, 167, 168, 169]'}  strafe right 0.30s
      |         turn to 4.3: NO-OP, already inside 4.0 deg (at 0.5, err +3.7) — nothing was sent, the recorded curve was discarded, and the caller's step line will look like a turn that happened
      |         chain push: 1 chunk(s) of 0.40s, change 32.0, best 32.0, hazards none — one push, so `best` IS the whole leg's travel
      |         chain strafe: 1 chunk(s) of 0.26s, change 21.4, best 21.4, hazards none — one push, so `best` IS the whole leg's travel
      |     it  50  k=169 -> 169  advanced        fix={'k': 169, 'k_float': 169.0, 'inliers': 90, 'dx': 184.01858520507812, 'dy': -87.91998291015625, 'scale': 1.549996427475744, 'second': 86, 'second_k': 170, 'second_dx': 167.17202758789062, 'detail': 'k=169 (169.00) inliers=90 second=86 dx=+184 scale=1.550 window=[166,170] fitted=[166, 167, 168, 169, 170]'}  strafe right 0.26s
      |         turn to 2.2: NO-OP, already inside 4.0 deg (at 0.5, err +1.7) — nothing was sent, the recorded curve was discarded, and the caller's step line will look like a turn that happened
      |         chain push: 1 chunk(s) of 0.40s, change 27.8, best 27.8, hazards none — one push, so `best` IS the whole leg's travel
      |     it  51  k=171 -> 171  advanced        fix={'k': 172, 'k_float': 172.0, 'inliers': 74, 'dx': -26.06366729736328, 'dy': -110.48143005371094, 'scale': 1.23772329355036, 'second': 62, 'second_k': 171, 'second_dx': -33.194679260253906, 'detail': 'k=172 (172.00) inliers=74 second=62 dx=-26 scale=1.238 window=[168,172] fitted=[168, 169, 170, 171, 172]'}
      |         chain push: 1 chunk(s) of 0.40s, change 28.9, best 28.9, hazards none — one push, so `best` IS the whole leg's travel
      |         chain strafe: 1 chunk(s) of 0.10s, change 12.5, best 12.5, hazards none — one push, so `best` IS the whole leg's travel
      |     it  52  k=173 -> 173  advanced        fix={'k': 174, 'k_float': 174.0, 'inliers': 60, 'dx': 45.52001953125, 'dy': -119.51995849609375, 'scale': 1.4802675098531062, 'second': 53, 'second_k': 173, 'second_dx': 37.075225830078125, 'detail': 'k=174 (174.00) inliers=60 second=53 dx=+46 scale=1.480 window=[170,174] fitted=[170, 171, 172, 173, 174]'}  strafe right 0.10s
      |         chain push: 1 chunk(s) of 0.40s, change 32.8, best 32.8, hazards none — one push, so `best` IS the whole leg's travel
      |         chain strafe: 1 chunk(s) of 0.10s, change 17.6, best 17.6, hazards none — one push, so `best` IS the whole leg's travel
      |     it  53  k=176 -> 176  advanced        fix={'k': 176, 'k_float': 176.0, 'inliers': 67, 'dx': 38.419708251953125, 'dy': -133.87161254882812, 'scale': 1.6345611681148207, 'second': 44, 'second_k': 175, 'second_dx': 27.99505615234375, 'detail': 'k=176 (176.00) inliers=67 second=44 dx=+38 scale=1.635 window=[172,176] fitted=[172, 173, 174, 175, 176]'}  strafe right 0.10s
      |         turn to 89.5: TURNED to 86.7 (err +2.8) in 1 push(es), asked +89.0 deg, stick 1.19s
      |         chain strafe: 1 chunk(s) of 0.24s, change 20.9, best 20.9, hazards none — one push, so `best` IS the whole leg's travel
      |     it  54  k=196 -> 196  turned-aligned to 89.491477293153  (128 inliers at the stop)
      |         chain push: 1 chunk(s) of 0.40s, change 29.3, best 29.3, hazards none — one push, so `best` IS the whole leg's travel
      |         chain strafe: 1 chunk(s) of 0.18s, change 20.3, best 20.3, hazards none — one push, so `best` IS the whole leg's travel
      |     it  55  k=197 -> 197  advanced        fix={'k': 197, 'k_float': 197.0, 'inliers': 113, 'dx': 129.31204223632812, 'dy': -28.339202880859375, 'scale': 1.21792121438949, 'second': 97, 'second_k': 198, 'second_dx': 131.60003662109375, 'detail': 'k=197 (197.00) inliers=113 second=97 dx=+129 scale=1.218 window=[195,199] fitted=[195, 196, 197, 198, 199]'}  strafe right 0.18s
      |         chain push: 1 chunk(s) of 0.40s, change 41.1, best 41.1, hazards none — one push, so `best` IS the whole leg's travel
      |         chain strafe: 1 chunk(s) of 0.15s, change 24.8, best 24.8, hazards none — one push, so `best` IS the whole leg's travel
      |     it  56  k=197 -> 200  stalled         fix={'k': 199, 'k_float': 199.0, 'inliers': 112, 'dx': 105.52882385253906, 'dy': -25.80474853515625, 'scale': 1.4415218606382703, 'second': 90, 'second_k': 196, 'second_dx': 97.26728820800781, 'detail': 'k=199 (199.00) inliers=112 second=90 dx=+106 scale=1.442 window=[196,200] fitted=[196, 197, 198, 199, 200]'}  strafe right 0.15s
      |         chain push: 1 chunk(s) of 0.40s, change 48.7, best 48.7, hazards none — one push, so `best` IS the whole leg's travel
      |   chain_walk: ARRIVED at iteration 57, k=197 (target 200 of 204), 52 push(es)
[11] ARRIVED   ESCAPE_GATE-off k=197/205  it=57  pushes=52  seconds=87.6 (walk 72.61, setup 13.2)  failure=None
      |   arm: ESCAPE_GATE = True
      |   pause menu open (selected 'Resume')
      |   selected: Load Last Save
      |   confirmation dialog up (delta 84.1) -> YES
      |   world back after 3.2s, spawn bearing 87 (E)
      |   setup 13.2s (reset 10.4s, Chain.load 2.8s for 205 waypoints) of a 180s budget
      |   chain_walk: 205 waypoints -> plan of 47 targets (41 push, 6 turn-only); the prompt is checked on every iteration; k rises by at most 1 per iteration, so >= 47 iteration(s). The 180s cap allows 3.83s each. At the last waypoint the walk may spend 3 more iteration(s) — 0.540 walk-units of forward push against OPEN-22's measured 0.05 — and then gives up rather than walking on past the table.
      |         turn to 271.3: TURNED to 271.5 (err -0.2) in 2 push(es), asked -175.7 deg, stick 2.50s
      |     it   1  k=  3 ->   3  turned to 271.3168428039934  (198 inliers at the stop)
      |         chain push: 1 chunk(s) of 0.40s, change 20.2, best 20.2, hazards none — one push, so `best` IS the whole leg's travel
      |     it   2  k=  4 ->   4  advanced-weak   fix={'k': 6, 'k_float': 6.0, 'inliers': 25, 'dx': 21.4991455078125, 'dy': 19.00799560546875, 'scale': 1.1122081015460437, 'second': 18, 'second_k': 4, 'second_dx': 32.960052490234375, 'detail': 'k=6 (6.00) inliers=25 second=18 dx=+21 scale=1.112 window=[2,6] fitted=[2, 3, 4, 5, 6]'}
      |         chain push: 1 chunk(s) of 0.40s, change 18.6, best 18.6, hazards none — one push, so `best` IS the whole leg's travel
      |     it   3  k=  7 ->   7  advanced-weak   fix={'k': 7, 'k_float': 7.0, 'inliers': 19, 'dx': -32.762847900390625, 'dy': 26.87384033203125, 'scale': 1.2366465689627397, 'second': 13, 'second_k': 6, 'second_dx': -38.8800048828125, 'detail': 'k=7 (7.00) inliers=19 second=13 dx=-33 scale=1.237 window=[3,7] fitted=[3, 4, 5, 6, 7]'}
      |         chain push: 1 chunk(s) of 0.40s, change 15.5, best 15.5, hazards none — one push, so `best` IS the whole leg's travel
      |     it   4  k= 10 ->  10  advanced-weak   fix={'k': 10, 'k_float': 10.0, 'inliers': 25, 'dx': 98.6400146484375, 'dy': 51.0, 'scale': 1.2361808197842812, 'second': 14, 'second_k': 7, 'second_dx': -66.3116455078125, 'detail': 'k=10 (10.00) inliers=25 second=14 dx=+99 scale=1.236 window=[6,10] fitted=[6, 7, 8, 9, 10]'}
      |         chain push: 1 chunk(s) of 0.40s, change 14.5, best 14.5, hazards none — one push, so `best` IS the whole leg's travel
      |     it   5  k= 13 ->  13  blind-advance   fix={'k': 10, 'k_float': 10.0, 'inliers': 12, 'dx': -119.23200988769531, 'dy': 48.53614807128906, 'scale': 1.5823709711310543, 'second': 10, 'second_k': 13, 'second_dx': -116.22669982910156, 'detail': 'k=10 (10.00) inliers=12 second=10 dx=-119 scale=1.582 window=[9,13] fitted=[9, 10, 11, 12, 13]'}
      |         chain push: 1 chunk(s) of 0.40s, change 8.9, best 8.9, hazards none — one push, so `best` IS the whole leg's travel
      |     it   6  k= 16 ->  16  blind-advance   fix=None
      |         chain push: 1 chunk(s) of 0.40s, change 7.2, best 7.2, hazards none — one push, so `best` IS the whole leg's travel
      |     it   7  k= 19 ->  19  blind-advance   fix=None
      |         chain push: 1 chunk(s) of 0.40s, change 8.1, best 8.1, hazards none — one push, so `best` IS the whole leg's travel
      |     it   8  k= 19 ->  39  door-step 1/1: one more push along 271.3 before the stop turns (the frame after it fits 0 inliers, scale None)
      |         turn to 1.6: TURNED to 357.7 (err +3.9) in 1 push(es), asked +90.1 deg, stick 1.20s
      |         chain strafe: 1 chunk(s) of 0.17s, change 10.9, best 10.9, hazards none — one push, so `best` IS the whole leg's travel
      |     it   8  k= 39 ->  39  turned-aligned to 1.6055901753868653  (64 inliers at the stop)
      |         chain push: 1 chunk(s) of 0.40s, change 15.7, best 15.7, hazards none — one push, so `best` IS the whole leg's travel
      |     it   9  k= 40 ->  40  advanced        fix={'k': 42, 'k_float': 42.0, 'inliers': 58, 'dx': 30.748016357421875, 'dy': 368.7160339355469, 'scale': 1.3306743545487845, 'second': 56, 'second_k': 38, 'second_dx': 14.971206665039062, 'detail': 'k=42 (42.00) inliers=58 second=56 dx=+31 scale=1.331 window=[38,42] fitted=[38, 39, 40, 41, 42]'}
      |         chain push: 1 chunk(s) of 0.40s, change 19.0, best 19.0, hazards none — one push, so `best` IS the whole leg's travel
      |         chain strafe: 1 chunk(s) of 0.18s, change 13.5, best 13.5, hazards none — one push, so `best` IS the whole leg's travel
      |     it  10  k= 40 ->  43  stalled         fix={'k': 40, 'k_float': 40.0, 'inliers': 46, 'dx': 128.7744140625, 'dy': 359.65673828125, 'scale': 1.2553006259808894, 'second': 43, 'second_k': 41, 'second_dx': 128.6400146484375, 'detail': 'k=40 (40.00) inliers=46 second=43 dx=+129 scale=1.255 window=[39,43] fitted=[39, 40, 41, 42, 43]'}  strafe right 0.18s
      |         chain push: 1 chunk(s) of 0.40s, change 38.4, best 38.4, hazards none — one push, so `best` IS the whole leg's travel
      |         chain strafe: 1 chunk(s) of 0.18s, change 2.1, best 2.1, hazards SHORT — one push, so `best` IS the whole leg's travel
      |     it  11  k= 43 ->  43  advanced        fix={'k': 43, 'k_float': 43.0, 'inliers': 39, 'dx': 129.83050537109375, 'dy': 321.49102783203125, 'scale': 1.3388406288933878, 'second': 35, 'second_k': 41, 'second_dx': 136.1600341796875, 'detail': 'k=43 (43.00) inliers=39 second=35 dx=+130 scale=1.339 window=[39,43] fitted=[39, 40, 41, 42, 43]'}  strafe right 0.18s
      |         chain push: 1 chunk(s) of 0.40s, change 33.0, best 33.0, hazards none — one push, so `best` IS the whole leg's travel
      |         chain strafe: 1 chunk(s) of 0.23s, change 16.5, best 16.5, hazards none — one push, so `best` IS the whole leg's travel
      |     it  12  k= 43 ->  46  stalled         fix={'k': 44, 'k_float': 44.0, 'inliers': 39, 'dx': 162.48004150390625, 'dy': 302.7840270996094, 'scale': 1.4793945383412002, 'second': 35, 'second_k': 46, 'second_dx': 143.48004150390625, 'detail': 'k=44 (44.00) inliers=39 second=35 dx=+162 scale=1.479 window=[42,46] fitted=[42, 43, 44, 45, 46]'}  strafe right 0.23s
      |         chain push: 1 chunk(s) of 0.40s, change 30.3, best 30.3, hazards none — one push, so `best` IS the whole leg's travel
      |         chain strafe: 1 chunk(s) of 0.22s, change 9.4, best 9.4, hazards none — one push, so `best` IS the whole leg's travel
      |     it  13  k= 46 ->  46  advanced        fix={'k': 46, 'k_float': 46.0, 'inliers': 33, 'dx': 161.34002685546875, 'dy': 235.74359130859375, 'scale': 1.6716689075588642, 'second': 33, 'second_k': 45, 'second_dx': 170.9200439453125, 'detail': 'k=46 (46.00) inliers=33 second=33 dx=+161 scale=1.672 window=[42,46] fitted=[42, 43, 44, 45, 46]'}  strafe right 0.22s
      |         chain push: 1 chunk(s) of 0.40s, change 14.7, best 14.7, hazards none — one push, so `best` IS the whole leg's travel
      |         chain strafe: 1 chunk(s) of 0.22s, change 3.6, best 3.6, hazards none — one push, so `best` IS the whole leg's travel
      |     it  14  k= 49 ->  49  advanced        fix={'k': 49, 'k_float': 49.0, 'inliers': 113, 'dx': 156.067626953125, 'dy': 175.92205810546875, 'scale': 1.6817622810564938, 'second': 79, 'second_k': 48, 'second_dx': 171.80810546875, 'detail': 'k=49 (49.00) inliers=113 second=79 dx=+156 scale=1.682 window=[45,49] fitted=[45, 46, 47, 48, 49]'}  strafe right 0.22s
      |         chain push: 1 chunk(s) of 0.40s, change 20.6, best 20.6, hazards none — one push, so `best` IS the whole leg's travel
      |         chain strafe: 1 chunk(s) of 0.25s, change 4.2, best 4.2, hazards none — one push, so `best` IS the whole leg's travel
      |     it  15  k= 52 ->  52  advanced        fix={'k': 52, 'k_float': 52.0, 'inliers': 53, 'dx': 183.09906005859375, 'dy': 121.031982421875, 'scale': 1.7261489781186181, 'second': 39, 'second_k': 51, 'second_dx': 211.94146728515625, 'detail': 'k=52 (52.00) inliers=53 second=39 dx=+183 scale=1.726 window=[48,52] fitted=[48, 49, 50, 51, 52]'}  strafe right 0.25s
      |         chain push: 1 chunk(s) of 0.40s, change 24.8, best 24.8, hazards none — one push, so `best` IS the whole leg's travel
      |         chain strafe: 1 chunk(s) of 0.10s, change 3.6, best 3.6, hazards none — one push, so `best` IS the whole leg's travel
      |     it  16  k= 52 ->  55  stalled         fix={'k': 55, 'k_float': 53.975323794340106, 'inliers': 30, 'dx': 46.90000915527344, 'dy': 250.16001892089844, 'scale': 0.9818397596107116, 'second': 23, 'second_k': 54, 'second_dx': 47.52001953125, 'detail': 'k=55 (53.98) inliers=30 second=23 dx=+47 scale=0.982 window=[51,55] fitted=[51, 52, 53, 54, 55]'}  strafe right 0.10s
      |         chain push: 1 chunk(s) of 0.40s, change 30.9, best 30.9, hazards none — one push, so `best` IS the whole leg's travel
      |         chain strafe: 1 chunk(s) of 0.10s, change 19.9, best 19.9, hazards none — one push, so `best` IS the whole leg's travel
      |     it  17  k= 55 ->  55  advanced-weak   fix={'k': 55, 'k_float': 55.0, 'inliers': 17, 'dx': 48.20001220703125, 'dy': 247.60000610351562, 'scale': 1.0605738330681846, 'second': 6, 'second_k': 54, 'second_dx': 60.22001647949219, 'detail': 'k=55 (55.00) inliers=17 second=6 dx=+48 scale=1.061 window=[51,55] fitted=[54, 55]'}  strafe right 0.10s
      |         chain push: 1 chunk(s) of 0.40s, change 32.7, best 32.7, hazards none — one push, so `best` IS the whole leg's travel
      |         chain strafe: 1 chunk(s) of 0.10s, change 16.5, best 16.5, hazards none — one push, so `best` IS the whole leg's travel
      |     it  18  k= 55 ->  58  stalled         fix={'k': 56, 'k_float': 56.0, 'inliers': 75, 'dx': 43.29681396484375, 'dy': 263.2320556640625, 'scale': 1.214029038594913, 'second': 72, 'second_k': 58, 'second_dx': 45.39350891113281, 'detail': 'k=56 (56.00) inliers=75 second=72 dx=+43 scale=1.214 window=[54,58] fitted=[55, 56, 57, 58]'}  strafe right 0.10s
      |         chain push: 1 chunk(s) of 0.40s, change 26.7, best 26.7, hazards none — one push, so `best` IS the whole leg's travel
      |         chain strafe: 1 chunk(s) of 0.10s, change 6.0, best 6.0, hazards none — one push, so `best` IS the whole leg's travel
      |     it  19  k= 58 ->  58  advanced        fix={'k': 58, 'k_float': 58.0, 'inliers': 47, 'dx': 39.1199951171875, 'dy': 286.50244140625, 'scale': 1.246399148764446, 'second': 45, 'second_k': 57, 'second_dx': 39.3599853515625, 'detail': 'k=58 (58.00) inliers=47 second=45 dx=+39 scale=1.246 window=[54,58] fitted=[55, 56, 57, 58]'}  strafe right 0.10s
      |         chain push: 1 chunk(s) of 0.40s, change 18.1, best 18.1, hazards none — one push, so `best` IS the whole leg's travel
      |         chain strafe: 1 chunk(s) of 0.10s, change 8.2, best 8.2, hazards none — one push, so `best` IS the whole leg's travel
      |     it  20  k= 58 ->  61  stalled         fix={'k': 60, 'k_float': 60.0, 'inliers': 40, 'dx': 37.82402038574219, 'dy': 311.36419677734375, 'scale': 1.2899615678707237, 'second': 31, 'second_k': 59, 'second_dx': 36.28802490234375, 'detail': 'k=60 (60.00) inliers=40 second=31 dx=+38 scale=1.290 window=[57,61] fitted=[57, 58, 59, 60, 61]'}  strafe right 0.10s
      |         chain push: 1 chunk(s) of 0.40s, change 18.6, best 18.6, hazards none — one push, so `best` IS the whole leg's travel
      |     it  21  k= 61 ->  61  advanced-weak   fix={'k': 61, 'k_float': 61.0, 'inliers': 28, 'dx': 34.06402587890625, 'dy': 282.9600524902344, 'scale': 1.3410346111533213, 'second': 23, 'second_k': 59, 'second_dx': 28.51202392578125, 'detail': 'k=61 (61.00) inliers=28 second=23 dx=+34 scale=1.341 window=[57,61] fitted=[57, 58, 59, 60, 61]'}
      |         chain push: 1 chunk(s) of 0.40s, change 18.0, best 18.0, hazards none — one push, so `best` IS the whole leg's travel
      |         chain strafe: 1 chunk(s) of 0.10s, change 6.0, best 6.0, hazards none — one push, so `best` IS the whole leg's travel
      |     it  22  k= 61 ->  64  stalled         fix={'k': 62, 'k_float': 62.0, 'inliers': 79, 'dx': 41.680023193359375, 'dy': 255.24002075195312, 'scale': 1.4259738222932392, 'second': 67, 'second_k': 63, 'second_dx': 44.29443359375, 'detail': 'k=62 (62.00) inliers=79 second=67 dx=+42 scale=1.426 window=[60,64] fitted=[60, 61, 62, 63, 64]'}  strafe right 0.10s
      |         chain push: 1 chunk(s) of 0.40s, change 18.4, best 18.4, hazards none — one push, so `best` IS the whole leg's travel
      |         chain strafe: 1 chunk(s) of 0.10s, change 13.5, best 13.5, hazards none — one push, so `best` IS the whole leg's travel
      |     it  23  k= 61 ->  64  stalled         fix={'k': 61, 'k_float': 61.0, 'inliers': 96, 'dx': 43.78919982910156, 'dy': 263.0915222167969, 'scale': 1.572682644250248, 'second': 92, 'second_k': 64, 'second_dx': 48.666290283203125, 'detail': 'k=61 (61.00) inliers=96 second=92 dx=+44 scale=1.573 window=[60,64] fitted=[60, 61, 62, 63, 64]'}  strafe right 0.10s
      |         chain push: 1 chunk(s) of 0.40s, change 19.1, best 19.1, hazards none — one push, so `best` IS the whole leg's travel
      |     it  24  k= 61 ->  64  stalled         fix={'k': 62, 'k_float': 62.0, 'inliers': 101, 'dx': 28.118438720703125, 'dy': 263.26434326171875, 'scale': 1.6848426597368977, 'second': 95, 'second_k': 60, 'second_dx': 26.63433837890625, 'detail': 'k=62 (62.00) inliers=101 second=95 dx=+28 scale=1.685 window=[60,64] fitted=[60, 61, 62, 63, 64]'}
      |         chain push: 1 chunk(s) of 0.40s, change 20.6, best 20.6, hazards none — one push, so `best` IS the whole leg's travel
      |     it  25  k= 64 ->  64  advanced-past   fix={'k': 61, 'k_float': 61.0, 'inliers': 99, 'dx': 28.248046875, 'dy': 273.6768493652344, 'scale': 1.9246329552956278, 'second': 98, 'second_k': 64, 'second_dx': 33.45414733886719, 'detail': 'k=61 (61.00) inliers=99 second=98 dx=+28 scale=1.925 window=[60,64] fitted=[60, 61, 62, 63, 64]'}
      |     it  26  k= 88 ->  88  turned (skipped, same heading) to 1.3495539744498237  (95 inliers at the stop)
      |         chain push: 1 chunk(s) of 0.40s, change 20.6, best 20.6, hazards none — one push, so `best` IS the whole leg's travel
      |     it  27  k= 89 ->  89  advanced        fix={'k': 91, 'k_float': 91.0, 'inliers': 82, 'dx': 29.057357788085938, 'dy': -17.78411865234375, 'scale': 1.8733847959319085, 'second': 70, 'second_k': 90, 'second_dx': 28.362442016601562, 'detail': 'k=91 (91.00) inliers=82 second=70 dx=+29 scale=1.873 window=[87,91] fitted=[87, 88, 89, 90, 91]'}
      |         chain push: 1 chunk(s) of 0.40s, change 26.6, best 26.6, hazards none — one push, so `best` IS the whole leg's travel
      |     it  28  k= 92 ->  92  blind-advance   fix={'k': 89, 'k_float': 89.0, 'inliers': 17, 'dx': 38.13360595703125, 'dy': -4.325653076171875, 'scale': 2.080100048558651, 'second': 16, 'second_k': 92, 'second_dx': 35.39759826660156, 'detail': 'k=89 (89.00) inliers=17 second=16 dx=+38 scale=2.080 window=[88,92] fitted=[88, 89, 90, 91, 92]'}
      |         chain push: 1 chunk(s) of 0.40s, change 27.1, best 27.1, hazards none — one push, so `best` IS the whole leg's travel
      |         chain strafe: 1 chunk(s) of 0.10s, change 14.0, best 14.0, hazards none — one push, so `best` IS the whole leg's travel
      |     it  29  k= 94 ->  94  advanced        fix={'k': 95, 'k_float': 95.0, 'inliers': 35, 'dx': 52.577423095703125, 'dy': -27.601837158203125, 'scale': 1.9866155699626065, 'second': 15, 'second_k': 94, 'second_dx': 44.29608154296875, 'detail': 'k=95 (95.00) inliers=35 second=15 dx=+53 scale=1.987 window=[91,95] fitted=[91, 92, 93, 94, 95]'}  strafe right 0.10s
      |         chain push: 1 chunk(s) of 0.40s, change 27.1, best 27.1, hazards none — one push, so `best` IS the whole leg's travel
      |     it  30  k= 96 ->  96  advanced        fix={'k': 97, 'k_float': 97.0, 'inliers': 62, 'dx': 27.480392456054688, 'dy': -24.378982543945312, 'scale': 2.175021943600846, 'second': 45, 'second_k': 96, 'second_dx': 29.710845947265625, 'detail': 'k=97 (97.00) inliers=62 second=45 dx=+27 scale=2.175 window=[93,97] fitted=[93, 94, 95, 96, 97]'}
      |         chain push: 1 chunk(s) of 0.40s, change 21.1, best 21.1, hazards none — one push, so `best` IS the whole leg's travel
      |     it  31  k= 98 ->  98  advanced        fix={'k': 99, 'k_float': 99.0, 'inliers': 67, 'dx': 28.175811767578125, 'dy': -41.866485595703125, 'scale': 2.3415303460576125, 'second': 59, 'second_k': 97, 'second_dx': 35.175811767578125, 'detail': 'k=99 (99.00) inliers=67 second=59 dx=+28 scale=2.342 window=[95,99] fitted=[95, 96, 97, 98, 99]'}
      |         chain push: 1 chunk(s) of 0.40s, change 20.1, best 20.1, hazards none — one push, so `best` IS the whole leg's travel
      |     it  32  k=100 -> 100  advanced        fix={'k': 100, 'k_float': 100.0, 'inliers': 47, 'dx': 23.222503662109375, 'dy': -61.74969482421875, 'scale': 2.727222673128865, 'second': 44, 'second_k': 101, 'second_dx': -107.60809326171875, 'detail': 'k=100 (100.00) inliers=47 second=44 dx=+23 scale=2.727 window=[97,101] fitted=[97, 98, 99, 100, 101]'}
      |         chain push: 1 chunk(s) of 0.40s, change 21.9, best 21.9, hazards none — one push, so `best` IS the whole leg's travel
      |     it  33  k=102 -> 102  advanced-weak   fix={'k': 103, 'k_float': 103.0, 'inliers': 19, 'dx': -166.03712463378906, 'dy': -114.17544555664062, 'scale': 3.2480900531148764, 'second': 16, 'second_k': 102, 'second_dx': -171.30068969726562, 'detail': 'k=103 (103.00) inliers=19 second=16 dx=-166 scale=3.248 window=[99,103] fitted=[99, 100, 101, 102, 103]'}
      |         chain push: 1 chunk(s) of 0.40s, change 29.2, best 29.2, hazards none — one push, so `best` IS the whole leg's travel
      |     it  34  k=104 -> 104  blind-advance   fix=None
      |         chain push: 1 chunk(s) of 0.40s, change 50.4, best 50.4, hazards none — one push, so `best` IS the whole leg's travel
      |     it  35  k=107 -> 107  blind-advance   fix={'k': 107, 'k_float': 107.0, 'inliers': 6, 'dx': 102.87364196777344, 'dy': 268.0128173828125, 'scale': 0.6253381621779687, 'second': 0, 'second_k': None, 'second_dx': 0.0, 'detail': 'k=107 (107.00) inliers=6 second=0 dx=+103 scale=0.625 window=[103,107] fitted=[107]'}
      |         chain push: 1 chunk(s) of 0.40s, change 47.7, best 47.7, hazards none — one push, so `best` IS the whole leg's travel
      |     it  36  k=109 -> 109  blind-advance   fix={'k': 106, 'k_float': 106.0, 'inliers': 6, 'dx': -221.15997314453125, 'dy': 76.30000305175781, 'scale': 0.044040451666192665, 'second': 0, 'second_k': None, 'second_dx': 0.0, 'detail': 'k=106 (106.00) inliers=6 second=0 dx=-221 scale=0.044 window=[106,110] fitted=[106]'}
      |         chain push: 1 chunk(s) of 0.40s, change 36.0, best 36.0, hazards none — one push, so `best` IS the whole leg's travel
      |     it  37  k=109 -> 112  turn-early: blind with the budget spent and a turn stop at 129 within 3 targets — turning to 303.34476843910807 now instead of pushing into whatever is in front
      |         turn to 303.3: NO compass reading, abandoned BEFORE turning — the caller's 'got --' is an unread heading, not a heading that was reached
      |         turn to 278.3: NO compass reading, abandoned BEFORE turning — the caller's 'got --' is an unread heading, not a heading that was reached
      |         turn to 328.3: TURNED to 327.0 (err +1.3) in 2 push(es), asked +34.7 deg, stick 0.75s
      |         turn to 303.3: NO compass reading, abandoned BEFORE turning — the caller's 'got --' is an unread heading, not a heading that was reached
      |         chain back: 1 chunk(s) of 0.50s, change 51.6, best 51.6, hazards none — one push, so `best` IS the whole leg's travel
      |     it  38  k=109 -> 129  turn-back: nothing fits head-on or either side; one step back for clearance
      |         turn to 278.3: TURNED to 281.4 (err -3.0) in 1 push(es), asked -27.7 deg, stick 0.40s
      |         turn to 303.3: TURNED to 301.2 (err +2.2) in 1 push(es), asked +22.0 deg, stick 0.40s
      |         turn to 284.2: TURNED to 287.6 (err -3.3) in 2 push(es), asked -17.0 deg, stick 0.40s
      |     it  39  k=129 -> 129  turned-looked (skipped, same heading) to 303.34476843910807  (169 inliers at the stop)  STOP YAW -19.1 deg on -377 px, no strafe
      |         turn to 280.7: TURNED to 282.2 (err -1.5) in 1 push(es), asked -6.9 deg, stick 0.15s
      |         chain push: 1 chunk(s) of 0.40s, change 39.3, best 39.3, hazards none — one push, so `best` IS the whole leg's travel
      |     it  40  k=129 -> 130  stalled         fix={'k': 130, 'k_float': 130.0, 'inliers': 191, 'dx': 29.376007080078125, 'dy': -36.0, 'scale': 0.9879348097898948, 'second': 129, 'second_k': 129, 'second_dx': 97.0, 'detail': 'k=130 (130.00) inliers=191 second=129 dx=+29 scale=0.988 window=[128,132] fitted=[128, 129, 130, 131, 132]'}
      |         chain push: 1 chunk(s) of 0.40s, change 30.9, best 30.9, hazards none — one push, so `best` IS the whole leg's travel
      |         chain strafe: 1 chunk(s) of 0.16s, change 6.2, best 6.2, hazards none — one push, so `best` IS the whole leg's travel
      |     it  41  k=129 -> 130  stalled         fix={'k': 129, 'k_float': 129.0, 'inliers': 128, 'dx': 114.0, 'dy': -39.7440185546875, 'scale': 1.0989112130767793, 'second': 127, 'second_k': 130, 'second_dx': 45.0, 'detail': 'k=129 (129.00) inliers=128 second=127 dx=+114 scale=1.099 window=[128,132] fitted=[128, 129, 130, 131, 132]'}  strafe right 0.16s
      |         chain push: 1 chunk(s) of 0.40s, change 14.0, best 14.0, hazards none — one push, so `best` IS the whole leg's travel
      |         chain strafe: 1 chunk(s) of 0.13s, change 11.8, best 11.8, hazards none — one push, so `best` IS the whole leg's travel
      |     it  42  k=129 -> 130  stalled         fix={'k': 129, 'k_float': 129.0, 'inliers': 170, 'dx': 94.08001708984375, 'dy': -46.91197204589844, 'scale': 1.2889101820609468, 'second': 168, 'second_k': 131, 'second_dx': -1.0999755859375, 'detail': 'k=129 (129.00) inliers=170 second=168 dx=+94 scale=1.289 window=[128,132] fitted=[128, 129, 130, 131, 132]'}  strafe right 0.13s
      |         chain push: 1 chunk(s) of 0.40s, change 9.6, best 9.6, hazards none — one push, so `best` IS the whole leg's travel
      |     it  43  k=130 -> 130  blind-advance   fix={'k': 132, 'k_float': 131.95208381713545, 'inliers': 10, 'dx': -143.59811401367188, 'dy': -20.89727783203125, 'scale': 0.9797198296614499, 'second': 10, 'second_k': 128, 'second_dx': 41.17729949951172, 'detail': 'k=132 (131.95) inliers=10 second=10 dx=-144 scale=0.980 window=[128,132] fitted=[128, 129, 130, 131, 132]'}
      |         turn to 279.2: NO-OP, already inside 4.0 deg (at 282.2, err -3.0) — nothing was sent, the recorded curve was discarded, and the caller's step line will look like a turn that happened
      |         chain push: 1 chunk(s) of 0.40s, change 7.1, best 7.1, hazards none — one push, so `best` IS the whole leg's travel
      |         chain strafe: 1 chunk(s) of 0.10s, change 9.3, best 9.3, hazards none — one push, so `best` IS the whole leg's travel
      |     it  44  k=133 -> 133  advanced        fix={'k': 133, 'k_float': 133.0, 'inliers': 29, 'dx': -40.89599609375, 'dy': -57.600006103515625, 'scale': 1.207148003845269, 'second': 26, 'second_k': 129, 'second_dx': 45.160003662109375, 'detail': 'k=133 (133.00) inliers=29 second=26 dx=-41 scale=1.207 window=[129,133] fitted=[129, 130, 131, 132, 133]'}  strafe left 0.10s
      |         chain push: 1 chunk(s) of 0.40s, change 15.9, best 15.9, hazards none — one push, so `best` IS the whole leg's travel
      |         chain strafe: 1 chunk(s) of 0.10s, change 6.2, best 6.2, hazards none — one push, so `best` IS the whole leg's travel
      |     it  45  k=136 -> 136  advanced        fix={'k': 136, 'k_float': 136.0, 'inliers': 194, 'dx': 51.576019287109375, 'dy': -67.27598571777344, 'scale': 1.2662623673287576, 'second': 140, 'second_k': 132, 'second_dx': 33.74003601074219, 'detail': 'k=136 (136.00) inliers=194 second=140 dx=+52 scale=1.266 window=[132,136] fitted=[132, 133, 134, 135, 136]'}  strafe right 0.10s
      |         chain push: 1 chunk(s) of 0.40s, change 22.4, best 22.4, hazards none — one push, so `best` IS the whole leg's travel
      |         chain strafe: 1 chunk(s) of 0.14s, change 12.3, best 12.3, hazards none — one push, so `best` IS the whole leg's travel
      |     it  46  k=139 -> 139  advanced        fix={'k': 139, 'k_float': 139.0, 'inliers': 195, 'dx': 103.91998291015625, 'dy': -61.055999755859375, 'scale': 1.1967630755886398, 'second': 171, 'second_k': 135, 'second_dx': 80.52487182617188, 'detail': 'k=139 (139.00) inliers=195 second=171 dx=+104 scale=1.197 window=[135,139] fitted=[135, 136, 137, 138, 139]'}  strafe right 0.14s
      |         chain push: 1 chunk(s) of 0.40s, change 32.2, best 32.2, hazards none — one push, so `best` IS the whole leg's travel
      |         chain strafe: 1 chunk(s) of 0.18s, change 32.5, best 32.5, hazards none — one push, so `best` IS the whole leg's travel
      |     it  47  k=142 -> 142  advanced        fix={'k': 142, 'k_float': 142.0, 'inliers': 185, 'dx': 127.18081665039062, 'dy': -71.99998474121094, 'scale': 1.2561588348367836, 'second': 174, 'second_k': 138, 'second_dx': 89.89755249023438, 'detail': 'k=142 (142.00) inliers=185 second=174 dx=+127 scale=1.256 window=[138,142] fitted=[138, 139, 140, 141, 142]'}  strafe right 0.18s
      |         turn to 2.2: TURNED to 2.1 (err +0.2) in 2 push(es), asked +80.0 deg, stick 1.22s
      |     it  48  k=166 -> 166  turned to 2.2489998976495684  (167 inliers at the stop)
      |         chain push: 1 chunk(s) of 0.40s, change 35.4, best 35.4, hazards none — one push, so `best` IS the whole leg's travel
      |     it  49  k=167 -> 167  advanced        fix={'k': 169, 'k_float': 169.0, 'inliers': 129, 'dx': -18.413558959960938, 'dy': -106.55999755859375, 'scale': 1.1854582796710558, 'second': 127, 'second_k': 166, 'second_dx': 21.499114990234375, 'detail': 'k=169 (169.00) inliers=129 second=127 dx=-18 scale=1.185 window=[165,169] fitted=[165, 166, 167, 168, 169]'}
      |         turn to 4.3: NO-OP, already inside 4.0 deg (at 2.4, err +1.8) — nothing was sent, the recorded curve was discarded, and the caller's step line will look like a turn that happened
      |         chain push: 1 chunk(s) of 0.40s, change 35.4, best 35.4, hazards none — one push, so `best` IS the whole leg's travel
      |         chain strafe: 1 chunk(s) of 0.10s, change 4.2, best 4.2, hazards none — one push, so `best` IS the whole leg's travel
      |     it  50  k=169 -> 169  advanced        fix={'k': 170, 'k_float': 170.0, 'inliers': 81, 'dx': -53.52000427246094, 'dy': -122.34239196777344, 'scale': 1.33740447915337, 'second': 79, 'second_k': 166, 'second_dx': 104.37127685546875, 'detail': 'k=170 (170.00) inliers=81 second=79 dx=-54 scale=1.337 window=[166,170] fitted=[166, 167, 168, 169, 170]'}  strafe left 0.10s
      |         turn to 2.2: NO-OP, already inside 4.0 deg (at 2.4, err -0.2) — nothing was sent, the recorded curve was discarded, and the caller's step line will look like a turn that happened
      |         chain push: 1 chunk(s) of 0.40s, change 26.5, best 26.5, hazards none — one push, so `best` IS the whole leg's travel
      |         chain strafe: 1 chunk(s) of 0.11s, change 16.2, best 16.2, hazards none — one push, so `best` IS the whole leg's travel
      |     it  51  k=171 -> 171  advanced        fix={'k': 172, 'k_float': 172.0, 'inliers': 69, 'dx': -76.72320556640625, 'dy': -124.79998779296875, 'scale': 1.3427153667374028, 'second': 60, 'second_k': 171, 'second_dx': -87.1478271484375, 'detail': 'k=172 (172.00) inliers=69 second=60 dx=-77 scale=1.343 window=[168,172] fitted=[168, 169, 170, 171, 172]'}  strafe left 0.11s
      |         chain push: 1 chunk(s) of 0.40s, change 30.2, best 30.2, hazards none — one push, so `best` IS the whole leg's travel
      |     it  52  k=173 -> 173  advanced        fix={'k': 173, 'k_float': 173.0, 'inliers': 64, 'dx': -2.835174560546875, 'dy': -135.91293334960938, 'scale': 1.7204014331880813, 'second': 55, 'second_k': 174, 'second_dx': 5.91204833984375, 'detail': 'k=173 (173.00) inliers=64 second=55 dx=-3 scale=1.720 window=[170,174] fitted=[170, 171, 172, 173, 174]'}
      |         chain push: 1 chunk(s) of 0.40s, change 33.3, best 33.3, hazards none — one push, so `best` IS the whole leg's travel
      |     it  53  k=176 -> 176  advanced        fix={'k': 176, 'k_float': 176.0, 'inliers': 69, 'dx': 26.112030029296875, 'dy': -152.1331024169922, 'scale': 1.7420309750720175, 'second': 48, 'second_k': 174, 'second_dx': 2.3560791015625, 'detail': 'k=176 (176.00) inliers=69 second=48 dx=+26 scale=1.742 window=[172,176] fitted=[172, 173, 174, 175, 176]'}
      |         turn to 89.5: TURNED to 89.9 (err -0.4) in 1 push(es), asked +87.0 deg, stick 1.16s
      |         chain strafe: 1 chunk(s) of 0.22s, change 22.7, best 22.7, hazards none — one push, so `best` IS the whole leg's travel
      |     it  54  k=196 -> 196  turned-aligned to 89.491477293153  (100 inliers at the stop)
      |         chain push: 1 chunk(s) of 0.40s, change 31.7, best 31.7, hazards none — one push, so `best` IS the whole leg's travel
      |         chain strafe: 1 chunk(s) of 0.15s, change 17.1, best 17.1, hazards none — one push, so `best` IS the whole leg's travel
      |     it  55  k=197 -> 197  advanced        fix={'k': 199, 'k_float': 199.0, 'inliers': 102, 'dx': 108.0, 'dy': -57.600006103515625, 'scale': 1.0935498169519224, 'second': 101, 'second_k': 195, 'second_dx': 101.66403198242188, 'detail': 'k=199 (199.00) inliers=102 second=101 dx=+108 scale=1.094 window=[195,199] fitted=[195, 196, 197, 198, 199]'}  strafe right 0.15s
      |         chain push: 1 chunk(s) of 0.40s, change 39.0, best 39.0, hazards none — one push, so `best` IS the whole leg's travel
      |         chain strafe: 1 chunk(s) of 0.11s, change 26.2, best 26.2, hazards none — one push, so `best` IS the whole leg's travel
      |     it  56  k=197 -> 200  stalled         fix={'k': 197, 'k_float': 197.0, 'inliers': 106, 'dx': 78.25544738769531, 'dy': -14.974365234375, 'scale': 1.5875214621810272, 'second': 96, 'second_k': 200, 'second_dx': 88.5809326171875, 'detail': 'k=197 (197.00) inliers=106 second=96 dx=+78 scale=1.588 window=[196,200] fitted=[196, 197, 198, 199, 200]'}  strafe right 0.11s
      |         chain push: 1 chunk(s) of 0.40s, change 49.0, best 49.0, hazards none — one push, so `best` IS the whole leg's travel
      |   chain_walk: ARRIVED at iteration 57, k=197 (target 200 of 204), 51 push(es)
[12] ARRIVED   ESCAPE_GATE-on k=197/205  it=57  pushes=51  seconds=94.7 (walk 79.73, setup 13.2)  failure=None
      |   arm: ESCAPE_GATE = False
      |   pause menu open (selected 'Resume')
      |   selected: Load Last Save
      |   confirmation dialog up (delta 81.6) -> YES
      |   world back after 3.2s, spawn bearing 87 (E)
      |   setup 13.0s (reset 10.2s, Chain.load 2.7s for 205 waypoints) of a 180s budget
      |   chain_walk: 205 waypoints -> plan of 47 targets (41 push, 6 turn-only); the prompt is checked on every iteration; k rises by at most 1 per iteration, so >= 47 iteration(s). The 180s cap allows 3.83s each. At the last waypoint the walk may spend 3 more iteration(s) — 0.540 walk-units of forward push against OPEN-22's measured 0.05 — and then gives up rather than walking on past the table.
      |         turn to 271.3: TURNED to 270.5 (err +0.8) in 2 push(es), asked -175.7 deg, stick 2.50s
      |     it   1  k=  3 ->   3  turned to 271.3168428039934  (196 inliers at the stop)
      |         chain push: 1 chunk(s) of 0.40s, change 20.4, best 20.4, hazards none — one push, so `best` IS the whole leg's travel
      |     it   2  k=  4 ->   4  advanced        fix={'k': 6, 'k_float': 6.0, 'inliers': 40, 'dx': -25.179996490478516, 'dy': -1.608001708984375, 'scale': 1.1297591081826555, 'second': 29, 'second_k': 2, 'second_dx': -49.20000076293945, 'detail': 'k=6 (6.00) inliers=40 second=29 dx=-25 scale=1.130 window=[2,6] fitted=[2, 3, 4, 5, 6]'}
      |         chain push: 1 chunk(s) of 0.40s, change 18.2, best 18.2, hazards none — one push, so `best` IS the whole leg's travel
      |     it   3  k=  7 ->   7  advanced-weak   fix={'k': 7, 'k_float': 7.0, 'inliers': 23, 'dx': -10.655975341796875, 'dy': 27.37158203125, 'scale': 1.2608304993401125, 'second': 16, 'second_k': 6, 'second_dx': -15.696014404296875, 'detail': 'k=7 (7.00) inliers=23 second=16 dx=-11 scale=1.261 window=[3,7] fitted=[3, 4, 5, 6, 7]'}
      |         chain push: 1 chunk(s) of 0.40s, change 16.4, best 16.4, hazards none — one push, so `best` IS the whole leg's travel
      |     it   4  k= 10 ->  10  advanced-weak   fix={'k': 10, 'k_float': 10.0, 'inliers': 17, 'dx': -45.61918640136719, 'dy': 31.518768310546875, 'scale': 1.2646676740391893, 'second': 11, 'second_k': 8, 'second_dx': -42.23228454589844, 'detail': 'k=10 (10.00) inliers=17 second=11 dx=-46 scale=1.265 window=[6,10] fitted=[7, 8, 9, 10]'}
      |         chain push: 1 chunk(s) of 0.40s, change 11.8, best 11.8, hazards none — one push, so `best` IS the whole leg's travel
      |     it   5  k= 13 ->  13  blind-advance   fix={'k': 13, 'k_float': 13.0, 'inliers': 8, 'dx': -93.44735717773438, 'dy': 39.43186950683594, 'scale': 1.1394619052186015, 'second': 8, 'second_k': 9, 'second_dx': -94.49737548828125, 'detail': 'k=13 (13.00) inliers=8 second=8 dx=-93 scale=1.139 window=[9,13] fitted=[9, 11, 12, 13]'}
      |         chain push: 1 chunk(s) of 0.40s, change 10.1, best 10.1, hazards none — one push, so `best` IS the whole leg's travel
      |     it   6  k= 16 ->  16  blind-advance   fix=None
      |         chain push: 1 chunk(s) of 0.40s, change 8.4, best 8.4, hazards none — one push, so `best` IS the whole leg's travel
      |     it   7  k= 19 ->  19  blind-advance   fix=None
      |         chain push: 1 chunk(s) of 0.40s, change 7.8, best 7.8, hazards none — one push, so `best` IS the whole leg's travel
      |     it   8  k= 19 ->  39  door-step 1/1: one more push along 271.3 before the stop turns (the frame after it fits 0 inliers, scale None)
      |         turn to 1.6: TURNED to 357.8 (err +3.8) in 1 push(es), asked +91.1 deg, stick 1.22s
      |         chain strafe: 1 chunk(s) of 0.15s, change 10.1, best 10.1, hazards none — one push, so `best` IS the whole leg's travel
      |     it   8  k= 39 ->  39  turned-aligned to 1.6055901753868653  (85 inliers at the stop)
      |         chain push: 1 chunk(s) of 0.40s, change 14.5, best 14.5, hazards none — one push, so `best` IS the whole leg's travel
      |     it   9  k= 40 ->  40  advanced        fix={'k': 42, 'k_float': 42.0, 'inliers': 72, 'dx': 23.952011108398438, 'dy': 355.4276123046875, 'scale': 1.2816279786757694, 'second': 59, 'second_k': 40, 'second_dx': 12.441604614257812, 'detail': 'k=42 (42.00) inliers=72 second=59 dx=+24 scale=1.282 window=[38,42] fitted=[38, 39, 40, 41, 42]'}
      |         chain push: 1 chunk(s) of 0.40s, change 21.0, best 21.0, hazards none — one push, so `best` IS the whole leg's travel
      |         chain strafe: 1 chunk(s) of 0.17s, change 3.9, best 3.9, hazards none — one push, so `best` IS the whole leg's travel
      |     it  10  k= 40 ->  43  stalled         fix={'k': 39, 'k_float': 39.0, 'inliers': 39, 'dx': 119.52008056640625, 'dy': 369.0677185058594, 'scale': 1.2528179298123547, 'second': 35, 'second_k': 43, 'second_dx': 112.96978759765625, 'detail': 'k=39 (39.00) inliers=39 second=35 dx=+120 scale=1.253 window=[39,43] fitted=[39, 40, 41, 42, 43]'}  strafe right 0.17s
      |         chain push: 1 chunk(s) of 0.40s, change 37.7, best 37.7, hazards none — one push, so `best` IS the whole leg's travel
      |         chain strafe: 1 chunk(s) of 0.19s, change 18.3, best 18.3, hazards none — one push, so `best` IS the whole leg's travel
      |     it  11  k= 43 ->  43  advanced        fix={'k': 43, 'k_float': 43.0, 'inliers': 39, 'dx': 140.0, 'dy': 323.0, 'scale': 1.3362739753507302, 'second': 38, 'second_k': 41, 'second_dx': 147.3343505859375, 'detail': 'k=43 (43.00) inliers=39 second=38 dx=+140 scale=1.336 window=[39,43] fitted=[39, 40, 41, 42, 43]'}  strafe right 0.19s
      |         chain push: 1 chunk(s) of 0.40s, change 34.3, best 34.3, hazards none — one push, so `best` IS the whole leg's travel
      |         chain strafe: 1 chunk(s) of 0.19s, change 17.2, best 17.2, hazards none — one push, so `best` IS the whole leg's travel
      |     it  12  k= 46 ->  46  advanced        fix={'k': 46, 'k_float': 46.0, 'inliers': 39, 'dx': 133.67816162109375, 'dy': 265.0062255859375, 'scale': 1.397536545758042, 'second': 34, 'second_k': 43, 'second_dx': 157.87838745117188, 'detail': 'k=46 (46.00) inliers=39 second=34 dx=+134 scale=1.398 window=[42,46] fitted=[42, 43, 44, 45, 46]'}  strafe right 0.19s
      |         chain push: 1 chunk(s) of 0.40s, change 23.1, best 23.1, hazards none — one push, so `best` IS the whole leg's travel
      |         chain strafe: 1 chunk(s) of 0.14s, change 7.0, best 7.0, hazards none — one push, so `best` IS the whole leg's travel
      |     it  13  k= 49 ->  49  advanced        fix={'k': 49, 'k_float': 49.0, 'inliers': 151, 'dx': 101.800048828125, 'dy': 233.20001220703125, 'scale': 1.3689135754244814, 'second': 113, 'second_k': 48, 'second_dx': 122.34246826171875, 'detail': 'k=49 (49.00) inliers=151 second=113 dx=+102 scale=1.369 window=[45,49] fitted=[45, 46, 47, 48, 49]'}  strafe right 0.14s
      |         chain push: 1 chunk(s) of 0.40s, change 13.3, best 13.3, hazards none — one push, so `best` IS the whole leg's travel
      |         chain strafe: 1 chunk(s) of 0.15s, change 3.6, best 3.6, hazards none — one push, so `best` IS the whole leg's travel
      |     it  14  k= 49 ->  52  stalled         fix={'k': 50, 'k_float': 50.0, 'inliers': 162, 'dx': 108.63204956054688, 'dy': 200.12002563476562, 'scale': 1.4852382820603498, 'second': 156, 'second_k': 51, 'second_dx': 82.27203369140625, 'detail': 'k=50 (50.00) inliers=162 second=156 dx=+109 scale=1.485 window=[48,52] fitted=[48, 49, 50, 51, 52]'}  strafe right 0.15s
      |         chain push: 1 chunk(s) of 0.40s, change 18.8, best 18.8, hazards none — one push, so `best` IS the whole leg's travel
      |         chain strafe: 1 chunk(s) of 0.19s, change 3.6, best 3.6, hazards none — one push, so `best` IS the whole leg's travel
      |     it  15  k= 52 ->  52  advanced        fix={'k': 52, 'k_float': 52.0, 'inliers': 83, 'dx': 136.20001220703125, 'dy': 159.88296508789062, 'scale': 1.5739019952049305, 'second': 76, 'second_k': 51, 'second_dx': 166.84237670898438, 'detail': 'k=52 (52.00) inliers=83 second=76 dx=+136 scale=1.574 window=[48,52] fitted=[48, 49, 50, 51, 52]'}  strafe right 0.19s
      |         chain push: 1 chunk(s) of 0.40s, change 28.3, best 28.3, hazards none — one push, so `best` IS the whole leg's travel
      |         chain strafe: 1 chunk(s) of 0.10s, change 5.1, best 5.1, hazards none — one push, so `best` IS the whole leg's travel
      |     it  16  k= 55 ->  55  advanced        fix={'k': 55, 'k_float': 52.021738703303654, 'inliers': 33, 'dx': 43.13092041015625, 'dy': 244.27015686035156, 'scale': 1.1241686900141807, 'second': 16, 'second_k': 54, 'second_dx': 47.34638977050781, 'detail': 'k=55 (52.02) inliers=33 second=16 dx=+43 scale=1.124 window=[51,55] fitted=[52, 53, 54, 55]'}  strafe right 0.10s
      |         chain push: 1 chunk(s) of 0.40s, change 31.1, best 31.1, hazards none — one push, so `best` IS the whole leg's travel
      |         chain strafe: 1 chunk(s) of 0.10s, change 19.3, best 19.3, hazards none — one push, so `best` IS the whole leg's travel
      |     it  17  k= 58 ->  58  advanced        fix={'k': 58, 'k_float': 58.0, 'inliers': 99, 'dx': 49.0, 'dy': 278.2080383300781, 'scale': 1.0850491465181458, 'second': 84, 'second_k': 56, 'second_dx': 46.87200927734375, 'detail': 'k=58 (58.00) inliers=99 second=84 dx=+49 scale=1.085 window=[54,58] fitted=[54, 55, 56, 57, 58]'}  strafe right 0.10s
      |         chain push: 1 chunk(s) of 0.40s, change 19.8, best 19.8, hazards none — one push, so `best` IS the whole leg's travel
      |         chain strafe: 1 chunk(s) of 0.10s, change 19.3, best 19.3, hazards none — one push, so `best` IS the whole leg's travel
      |     it  18  k= 61 ->  61  advanced        fix={'k': 61, 'k_float': 61.0, 'inliers': 130, 'dx': 45.600006103515625, 'dy': 301.0, 'scale': 1.0830098384237004, 'second': 128, 'second_k': 59, 'second_dx': 43.000030517578125, 'detail': 'k=61 (61.00) inliers=130 second=128 dx=+46 scale=1.083 window=[57,61] fitted=[57, 58, 59, 60, 61]'}  strafe right 0.10s
      |         chain push: 1 chunk(s) of 0.40s, change 26.8, best 26.8, hazards none — one push, so `best` IS the whole leg's travel
      |         chain strafe: 1 chunk(s) of 0.10s, change 16.0, best 16.0, hazards none — one push, so `best` IS the whole leg's travel
      |     it  19  k= 61 ->  64  stalled         fix={'k': 63, 'k_float': 63.0, 'inliers': 138, 'dx': 41.78190612792969, 'dy': 297.5020446777344, 'scale': 1.0650929330313061, 'second': 109, 'second_k': 62, 'second_dx': 36.864013671875, 'detail': 'k=63 (63.00) inliers=138 second=109 dx=+42 scale=1.065 window=[60,64] fitted=[60, 61, 62, 63, 64]'}  strafe right 0.10s
      |         chain push: 1 chunk(s) of 0.40s, change 17.7, best 17.7, hazards none — one push, so `best` IS the whole leg's travel
      |         chain strafe: 1 chunk(s) of 0.10s, change 10.0, best 10.0, hazards none — one push, so `best` IS the whole leg's travel
      |     it  20  k= 64 ->  64  advanced        fix={'k': 64, 'k_float': 64.0, 'inliers': 143, 'dx': 37.3248291015625, 'dy': 298.5984802246094, 'scale': 1.0556062621711253, 'second': 124, 'second_k': 63, 'second_dx': 67.1923828125, 'detail': 'k=64 (64.00) inliers=143 second=124 dx=+37 scale=1.056 window=[60,64] fitted=[60, 61, 62, 63, 64]'}  strafe right 0.10s
      |     it  21  k= 88 ->  88  turned (skipped, same heading) to 1.3495539744498237  (124 inliers at the stop)
      |         chain push: 1 chunk(s) of 0.40s, change 11.6, best 11.6, hazards none — one push, so `best` IS the whole leg's travel
      |     it  22  k= 88 ->  89  stalled         fix={'k': 89, 'k_float': 88.88604709661766, 'inliers': 115, 'dx': 27.37152099609375, 'dy': 18.720001220703125, 'scale': 0.9988521900046308, 'second': 97, 'second_k': 87, 'second_dx': 27.37152099609375, 'detail': 'k=89 (88.89) inliers=115 second=97 dx=+27 scale=0.999 window=[87,91] fitted=[87, 88, 89, 90, 91]'}
      |         chain push: 1 chunk(s) of 0.40s, change 14.3, best 14.3, hazards none — one push, so `best` IS the whole leg's travel
      |         chain strafe: 1 chunk(s) of 0.10s, change 2.4, best 2.4, hazards SHORT — one push, so `best` IS the whole leg's travel
      |     it  23  k= 88 ->  89  stalled         fix={'k': 88, 'k_float': 90.78453754515023, 'inliers': 98, 'dx': 40.32000732421875, 'dy': 19.0, 'scale': 1.05500101147376, 'second': 95, 'second_k': 87, 'second_dx': 40.0, 'detail': 'k=88 (90.78) inliers=98 second=95 dx=+40 scale=1.055 window=[87,91] fitted=[87, 88, 89, 90, 91]'}  strafe right 0.10s
      |         chain push: 1 chunk(s) of 0.40s, change 15.3, best 15.3, hazards none — one push, so `best` IS the whole leg's travel
      |         chain strafe: 1 chunk(s) of 0.10s, change 10.0, best 10.0, hazards none — one push, so `best` IS the whole leg's travel
      |     it  24  k= 88 ->  89  stalled         fix={'k': 88, 'k_float': 88.0, 'inliers': 88, 'dx': 56.180023193359375, 'dy': 19.501785278320312, 'scale': 1.1032987275932367, 'second': 80, 'second_k': 87, 'second_dx': 58.23779296875, 'detail': 'k=88 (88.00) inliers=88 second=80 dx=+56 scale=1.103 window=[87,91] fitted=[87, 88, 89, 90, 91]'}  strafe right 0.10s
      |         chain push: 1 chunk(s) of 0.40s, change 16.1, best 16.1, hazards none — one push, so `best` IS the whole leg's travel
      |     it  25  k= 88 ->  89  escape:jump     fix={'k': 87, 'k_float': 87.0, 'inliers': 102, 'dx': 25.919998168945312, 'dy': 6.3548126220703125, 'scale': 1.1640433674594781, 'second': 98, 'second_k': 88, 'second_dx': 26.400009155273438, 'detail': 'k=87 (87.00) inliers=102 second=98 dx=+26 scale=1.164 window=[87,91] fitted=[87, 88, 89, 90, 91]'}
      |         chain push: 1 chunk(s) of 0.40s, change 23.5, best 23.5, hazards none — one push, so `best` IS the whole leg's travel
      |     it  26  k= 89 ->  89  advanced        fix={'k': 91, 'k_float': 91.0, 'inliers': 75, 'dx': 27.240020751953125, 'dy': -45.619171142578125, 'scale': 1.220103920693434, 'second': 67, 'second_k': 89, 'second_dx': 29.904022216796875, 'detail': 'k=91 (91.00) inliers=75 second=67 dx=+27 scale=1.220 window=[87,91] fitted=[87, 88, 89, 90, 91]'}
      |         chain push: 1 chunk(s) of 0.40s, change 16.2, best 16.2, hazards none — one push, so `best` IS the whole leg's travel
      |     it  27  k= 89 ->  92  stalled         fix={'k': 89, 'k_float': 89.0, 'inliers': 84, 'dx': 24.96002197265625, 'dy': -26.456436157226562, 'scale': 1.4309011442522, 'second': 73, 'second_k': 92, 'second_dx': 22.75201416015625, 'detail': 'k=89 (89.00) inliers=84 second=73 dx=+25 scale=1.431 window=[88,92] fitted=[88, 89, 90, 91, 92]'}
      |         chain push: 1 chunk(s) of 0.40s, change 17.0, best 17.0, hazards none — one push, so `best` IS the whole leg's travel
      |     it  28  k= 92 ->  92  advanced        fix={'k': 92, 'k_float': 92.0, 'inliers': 76, 'dx': 22.96002197265625, 'dy': -29.908126831054688, 'scale': 1.461482024178843, 'second': 74, 'second_k': 89, 'second_dx': 25.84002685546875, 'detail': 'k=92 (92.00) inliers=76 second=74 dx=+23 scale=1.461 window=[88,92] fitted=[88, 89, 90, 91, 92]'}
      |         chain push: 1 chunk(s) of 0.40s, change 20.3, best 20.3, hazards none — one push, so `best` IS the whole leg's travel
      |     it  29  k= 94 ->  94  advanced        fix={'k': 95, 'k_float': 95.0, 'inliers': 100, 'dx': 24.921646118164062, 'dy': -0.0719451904296875, 'scale': 1.4243959063603169, 'second': 70, 'second_k': 92, 'second_dx': 27.432022094726562, 'detail': 'k=95 (95.00) inliers=100 second=70 dx=+25 scale=1.424 window=[91,95] fitted=[91, 92, 93, 94, 95]'}
      |         chain push: 1 chunk(s) of 0.40s, change 22.8, best 22.8, hazards none — one push, so `best` IS the whole leg's travel
      |     it  30  k= 96 ->  96  advanced        fix={'k': 97, 'k_float': 97.0, 'inliers': 147, 'dx': 22.187591552734375, 'dy': 11.1744384765625, 'scale': 1.454620936206017, 'second': 133, 'second_k': 96, 'second_dx': 25.74725341796875, 'detail': 'k=97 (97.00) inliers=147 second=133 dx=+22 scale=1.455 window=[93,97] fitted=[93, 94, 95, 96, 97]'}
      |         chain push: 1 chunk(s) of 0.40s, change 26.9, best 26.9, hazards none — one push, so `best` IS the whole leg's travel
      |     it  31  k= 98 ->  98  advanced        fix={'k': 99, 'k_float': 99.0, 'inliers': 110, 'dx': 28.840042114257812, 'dy': -4.423980712890625, 'scale': 1.5164571164759122, 'second': 95, 'second_k': 97, 'second_dx': 32.601654052734375, 'detail': 'k=99 (99.00) inliers=110 second=95 dx=+29 scale=1.516 window=[95,99] fitted=[95, 96, 97, 98, 99]'}
      |         chain push: 1 chunk(s) of 0.40s, change 27.6, best 27.6, hazards none — one push, so `best` IS the whole leg's travel
      |     it  32  k=100 -> 100  advanced        fix={'k': 100, 'k_float': 100.0, 'inliers': 117, 'dx': -14.023956298828125, 'dy': -11.319976806640625, 'scale': 1.6612854462257471, 'second': 114, 'second_k': 101, 'second_dx': 34.86402893066406, 'detail': 'k=100 (100.00) inliers=117 second=114 dx=-14 scale=1.661 window=[97,101] fitted=[97, 98, 99, 100, 101]'}
      |         chain push: 1 chunk(s) of 0.40s, change 23.6, best 23.6, hazards none — one push, so `best` IS the whole leg's travel
      |     it  33  k=102 -> 102  advanced        fix={'k': 103, 'k_float': 103.0, 'inliers': 147, 'dx': 34.488037109375, 'dy': -20.7071533203125, 'scale': 1.663382209512522, 'second': 127, 'second_k': 102, 'second_dx': 35.958465576171875, 'detail': 'k=103 (103.00) inliers=147 second=127 dx=+34 scale=1.663 window=[99,103] fitted=[99, 100, 101, 102, 103]'}
      |         chain push: 1 chunk(s) of 0.40s, change 23.8, best 23.8, hazards none — one push, so `best` IS the whole leg's travel
      |         chain strafe: 1 chunk(s) of 0.10s, change 11.2, best 11.2, hazards none — one push, so `best` IS the whole leg's travel
      |     it  34  k=104 -> 104  advanced        fix={'k': 105, 'k_float': 105.0, 'inliers': 109, 'dx': -48.524932861328125, 'dy': -43.423431396484375, 'scale': 2.02627732596187, 'second': 90, 'second_k': 104, 'second_dx': -54.13041687011719, 'detail': 'k=105 (105.00) inliers=109 second=90 dx=-49 scale=2.026 window=[101,105] fitted=[101, 102, 103, 104, 105]'}  strafe left 0.10s
      |         chain push: 1 chunk(s) of 0.40s, change 17.5, best 17.5, hazards none — one push, so `best` IS the whole leg's travel
      |         chain strafe: 1 chunk(s) of 0.10s, change 4.8, best 4.8, hazards none — one push, so `best` IS the whole leg's travel
      |     it  35  k=107 -> 107  advanced        fix={'k': 107, 'k_float': 107.0, 'inliers': 58, 'dx': -49.60186767578125, 'dy': -67.38401794433594, 'scale': 2.282262955425211, 'second': 58, 'second_k': 105, 'second_dx': -43.19316101074219, 'detail': 'k=107 (107.00) inliers=58 second=58 dx=-50 scale=2.282 window=[103,107] fitted=[103, 104, 105, 106, 107]'}  strafe left 0.10s
      |         chain push: 1 chunk(s) of 0.40s, change 23.5, best 23.5, hazards none — one push, so `best` IS the whole leg's travel
      |     it  36  k=109 -> 109  advanced-weak   fix={'k': 110, 'k_float': 110.0, 'inliers': 22, 'dx': -11.226608276367188, 'dy': -31.229049682617188, 'scale': 3.1819672665466077, 'second': 16, 'second_k': 109, 'second_dx': 170.74566650390625, 'detail': 'k=110 (110.00) inliers=22 second=16 dx=-11 scale=3.182 window=[106,110] fitted=[106, 107, 108, 109, 110]'}
      |         chain push: 1 chunk(s) of 0.40s, change 43.9, best 43.9, hazards none — one push, so `best` IS the whole leg's travel
      |     it  37  k=112 -> 112  blind-advance   fix=None
      |         chain push: 1 chunk(s) of 0.40s, change 20.1, best 20.1, hazards none — one push, so `best` IS the whole leg's travel
      |     it  38  k=114 -> 114  blind-advance   fix=None
      |         turn to 303.3: TURNED to 305.8 (err -2.5) in 1 push(es), asked -54.5 deg, stick 0.73s
      |         turn to 278.3: TURNED to 276.5 (err +1.9) in 1 push(es), asked -27.5 deg, stick 0.40s
      |         turn to 303.3: TURNED to 303.7 (err -0.3) in 1 push(es), asked +26.9 deg, stick 0.40s
      |         turn to 294.3: TURNED to 296.2 (err -1.9) in 1 push(es), asked -9.3 deg, stick 0.15s
      |     it  39  k=129 -> 129  turned-looked to 303.34476843910807  (179 inliers at the stop)  STOP YAW -9.0 deg on -178 px, no strafe
      |         turn to 290.8: TURNED to 292.8 (err -2.1) in 1 push(es), asked -5.5 deg, stick 0.15s
      |         chain push: 1 chunk(s) of 0.40s, change 13.6, best 13.6, hazards none — one push, so `best` IS the whole leg's travel
      |         chain strafe: 1 chunk(s) of 0.27s, change 13.2, best 13.2, hazards none — one push, so `best` IS the whole leg's travel
      |     it  40  k=130 -> 130  advanced        fix={'k': 130, 'k_float': 130.0, 'inliers': 159, 'dx': -192.0, 'dy': -37.125701904296875, 'scale': 1.2804288223593858, 'second': 145, 'second_k': 131, 'second_dx': -217.31329345703125, 'detail': 'k=130 (130.00) inliers=159 second=145 dx=-192 scale=1.280 window=[128,132] fitted=[128, 129, 130, 131, 132]'}  strafe left 0.27s
      |         turn to 289.3: NO-OP, already inside 4.0 deg (at 292.8, err -3.6) — nothing was sent, the recorded curve was discarded, and the caller's step line will look like a turn that happened
      |         chain push: 1 chunk(s) of 0.40s, change 14.2, best 14.2, hazards none — one push, so `best` IS the whole leg's travel
      |         chain strafe: 1 chunk(s) of 0.27s, change 12.0, best 12.0, hazards none — one push, so `best` IS the whole leg's travel
      |     it  41  k=130 -> 133  stalled         fix={'k': 132, 'k_float': 132.0, 'inliers': 181, 'dx': -196.4735870361328, 'dy': -50.67877197265625, 'scale': 1.4624658247703357, 'second': 101, 'second_k': 129, 'second_dx': -94.45661926269531, 'detail': 'k=132 (132.00) inliers=181 second=101 dx=-196 scale=1.462 window=[129,133] fitted=[129, 130, 131, 132, 133]'}  strafe left 0.27s
      |         chain push: 1 chunk(s) of 0.40s, change 18.7, best 18.7, hazards none — one push, so `best` IS the whole leg's travel
      |         chain strafe: 1 chunk(s) of 0.15s, change 16.4, best 16.4, hazards none — one push, so `best` IS the whole leg's travel
      |     it  42  k=133 -> 133  advanced-past   fix={'k': 130, 'k_float': 130.0, 'inliers': 134, 'dx': -104.70368957519531, 'dy': -73.58956909179688, 'scale': 1.8936719894969274, 'second': 90, 'second_k': 133, 'second_dx': -121.79977416992188, 'detail': 'k=130 (130.00) inliers=134 second=90 dx=-105 scale=1.894 window=[129,133] fitted=[129, 130, 131, 132, 133]'}  strafe left 0.14s
      |         chain push: 1 chunk(s) of 0.40s, change 23.0, best 23.0, hazards none — one push, so `best` IS the whole leg's travel
      |         chain strafe: 1 chunk(s) of 0.14s, change 23.5, best 23.5, hazards none — one push, so `best` IS the whole leg's travel
      |     it  43  k=133 -> 136  stalled         fix={'k': 135, 'k_float': 135.0, 'inliers': 104, 'dx': -100.17814636230469, 'dy': -130.39675903320312, 'scale': 2.1399994895718684, 'second': 95, 'second_k': 136, 'second_dx': -92.615234375, 'detail': 'k=135 (135.00) inliers=104 second=95 dx=-100 scale=2.140 window=[132,136] fitted=[132, 133, 134, 135, 136]'}  strafe left 0.14s
      |         chain push: 1 chunk(s) of 0.40s, change 37.3, best 37.3, hazards none — one push, so `best` IS the whole leg's travel
      |         chain strafe: 1 chunk(s) of 0.17s, change 42.2, best 42.2, hazards none — one push, so `best` IS the whole leg's travel
      |     it  44  k=136 -> 136  advanced        fix={'k': 136, 'k_float': 136.0, 'inliers': 30, 'dx': -125.93612670898438, 'dy': -185.6414031982422, 'scale': 3.5887909620066676, 'second': 7, 'second_k': 132, 'second_dx': -75.84817504882812, 'detail': 'k=136 (136.00) inliers=30 second=7 dx=-126 scale=3.589 window=[132,136] fitted=[132, 135, 136]'}  strafe left 0.17s
      |         chain push: 1 chunk(s) of 0.40s, change 43.7, best 43.7, hazards none — one push, so `best` IS the whole leg's travel
      |         chain strafe: 1 chunk(s) of 0.21s, change 41.0, best 41.0, hazards none — one push, so `best` IS the whole leg's travel
      |     it  45  k=136 -> 139  stalled         fix={'k': 138, 'k_float': 138.0, 'inliers': 60, 'dx': -154.53341674804688, 'dy': -168.27923583984375, 'scale': 3.0824016605256066, 'second': 15, 'second_k': 139, 'second_dx': -99.2613525390625, 'detail': 'k=138 (138.00) inliers=60 second=15 dx=-155 scale=3.082 window=[135,139] fitted=[137, 138, 139]'}  strafe left 0.21s
      |         chain push: 1 chunk(s) of 0.40s, change 35.9, best 35.9, hazards none — one push, so `best` IS the whole leg's travel
      |         chain strafe: 1 chunk(s) of 0.16s, change 30.4, best 30.4, hazards none — one push, so `best` IS the whole leg's travel
      |     it  46  k=139 -> 139  advanced        fix={'k': 139, 'k_float': 139.0, 'inliers': 82, 'dx': -112.22541809082031, 'dy': -151.95632934570312, 'scale': 2.8326150785573616, 'second': 39, 'second_k': 135, 'second_dx': -138.3436279296875, 'detail': 'k=139 (139.00) inliers=82 second=39 dx=-112 scale=2.833 window=[135,139] fitted=[135, 136, 137, 138, 139]'}  strafe left 0.16s
      |         chain push: 1 chunk(s) of 0.40s, change 38.0, best 38.0, hazards none — one push, so `best` IS the whole leg's travel
      |         chain strafe: 1 chunk(s) of 0.15s, change 34.9, best 34.9, hazards none — one push, so `best` IS the whole leg's travel
      |     it  47  k=139 -> 142  stalled         fix={'k': 140, 'k_float': 140.0, 'inliers': 63, 'dx': -107.7373046875, 'dy': -163.88955688476562, 'scale': 2.6876662417700423, 'second': 35, 'second_k': 141, 'second_dx': -93.21466064453125, 'detail': 'k=140 (140.00) inliers=63 second=35 dx=-108 scale=2.688 window=[138,142] fitted=[139, 140, 141, 142]'}  strafe left 0.15s
      |         chain push: 1 chunk(s) of 0.40s, change 41.1, best 41.1, hazards none — one push, so `best` IS the whole leg's travel
      |         chain strafe: 1 chunk(s) of 0.18s, change 44.1, best 44.1, hazards none — one push, so `best` IS the whole leg's travel
      |     it  48  k=142 -> 142  advanced        fix={'k': 142, 'k_float': 142.0, 'inliers': 48, 'dx': -127.86077117919922, 'dy': -130.03369140625, 'scale': 2.2209245094854597, 'second': 24, 'second_k': 138, 'second_dx': -189.27783203125, 'detail': 'k=142 (142.00) inliers=48 second=24 dx=-128 scale=2.221 window=[138,142] fitted=[138, 139, 140, 141, 142]'}  strafe left 0.18s
      |         turn to 2.2: TURNED to 359.7 (err +2.6) in 1 push(es), asked +69.4 deg, stick 0.93s
      |         chain strafe: 1 chunk(s) of 0.33s, change 30.6, best 30.6, hazards none — one push, so `best` IS the whole leg's travel
      |     it  49  k=166 -> 166  turned-aligned to 2.2489998976495684  (106 inliers at the stop)
      |         chain push: 1 chunk(s) of 0.40s, change 25.1, best 25.1, hazards none — one push, so `best` IS the whole leg's travel
      |         chain strafe: 1 chunk(s) of 0.30s, change 21.8, best 21.8, hazards none — one push, so `best` IS the whole leg's travel
      |     it  50  k=167 -> 167  advanced        fix={'k': 168, 'k_float': 168.0, 'inliers': 101, 'dx': 216.0, 'dy': -79.42718505859375, 'scale': 1.2420047771349898, 'second': 86, 'second_k': 165, 'second_dx': 215.8560791015625, 'detail': 'k=168 (168.00) inliers=101 second=86 dx=+216 scale=1.242 window=[165,169] fitted=[165, 166, 167, 168, 169]'}  strafe right 0.30s
      |         turn to 4.3: TURNED to 4.2 (err +0.1) in 1 push(es), asked +4.6 deg, stick 0.15s
      |         chain push: 1 chunk(s) of 0.40s, change 28.7, best 28.7, hazards none — one push, so `best` IS the whole leg's travel
      |         chain strafe: 1 chunk(s) of 0.16s, change 20.4, best 20.4, hazards none — one push, so `best` IS the whole leg's travel
      |     it  51  k=167 -> 169  stalled         fix={'k': 167, 'k_float': 167.0, 'inliers': 115, 'dx': 112.17352294921875, 'dy': -81.6998291015625, 'scale': 1.4440712235543582, 'second': 97, 'second_k': 170, 'second_dx': 86.6400146484375, 'detail': 'k=167 (167.00) inliers=115 second=97 dx=+112 scale=1.444 window=[166,170] fitted=[166, 167, 168, 169, 170]'}  strafe right 0.16s
      |         chain push: 1 chunk(s) of 0.40s, change 31.9, best 31.9, hazards none — one push, so `best` IS the whole leg's travel
      |         chain strafe: 1 chunk(s) of 0.11s, change 17.8, best 17.8, hazards none — one push, so `best` IS the whole leg's travel
      |     it  52  k=169 -> 169  advanced        fix={'k': 170, 'k_float': 170.0, 'inliers': 79, 'dx': 80.04107666015625, 'dy': -100.13595581054688, 'scale': 1.6669773482820727, 'second': 78, 'second_k': 169, 'second_dx': 106.39035034179688, 'detail': 'k=170 (170.00) inliers=79 second=78 dx=+80 scale=1.667 window=[166,170] fitted=[166, 167, 168, 169, 170]'}  strafe right 0.11s
      |         turn to 2.2: NO-OP, already inside 4.0 deg (at 4.2, err -2.0) — nothing was sent, the recorded curve was discarded, and the caller's step line will look like a turn that happened
      |         chain push: 1 chunk(s) of 0.40s, change 22.9, best 22.9, hazards none — one push, so `best` IS the whole leg's travel
      |         chain strafe: 1 chunk(s) of 0.10s, change 17.9, best 17.9, hazards none — one push, so `best` IS the whole leg's travel
      |     it  53  k=171 -> 171  advanced        fix={'k': 172, 'k_float': 172.0, 'inliers': 67, 'dx': -54.660064697265625, 'dy': -111.7919921875, 'scale': 1.4444636207949366, 'second': 57, 'second_k': 171, 'second_dx': -111.12001037597656, 'detail': 'k=172 (172.00) inliers=67 second=57 dx=-55 scale=1.444 window=[168,172] fitted=[168, 169, 170, 171, 172]'}  strafe left 0.10s
      |         chain push: 1 chunk(s) of 0.40s, change 35.5, best 35.5, hazards none — one push, so `best` IS the whole leg's travel
      |     it  54  k=173 -> 173  advanced        fix={'k': 173, 'k_float': 173.0, 'inliers': 60, 'dx': -34.09370422363281, 'dy': -119.85467529296875, 'scale': 1.696847708259398, 'second': 55, 'second_k': 174, 'second_dx': -26.447967529296875, 'detail': 'k=173 (173.00) inliers=60 second=55 dx=-34 scale=1.697 window=[170,174] fitted=[170, 171, 172, 173, 174]'}
      |         chain push: 1 chunk(s) of 0.40s, change 42.1, best 42.1, hazards none — one push, so `best` IS the whole leg's travel
      |     it  55  k=176 -> 176  advanced        fix={'k': 176, 'k_float': 176.0, 'inliers': 62, 'dx': -18.486663818359375, 'dy': -141.88816833496094, 'scale': 1.7885688075666328, 'second': 47, 'second_k': 175, 'second_dx': -30.445343017578125, 'detail': 'k=176 (176.00) inliers=62 second=47 dx=-18 scale=1.789 window=[172,176] fitted=[172, 173, 174, 175, 176]'}
      |         turn to 89.5: TURNED to 87.7 (err +1.8) in 2 push(es), asked +85.3 deg, stick 1.29s
      |         chain strafe: 1 chunk(s) of 0.29s, change 28.4, best 28.4, hazards none — one push, so `best` IS the whole leg's travel
      |     it  56  k=196 -> 196  turned-aligned to 89.491477293153  (108 inliers at the stop)
      |         chain push: 1 chunk(s) of 0.40s, change 36.9, best 36.9, hazards none — one push, so `best` IS the whole leg's travel
      |         chain strafe: 1 chunk(s) of 0.20s, change 24.7, best 24.7, hazards none — one push, so `best` IS the whole leg's travel
      |     it  57  k=197 -> 197  advanced        fix={'k': 199, 'k_float': 199.0, 'inliers': 95, 'dx': 142.66375732421875, 'dy': -32.832000732421875, 'scale': 1.2406388611563692, 'second': 91, 'second_k': 195, 'second_dx': 136.24005126953125, 'detail': 'k=199 (199.00) inliers=95 second=91 dx=+143 scale=1.241 window=[195,199] fitted=[195, 196, 197, 198, 199]'}  strafe right 0.20s
      |         chain push: 1 chunk(s) of 0.40s, change 45.9, best 45.9, hazards none — one push, so `best` IS the whole leg's travel
      |   chain_walk: ARRIVED at iteration 58, k=197 (target 200 of 204), 53 push(es)
[13] ARRIVED   ESCAPE_GATE-off k=197/205  it=58  pushes=53  seconds=91.2 (walk 76.4, setup 13.0)  failure=None
      |   arm: ESCAPE_GATE = True
      |   the keyboard transport is dead while the stream is alive — fronting chiaki once and retrying
      |   frontmost app is now 'chiaki'
      ! Traceback (most recent call last):
      !   File "/Users/bpatterson/Documents/Claude Cowork Personal/Auto Baseball/overnight/chain_trials.py", line 953, in <module>
      !     print(json.dumps(one_trial(sys.argv[2])), flush=True)
      !                      ~~~~~~~~~^^^^^^^^^^^^^
      !   File "/Users/bpatterson/Documents/Claude Cowork Personal/Auto Baseball/overnight/chain_trials.py", line 541, in one_trial
      !     res = walk_attempts(attempts, do_reset, do_load, do_walk, log)
      !   File "/Users/bpatterson/Documents/Claude Cowork Personal/Auto Baseball/overnight/chain_trials.py", line 243, in walk_attempts
      !     reset(attempt)
      !     ~~~~~^^^^^^^^^
      !   File "/Users/bpatterson/Documents/Claude Cowork Personal/Auto Baseball/overnight/chain_trials.py", line 508, in do_reset
      !     reset_env.reset_environment(log=log,
      !     ~~~~~~~~~~~~~~~~~~~~~~~~~~~^^^^^^^^^
      !                                 progress_file="progress_testing.json")
      !                                 ^^^^^^^^^^^^^^^^^^^^^^^^^^^^^^^^^^^^^^
      !   File "/Users/bpatterson/Documents/Claude Cowork Personal/Auto Baseball/reset_env.py", line 330, in reset_environment
      !     raise ResetError(_diagnose_no_pause(
      !         ic, cap, probe=probe, escalated=True, log=log))
      ! reset_env.ResetError: the pause menu will not open. The FIFO/stick path is alive but the KEYBOARD transport is not (null 3.5, keyboard 2.8, FIFO 48.4; a transport counts as alive above 8.0). Candidates, none of them established here: a modal Qt dialog holding chiaki's key window, chiaki not being the active app, a stale pid, or a revoked Accessibility grant.
      !   chiaki was fronted and the crash dialog dismissed, and the menu still did not open
      !   [input] press delivery: 2 FIFO inject, 4 background Quartz, 0 focus+pyautogui (of 6)
      !   frames: /Users/bpatterson/Documents/Claude Cowork Personal/Auto Baseball/overnight/resetfail/1788918283165
[14] INVALID   ESCAPE_GATE-on k=--/--  it=--  pushes=--  seconds=37.8 (walk --, setup --)  failure=None
     INVALID: waiting for the game window, then re-running trial 14 (1/2)
      |   arm: ESCAPE_GATE = True
      |   the keyboard transport is dead while the stream is alive — fronting chiaki once and retrying
      |   frontmost app is now 'chiaki'
      ! Traceback (most recent call last):
      !   File "/Users/bpatterson/Documents/Claude Cowork Personal/Auto Baseball/overnight/chain_trials.py", line 953, in <module>
      !     print(json.dumps(one_trial(sys.argv[2])), flush=True)
      !                      ~~~~~~~~~^^^^^^^^^^^^^
      !   File "/Users/bpatterson/Documents/Claude Cowork Personal/Auto Baseball/overnight/chain_trials.py", line 541, in one_trial
      !     res = walk_attempts(attempts, do_reset, do_load, do_walk, log)
      !   File "/Users/bpatterson/Documents/Claude Cowork Personal/Auto Baseball/overnight/chain_trials.py", line 243, in walk_attempts
      !     reset(attempt)
      !     ~~~~~^^^^^^^^^
      !   File "/Users/bpatterson/Documents/Claude Cowork Personal/Auto Baseball/overnight/chain_trials.py", line 508, in do_reset
      !     reset_env.reset_environment(log=log,
      !     ~~~~~~~~~~~~~~~~~~~~~~~~~~~^^^^^^^^^
      !                                 progress_file="progress_testing.json")
      !                                 ^^^^^^^^^^^^^^^^^^^^^^^^^^^^^^^^^^^^^^
      !   File "/Users/bpatterson/Documents/Claude Cowork Personal/Auto Baseball/reset_env.py", line 330, in reset_environment
      !     raise ResetError(_diagnose_no_pause(
      !         ic, cap, probe=probe, escalated=True, log=log))
      ! reset_env.ResetError: the pause menu will not open. The FIFO/stick path is alive but the KEYBOARD transport is not (null 3.8, keyboard 2.2, FIFO 46.8; a transport counts as alive above 8.0). Candidates, none of them established here: a modal Qt dialog holding chiaki's key window, chiaki not being the active app, a stale pid, or a revoked Accessibility grant.
      !   chiaki was fronted and the crash dialog dismissed, and the menu still did not open
      !   [input] press delivery: 2 FIFO inject, 4 background Quartz, 0 focus+pyautogui (of 6)
      !   frames: /Users/bpatterson/Documents/Claude Cowork Personal/Auto Baseball/overnight/resetfail/1788918322005
[14] INVALID   ESCAPE_GATE-on k=--/--  it=--  pushes=--  seconds=35.2 (walk --, setup --)  failure=None
     INVALID: waiting for the game window, then re-running trial 14 (2/2)
      |   arm: ESCAPE_GATE = True
      |   pause menu open (selected 'Resume')
      |   selected: Load Last Save
      |   confirmation dialog up (delta 82.2) -> YES
      |   world back after 3.2s, spawn bearing 87 (E)
      |   setup 13.9s (reset 10.6s, Chain.load 3.3s for 205 waypoints) of a 180s budget
      |   chain_walk: 205 waypoints -> plan of 47 targets (41 push, 6 turn-only); the prompt is checked on every iteration; k rises by at most 1 per iteration, so >= 47 iteration(s). The 180s cap allows 3.83s each. At the last waypoint the walk may spend 3 more iteration(s) — 0.540 walk-units of forward push against OPEN-22's measured 0.05 — and then gives up rather than walking on past the table.
      |         turn to 271.3: TURNED to 270.0 (err +1.3) in 2 push(es), asked -175.7 deg, stick 2.50s
      |     it   1  k=  3 ->   3  turned to 271.3168428039934  (195 inliers at the stop)
      |         chain push: 1 chunk(s) of 0.40s, change 20.9, best 20.9, hazards none — one push, so `best` IS the whole leg's travel
      |     it   2  k=  4 ->   4  advanced        fix={'k': 6, 'k_float': 6.0, 'inliers': 70, 'dx': -16.221595764160156, 'dy': -2.8800048828125, 'scale': 1.131563443945872, 'second': 38, 'second_k': 3, 'second_dx': -36.24399948120117, 'detail': 'k=6 (6.00) inliers=70 second=38 dx=-16 scale=1.132 window=[2,6] fitted=[2, 3, 4, 5, 6]'}
      |         chain push: 1 chunk(s) of 0.40s, change 19.2, best 19.2, hazards none — one push, so `best` IS the whole leg's travel
      |     it   3  k=  7 ->   7  advanced-weak   fix={'k': 7, 'k_float': 7.0, 'inliers': 21, 'dx': 2.48834228515625, 'dy': 27.37152099609375, 'scale': 1.282951956435505, 'second': 15, 'second_k': 6, 'second_dx': 136.48907470703125, 'detail': 'k=7 (7.00) inliers=21 second=15 dx=+2 scale=1.283 window=[3,7] fitted=[3, 4, 5, 6, 7]'}
      |         chain push: 1 chunk(s) of 0.40s, change 11.5, best 11.5, hazards none — one push, so `best` IS the whole leg's travel
      |         chain strafe: 1 chunk(s) of 0.10s, change 10.3, best 10.3, hazards none — one push, so `best` IS the whole leg's travel
      |     it   4  k= 10 ->  10  advanced        fix={'k': 10, 'k_float': 10.0, 'inliers': 57, 'dx': 39.3984375, 'dy': 26.399993896484375, 'scale': 1.0824330039628574, 'second': 24, 'second_k': 9, 'second_dx': -10.973480224609375, 'detail': 'k=10 (10.00) inliers=57 second=24 dx=+39 scale=1.082 window=[6,10] fitted=[6, 7, 8, 9, 10]'}  strafe right 0.10s
      |         chain push: 1 chunk(s) of 0.40s, change 14.0, best 14.0, hazards none — one push, so `best` IS the whole leg's travel
      |     it   5  k= 13 ->  13  advanced-weak   fix={'k': 13, 'k_float': 13.0, 'inliers': 15, 'dx': -104.54400634765625, 'dy': 29.859832763671875, 'scale': 1.0413165957057051, 'second': 13, 'second_k': 12, 'second_dx': 19.9200439453125, 'detail': 'k=13 (13.00) inliers=15 second=13 dx=-105 scale=1.041 window=[9,13] fitted=[9, 10, 11, 12, 13]'}
      |         chain push: 1 chunk(s) of 0.40s, change 6.5, best 6.5, hazards none — one push, so `best` IS the whole leg's travel
      |     it   6  k= 16 ->  16  blind-advance   fix={'k': 15, 'k_float': 14.318829153497909, 'inliers': 12, 'dx': -110.53673553466797, 'dy': 8.95794677734375, 'scale': 0.886874087125035, 'second': 12, 'second_k': 13, 'second_dx': -130.62506103515625, 'detail': 'k=15 (14.32) inliers=12 second=12 dx=-111 scale=0.887 window=[12,16] fitted=[12, 13, 14, 15]'}
      |         chain push: 1 chunk(s) of 0.40s, change 10.0, best 10.0, hazards none — one push, so `best` IS the whole leg's travel
      |     it   7  k= 19 ->  19  blind-advance   fix=None
      |         chain push: 1 chunk(s) of 0.40s, change 8.8, best 8.8, hazards none — one push, so `best` IS the whole leg's travel
      |     it   8  k= 19 ->  39  door-step 1/1: one more push along 271.3 before the stop turns (the frame after it fits 0 inliers, scale None)
      |         turn to 1.6: TURNED to 2.3 (err -0.7) in 1 push(es), asked +91.6 deg, stick 1.22s
      |         chain strafe: 1 chunk(s) of 0.10s, change 10.7, best 10.7, hazards none — one push, so `best` IS the whole leg's travel
      |     it   8  k= 39 ->  39  turned-aligned to 1.6055901753868653  (18 inliers at the stop)
      |         chain push: 1 chunk(s) of 0.40s, change 24.3, best 24.3, hazards none — one push, so `best` IS the whole leg's travel
      |     it   9  k= 40 ->  40  blind-advance   fix=None
      |         chain push: 1 chunk(s) of 0.40s, change 29.5, best 29.5, hazards none — one push, so `best` IS the whole leg's travel
      |     it  10  k= 43 ->  43  blind-advance   fix={'k': 43, 'k_float': 41.8544805356028, 'inliers': 8, 'dx': -51.839996337890625, 'dy': 358.96807861328125, 'scale': 1.199134099575691, 'second': 7, 'second_k': 42, 'second_dx': -53.855987548828125, 'detail': 'k=43 (41.85) inliers=8 second=7 dx=-52 scale=1.199 window=[39,43] fitted=[40, 41, 42, 43]'}
      |         chain push: 1 chunk(s) of 0.40s, change 28.9, best 28.9, hazards none — one push, so `best` IS the whole leg's travel
      |     it  11  k= 46 ->  46  blind-advance   fix={'k': 46, 'k_float': 44.60821047676726, 'inliers': 9, 'dx': -62.2080078125, 'dy': 330.0480651855469, 'scale': 0.5696891294224926, 'second': 7, 'second_k': 43, 'second_dx': -74.44796752929688, 'detail': 'k=46 (44.61) inliers=9 second=7 dx=-62 scale=0.570 window=[42,46] fitted=[42, 43, 44, 45, 46]'}
      |         chain push: 1 chunk(s) of 0.40s, change 28.1, best 28.1, hazards none — one push, so `best` IS the whole leg's travel
      |     it  12  k= 49 ->  49  blind-advance   fix=None
      |         chain push: 1 chunk(s) of 0.40s, change 11.2, best 11.2, hazards none — one push, so `best` IS the whole leg's travel
      |     it  13  k= 49 ->  52  miss            fix=None
      |         chain push: 1 chunk(s) of 0.40s, change 32.7, best 32.7, hazards none — one push, so `best` IS the whole leg's travel
      |     it  14  k= 49 ->  52  stalled         fix={'k': 51, 'k_float': 51.0, 'inliers': 168, 'dx': -13.209503173828125, 'dy': 330.26409912109375, 'scale': 1.5048932858345407, 'second': 153, 'second_k': 52, 'second_dx': -45.79193115234375, 'detail': 'k=51 (51.00) inliers=168 second=153 dx=-13 scale=1.505 window=[48,52] fitted=[48, 49, 50, 51, 52]'}
      |         chain push: 1 chunk(s) of 0.40s, change 20.4, best 20.4, hazards none — one push, so `best` IS the whole leg's travel
      |     it  15  k= 52 ->  52  advanced        fix={'k': 52, 'k_float': 52.0, 'inliers': 126, 'dx': 23.369720458984375, 'dy': 301.42156982421875, 'scale': 1.7268464467010267, 'second': 100, 'second_k': 51, 'second_dx': 55.10052490234375, 'detail': 'k=52 (52.00) inliers=126 second=100 dx=+23 scale=1.727 window=[48,52] fitted=[48, 49, 50, 51, 52]'}
      |         chain push: 1 chunk(s) of 0.40s, change 16.8, best 16.8, hazards none — one push, so `best` IS the whole leg's travel
      |     it  16  k= 52 ->  55  stalled         fix={'k': 54, 'k_float': 54.0, 'inliers': 144, 'dx': -0.49017333984375, 'dy': 317.99359130859375, 'scale': 1.6768106873143906, 'second': 116, 'second_k': 55, 'second_dx': -36.018341064453125, 'detail': 'k=54 (54.00) inliers=144 second=116 dx=-0 scale=1.677 window=[51,55] fitted=[51, 52, 53, 54, 55]'}
      |         chain push: 1 chunk(s) of 0.40s, change 29.3, best 29.3, hazards none — one push, so `best` IS the whole leg's travel
      |         chain strafe: 1 chunk(s) of 0.10s, change 8.1, best 8.1, hazards none — one push, so `best` IS the whole leg's travel
      |     it  17  k= 55 ->  55  advanced        fix={'k': 55, 'k_float': 55.0, 'inliers': 43, 'dx': -66.95999145507812, 'dy': 234.24002075195312, 'scale': 1.20035503259151, 'second': 15, 'second_k': 54, 'second_dx': -68.0, 'detail': 'k=55 (55.00) inliers=43 second=15 dx=-67 scale=1.200 window=[51,55] fitted=[53, 54, 55]'}  strafe left 0.10s
      |         chain push: 1 chunk(s) of 0.40s, change 24.2, best 24.2, hazards none — one push, so `best` IS the whole leg's travel
      |         chain strafe: 1 chunk(s) of 0.10s, change 18.1, best 18.1, hazards none — one push, so `best` IS the whole leg's travel
      |     it  18  k= 58 ->  58  advanced        fix={'k': 58, 'k_float': 58.0, 'inliers': 34, 'dx': -70.92401123046875, 'dy': 278.845947265625, 'scale': 1.106304558958081, 'second': 25, 'second_k': 57, 'second_dx': -73.19998168945312, 'detail': 'k=58 (58.00) inliers=34 second=25 dx=-71 scale=1.106 window=[54,58] fitted=[54, 55, 56, 57, 58]'}  strafe left 0.10s
      |         chain push: 1 chunk(s) of 0.40s, change 26.5, best 26.5, hazards none — one push, so `best` IS the whole leg's travel
      |         chain strafe: 1 chunk(s) of 0.10s, change 14.5, best 14.5, hazards none — one push, so `best` IS the whole leg's travel
      |     it  19  k= 61 ->  61  advanced        fix={'k': 61, 'k_float': 61.0, 'inliers': 32, 'dx': -49.72320556640625, 'dy': 304.0, 'scale': 1.1111758784027779, 'second': 21, 'second_k': 59, 'second_dx': -50.399993896484375, 'detail': 'k=61 (61.00) inliers=32 second=21 dx=-50 scale=1.111 window=[57,61] fitted=[57, 58, 59, 60, 61]'}  strafe left 0.10s
      |         chain push: 1 chunk(s) of 0.40s, change 20.2, best 20.2, hazards none — one push, so `best` IS the whole leg's travel
      |     it  20  k= 61 ->  64  stalled         fix={'k': 63, 'k_float': 63.0, 'inliers': 145, 'dx': -22.5999755859375, 'dy': 299.01318359375, 'scale': 1.0957668264037614, 'second': 133, 'second_k': 64, 'second_dx': -28.61566162109375, 'detail': 'k=63 (63.00) inliers=145 second=133 dx=-23 scale=1.096 window=[60,64] fitted=[60, 61, 62, 63, 64]'}
      |         chain push: 1 chunk(s) of 0.40s, change 16.3, best 16.3, hazards none — one push, so `best` IS the whole leg's travel
      |         chain strafe: 1 chunk(s) of 0.10s, change 9.2, best 9.2, hazards none — one push, so `best` IS the whole leg's travel
      |     it  21  k= 64 ->  64  advanced        fix={'k': 64, 'k_float': 64.0, 'inliers': 136, 'dx': -36.98957824707031, 'dy': 288.7440185546875, 'scale': 1.1153876239064298, 'second': 115, 'second_k': 63, 'second_dx': 16.32000732421875, 'detail': 'k=64 (64.00) inliers=136 second=115 dx=-37 scale=1.115 window=[60,64] fitted=[60, 61, 62, 63, 64]'}  strafe left 0.10s
      |         chain strafe: 1 chunk(s) of 0.10s, change 7.1, best 7.1, hazards none — one push, so `best` IS the whole leg's travel
      |     it  22  k= 88 ->  88  turned-aligned (skipped, same heading) to 1.3495539744498237  (121 inliers at the stop)
      |         chain push: 1 chunk(s) of 0.40s, change 19.0, best 19.0, hazards none — one push, so `best` IS the whole leg's travel
      |     it  23  k= 89 ->  89  advanced        fix={'k': 89, 'k_float': 89.0, 'inliers': 74, 'dx': -29.410537719726562, 'dy': -21.839996337890625, 'scale': 1.2136279958394576, 'second': 69, 'second_k': 87, 'second_dx': 28.36688232421875, 'detail': 'k=89 (89.00) inliers=74 second=69 dx=-29 scale=1.214 window=[87,91] fitted=[87, 88, 89, 90, 91]'}
      |         chain push: 1 chunk(s) of 0.40s, change 17.3, best 17.3, hazards none — one push, so `best` IS the whole leg's travel
      |         chain strafe: 1 chunk(s) of 0.10s, change 2.7, best 2.7, hazards SHORT — one push, so `best` IS the whole leg's travel
      |     it  24  k= 92 ->  92  advanced        fix={'k': 92, 'k_float': 92.0, 'inliers': 67, 'dx': -35.279998779296875, 'dy': -36.47998046875, 'scale': 1.247796571022469, 'second': 55, 'second_k': 91, 'second_dx': 36.4290771484375, 'detail': 'k=92 (92.00) inliers=67 second=55 dx=-35 scale=1.248 window=[88,92] fitted=[88, 89, 90, 91, 92]'}  strafe left 0.10s
      |         chain push: 1 chunk(s) of 0.40s, change 17.9, best 17.9, hazards none — one push, so `best` IS the whole leg's travel
      |         chain strafe: 1 chunk(s) of 0.10s, change 9.6, best 9.6, hazards none — one push, so `best` IS the whole leg's travel
      |     it  25  k= 94 ->  94  advanced        fix={'k': 95, 'k_float': 95.0, 'inliers': 90, 'dx': -41.781890869140625, 'dy': -11.90399169921875, 'scale': 1.1980910480931921, 'second': 77, 'second_k': 94, 'second_dx': -35.040008544921875, 'detail': 'k=95 (95.00) inliers=90 second=77 dx=-42 scale=1.198 window=[91,95] fitted=[91, 92, 93, 94, 95]'}  strafe left 0.10s
      |         chain push: 1 chunk(s) of 0.40s, change 17.6, best 17.6, hazards none — one push, so `best` IS the whole leg's travel
      |         chain strafe: 1 chunk(s) of 0.10s, change 10.4, best 10.4, hazards none — one push, so `best` IS the whole leg's travel
      |     it  26  k= 96 ->  96  advanced        fix={'k': 97, 'k_float': 97.0, 'inliers': 160, 'dx': -41.12060546875, 'dy': 12.600006103515625, 'scale': 1.2090914014634058, 'second': 130, 'second_k': 96, 'second_dx': -37.362396240234375, 'detail': 'k=97 (97.00) inliers=160 second=130 dx=-41 scale=1.209 window=[93,97] fitted=[93, 94, 95, 96, 97]'}  strafe left 0.10s
      |         chain push: 1 chunk(s) of 0.40s, change 18.8, best 18.8, hazards none — one push, so `best` IS the whole leg's travel
      |         chain strafe: 1 chunk(s) of 0.10s, change 12.8, best 12.8, hazards none — one push, so `best` IS the whole leg's travel
      |     it  27  k= 98 ->  98  advanced        fix={'k': 99, 'k_float': 99.0, 'inliers': 169, 'dx': -37.920013427734375, 'dy': 9.67681884765625, 'scale': 1.2110788892764377, 'second': 159, 'second_k': 96, 'second_dx': -29.91998291015625, 'detail': 'k=99 (99.00) inliers=169 second=159 dx=-38 scale=1.211 window=[95,99] fitted=[95, 96, 97, 98, 99]'}  strafe left 0.10s
      |         chain push: 1 chunk(s) of 0.40s, change 21.8, best 21.8, hazards none — one push, so `best` IS the whole leg's travel
      |     it  28  k=100 -> 100  advanced        fix={'k': 101, 'k_float': 101.0, 'inliers': 184, 'dx': -22.096282958984375, 'dy': 7.464019775390625, 'scale': 1.224202250470211, 'second': 179, 'second_k': 98, 'second_dx': -16.646331787109375, 'detail': 'k=101 (101.00) inliers=184 second=179 dx=-22 scale=1.224 window=[97,101] fitted=[97, 98, 99, 100, 101]'}
      |         chain push: 1 chunk(s) of 0.40s, change 24.4, best 24.4, hazards none — one push, so `best` IS the whole leg's travel
      |     it  29  k=102 -> 102  advanced        fix={'k': 103, 'k_float': 103.0, 'inliers': 161, 'dx': -23.155181884765625, 'dy': -0.79998779296875, 'scale': 1.246410479371213, 'second': 157, 'second_k': 101, 'second_dx': -20.390350341796875, 'detail': 'k=103 (103.00) inliers=161 second=157 dx=-23 scale=1.246 window=[99,103] fitted=[99, 100, 101, 102, 103]'}
      |         chain push: 1 chunk(s) of 0.40s, change 28.0, best 28.0, hazards none — one push, so `best` IS the whole leg's travel
      |     it  30  k=102 -> 104  stalled         fix={'k': 103, 'k_float': 103.0, 'inliers': 175, 'dx': -23.78875732421875, 'dy': -8.294342041015625, 'scale': 1.4169034961786497, 'second': 174, 'second_k': 105, 'second_dx': -32.19471740722656, 'detail': 'k=103 (103.00) inliers=175 second=174 dx=-24 scale=1.417 window=[101,105] fitted=[101, 102, 103, 104, 105]'}
      |         chain push: 1 chunk(s) of 0.40s, change 23.7, best 23.7, hazards none — one push, so `best` IS the whole leg's travel
      |     it  31  k=104 -> 104  advanced        fix={'k': 105, 'k_float': 105.0, 'inliers': 163, 'dx': -29.08795166015625, 'dy': -11.128265380859375, 'scale': 1.4632097880170645, 'second': 150, 'second_k': 104, 'second_dx': -22.68218994140625, 'detail': 'k=105 (105.00) inliers=163 second=150 dx=-29 scale=1.463 window=[101,105] fitted=[101, 102, 103, 104, 105]'}
      |         chain push: 1 chunk(s) of 0.40s, change 20.6, best 20.6, hazards none — one push, so `best` IS the whole leg's travel
      |         chain strafe: 1 chunk(s) of 0.10s, change 9.1, best 9.1, hazards none — one push, so `best` IS the whole leg's travel
      |     it  32  k=104 -> 107  stalled         fix={'k': 105, 'k_float': 105.0, 'inliers': 166, 'dx': -39.4415283203125, 'dy': -26.003494262695312, 'scale': 1.72593254825106, 'second': 154, 'second_k': 107, 'second_dx': -95.85598754882812, 'detail': 'k=105 (105.00) inliers=166 second=154 dx=-39 scale=1.726 window=[103,107] fitted=[103, 104, 105, 106, 107]'}  strafe left 0.10s
      |         chain push: 1 chunk(s) of 0.40s, change 22.8, best 22.8, hazards none — one push, so `best` IS the whole leg's travel
      |     it  33  k=107 -> 107  advanced        fix={'k': 107, 'k_float': 107.0, 'inliers': 88, 'dx': -13.166000366210938, 'dy': -56.427825927734375, 'scale': 2.1483372901009004, 'second': 61, 'second_k': 104, 'second_dx': 9.19915771484375, 'detail': 'k=107 (107.00) inliers=88 second=61 dx=-13 scale=2.148 window=[103,107] fitted=[103, 104, 105, 106, 107]'}
      |         chain push: 1 chunk(s) of 0.40s, change 15.9, best 15.9, hazards none — one push, so `best` IS the whole leg's travel
      |         chain strafe: 1 chunk(s) of 0.16s, change 15.5, best 15.5, hazards none — one push, so `best` IS the whole leg's travel
      |     it  34  k=109 -> 109  advanced        fix={'k': 110, 'k_float': 110.0, 'inliers': 112, 'dx': -114.83663940429688, 'dy': 14.203399658203125, 'scale': 2.2320946340153367, 'second': 72, 'second_k': 109, 'second_dx': -91.37700653076172, 'detail': 'k=110 (110.00) inliers=112 second=72 dx=-115 scale=2.232 window=[106,110] fitted=[106, 107, 108, 109, 110]'}  strafe left 0.16s
      |         chain push: 1 chunk(s) of 0.40s, change 21.7, best 21.7, hazards none — one push, so `best` IS the whole leg's travel
      |         chain strafe: 1 chunk(s) of 0.10s, change 20.3, best 20.3, hazards none — one push, so `best` IS the whole leg's travel
      |     it  35  k=112 -> 112  advanced        fix={'k': 112, 'k_float': 112.0, 'inliers': 93, 'dx': -40.384552001953125, 'dy': -16.717742919921875, 'scale': 2.7018486538811373, 'second': 61, 'second_k': 111, 'second_dx': -32.99017333984375, 'detail': 'k=112 (112.00) inliers=93 second=61 dx=-40 scale=2.702 window=[108,112] fitted=[108, 109, 110, 111, 112]'}  strafe left 0.10s
      |         chain push: 1 chunk(s) of 0.40s, change 42.6, best 42.6, hazards none — one push, so `best` IS the whole leg's travel
      |     it  36  k=114 -> 114  blind-advance   fix={'k': 115, 'k_float': 115.0, 'inliers': 6, 'dx': 22.604324340820312, 'dy': -105.802490234375, 'scale': 3.949947949845542, 'second': 0, 'second_k': None, 'second_dx': 0.0, 'detail': 'k=115 (115.00) inliers=6 second=0 dx=+23 scale=3.950 window=[111,115] fitted=[115]'}
      |         turn to 303.3: TURNED to 306.6 (err -3.2) in 1 push(es), asked -58.8 deg, stick 0.79s
      |         turn to 278.3: TURNED to 278.6 (err -0.3) in 1 push(es), asked -28.2 deg, stick 0.40s
      |         turn to 328.3: TURNED to 328.5 (err -0.1) in 1 push(es), asked +49.7 deg, stick 0.66s
      |         turn to 303.3: TURNED to 306.4 (err -3.0) in 1 push(es), asked -25.1 deg, stick 0.40s
      |         turn to 284.7: TURNED to 286.0 (err -1.3) in 1 push(es), asked -21.6 deg, stick 0.40s
      |     it  37  k=129 -> 129  turned-looked to 303.34476843910807  (137 inliers at the stop)  STOP YAW -18.6 deg on -366 px, no strafe
      |         turn to 281.2: TURNED to 279.9 (err +1.3) in 1 push(es), asked -4.9 deg, stick 0.15s
      |         chain push: 1 chunk(s) of 0.40s, change 12.7, best 12.7, hazards none — one push, so `best` IS the whole leg's travel
      |         chain strafe: 1 chunk(s) of 0.12s, change 1.3, best 1.3, hazards SHORT — one push, so `best` IS the whole leg's travel
      |     it  38  k=130 -> 130  advanced        fix={'k': 131, 'k_float': 131.0, 'inliers': 141, 'dx': 84.32644653320312, 'dy': -58.79998779296875, 'scale': 1.2389320323350799, 'second': 129, 'second_k': 130, 'second_dx': 111.97445678710938, 'detail': 'k=131 (131.00) inliers=141 second=129 dx=+84 scale=1.239 window=[128,132] fitted=[128, 129, 130, 131, 132]'}  strafe right 0.12s
      |         turn to 279.7: NO-OP, already inside 4.0 deg (at 279.8, err -0.1) — nothing was sent, the recorded curve was discarded, and the caller's step line will look like a turn that happened
      |         chain push: 1 chunk(s) of 0.40s, change 13.2, best 13.2, hazards none — one push, so `best` IS the whole leg's travel
      |         chain strafe: 1 chunk(s) of 0.17s, change 9.7, best 9.7, hazards none — one push, so `best` IS the whole leg's travel
      |     it  39  k=130 -> 133  stalled         fix={'k': 130, 'k_float': 130.0, 'inliers': 186, 'dx': 123.88803100585938, 'dy': -64.64814758300781, 'scale': 1.4963222517736163, 'second': 132, 'second_k': 131, 'second_dx': 95.27601623535156, 'detail': 'k=130 (130.00) inliers=186 second=132 dx=+124 scale=1.496 window=[129,133] fitted=[129, 130, 131, 132, 133]'}  strafe right 0.17s
      |         chain push: 1 chunk(s) of 0.40s, change 12.3, best 12.3, hazards none — one push, so `best` IS the whole leg's travel
      |         chain strafe: 1 chunk(s) of 0.10s, change 5.2, best 5.2, hazards none — one push, so `best` IS the whole leg's travel
      |     it  40  k=130 -> 133  stalled         fix={'k': 132, 'k_float': 132.0, 'inliers': 156, 'dx': 71.25993347167969, 'dy': -74.72000122070312, 'scale': 1.5778606906669377, 'second': 117, 'second_k': 133, 'second_dx': 79.44003295898438, 'detail': 'k=132 (132.00) inliers=156 second=117 dx=+71 scale=1.578 window=[129,133] fitted=[129, 130, 131, 132, 133]'}  strafe right 0.10s
      |         chain push: 1 chunk(s) of 0.40s, change 15.2, best 15.2, hazards none — one push, so `best` IS the whole leg's travel
      |         chain strafe: 1 chunk(s) of 0.15s, change 6.2, best 6.2, hazards none — one push, so `best` IS the whole leg's travel
      |     it  41  k=130 -> 133  stalled         fix={'k': 132, 'k_float': 132.0, 'inliers': 150, 'dx': 111.13525390625, 'dy': -92.65980529785156, 'scale': 1.8890961564930357, 'second': 84, 'second_k': 133, 'second_dx': 128.99501037597656, 'detail': 'k=132 (132.00) inliers=150 second=84 dx=+111 scale=1.889 window=[129,133] fitted=[129, 130, 131, 132, 133]'}  strafe right 0.15s
      |         chain push: 1 chunk(s) of 0.40s, change 26.2, best 26.2, hazards none — one push, so `best` IS the whole leg's travel
      |         chain strafe: 1 chunk(s) of 0.25s, change 31.2, best 31.2, hazards none — one push, so `best` IS the whole leg's travel
      |     it  42  k=133 -> 133  advanced-past   fix={'k': 130, 'k_float': 130.0, 'inliers': 51, 'dx': 177.3931884765625, 'dy': -138.9754638671875, 'scale': 3.334859427979189, 'second': 28, 'second_k': 133, 'second_dx': 166.3286895751953, 'detail': 'k=130 (130.00) inliers=51 second=28 dx=+177 scale=3.335 window=[129,133] fitted=[129, 130, 131, 132, 133]'}  strafe right 0.25s
      |         chain push: 1 chunk(s) of 0.40s, change 38.1, best 38.1, hazards none — one push, so `best` IS the whole leg's travel
      |         chain strafe: 1 chunk(s) of 0.15s, change 44.8, best 44.8, hazards none — one push, so `best` IS the whole leg's travel
      |     it  43  k=133 -> 136  stalled         fix={'k': 135, 'k_float': 135.0, 'inliers': 29, 'dx': -105.84454345703125, 'dy': -187.75682067871094, 'scale': 3.8898388497264773, 'second': 11, 'second_k': 133, 'second_dx': -115.2613525390625, 'detail': 'k=135 (135.00) inliers=29 second=11 dx=-106 scale=3.890 window=[132,136] fitted=[133, 135, 136]'}  strafe left 0.15s
      |         chain push: 1 chunk(s) of 0.40s, change 35.8, best 35.8, hazards none — one push, so `best` IS the whole leg's travel
      |     it  44  k=136 -> 136  advanced-weak   fix={'k': 136, 'k_float': 136.0, 'inliers': 27, 'dx': -69.1790771484375, 'dy': -164.67454528808594, 'scale': 3.6045103497431166, 'second': 6, 'second_k': 135, 'second_dx': -47.0640869140625, 'detail': 'k=136 (136.00) inliers=27 second=6 dx=-69 scale=3.605 window=[132,136] fitted=[135, 136]'}
      |         chain push: 1 chunk(s) of 0.40s, change 32.7, best 32.7, hazards none — one push, so `best` IS the whole leg's travel
      |         chain strafe: 1 chunk(s) of 0.11s, change 44.8, best 44.8, hazards none — one push, so `best` IS the whole leg's travel
      |     it  45  k=137 -> 139  advanced-weak   fix={'k': 137, 'k_float': 137.0, 'inliers': 20, 'dx': -79.47067260742188, 'dy': -173.83999633789062, 'scale': 3.390259166956809, 'second': 19, 'second_k': 136, 'second_dx': -47.61175537109375, 'detail': 'k=137 (137.00) inliers=20 second=19 dx=-79 scale=3.390 window=[135,139] fitted=[136, 137, 139]'}  strafe left 0.11s
      |         chain push: 1 chunk(s) of 0.40s, change 31.4, best 31.4, hazards none — one push, so `best` IS the whole leg's travel
      |         chain strafe: 1 chunk(s) of 0.11s, change 48.7, best 48.7, hazards none — one push, so `best` IS the whole leg's travel
      |     it  46  k=139 -> 139  advanced-past   fix={'k': 137, 'k_float': 137.0, 'inliers': 37, 'dx': -77.28939819335938, 'dy': -151.5081787109375, 'scale': 3.4060182791119455, 'second': 32, 'second_k': 140, 'second_dx': -38.49565124511719, 'detail': 'k=137 (137.00) inliers=37 second=32 dx=-77 scale=3.406 window=[136,140] fitted=[136, 137, 139, 140]'}  strafe left 0.11s
      |         chain push: 1 chunk(s) of 0.40s, change 26.8, best 26.8, hazards none — one push, so `best` IS the whole leg's travel
      |         chain strafe: 1 chunk(s) of 0.10s, change 37.1, best 37.1, hazards none — one push, so `best` IS the whole leg's travel
      |     it  47  k=142 -> 142  advanced        fix={'k': 142, 'k_float': 142.0, 'inliers': 52, 'dx': 52.01995849609375, 'dy': -141.84445190429688, 'scale': 2.1250665317809636, 'second': 17, 'second_k': 138, 'second_dx': 79.8416748046875, 'detail': 'k=142 (142.00) inliers=52 second=17 dx=+52 scale=2.125 window=[138,142] fitted=[138, 139, 140, 141, 142]'}  strafe right 0.10s
      |         turn to 2.2: TURNED to 1.1 (err +1.2) in 2 push(es), asked +82.4 deg, stick 1.25s
      |         chain strafe: 1 chunk(s) of 0.32s, change 25.2, best 25.2, hazards none — one push, so `best` IS the whole leg's travel
      |     it  48  k=166 -> 166  turned-aligned to 2.2489998976495684  (117 inliers at the stop)
      |         chain push: 1 chunk(s) of 0.40s, change 25.2, best 25.2, hazards none — one push, so `best` IS the whole leg's travel
      |         chain strafe: 1 chunk(s) of 0.29s, change 25.4, best 25.4, hazards none — one push, so `best` IS the whole leg's travel
      |     it  49  k=167 -> 167  advanced        fix={'k': 168, 'k_float': 168.0, 'inliers': 138, 'dx': 207.48007202148438, 'dy': -92.33345031738281, 'scale': 1.2785697277053565, 'second': 137, 'second_k': 166, 'second_dx': 208.4000244140625, 'detail': 'k=168 (168.00) inliers=138 second=137 dx=+207 scale=1.279 window=[165,169] fitted=[165, 166, 167, 168, 169]'}  strafe right 0.29s
      |         turn to 4.3: NO-OP, already inside 4.0 deg (at 1.0, err +3.3) — nothing was sent, the recorded curve was discarded, and the caller's step line will look like a turn that happened
      |         chain push: 1 chunk(s) of 0.40s, change 39.5, best 39.5, hazards none — one push, so `best` IS the whole leg's travel
      |         chain strafe: 1 chunk(s) of 0.27s, change 17.9, best 17.9, hazards none — one push, so `best` IS the whole leg's travel
      |     it  50  k=169 -> 169  advanced        fix={'k': 170, 'k_float': 170.0, 'inliers': 81, 'dx': 194.64208984375, 'dy': -99.98397827148438, 'scale': 1.52823843307217, 'second': 76, 'second_k': 167, 'second_dx': 219.76327514648438, 'detail': 'k=170 (170.00) inliers=81 second=76 dx=+195 scale=1.528 window=[166,170] fitted=[166, 167, 168, 169, 170]'}  strafe right 0.27s
      |         turn to 2.2: NO-OP, already inside 4.0 deg (at 1.1, err +1.1) — nothing was sent, the recorded curve was discarded, and the caller's step line will look like a turn that happened
      |         chain push: 1 chunk(s) of 0.40s, change 32.7, best 32.7, hazards none — one push, so `best` IS the whole leg's travel
      |     it  51  k=169 -> 171  stalled         fix={'k': 170, 'k_float': 170.0, 'inliers': 61, 'dx': -13.685745239257812, 'dy': -132.55999755859375, 'scale': 1.4159392403469067, 'second': 60, 'second_k': 172, 'second_dx': -4.173591613769531, 'detail': 'k=170 (170.00) inliers=61 second=60 dx=-14 scale=1.416 window=[168,172] fitted=[168, 169, 170, 171, 172]'}
      |         chain push: 1 chunk(s) of 0.40s, change 33.3, best 33.3, hazards none — one push, so `best` IS the whole leg's travel
      |         chain strafe: 1 chunk(s) of 0.10s, change 15.9, best 15.9, hazards none — one push, so `best` IS the whole leg's travel
      |     it  52  k=171 -> 171  advanced        fix={'k': 172, 'k_float': 172.0, 'inliers': 45, 'dx': -44.65150451660156, 'dy': -139.29598999023438, 'scale': 1.449412044859939, 'second': 38, 'second_k': 168, 'second_dx': -48.93694305419922, 'detail': 'k=172 (172.00) inliers=45 second=38 dx=-45 scale=1.449 window=[168,172] fitted=[168, 169, 170, 171, 172]'}  strafe left 0.10s
      |         chain push: 1 chunk(s) of 0.40s, change 32.8, best 32.8, hazards none — one push, so `best` IS the whole leg's travel
      |     it  53  k=173 -> 173  advanced        fix={'k': 174, 'k_float': 174.0, 'inliers': 37, 'dx': -33.64208984375, 'dy': -152.3681182861328, 'scale': 1.496653887055861, 'second': 33, 'second_k': 173, 'second_dx': -60.11781311035156, 'detail': 'k=174 (174.00) inliers=37 second=33 dx=-34 scale=1.497 window=[170,174] fitted=[170, 171, 172, 173, 174]'}
      |         chain push: 1 chunk(s) of 0.40s, change 30.1, best 30.1, hazards none — one push, so `best` IS the whole leg's travel
      |         chain strafe: 1 chunk(s) of 0.10s, change 17.3, best 17.3, hazards none — one push, so `best` IS the whole leg's travel
      |     it  54  k=173 -> 176  stalled         fix={'k': 175, 'k_float': 175.0, 'inliers': 32, 'dx': -60.12095260620117, 'dy': -170.343994140625, 'scale': 1.6572067443523748, 'second': 29, 'second_k': 176, 'second_dx': -35.76544189453125, 'detail': 'k=175 (175.00) inliers=32 second=29 dx=-60 scale=1.657 window=[172,176] fitted=[172, 173, 174, 175, 176]'}  strafe left 0.10s
      |         chain push: 1 chunk(s) of 0.40s, change 23.3, best 23.3, hazards none — one push, so `best` IS the whole leg's travel
      |     it  55  k=176 -> 176  blind-advance   fix={'k': 176, 'k_float': 176.0, 'inliers': 8, 'dx': -63.76158905029297, 'dy': -210.24942016601562, 'scale': 1.810620499484761, 'second': 8, 'second_k': 175, 'second_dx': -83.72479248046875, 'detail': 'k=176 (176.00) inliers=8 second=8 dx=-64 scale=1.811 window=[172,176] fitted=[174, 175, 176]'}
      |         turn to 89.5: NO compass reading, abandoned BEFORE turning — the caller's 'got --' is an unread heading, not a heading that was reached
      |         turn to 64.5: NO compass reading, abandoned BEFORE turning — the caller's 'got --' is an unread heading, not a heading that was reached
      |         turn to 114.5: TURNED to 115.5 (err -1.1) in 2 push(es), asked +113.3 deg, stick 1.66s
      |         turn to 89.5: TURNED to 92.3 (err -2.8) in 1 push(es), asked -26.1 deg, stick 0.40s
      |         chain strafe: 1 chunk(s) of 0.30s, change 40.0, best 40.0, hazards none — one push, so `best` IS the whole leg's travel
      |     it  56  k=196 -> 196  turned-looked to 89.491477293153  (53 inliers at the stop)  STOP YAW skipped (last stop), strafe right for 0.30s on 511 px
      |         chain push: 1 chunk(s) of 0.40s, change 57.1, best 57.1, hazards none — one push, so `best` IS the whole leg's travel
      |         turn to 114.5: TURNED to 112.1 (err +2.4) in 1 push(es), asked +22.2 deg, stick 0.40s
      |     it  57  k=197 -> 197  advanced        fix={'k': 199, 'k_float': 198.1661793874092, 'inliers': 68, 'dx': 493.20001220703125, 'dy': -77.75999450683594, 'scale': 0.9375802145152105, 'second': 63, 'second_k': 196, 'second_dx': 488.1600341796875, 'detail': 'k=199 (198.17) inliers=68 second=63 dx=+493 scale=0.938 window=[195,199] fitted=[195, 196, 197, 198, 199]'}  END TURN +25.0 deg to heading 114.5 on dx 493 px (1/3) — no strafe, turn_to said {'reached': 112.1, 'hazards': []}
      |         chain push: 1 chunk(s) of 0.40s, change 55.9, best 55.9, hazards none — one push, so `best` IS the whole leg's travel
      |         chain strafe: 1 chunk(s) of 0.15s, change 26.3, best 26.3, hazards none — one push, so `best` IS the whole leg's travel
      |     it  58  k=197 -> 200  stalled         fix={'k': 199, 'k_float': 199.29025370901618, 'inliers': 83, 'dx': 107.0, 'dy': -73.20001220703125, 'scale': 1.0261525124513942, 'second': 65, 'second_k': 196, 'second_dx': 101.60641479492188, 'detail': 'k=199 (199.29) inliers=83 second=65 dx=+107 scale=1.026 window=[196,200] fitted=[196, 197, 198, 199, 200]'}  strafe right 0.15s
      |         chain push: 1 chunk(s) of 0.40s, change 37.3, best 37.3, hazards none — one push, so `best` IS the whole leg's travel
      |         chain strafe: 1 chunk(s) of 0.10s, change 21.8, best 21.8, hazards none — one push, so `best` IS the whole leg's travel
      |     it  59  k=200 -> 200  advanced        fix={'k': 200, 'k_float': 200.0, 'inliers': 97, 'dx': 43.20001220703125, 'dy': -45.5999755859375, 'scale': 1.2432099280761157, 'second': 97, 'second_k': 199, 'second_dx': 38.649658203125, 'detail': 'k=200 (200.00) inliers=97 second=97 dx=+43 scale=1.243 window=[196,200] fitted=[196, 197, 198, 199, 200]'}  strafe right 0.10s
      |         chain push: 1 chunk(s) of 0.40s, change 47.0, best 47.0, hazards none — one push, so `best` IS the whole leg's travel
      |   chain_walk: ARRIVED at iteration 60, k=200 (target 203 of 204), 55 push(es)
[14] ARRIVED   ESCAPE_GATE-on k=200/205  it=60  pushes=55  seconds=99.2 (walk 83.61, setup 13.9)  failure=None
      |   arm: ESCAPE_GATE = False
      |   pause menu open (selected 'Resume')
      |   selected: Load Last Save
      |   confirmation dialog up (delta 79.0) -> YES
      |   world back after 3.1s, spawn bearing 87 (E)
      |   setup 12.9s (reset 10.2s, Chain.load 2.7s for 205 waypoints) of a 180s budget
      |   chain_walk: 205 waypoints -> plan of 47 targets (41 push, 6 turn-only); the prompt is checked on every iteration; k rises by at most 1 per iteration, so >= 47 iteration(s). The 180s cap allows 3.83s each. At the last waypoint the walk may spend 3 more iteration(s) — 0.540 walk-units of forward push against OPEN-22's measured 0.05 — and then gives up rather than walking on past the table.
      |         turn to 271.3: TURNED to 275.1 (err -3.8) in 1 push(es), asked -175.7 deg, stick 2.35s
      |         chain strafe: 1 chunk(s) of 0.10s, change 12.2, best 12.2, hazards none — one push, so `best` IS the whole leg's travel
      |     it   1  k=  3 ->   3  turned-aligned to 271.3168428039934  (67 inliers at the stop)
      |         chain push: 1 chunk(s) of 0.40s, change 22.1, best 22.1, hazards none — one push, so `best` IS the whole leg's travel
      |     it   2  k=  4 ->   4  advanced-weak   fix={'k': 4, 'k_float': 4.0, 'inliers': 17, 'dx': -81.12001037597656, 'dy': 33.120025634765625, 'scale': 1.208802224989798, 'second': 17, 'second_k': 3, 'second_dx': -81.19999694824219, 'detail': 'k=4 (4.00) inliers=17 second=17 dx=-81 scale=1.209 window=[2,6] fitted=[2, 3, 4, 5, 6]'}
      |         chain push: 1 chunk(s) of 0.40s, change 21.4, best 21.4, hazards none — one push, so `best` IS the whole leg's travel
      |     it   3  k=  7 ->   7  blind-advance   fix={'k': 7, 'k_float': 7.0, 'inliers': 13, 'dx': -135.2816619873047, 'dy': 39.713623046875, 'scale': 1.4886014342644154, 'second': 12, 'second_k': 3, 'second_dx': -145.31442260742188, 'detail': 'k=7 (7.00) inliers=13 second=12 dx=-135 scale=1.489 window=[3,7] fitted=[3, 4, 5, 6, 7]'}
      |         chain push: 1 chunk(s) of 0.40s, change 13.8, best 13.8, hazards none — one push, so `best` IS the whole leg's travel
      |     it   4  k= 10 ->  10  blind-advance   fix=None
      |         chain push: 1 chunk(s) of 0.40s, change 9.2, best 9.2, hazards none — one push, so `best` IS the whole leg's travel
      |     it   5  k= 13 ->  13  blind-advance   fix=None
      |         chain push: 1 chunk(s) of 0.40s, change 4.8, best 4.8, hazards none — one push, so `best` IS the whole leg's travel
      |     it   6  k= 16 ->  16  blind-advance   fix=None
      |         chain push: 1 chunk(s) of 0.40s, change 8.5, best 8.5, hazards none — one push, so `best` IS the whole leg's travel
      |     it   7  k= 19 ->  19  blind-advance   fix=None
      |         chain push: 1 chunk(s) of 0.40s, change 8.5, best 8.5, hazards none — one push, so `best` IS the whole leg's travel
      |     it   8  k= 19 ->  39  door-step 1/1: one more push along 271.3 before the stop turns (the frame after it fits 0 inliers, scale None)
      |         turn to 1.6: TURNED to 358.9 (err +2.7) in 1 push(es), asked +86.4 deg, stick 1.16s
      |         chain strafe: 1 chunk(s) of 0.14s, change 9.8, best 9.8, hazards none — one push, so `best` IS the whole leg's travel
      |     it   8  k= 39 ->  39  turned-aligned to 1.6055901753868653  (67 inliers at the stop)
      |         chain push: 1 chunk(s) of 0.40s, change 13.1, best 13.1, hazards none — one push, so `best` IS the whole leg's travel
      |         chain strafe: 1 chunk(s) of 0.10s, change 8.9, best 8.9, hazards none — one push, so `best` IS the whole leg's travel
      |     it   9  k= 40 ->  40  advanced        fix={'k': 42, 'k_float': 42.0, 'inliers': 62, 'dx': 58.68290710449219, 'dy': 385.9005126953125, 'scale': 1.3353060511449653, 'second': 54, 'second_k': 38, 'second_dx': 47.19200897216797, 'detail': 'k=42 (42.00) inliers=62 second=54 dx=+59 scale=1.335 window=[38,42] fitted=[38, 39, 40, 41, 42]'}  strafe right 0.10s
      |         chain push: 1 chunk(s) of 0.40s, change 31.6, best 31.6, hazards none — one push, so `best` IS the whole leg's travel
      |         chain strafe: 1 chunk(s) of 0.17s, change 18.5, best 18.5, hazards none — one push, so `best` IS the whole leg's travel
      |     it  10  k= 40 ->  43  stalled         fix={'k': 40, 'k_float': 40.0, 'inliers': 40, 'dx': 124.8768310546875, 'dy': 353.1907958984375, 'scale': 1.3044509975342191, 'second': 37, 'second_k': 43, 'second_dx': 118.0, 'detail': 'k=40 (40.00) inliers=40 second=37 dx=+125 scale=1.304 window=[39,43] fitted=[39, 40, 41, 42, 43]'}  strafe right 0.17s
      |         chain push: 1 chunk(s) of 0.40s, change 39.0, best 39.0, hazards none — one push, so `best` IS the whole leg's travel
      |         chain strafe: 1 chunk(s) of 0.18s, change 21.5, best 21.5, hazards none — one push, so `best` IS the whole leg's travel
      |     it  11  k= 40 ->  43  stalled         fix={'k': 40, 'k_float': 40.0, 'inliers': 44, 'dx': 128.60003662109375, 'dy': 334.3812255859375, 'scale': 1.5017028198022906, 'second': 40, 'second_k': 43, 'second_dx': 120.9044189453125, 'detail': 'k=40 (40.00) inliers=44 second=40 dx=+129 scale=1.502 window=[39,43] fitted=[39, 40, 41, 42, 43]'}  strafe right 0.18s
      |         chain push: 1 chunk(s) of 0.40s, change 33.3, best 33.3, hazards none — one push, so `best` IS the whole leg's travel
      |         chain strafe: 1 chunk(s) of 0.18s, change 9.4, best 9.4, hazards none — one push, so `best` IS the whole leg's travel
      |     it  12  k= 43 ->  43  advanced-past   fix={'k': 40, 'k_float': 40.0, 'inliers': 37, 'dx': 129.800048828125, 'dy': 305.510498046875, 'scale': 1.7539956125020368, 'second': 36, 'second_k': 41, 'second_dx': 130.42404174804688, 'detail': 'k=40 (40.00) inliers=37 second=36 dx=+130 scale=1.754 window=[39,43] fitted=[39, 40, 41, 42, 43]'}  strafe right 0.18s
      |         chain push: 1 chunk(s) of 0.40s, change 17.9, best 17.9, hazards none — one push, so `best` IS the whole leg's travel
      |         chain strafe: 1 chunk(s) of 0.18s, change 0.9, best 0.9, hazards SHORT — one push, so `best` IS the whole leg's travel
      |     it  13  k= 43 ->  46  stalled         fix={'k': 44, 'k_float': 44.0, 'inliers': 36, 'dx': 126.70004272460938, 'dy': 257.63372802734375, 'scale': 1.8999034366941363, 'second': 34, 'second_k': 46, 'second_dx': 107.90243530273438, 'detail': 'k=44 (44.00) inliers=36 second=34 dx=+127 scale=1.900 window=[42,46] fitted=[42, 43, 44, 45, 46]'}  strafe right 0.18s
      |         chain push: 1 chunk(s) of 0.40s, change 20.0, best 20.0, hazards none — one push, so `best` IS the whole leg's travel
      |         chain strafe: 1 chunk(s) of 0.18s, change 2.9, best 2.9, hazards SHORT — one push, so `best` IS the whole leg's travel
      |     it  14  k= 46 ->  46  blind-advance   fix={'k': 46, 'k_float': 46.0, 'inliers': 8, 'dx': 213.51144409179688, 'dy': 117.75178527832031, 'scale': 2.4915713516777465, 'second': 8, 'second_k': 44, 'second_dx': 234.36544799804688, 'detail': 'k=46 (46.00) inliers=8 second=8 dx=+214 scale=2.492 window=[42,46] fitted=[42, 44, 45, 46]'}  strafe right 0.18s
      |         chain push: 1 chunk(s) of 0.40s, change 24.3, best 24.3, hazards none — one push, so `best` IS the whole leg's travel
      |     it  15  k= 49 ->  49  blind-advance   fix={'k': 48, 'k_float': 48.0, 'inliers': 10, 'dx': 410.61529541015625, 'dy': -84.02346801757812, 'scale': 2.9626039411977754, 'second': 9, 'second_k': 49, 'second_dx': 389.1124267578125, 'detail': 'k=48 (48.00) inliers=10 second=9 dx=+411 scale=2.963 window=[45,49] fitted=[48, 49]'}
      |         chain push: 1 chunk(s) of 0.40s, change 28.6, best 28.6, hazards none — one push, so `best` IS the whole leg's travel
      |     it  16  k= 52 ->  52  blind-advance   fix={'k': 49, 'k_float': 49.0, 'inliers': 11, 'dx': 53.084259033203125, 'dy': 204.87176513671875, 'scale': 1.2041903209273932, 'second': 10, 'second_k': 51, 'second_dx': 47.87998962402344, 'detail': 'k=49 (49.00) inliers=11 second=10 dx=+53 scale=1.204 window=[48,52] fitted=[49, 50, 51, 52]'}
      |         chain push: 1 chunk(s) of 0.40s, change 28.1, best 28.1, hazards none — one push, so `best` IS the whole leg's travel
      |     it  17  k= 55 ->  55  advanced-weak   fix={'k': 55, 'k_float': 55.0, 'inliers': 26, 'dx': 27.70001220703125, 'dy': 252.40802001953125, 'scale': 1.1230329015300728, 'second': 9, 'second_k': 54, 'second_dx': 41.803802490234375, 'detail': 'k=55 (55.00) inliers=26 second=9 dx=+28 scale=1.123 window=[51,55] fitted=[52, 53, 54, 55]'}
      |         chain push: 1 chunk(s) of 0.40s, change 30.1, best 30.1, hazards none — one push, so `best` IS the whole leg's travel
      |     it  18  k= 55 ->  58  stalled         fix={'k': 57, 'k_float': 57.0, 'inliers': 85, 'dx': 29.9520263671875, 'dy': 277.8000183105469, 'scale': 1.2621633836987074, 'second': 67, 'second_k': 58, 'second_dx': 29.30694580078125, 'detail': 'k=57 (57.00) inliers=85 second=67 dx=+30 scale=1.262 window=[54,58] fitted=[54, 55, 56, 57, 58]'}
      |         chain push: 1 chunk(s) of 0.40s, change 19.9, best 19.9, hazards none — one push, so `best` IS the whole leg's travel
      |     it  19  k= 58 ->  58  advanced        fix={'k': 58, 'k_float': 58.0, 'inliers': 85, 'dx': 32.4000244140625, 'dy': 292.4000244140625, 'scale': 1.282148413369789, 'second': 66, 'second_k': 56, 'second_dx': 31.431396484375, 'detail': 'k=58 (58.00) inliers=85 second=66 dx=+32 scale=1.282 window=[54,58] fitted=[54, 55, 56, 57, 58]'}
      |         chain push: 1 chunk(s) of 0.40s, change 15.7, best 15.7, hazards none — one push, so `best` IS the whole leg's travel
      |         chain strafe: 1 chunk(s) of 0.10s, change 9.7, best 9.7, hazards none — one push, so `best` IS the whole leg's travel
      |     it  20  k= 61 ->  61  advanced        fix={'k': 61, 'k_float': 61.0, 'inliers': 115, 'dx': 38.0, 'dy': 308.4000244140625, 'scale': 1.2622474596997482, 'second': 105, 'second_k': 59, 'second_dx': 35.760040283203125, 'detail': 'k=61 (61.00) inliers=115 second=105 dx=+38 scale=1.262 window=[57,61] fitted=[57, 58, 59, 60, 61]'}  strafe right 0.10s
      |         chain push: 1 chunk(s) of 0.40s, change 17.8, best 17.8, hazards none — one push, so `best` IS the whole leg's travel
      |     it  21  k= 61 ->  64  stalled         fix={'k': 60, 'k_float': 60.0, 'inliers': 105, 'dx': 21.0240478515625, 'dy': 270.9781494140625, 'scale': 1.4211939236001538, 'second': 96, 'second_k': 63, 'second_dx': 24.53765869140625, 'detail': 'k=60 (60.00) inliers=105 second=96 dx=+21 scale=1.421 window=[60,64] fitted=[60, 61, 62, 63, 64]'}
      |         chain push: 1 chunk(s) of 0.40s, change 16.0, best 16.0, hazards none — one push, so `best` IS the whole leg's travel
      |     it  22  k= 61 ->  64  stalled         fix={'k': 63, 'k_float': 63.0, 'inliers': 108, 'dx': 26.280029296875, 'dy': 255.74403381347656, 'scale': 1.4037169165992247, 'second': 106, 'second_k': 62, 'second_dx': 24.440017700195312, 'detail': 'k=63 (63.00) inliers=108 second=106 dx=+26 scale=1.404 window=[60,64] fitted=[60, 61, 62, 63, 64]'}
      |         chain push: 1 chunk(s) of 0.40s, change 18.0, best 18.0, hazards none — one push, so `best` IS the whole leg's travel
      |     it  23  k= 61 ->  64  stalled         fix={'k': 61, 'k_float': 61.0, 'inliers': 114, 'dx': 24.528060913085938, 'dy': 265.96002197265625, 'scale': 1.582351231542766, 'second': 109, 'second_k': 62, 'second_dx': 26.611236572265625, 'detail': 'k=61 (61.00) inliers=114 second=109 dx=+25 scale=1.582 window=[60,64] fitted=[60, 61, 62, 63, 64]'}
      |         chain push: 1 chunk(s) of 0.40s, change 18.3, best 18.3, hazards none — one push, so `best` IS the whole leg's travel
      |     it  24  k= 64 ->  64  advanced-past   fix={'k': 61, 'k_float': 61.0, 'inliers': 146, 'dx': 25.182785034179688, 'dy': 270.712890625, 'scale': 1.7655315636089512, 'second': 121, 'second_k': 62, 'second_dx': 28.0743408203125, 'detail': 'k=61 (61.00) inliers=146 second=121 dx=+25 scale=1.766 window=[60,64] fitted=[60, 61, 62, 63, 64]'}
      |     it  25  k= 88 ->  88  turned (skipped, same heading) to 1.3495539744498237  (92 inliers at the stop)
      |         chain push: 1 chunk(s) of 0.40s, change 21.2, best 21.2, hazards none — one push, so `best` IS the whole leg's travel
      |     it  26  k= 89 ->  89  advanced        fix={'k': 91, 'k_float': 91.0, 'inliers': 102, 'dx': 25.378616333007812, 'dy': -21.69256591796875, 'scale': 1.7153314184450987, 'second': 97, 'second_k': 88, 'second_dx': 26.280029296875, 'detail': 'k=91 (91.00) inliers=102 second=97 dx=+25 scale=1.715 window=[87,91] fitted=[87, 88, 89, 90, 91]'}
      |         chain push: 1 chunk(s) of 0.40s, change 21.3, best 21.3, hazards none — one push, so `best` IS the whole leg's travel
      |     it  27  k= 92 ->  92  advanced        fix={'k': 92, 'k_float': 92.0, 'inliers': 33, 'dx': 29.56964111328125, 'dy': -8.879974365234375, 'scale': 1.7780836897363859, 'second': 30, 'second_k': 89, 'second_dx': 29.15008544921875, 'detail': 'k=92 (92.00) inliers=33 second=30 dx=+30 scale=1.778 window=[88,92] fitted=[88, 89, 90, 91, 92]'}
      |         chain push: 1 chunk(s) of 0.40s, change 30.6, best 30.6, hazards none — one push, so `best` IS the whole leg's travel
      |         chain strafe: 1 chunk(s) of 0.10s, change 10.0, best 10.0, hazards none — one push, so `best` IS the whole leg's travel
      |     it  28  k= 94 ->  94  advanced        fix={'k': 95, 'k_float': 95.0, 'inliers': 37, 'dx': 46.605438232421875, 'dy': -26.575958251953125, 'scale': 1.9234120176253857, 'second': 17, 'second_k': 94, 'second_dx': 36.157562255859375, 'detail': 'k=95 (95.00) inliers=37 second=17 dx=+47 scale=1.923 window=[91,95] fitted=[91, 92, 93, 94, 95]'}  strafe right 0.10s
      |         chain push: 1 chunk(s) of 0.40s, change 26.2, best 26.2, hazards none — one push, so `best` IS the whole leg's travel
      |         chain strafe: 1 chunk(s) of 0.10s, change 10.3, best 10.3, hazards none — one push, so `best` IS the whole leg's travel
      |     it  29  k= 96 ->  96  advanced        fix={'k': 97, 'k_float': 97.0, 'inliers': 66, 'dx': 39.5185546875, 'dy': -25.0335693359375, 'scale': 2.1361642508043044, 'second': 54, 'second_k': 96, 'second_dx': 43.33891296386719, 'detail': 'k=97 (97.00) inliers=66 second=54 dx=+40 scale=2.136 window=[93,97] fitted=[93, 94, 95, 96, 97]'}  strafe right 0.10s
      |         chain push: 1 chunk(s) of 0.40s, change 21.8, best 21.8, hazards none — one push, so `best` IS the whole leg's travel
      |     it  30  k= 98 ->  98  advanced        fix={'k': 98, 'k_float': 98.0, 'inliers': 60, 'dx': 10.808944702148438, 'dy': -41.60493469238281, 'scale': 2.417653433472661, 'second': 58, 'second_k': 99, 'second_dx': 9.001937866210938, 'detail': 'k=98 (98.00) inliers=60 second=58 dx=+11 scale=2.418 window=[95,99] fitted=[95, 96, 97, 98, 99]'}
      |         chain push: 1 chunk(s) of 0.40s, change 19.2, best 19.2, hazards none — one push, so `best` IS the whole leg's travel
      |     it  31  k=100 -> 100  advanced        fix={'k': 101, 'k_float': 101.0, 'inliers': 49, 'dx': 20.719085693359375, 'dy': -61.0213623046875, 'scale': 2.578469381567757, 'second': 39, 'second_k': 99, 'second_dx': 18.146331787109375, 'detail': 'k=101 (101.00) inliers=49 second=39 dx=+21 scale=2.578 window=[97,101] fitted=[97, 98, 99, 100, 101]'}
      |         chain push: 1 chunk(s) of 0.40s, change 18.9, best 18.9, hazards none — one push, so `best` IS the whole leg's travel
      |         chain strafe: 1 chunk(s) of 0.23s, change 14.9, best 14.9, hazards none — one push, so `best` IS the whole leg's travel
      |     it  32  k=102 -> 102  advanced        fix={'k': 103, 'k_float': 103.0, 'inliers': 33, 'dx': -164.03712463378906, 'dy': -95.85954284667969, 'scale': 2.9616089848410034, 'second': 27, 'second_k': 102, 'second_dx': -166.02310180664062, 'detail': 'k=103 (103.00) inliers=33 second=27 dx=-164 scale=2.962 window=[99,103] fitted=[99, 100, 101, 102, 103]'}  strafe left 0.23s
      |         chain push: 1 chunk(s) of 0.40s, change 23.4, best 23.4, hazards none — one push, so `best` IS the whole leg's travel
      |     it  33  k=104 -> 104  blind-advance   fix=None
      |         chain push: 1 chunk(s) of 0.40s, change 43.1, best 43.1, hazards none — one push, so `best` IS the whole leg's travel
      |     it  34  k=107 -> 107  blind-advance   fix=None
      |         chain push: 1 chunk(s) of 0.40s, change 30.8, best 30.8, hazards none — one push, so `best` IS the whole leg's travel
      |     it  35  k=109 -> 109  blind-advance   fix=None
      |         chain push: 1 chunk(s) of 0.40s, change 13.2, best 13.2, hazards none — one push, so `best` IS the whole leg's travel
      |     it  36  k=109 -> 112  turn-early: blind with the budget spent and a turn stop at 129 within 3 targets — turning to 303.34476843910807 now instead of pushing into whatever is in front
      |         turn to 303.3: TURNED to 306.8 (err -3.4) in 1 push(es), asked -55.6 deg, stick 0.74s
      |         turn to 278.3: TURNED to 278.2 (err +0.2) in 1 push(es), asked -28.4 deg, stick 0.40s
      |         turn to 303.3: TURNED to 305.3 (err -2.0) in 1 push(es), asked +25.2 deg, stick 0.40s
      |         turn to 292.6: TURNED to 295.6 (err -3.0) in 2 push(es), asked -12.7 deg, stick 0.40s
      |     it  37  k=129 -> 129  turned-looked to 303.34476843910807  (182 inliers at the stop)  STOP YAW -10.7 deg on -212 px, no strafe
      |         turn to 289.1: TURNED to 289.2 (err -0.1) in 1 push(es), asked -6.6 deg, stick 0.15s
      |         chain push: 1 chunk(s) of 0.40s, change 12.5, best 12.5, hazards none — one push, so `best` IS the whole leg's travel
      |     it  38  k=129 -> 130  stalled         fix={'k': 129, 'k_float': 129.0, 'inliers': 158, 'dx': -32.52000427246094, 'dy': -28.139984130859375, 'scale': 1.2014483404044483, 'second': 154, 'second_k': 128, 'second_dx': 60.81282043457031, 'detail': 'k=129 (129.00) inliers=158 second=154 dx=-33 scale=1.201 window=[128,132] fitted=[128, 129, 130, 131, 132]'}
      |         chain push: 1 chunk(s) of 0.40s, change 14.6, best 14.6, hazards none — one push, so `best` IS the whole leg's travel
      |         chain strafe: 1 chunk(s) of 0.21s, change 13.8, best 13.8, hazards none — one push, so `best` IS the whole leg's travel
      |     it  39  k=130 -> 130  advanced        fix={'k': 132, 'k_float': 132.0, 'inliers': 186, 'dx': -150.6527862548828, 'dy': -49.075164794921875, 'scale': 1.3817879657019916, 'second': 182, 'second_k': 128, 'second_dx': 33.210792541503906, 'detail': 'k=132 (132.00) inliers=186 second=182 dx=-151 scale=1.382 window=[128,132] fitted=[128, 129, 130, 131, 132]'}  strafe left 0.21s
      |         turn to 287.6: NO-OP, already inside 4.0 deg (at 289.1, err -1.6) — nothing was sent, the recorded curve was discarded, and the caller's step line will look like a turn that happened
      |         chain push: 1 chunk(s) of 0.40s, change 18.2, best 18.2, hazards none — one push, so `best` IS the whole leg's travel
      |     it  40  k=133 -> 133  advanced-past   fix={'k': 130, 'k_float': 130.0, 'inliers': 169, 'dx': -34.01849365234375, 'dy': -68.39996337890625, 'scale': 1.7191661149940782, 'second': 111, 'second_k': 131, 'second_dx': -62.37384033203125, 'detail': 'k=130 (130.00) inliers=169 second=111 dx=-34 scale=1.719 window=[129,133] fitted=[129, 130, 131, 132, 133]'}
      |         chain push: 1 chunk(s) of 0.40s, change 24.5, best 24.5, hazards none — one push, so `best` IS the whole leg's travel
      |         chain strafe: 1 chunk(s) of 0.10s, change 21.7, best 21.7, hazards none — one push, so `best` IS the whole leg's travel
      |     it  41  k=136 -> 136  advanced        fix={'k': 136, 'k_float': 136.0, 'inliers': 121, 'dx': -58.636749267578125, 'dy': -98.45597839355469, 'scale': 1.6710399531424482, 'second': 105, 'second_k': 132, 'second_dx': -73.10009765625, 'detail': 'k=136 (136.00) inliers=121 second=105 dx=-59 scale=1.671 window=[132,136] fitted=[132, 133, 134, 135, 136]'}  strafe left 0.10s
      |         chain push: 1 chunk(s) of 0.40s, change 26.4, best 26.4, hazards none — one push, so `best` IS the whole leg's travel
      |     it  42  k=136 -> 139  stalled         fix={'k': 138, 'k_float': 138.0, 'inliers': 143, 'dx': -5.404754638671875, 'dy': -116.09275817871094, 'scale': 1.9621253356807424, 'second': 120, 'second_k': 139, 'second_dx': 5.3896331787109375, 'detail': 'k=138 (138.00) inliers=143 second=120 dx=-5 scale=1.962 window=[135,139] fitted=[135, 136, 137, 138, 139]'}
      |         chain push: 1 chunk(s) of 0.40s, change 36.6, best 36.6, hazards none — one push, so `best` IS the whole leg's travel
      |         chain strafe: 1 chunk(s) of 0.13s, change 44.2, best 44.2, hazards none — one push, so `best` IS the whole leg's travel
      |     it  43  k=139 -> 139  advanced        fix={'k': 139, 'k_float': 139.0, 'inliers': 72, 'dx': -93.9097671508789, 'dy': -162.47085571289062, 'scale': 2.7599448038758685, 'second': 29, 'second_k': 135, 'second_dx': -134.3100128173828, 'detail': 'k=139 (139.00) inliers=72 second=29 dx=-94 scale=2.760 window=[135,139] fitted=[135, 136, 137, 138, 139]'}  strafe left 0.13s
      |         chain push: 1 chunk(s) of 0.40s, change 41.6, best 41.6, hazards none — one push, so `best` IS the whole leg's travel
      |     it  44  k=142 -> 142  advanced        fix={'k': 142, 'k_float': 142.0, 'inliers': 145, 'dx': -19.93145751953125, 'dy': -122.96478271484375, 'scale': 2.135284761277103, 'second': 65, 'second_k': 138, 'second_dx': -41.52764892578125, 'detail': 'k=142 (142.00) inliers=145 second=65 dx=-20 scale=2.135 window=[138,142] fitted=[138, 139, 140, 141, 142]'}
      |         turn to 2.2: TURNED to 2.0 (err +0.3) in 1 push(es), asked +73.1 deg, stick 0.98s
      |         chain strafe: 1 chunk(s) of 0.26s, change 30.7, best 30.7, hazards none — one push, so `best` IS the whole leg's travel
      |     it  45  k=166 -> 166  turned-aligned to 2.2489998976495684  (55 inliers at the stop)
      |         chain push: 1 chunk(s) of 0.40s, change 43.7, best 43.7, hazards none — one push, so `best` IS the whole leg's travel
      |         chain strafe: 1 chunk(s) of 0.21s, change 39.6, best 39.6, hazards none — one push, so `best` IS the whole leg's travel
      |     it  46  k=166 -> 167  stalled         fix={'k': 165, 'k_float': 165.0, 'inliers': 65, 'dx': 153.1199951171875, 'dy': -87.60000610351562, 'scale': 1.1679843638561684, 'second': 64, 'second_k': 166, 'second_dx': 152.21380615234375, 'detail': 'k=165 (165.00) inliers=65 second=64 dx=+153 scale=1.168 window=[165,169] fitted=[165, 166, 167, 168, 169]'}  strafe right 0.21s
      |         chain push: 1 chunk(s) of 0.40s, change 34.6, best 34.6, hazards none — one push, so `best` IS the whole leg's travel
      |         chain strafe: 1 chunk(s) of 0.16s, change 21.5, best 21.5, hazards none — one push, so `best` IS the whole leg's travel
      |     it  47  k=166 -> 167  stalled         fix={'k': 165, 'k_float': 165.0, 'inliers': 117, 'dx': 118.32000732421875, 'dy': -96.21501159667969, 'scale': 1.304451595656051, 'second': 117, 'second_k': 166, 'second_dx': 8.064010620117188, 'detail': 'k=165 (165.00) inliers=117 second=117 dx=+118 scale=1.304 window=[165,169] fitted=[165, 166, 167, 168, 169]'}  strafe right 0.16s
      |         chain push: 1 chunk(s) of 0.40s, change 27.6, best 27.6, hazards none — one push, so `best` IS the whole leg's travel
      |         chain strafe: 1 chunk(s) of 0.10s, change 16.7, best 16.7, hazards none — one push, so `best` IS the whole leg's travel
      |     it  48  k=167 -> 167  advanced        fix={'k': 169, 'k_float': 169.0, 'inliers': 67, 'dx': -47.1199951171875, 'dy': -103.19999694824219, 'scale': 1.3314924863923072, 'second': 66, 'second_k': 168, 'second_dx': -47.66973876953125, 'detail': 'k=169 (169.00) inliers=67 second=66 dx=-47 scale=1.331 window=[165,169] fitted=[165, 166, 167, 168, 169]'}  strafe left 0.10s
      |         turn to 4.3: NO-OP, already inside 4.0 deg (at 2.0, err +2.2) — nothing was sent, the recorded curve was discarded, and the caller's step line will look like a turn that happened
      |         chain push: 1 chunk(s) of 0.40s, change 30.7, best 30.7, hazards none — one push, so `best` IS the whole leg's travel
      |         chain strafe: 1 chunk(s) of 0.10s, change 15.0, best 15.0, hazards none — one push, so `best` IS the whole leg's travel
      |     it  49  k=169 -> 169  advanced        fix={'k': 170, 'k_float': 170.0, 'inliers': 56, 'dx': -69.57791137695312, 'dy': -124.5199966430664, 'scale': 1.473197994452022, 'second': 38, 'second_k': 167, 'second_dx': -74.9352798461914, 'detail': 'k=170 (170.00) inliers=56 second=38 dx=-70 scale=1.473 window=[166,170] fitted=[166, 167, 168, 169, 170]'}  strafe left 0.10s
      |         turn to 2.2: NO-OP, already inside 4.0 deg (at 2.0, err +0.2) — nothing was sent, the recorded curve was discarded, and the caller's step line will look like a turn that happened
      |         chain push: 1 chunk(s) of 0.40s, change 32.5, best 32.5, hazards none — one push, so `best` IS the whole leg's travel
      |         chain strafe: 1 chunk(s) of 0.10s, change 15.6, best 15.6, hazards none — one push, so `best` IS the whole leg's travel
      |     it  50  k=171 -> 171  advanced        fix={'k': 172, 'k_float': 172.0, 'inliers': 39, 'dx': 50.590484619140625, 'dy': -141.16796875, 'scale': 1.9958538005585222, 'second': 29, 'second_k': 168, 'second_dx': 68.80426025390625, 'detail': 'k=172 (172.00) inliers=39 second=29 dx=+51 scale=1.996 window=[168,172] fitted=[168, 169, 170, 171, 172]'}  strafe right 0.10s
      |         chain push: 1 chunk(s) of 0.40s, change 26.7, best 26.7, hazards none — one push, so `best` IS the whole leg's travel
      |     it  51  k=173 -> 173  advanced        fix={'k': 174, 'k_float': 174.0, 'inliers': 45, 'dx': 9.39581298828125, 'dy': -150.27452087402344, 'scale': 2.0038146966819568, 'second': 36, 'second_k': 173, 'second_dx': 24.780853271484375, 'detail': 'k=174 (174.00) inliers=45 second=36 dx=+9 scale=2.004 window=[170,174] fitted=[170, 171, 172, 173, 174]'}
      |         chain push: 1 chunk(s) of 0.40s, change 34.7, best 34.7, hazards none — one push, so `best` IS the whole leg's travel
      |     it  52  k=176 -> 176  advanced        fix={'k': 176, 'k_float': 176.0, 'inliers': 31, 'dx': 18.493927001953125, 'dy': -195.18487548828125, 'scale': 2.5082047807471106, 'second': 23, 'second_k': 175, 'second_dx': 60.33587646484375, 'detail': 'k=176 (176.00) inliers=31 second=23 dx=+18 scale=2.508 window=[172,176] fitted=[172, 173, 174, 175, 176]'}
      |         turn to 89.5: TURNED to 88.2 (err +1.3) in 1 push(es), asked +87.4 deg, stick 1.17s
      |         chain strafe: 1 chunk(s) of 0.50s, change 40.4, best 40.4, hazards none — one push, so `best` IS the whole leg's travel
      |     it  53  k=196 -> 196  turned-aligned to 89.491477293153  (133 inliers at the stop)
      |         chain push: 1 chunk(s) of 0.40s, change 37.0, best 37.0, hazards none — one push, so `best` IS the whole leg's travel
      |         chain strafe: 1 chunk(s) of 0.30s, change 26.2, best 26.2, hazards none — one push, so `best` IS the whole leg's travel
      |     it  54  k=197 -> 197  advanced        fix={'k': 197, 'k_float': 197.0, 'inliers': 135, 'dx': 283.7376708984375, 'dy': -24.47998046875, 'scale': 1.2331394344759028, 'second': 94, 'second_k': 199, 'second_dx': 291.2704162597656, 'detail': 'k=197 (197.00) inliers=135 second=94 dx=+284 scale=1.233 window=[195,199] fitted=[195, 196, 197, 198, 199]'}  strafe right 0.30s
      |         chain push: 1 chunk(s) of 0.40s, change 47.3, best 47.3, hazards none — one push, so `best` IS the whole leg's travel
      |         chain strafe: 1 chunk(s) of 0.30s, change 36.1, best 36.1, hazards none — one push, so `best` IS the whole leg's travel
      |     it  55  k=197 -> 200  stalled         fix={'k': 199, 'k_float': 199.0, 'inliers': 113, 'dx': 279.388671875, 'dy': -17.3599853515625, 'scale': 1.500742190330857, 'second': 102, 'second_k': 196, 'second_dx': 273.047119140625, 'detail': 'k=199 (199.00) inliers=113 second=102 dx=+279 scale=1.501 window=[196,200] fitted=[196, 197, 198, 199, 200]'}  strafe right 0.30s
      |         chain push: 1 chunk(s) of 0.40s, change 53.4, best 53.4, hazards none — one push, so `best` IS the whole leg's travel
      |         chain strafe: 1 chunk(s) of 0.28s, change 45.0, best 45.0, hazards none — one push, so `best` IS the whole leg's travel
      |     it  56  k=200 -> 200  advanced        fix={'k': 200, 'k_float': 200.0, 'inliers': 104, 'dx': 204.49435424804688, 'dy': 33.652557373046875, 'scale': 2.0437132425885505, 'second': 70, 'second_k': 197, 'second_dx': 185.0670166015625, 'detail': 'k=200 (200.00) inliers=104 second=70 dx=+204 scale=2.044 window=[196,200] fitted=[196, 197, 198, 199, 200]'}  strafe right 0.28s
      |         chain push: 1 chunk(s) of 0.40s, change 38.5, best 38.5, hazards none — one push, so `best` IS the whole leg's travel
      |   chain_walk: ARRIVED at iteration 57, k=200 (target 203 of 204), 52 push(es)
[15] ARRIVED   ESCAPE_GATE-off k=200/205  it=57  pushes=52  seconds=88.1 (walk 73.68, setup 12.9)  failure=None
      |   arm: ESCAPE_GATE = True
      |   pause menu open (selected 'Resume')
      |   selected: Load Last Save
      |   confirmation dialog up (delta 80.5) -> YES
      |   world back after 3.2s, spawn bearing 87 (E)
      |   setup 16.1s (reset 10.8s, Chain.load 5.3s for 205 waypoints) of a 180s budget
      |   chain_walk: 205 waypoints -> plan of 47 targets (41 push, 6 turn-only); the prompt is checked on every iteration; k rises by at most 1 per iteration, so >= 47 iteration(s). The 180s cap allows 3.83s each. At the last waypoint the walk may spend 3 more iteration(s) — 0.540 walk-units of forward push against OPEN-22's measured 0.05 — and then gives up rather than walking on past the table.
      |         turn to 271.3: TURNED to 271.5 (err -0.1) in 3 push(es), asked -175.7 deg, stick 2.65s
      |     it   1  k=  3 ->   3  turned to 271.3168428039934  (196 inliers at the stop)
      |         chain push: 1 chunk(s) of 0.40s, change 21.6, best 21.6, hazards none — one push, so `best` IS the whole leg's travel
      |     it   2  k=  4 ->   4  advanced-weak   fix={'k': 6, 'k_float': 6.0, 'inliers': 20, 'dx': 34.634979248046875, 'dy': 17.741958618164062, 'scale': 1.1406006024565085, 'second': 18, 'second_k': 3, 'second_dx': -23.559982299804688, 'detail': 'k=6 (6.00) inliers=20 second=18 dx=+35 scale=1.141 window=[2,6] fitted=[2, 3, 4, 5, 6]'}
      |         chain push: 1 chunk(s) of 0.40s, change 19.2, best 19.2, hazards none — one push, so `best` IS the whole leg's travel
      |     it   3  k=  7 ->   7  blind-advance   fix={'k': 7, 'k_float': 7.0, 'inliers': 13, 'dx': -39.0, 'dy': 29.0303955078125, 'scale': 1.315161258033578, 'second': 10, 'second_k': 5, 'second_dx': -49.296783447265625, 'detail': 'k=7 (7.00) inliers=13 second=10 dx=-39 scale=1.315 window=[3,7] fitted=[3, 4, 5, 6, 7]'}
      |         chain push: 1 chunk(s) of 0.40s, change 13.8, best 13.8, hazards none — one push, so `best` IS the whole leg's travel
      |     it   4  k= 10 ->  10  advanced-weak   fix={'k': 10, 'k_float': 10.0, 'inliers': 16, 'dx': -80.24002075195312, 'dy': 34.836517333984375, 'scale': 1.2724465386971295, 'second': 11, 'second_k': 8, 'second_dx': -78.29913330078125, 'detail': 'k=10 (10.00) inliers=16 second=11 dx=-80 scale=1.272 window=[6,10] fitted=[6, 7, 8, 9, 10]'}
      |         chain push: 1 chunk(s) of 0.40s, change 13.8, best 13.8, hazards none — one push, so `best` IS the whole leg's travel
      |     it   5  k= 13 ->  13  blind-advance   fix={'k': 13, 'k_float': 13.0, 'inliers': 7, 'dx': -138.4127960205078, 'dy': 44.0, 'scale': 1.1489443944450461, 'second': 0, 'second_k': None, 'second_dx': 0.0, 'detail': 'k=13 (13.00) inliers=7 second=0 dx=-138 scale=1.149 window=[9,13] fitted=[13]'}
      |         chain push: 1 chunk(s) of 0.40s, change 6.3, best 6.3, hazards none — one push, so `best` IS the whole leg's travel
      |         chain strafe: 1 chunk(s) of 0.11s, change 3.7, best 3.7, hazards none — one push, so `best` IS the whole leg's travel
      |     it   6  k= 16 ->  16  blind-advance   fix={'k': 15, 'k_float': 15.68053139057714, 'inliers': 8, 'dx': -154.57199096679688, 'dy': 26.46002197265625, 'scale': 1.206971811363631, 'second': 7, 'second_k': 14, 'second_dx': -167.1999969482422, 'detail': 'k=15 (15.68) inliers=8 second=7 dx=-155 scale=1.207 window=[12,16] fitted=[14, 15, 16]'}  strafe left 0.11s
      |         chain push: 1 chunk(s) of 0.40s, change 8.5, best 8.5, hazards none — one push, so `best` IS the whole leg's travel
      |     it   7  k= 19 ->  19  blind-advance   fix=None
      |         chain push: 1 chunk(s) of 0.40s, change 9.2, best 9.2, hazards none — one push, so `best` IS the whole leg's travel
      |     it   8  k= 19 ->  39  door-step 1/1: one more push along 271.3 before the stop turns (the frame after it fits 0 inliers, scale None)
      |         turn to 1.6: TURNED to 0.1 (err +1.5) in 1 push(es), asked +90.2 deg, stick 1.21s
      |     it   8  k= 39 ->  39  turned to 1.6055901753868653  (98 inliers at the stop)
      |         chain push: 1 chunk(s) of 0.40s, change 15.1, best 15.1, hazards none — one push, so `best` IS the whole leg's travel
      |         chain strafe: 1 chunk(s) of 0.10s, change 9.5, best 9.5, hazards none — one push, so `best` IS the whole leg's travel
      |     it   9  k= 40 ->  40  advanced        fix={'k': 42, 'k_float': 42.0, 'inliers': 43, 'dx': 42.60003662109375, 'dy': 323.8798522949219, 'scale': 1.2258269686308552, 'second': 41, 'second_k': 38, 'second_dx': -68.83199310302734, 'detail': 'k=42 (42.00) inliers=43 second=41 dx=+43 scale=1.226 window=[38,42] fitted=[38, 39, 40, 41, 42]'}  strafe right 0.10s
      |         chain push: 1 chunk(s) of 0.40s, change 20.8, best 20.8, hazards none — one push, so `best` IS the whole leg's travel
      |     it  10  k= 43 ->  43  blind-advance   fix={'k': 39, 'k_float': 39.0, 'inliers': 25, 'dx': 37.44000244140625, 'dy': 368.2715148925781, 'scale': 1.2002205974800098, 'second': 24, 'second_k': 40, 'second_dx': 37.120025634765625, 'detail': 'k=39 (39.00) inliers=25 second=24 dx=+37 scale=1.200 window=[39,43] fitted=[39, 40, 41, 42, 43]'}
      |         chain push: 1 chunk(s) of 0.40s, change 35.7, best 35.7, hazards none — one push, so `best` IS the whole leg's travel
      |     it  11  k= 46 ->  46  advanced        fix={'k': 46, 'k_float': 46.0, 'inliers': 51, 'dx': 28.06829833984375, 'dy': 284.1662292480469, 'scale': 1.182228182327889, 'second': 41, 'second_k': 44, 'second_dx': 47.52001953125, 'detail': 'k=46 (46.00) inliers=51 second=41 dx=+28 scale=1.182 window=[42,46] fitted=[42, 43, 44, 45, 46]'}
      |         chain push: 1 chunk(s) of 0.40s, change 30.2, best 30.2, hazards none — one push, so `best` IS the whole leg's travel
      |     it  12  k= 49 ->  49  advanced        fix={'k': 49, 'k_float': 49.0, 'inliers': 156, 'dx': 14.0, 'dy': 276.0, 'scale': 1.1323184516771865, 'second': 141, 'second_k': 48, 'second_dx': 34.0, 'detail': 'k=49 (49.00) inliers=156 second=141 dx=+14 scale=1.132 window=[45,49] fitted=[45, 46, 47, 48, 49]'}
      |         chain push: 1 chunk(s) of 0.40s, change 27.4, best 27.4, hazards none — one push, so `best` IS the whole leg's travel
      |     it  13  k= 49 ->  52  stalled         fix={'k': 50, 'k_float': 50.0, 'inliers': 171, 'dx': 35.0, 'dy': 249.0, 'scale': 1.221962535311984, 'second': 160, 'second_k': 51, 'second_dx': 8.64007568359375, 'detail': 'k=50 (50.00) inliers=171 second=160 dx=+35 scale=1.222 window=[48,52] fitted=[48, 49, 50, 51, 52]'}
      |         chain push: 1 chunk(s) of 0.40s, change 14.8, best 14.8, hazards none — one push, so `best` IS the whole leg's travel
      |         chain strafe: 1 chunk(s) of 0.10s, change 6.2, best 6.2, hazards none — one push, so `best` IS the whole leg's travel
      |     it  14  k= 52 ->  52  advanced        fix={'k': 52, 'k_float': 52.0, 'inliers': 147, 'dx': 35.00006103515625, 'dy': 238.32000732421875, 'scale': 1.232421104563766, 'second': 145, 'second_k': 49, 'second_dx': 115.6800537109375, 'detail': 'k=52 (52.00) inliers=147 second=145 dx=+35 scale=1.232 window=[48,52] fitted=[48, 49, 50, 51, 52]'}  strafe right 0.10s
      |         chain push: 1 chunk(s) of 0.40s, change 20.1, best 20.1, hazards none — one push, so `best` IS the whole leg's travel
      |     it  15  k= 55 ->  55  advanced        fix={'k': 55, 'k_float': 55.0, 'inliers': 130, 'dx': -14.299957275390625, 'dy': 222.80001831054688, 'scale': 1.193707801840902, 'second': 107, 'second_k': 54, 'second_dx': 23.0400390625, 'detail': 'k=55 (55.00) inliers=130 second=107 dx=-14 scale=1.194 window=[51,55] fitted=[51, 52, 53, 54, 55]'}
      |         chain push: 1 chunk(s) of 0.40s, change 23.2, best 23.2, hazards none — one push, so `best` IS the whole leg's travel
      |     it  16  k= 58 ->  58  advanced        fix={'k': 58, 'k_float': 58.0, 'inliers': 122, 'dx': 2.4883270263671875, 'dy': 288.0, 'scale': 1.0112640694733357, 'second': 99, 'second_k': 57, 'second_dx': 1.727996826171875, 'detail': 'k=58 (58.00) inliers=122 second=99 dx=+2 scale=1.011 window=[54,58] fitted=[54, 55, 56, 57, 58]'}
      |         chain push: 1 chunk(s) of 0.40s, change 24.7, best 24.7, hazards none — one push, so `best` IS the whole leg's travel
      |     it  17  k= 58 ->  61  stalled         fix={'k': 61, 'k_float': 60.498855733245435, 'inliers': 152, 'dx': 10.749557495117188, 'dy': 295.488037109375, 'scale': 0.9759358214403101, 'second': 128, 'second_k': 60, 'second_dx': 8.399993896484375, 'detail': 'k=61 (60.50) inliers=152 second=128 dx=+11 scale=0.976 window=[57,61] fitted=[57, 58, 59, 60, 61]'}
      |         chain push: 1 chunk(s) of 0.40s, change 29.1, best 29.1, hazards none — one push, so `best` IS the whole leg's travel
      |     it  18  k= 58 ->  61  stalled         fix={'k': 60, 'k_float': 60.0, 'inliers': 123, 'dx': 8.639984130859375, 'dy': 298.5984802246094, 'scale': 1.031283168985353, 'second': 108, 'second_k': 59, 'second_dx': 7.0000152587890625, 'detail': 'k=60 (60.00) inliers=123 second=108 dx=+9 scale=1.031 window=[57,61] fitted=[57, 58, 59, 60, 61]'}
      |         chain push: 1 chunk(s) of 0.40s, change 29.8, best 29.8, hazards none — one push, so `best` IS the whole leg's travel
      |     it  19  k= 58 ->  61  stalled         fix={'k': 60, 'k_float': 60.0, 'inliers': 122, 'dx': 8.352020263671875, 'dy': 303.3599853515625, 'scale': 1.1121084740925118, 'second': 83, 'second_k': 59, 'second_dx': 6.56640625, 'detail': 'k=60 (60.00) inliers=122 second=83 dx=+8 scale=1.112 window=[57,61] fitted=[57, 58, 59, 60, 61]'}
      |         chain push: 1 chunk(s) of 0.40s, change 19.7, best 19.7, hazards none — one push, so `best` IS the whole leg's travel
      |     it  20  k= 58 ->  61  escape:jump     fix={'k': 60, 'k_float': 60.0, 'inliers': 122, 'dx': 8.29443359375, 'dy': 308.47589111328125, 'scale': 1.193153116254137, 'second': 100, 'second_k': 61, 'second_dx': 8.992828369140625, 'detail': 'k=60 (60.00) inliers=122 second=100 dx=+8 scale=1.193 window=[57,61] fitted=[57, 58, 59, 60, 61]'}
      |         chain push: 1 chunk(s) of 0.40s, change 19.5, best 19.5, hazards none — one push, so `best` IS the whole leg's travel
      |     it  21  k= 61 ->  61  advanced        fix={'k': 61, 'k_float': 61.0, 'inliers': 101, 'dx': 8.928009033203125, 'dy': 315.60003662109375, 'scale': 1.2498376831729447, 'second': 91, 'second_k': 59, 'second_dx': 7.000030517578125, 'detail': 'k=61 (61.00) inliers=101 second=91 dx=+9 scale=1.250 window=[57,61] fitted=[57, 58, 59, 60, 61]'}
      |         chain push: 1 chunk(s) of 0.40s, change 17.6, best 17.6, hazards none — one push, so `best` IS the whole leg's travel
      |     it  22  k= 61 ->  64  stalled         fix={'k': 62, 'k_float': 62.0, 'inliers': 113, 'dx': 10.000030517578125, 'dy': 284.4800109863281, 'scale': 1.2751478823755766, 'second': 109, 'second_k': 64, 'second_dx': 15.360015869140625, 'detail': 'k=62 (62.00) inliers=113 second=109 dx=+10 scale=1.275 window=[60,64] fitted=[60, 61, 62, 63, 64]'}
      |         chain push: 1 chunk(s) of 0.40s, change 17.6, best 17.6, hazards none — one push, so `best` IS the whole leg's travel
      |     it  23  k= 61 ->  64  stalled         fix={'k': 60, 'k_float': 60.0, 'inliers': 112, 'dx': 6.01348876953125, 'dy': 258.20489501953125, 'scale': 1.46655895589449, 'second': 87, 'second_k': 63, 'second_dx': 10.828857421875, 'detail': 'k=60 (60.00) inliers=112 second=87 dx=+6 scale=1.467 window=[60,64] fitted=[60, 61, 62, 63, 64]'}
      |         chain push: 1 chunk(s) of 0.40s, change 15.7, best 15.7, hazards none — one push, so `best` IS the whole leg's travel
      |     it  24  k= 61 ->  64  stalled         fix={'k': 60, 'k_float': 60.0, 'inliers': 107, 'dx': 6.151763916015625, 'dy': 261.5616455078125, 'scale': 1.6212809883305042, 'second': 97, 'second_k': 63, 'second_dx': 10.828857421875, 'detail': 'k=60 (60.00) inliers=107 second=97 dx=+6 scale=1.621 window=[60,64] fitted=[60, 61, 62, 63, 64]'}
      |         chain push: 1 chunk(s) of 0.40s, change 16.3, best 16.3, hazards none — one push, so `best` IS the whole leg's travel
      |     it  25  k= 61 ->  64  escape:jump     fix={'k': 60, 'k_float': 60.0, 'inliers': 120, 'dx': 5.9156036376953125, 'dy': 265.13604736328125, 'scale': 1.742890317148629, 'second': 114, 'second_k': 63, 'second_dx': 11.151214599609375, 'detail': 'k=60 (60.00) inliers=120 second=114 dx=+6 scale=1.743 window=[60,64] fitted=[60, 61, 62, 63, 64]'}
      |         chain push: 1 chunk(s) of 0.40s, change 24.9, best 24.9, hazards none — one push, so `best` IS the whole leg's travel
      |     it  26  k= 64 ->  64  advanced-past   fix={'k': 61, 'k_float': 61.0, 'inliers': 105, 'dx': 6.3824462890625, 'dy': 272.91204833984375, 'scale': 1.9701575779943443, 'second': 97, 'second_k': 63, 'second_dx': 12.752716064453125, 'detail': 'k=61 (61.00) inliers=105 second=97 dx=+6 scale=1.970 window=[60,64] fitted=[60, 61, 62, 63, 64]'}
      |     it  27  k= 88 ->  88  turned (skipped, same heading) to 1.3495539744498237  (86 inliers at the stop)
      |         chain push: 1 chunk(s) of 0.40s, change 19.8, best 19.8, hazards none — one push, so `best` IS the whole leg's travel
      |     it  28  k= 89 ->  89  advanced        fix={'k': 89, 'k_float': 89.0, 'inliers': 68, 'dx': 3.5099945068359375, 'dy': -13.120086669921875, 'scale': 1.8938571009796121, 'second': 46, 'second_k': 91, 'second_dx': -1.2770538330078125, 'detail': 'k=89 (89.00) inliers=68 second=46 dx=+4 scale=1.894 window=[87,91] fitted=[87, 88, 89, 90, 91]'}
      |         chain push: 1 chunk(s) of 0.40s, change 23.5, best 23.5, hazards none — one push, so `best` IS the whole leg's travel
      |     it  29  k= 92 ->  92  blind-advance   fix={'k': 89, 'k_float': 89.0, 'inliers': 16, 'dx': 14.222869873046875, 'dy': 3.783203125, 'scale': 2.047398524537101, 'second': 15, 'second_k': 92, 'second_dx': 10.897674560546875, 'detail': 'k=89 (89.00) inliers=16 second=15 dx=+14 scale=2.047 window=[88,92] fitted=[88, 89, 90, 91, 92]'}
      |         chain push: 1 chunk(s) of 0.40s, change 26.1, best 26.1, hazards none — one push, so `best` IS the whole leg's travel
      |     it  30  k= 94 ->  94  advanced        fix={'k': 95, 'k_float': 95.0, 'inliers': 32, 'dx': 22.162734985351562, 'dy': -28.31866455078125, 'scale': 1.9513907103032448, 'second': 13, 'second_k': 94, 'second_dx': 10.04486083984375, 'detail': 'k=95 (95.00) inliers=32 second=13 dx=+22 scale=1.951 window=[91,95] fitted=[91, 92, 93, 94, 95]'}
      |         chain push: 1 chunk(s) of 0.40s, change 25.3, best 25.3, hazards none — one push, so `best` IS the whole leg's travel
      |     it  31  k= 96 ->  96  advanced        fix={'k': 97, 'k_float': 97.0, 'inliers': 77, 'dx': 19.3575439453125, 'dy': -24.97760009765625, 'scale': 2.113010377402212, 'second': 57, 'second_k': 96, 'second_dx': 28.369659423828125, 'detail': 'k=97 (97.00) inliers=77 second=57 dx=+19 scale=2.113 window=[93,97] fitted=[93, 94, 95, 96, 97]'}
      |         chain push: 1 chunk(s) of 0.40s, change 19.7, best 19.7, hazards none — one push, so `best` IS the whole leg's travel
      |     it  32  k= 96 ->  98  stalled         fix={'k': 97, 'k_float': 97.0, 'inliers': 70, 'dx': 27.087615966796875, 'dy': -37.28289794921875, 'scale': 2.4616481379702924, 'second': 69, 'second_k': 99, 'second_dx': 19.32952880859375, 'detail': 'k=97 (97.00) inliers=70 second=69 dx=+27 scale=2.462 window=[95,99] fitted=[95, 96, 97, 98, 99]'}
      |         chain push: 1 chunk(s) of 0.40s, change 21.3, best 21.3, hazards none — one push, so `best` IS the whole leg's travel
      |         chain strafe: 1 chunk(s) of 0.15s, change 14.8, best 14.8, hazards none — one push, so `best` IS the whole leg's travel
      |     it  33  k= 98 ->  98  advanced        fix={'k': 99, 'k_float': 99.0, 'inliers': 43, 'dx': -110.30810546875, 'dy': -68.23333740234375, 'scale': 2.8998246509270835, 'second': 32, 'second_k': 98, 'second_dx': 33.38188171386719, 'detail': 'k=99 (99.00) inliers=43 second=32 dx=-110 scale=2.900 window=[95,99] fitted=[95, 96, 97, 98, 99]'}  strafe left 0.15s
      |         chain push: 1 chunk(s) of 0.40s, change 20.6, best 20.6, hazards none — one push, so `best` IS the whole leg's travel
      |     it  34  k=100 -> 100  blind-advance   fix={'k': 100, 'k_float': 100.0, 'inliers': 12, 'dx': 134.26614379882812, 'dy': -102.46794891357422, 'scale': 3.766671182831616, 'second': 11, 'second_k': 101, 'second_dx': -90.59591674804688, 'detail': 'k=100 (100.00) inliers=12 second=11 dx=+134 scale=3.767 window=[97,101] fitted=[97, 98, 99, 100, 101]'}
      |         chain push: 1 chunk(s) of 0.40s, change 26.5, best 26.5, hazards none — one push, so `best` IS the whole leg's travel
      |     it  35  k=102 -> 102  blind-advance   fix=None
      |         chain push: 1 chunk(s) of 0.40s, change 46.1, best 46.1, hazards none — one push, so `best` IS the whole leg's travel
      |     it  36  k=104 -> 104  blind-advance   fix=None
      |         chain push: 1 chunk(s) of 0.40s, change 13.4, best 13.4, hazards none — one push, so `best` IS the whole leg's travel
      |     it  37  k=107 -> 107  blind-advance   fix={'k': 105, 'k_float': 105.0, 'inliers': 6, 'dx': -507.53204345703125, 'dy': -45.160003662109375, 'scale': 0.3563213907419077, 'second': 0, 'second_k': None, 'second_dx': 0.0, 'detail': 'k=105 (105.00) inliers=6 second=0 dx=-508 scale=0.356 window=[103,107] fitted=[105]'}
      |         chain push: 1 chunk(s) of 0.40s, change 3.7, best 3.7, hazards none — one push, so `best` IS the whole leg's travel
      |     it  38  k=109 -> 109  blind-advance   fix=None
      |         chain push: 1 chunk(s) of 0.40s, change 8.4, best 8.4, hazards none — one push, so `best` IS the whole leg's travel
      |     it  39  k=109 -> 112  turn-early: blind with the budget spent and a turn stop at 129 within 3 targets — turning to 303.34476843910807 now instead of pushing into whatever is in front
      |         turn to 303.3: NO compass reading, abandoned BEFORE turning — the caller's 'got --' is an unread heading, not a heading that was reached
      |         turn to 278.3: TURNED to 279.5 (err -1.1) in 1 push(es), asked -81.8 deg, stick 1.09s
      |         turn to 303.3: TURNED to 304.6 (err -1.2) in 1 push(es), asked +23.9 deg, stick 0.40s
      |         turn to 291.3: TURNED to 292.1 (err -0.7) in 1 push(es), asked -13.2 deg, stick 0.25s
      |     it  40  k=129 -> 129  turned-looked to 303.34476843910807  (185 inliers at the stop)  STOP YAW -12.0 deg on -236 px, no strafe
      |         turn to 287.8: TURNED to 288.4 (err -0.6) in 1 push(es), asked -4.3 deg, stick 0.15s
      |         chain push: 1 chunk(s) of 0.40s, change 13.1, best 13.1, hazards none — one push, so `best` IS the whole leg's travel
      |     it  41  k=129 -> 130  stalled         fix={'k': 129, 'k_float': 129.0, 'inliers': 149, 'dx': -15.5999755859375, 'dy': -30.199981689453125, 'scale': 1.200001601556163, 'second': 138, 'second_k': 132, 'second_dx': -107.45278930664062, 'detail': 'k=129 (129.00) inliers=149 second=138 dx=-16 scale=1.200 window=[128,132] fitted=[128, 129, 130, 131, 132]'}
      |         chain push: 1 chunk(s) of 0.40s, change 14.4, best 14.4, hazards none — one push, so `best` IS the whole leg's travel
      |         chain strafe: 1 chunk(s) of 0.19s, change 12.4, best 12.4, hazards none — one push, so `best` IS the whole leg's travel
      |     it  42  k=130 -> 130  advanced        fix={'k': 131, 'k_float': 131.0, 'inliers': 175, 'dx': -137.95248413085938, 'dy': -48.095977783203125, 'scale': 1.4016694888276167, 'second': 175, 'second_k': 129, 'second_dx': -43.343963623046875, 'detail': 'k=131 (131.00) inliers=175 second=175 dx=-138 scale=1.402 window=[128,132] fitted=[128, 129, 130, 131, 132]'}  strafe left 0.19s
      |         turn to 286.3: NO-OP, already inside 4.0 deg (at 288.4, err -2.1) — nothing was sent, the recorded curve was discarded, and the caller's step line will look like a turn that happened
      |         chain push: 1 chunk(s) of 0.40s, change 12.7, best 12.7, hazards none — one push, so `best` IS the whole leg's travel
      |         chain strafe: 1 chunk(s) of 0.11s, change 12.8, best 12.8, hazards none — one push, so `best` IS the whole leg's travel
      |     it  43  k=130 -> 133  stalled         fix={'k': 132, 'k_float': 132.0, 'inliers': 144, 'dx': -77.51484680175781, 'dy': -70.43197631835938, 'scale': 1.6358314738393227, 'second': 91, 'second_k': 129, 'second_dx': 18.688018798828125, 'detail': 'k=132 (132.00) inliers=144 second=91 dx=-78 scale=1.636 window=[129,133] fitted=[129, 130, 131, 132, 133]'}  strafe left 0.11s
      |         chain push: 1 chunk(s) of 0.40s, change 20.4, best 20.4, hazards none — one push, so `best` IS the whole leg's travel
      |         chain strafe: 1 chunk(s) of 0.10s, change 15.2, best 15.2, hazards none — one push, so `best` IS the whole leg's travel
      |     it  44  k=130 -> 133  stalled         fix={'k': 131, 'k_float': 131.0, 'inliers': 122, 'dx': -57.55448913574219, 'dy': -116.86077880859375, 'scale': 2.0958336315121495, 'second': 104, 'second_k': 130, 'second_dx': -33.62066650390625, 'detail': 'k=131 (131.00) inliers=122 second=104 dx=-58 scale=2.096 window=[129,133] fitted=[129, 130, 131, 132, 133]'}  strafe left 0.10s
      |         chain push: 1 chunk(s) of 0.40s, change 31.9, best 31.9, hazards none — one push, so `best` IS the whole leg's travel
      |         chain strafe: 1 chunk(s) of 0.10s, change 35.3, best 35.3, hazards none — one push, so `best` IS the whole leg's travel
      |     it  45  k=133 -> 133  advanced-past   fix={'k': 130, 'k_float': 130.0, 'inliers': 31, 'dx': -39.59771728515625, 'dy': -147.34181213378906, 'scale': 3.794172747803299, 'second': 10, 'second_k': 133, 'second_dx': -42.20985412597656, 'detail': 'k=130 (130.00) inliers=31 second=10 dx=-40 scale=3.794 window=[129,133] fitted=[129, 130, 131, 133]'}  strafe left 0.10s
      |         chain push: 1 chunk(s) of 0.40s, change 33.8, best 33.8, hazards none — one push, so `best` IS the whole leg's travel
      |     it  46  k=136 -> 136  blind-advance   fix={'k': 136, 'k_float': 136.0, 'inliers': 14, 'dx': -0.607940673828125, 'dy': -206.68862915039062, 'scale': 3.3733175048662316, 'second': 12, 'second_k': 135, 'second_dx': 6.90655517578125, 'detail': 'k=136 (136.00) inliers=14 second=12 dx=-1 scale=3.373 window=[132,136] fitted=[133, 135, 136]'}
      |         chain push: 1 chunk(s) of 0.40s, change 32.3, best 32.3, hazards none — one push, so `best` IS the whole leg's travel
      |     it  47  k=138 -> 139  advanced-weak   fix={'k': 138, 'k_float': 138.0, 'inliers': 23, 'dx': -88.91183471679688, 'dy': -152.14183044433594, 'scale': 3.0855719401305937, 'second': 17, 'second_k': 139, 'second_dx': -46.494964599609375, 'detail': 'k=138 (138.00) inliers=23 second=17 dx=-89 scale=3.086 window=[135,139] fitted=[138, 139]'}
      |         chain push: 1 chunk(s) of 0.40s, change 39.3, best 39.3, hazards none — one push, so `best` IS the whole leg's travel
      |         chain strafe: 1 chunk(s) of 0.25s, change 47.7, best 47.7, hazards none — one push, so `best` IS the whole leg's travel
      |     it  48  k=139 -> 139  advanced-past   fix={'k': 138, 'k_float': 138.0, 'inliers': 47, 'dx': -180.84091186523438, 'dy': -196.23912048339844, 'scale': 3.1857977764970307, 'second': 14, 'second_k': 141, 'second_dx': -95.14839172363281, 'detail': 'k=138 (138.00) inliers=47 second=14 dx=-181 scale=3.186 window=[137,141] fitted=[138, 139, 140, 141]'}  strafe left 0.25s
      |         chain push: 1 chunk(s) of 0.40s, change 35.6, best 35.6, hazards none — one push, so `best` IS the whole leg's travel
      |         chain strafe: 1 chunk(s) of 0.14s, change 46.6, best 46.6, hazards none — one push, so `best` IS the whole leg's travel
      |     it  49  k=139 -> 142  stalled         fix={'k': 140, 'k_float': 140.0, 'inliers': 126, 'dx': -98.88618469238281, 'dy': -137.76116943359375, 'scale': 2.6716817584465935, 'second': 50, 'second_k': 141, 'second_dx': -41.43656921386719, 'detail': 'k=140 (140.00) inliers=126 second=50 dx=-99 scale=2.672 window=[138,142] fitted=[139, 140, 141, 142]'}  strafe left 0.14s
      |         chain push: 1 chunk(s) of 0.40s, change 34.9, best 34.9, hazards none — one push, so `best` IS the whole leg's travel
      |     it  50  k=139 -> 142  stalled         fix={'k': 141, 'k_float': 141.0, 'inliers': 119, 'dx': -33.237457275390625, 'dy': -142.0281982421875, 'scale': 2.3925600897805017, 'second': 37, 'second_k': 140, 'second_dx': -10.588409423828125, 'detail': 'k=141 (141.00) inliers=119 second=37 dx=-33 scale=2.393 window=[138,142] fitted=[138, 139, 140, 141, 142]'}
      |         chain push: 1 chunk(s) of 0.40s, change 37.4, best 37.4, hazards none — one push, so `best` IS the whole leg's travel
      |         chain strafe: 1 chunk(s) of 0.14s, change 48.9, best 48.9, hazards none — one push, so `best` IS the whole leg's travel
      |     it  51  k=139 -> 142  stalled         fix={'k': 140, 'k_float': 140.0, 'inliers': 54, 'dx': -101.83991241455078, 'dy': -155.65216064453125, 'scale': 2.7139809709611056, 'second': 34, 'second_k': 141, 'second_dx': -61.90928649902344, 'detail': 'k=140 (140.00) inliers=54 second=34 dx=-102 scale=2.714 window=[138,142] fitted=[139, 140, 141, 142]'}  strafe left 0.14s
      |         chain push: 1 chunk(s) of 0.40s, change 39.4, best 39.4, hazards none — one push, so `best` IS the whole leg's travel
      |         chain strafe: 1 chunk(s) of 0.10s, change 36.7, best 36.7, hazards none — one push, so `best` IS the whole leg's travel
      |     it  52  k=142 -> 142  advanced-past   fix={'k': 139, 'k_float': 139.0, 'inliers': 73, 'dx': -69.69500732421875, 'dy': -134.86183166503906, 'scale': 2.833800854508147, 'second': 41, 'second_k': 141, 'second_dx': -8.100067138671875, 'detail': 'k=139 (139.00) inliers=73 second=41 dx=-70 scale=2.834 window=[138,142] fitted=[138, 139, 140, 141, 142]'}  strafe left 0.10s
      |         turn to 2.2: TURNED to 0.0 (err +2.2) in 1 push(es), asked +73.9 deg, stick 0.99s
      |         chain strafe: 1 chunk(s) of 0.30s, change 29.4, best 29.4, hazards none — one push, so `best` IS the whole leg's travel
      |     it  53  k=166 -> 166  turned-aligned to 2.2489998976495684  (73 inliers at the stop)
      |         chain push: 1 chunk(s) of 0.40s, change 33.4, best 33.4, hazards none — one push, so `best` IS the whole leg's travel
      |         chain strafe: 1 chunk(s) of 0.13s, change 20.3, best 20.3, hazards none — one push, so `best` IS the whole leg's travel
      |     it  54  k=167 -> 167  advanced        fix={'k': 169, 'k_float': 169.0, 'inliers': 51, 'dx': 97.05601501464844, 'dy': -95.52001953125, 'scale': 1.211220515336856, 'second': 50, 'second_k': 167, 'second_dx': 97.02226257324219, 'detail': 'k=169 (169.00) inliers=51 second=50 dx=+97 scale=1.211 window=[165,169] fitted=[165, 166, 167, 168, 169]'}  strafe right 0.14s
      |         turn to 4.3: TURNED to 2.8 (err +1.5) in 1 push(es), asked +4.3 deg, stick 0.15s
      |         chain push: 1 chunk(s) of 0.40s, change 31.6, best 31.6, hazards none — one push, so `best` IS the whole leg's travel
      |         chain strafe: 1 chunk(s) of 0.13s, change 3.1, best 3.1, hazards none — one push, so `best` IS the whole leg's travel
      |     it  55  k=169 -> 169  advanced        fix={'k': 170, 'k_float': 170.0, 'inliers': 52, 'dx': 91.46403503417969, 'dy': -108.99999237060547, 'scale': 1.4661609654517935, 'second': 43, 'second_k': 169, 'second_dx': 96.280029296875, 'detail': 'k=170 (170.00) inliers=52 second=43 dx=+91 scale=1.466 window=[166,170] fitted=[166, 167, 168, 169, 170]'}  strafe right 0.13s
      |         turn to 2.2: NO-OP, already inside 4.0 deg (at 2.8, err -0.6) — nothing was sent, the recorded curve was discarded, and the caller's step line will look like a turn that happened
      |         chain push: 1 chunk(s) of 0.40s, change 36.0, best 36.0, hazards none — one push, so `best` IS the whole leg's travel
      |         chain strafe: 1 chunk(s) of 0.13s, change 7.1, best 7.1, hazards none — one push, so `best` IS the whole leg's travel
      |     it  56  k=171 -> 171  advanced        fix={'k': 172, 'k_float': 172.0, 'inliers': 47, 'dx': 90.54727172851562, 'dy': -117.57305908203125, 'scale': 1.5376011936122729, 'second': 40, 'second_k': 171, 'second_dx': 107.91204833984375, 'detail': 'k=172 (172.00) inliers=47 second=40 dx=+91 scale=1.538 window=[168,172] fitted=[168, 169, 170, 171, 172]'}  strafe right 0.13s
      |         chain push: 1 chunk(s) of 0.40s, change 41.6, best 41.6, hazards none — one push, so `best` IS the whole leg's travel
      |         chain strafe: 1 chunk(s) of 0.17s, change 28.8, best 28.8, hazards none — one push, so `best` IS the whole leg's travel
      |     it  57  k=173 -> 173  advanced        fix={'k': 174, 'k_float': 174.0, 'inliers': 44, 'dx': 124.33528137207031, 'dy': -128.36717224121094, 'scale': 1.641235851294362, 'second': 40, 'second_k': 173, 'second_dx': 128.44004821777344, 'detail': 'k=174 (174.00) inliers=44 second=40 dx=+124 scale=1.641 window=[170,174] fitted=[170, 171, 172, 173, 174]'}  strafe right 0.17s
      |         chain push: 1 chunk(s) of 0.40s, change 39.5, best 39.5, hazards none — one push, so `best` IS the whole leg's travel
      |         chain strafe: 1 chunk(s) of 0.16s, change 26.1, best 26.1, hazards none — one push, so `best` IS the whole leg's travel
      |     it  58  k=176 -> 176  advanced        fix={'k': 176, 'k_float': 176.0, 'inliers': 67, 'dx': 115.6839599609375, 'dy': -143.27197265625, 'scale': 1.778241870055711, 'second': 44, 'second_k': 175, 'second_dx': 108.72566223144531, 'detail': 'k=176 (176.00) inliers=67 second=44 dx=+116 scale=1.778 window=[172,176] fitted=[172, 173, 174, 175, 176]'}  strafe right 0.16s
      |         turn to 89.5: TURNED to 89.0 (err +0.5) in 1 push(es), asked +86.7 deg, stick 1.16s
      |         chain strafe: 1 chunk(s) of 0.26s, change 28.1, best 28.1, hazards none — one push, so `best` IS the whole leg's travel
      |     it  59  k=196 -> 196  turned-aligned to 89.491477293153  (96 inliers at the stop)
      |         chain push: 1 chunk(s) of 0.40s, change 34.6, best 34.6, hazards none — one push, so `best` IS the whole leg's travel
      |         chain strafe: 1 chunk(s) of 0.14s, change 2.7, best 2.7, hazards SHORT — one push, so `best` IS the whole leg's travel
      |     it  60  k=197 -> 197  advanced        fix={'k': 199, 'k_float': 199.0, 'inliers': 139, 'dx': 102.47998046875, 'dy': -25.91998291015625, 'scale': 1.2194560965118588, 'second': 117, 'second_k': 196, 'second_dx': 96.48001098632812, 'detail': 'k=199 (199.00) inliers=139 second=117 dx=+102 scale=1.219 window=[195,199] fitted=[195, 196, 197, 198, 199]'}  strafe right 0.14s
      |         chain push: 1 chunk(s) of 0.40s, change 44.9, best 44.9, hazards none — one push, so `best` IS the whole leg's travel
      |         chain strafe: 1 chunk(s) of 0.17s, change 32.2, best 32.2, hazards none — one push, so `best` IS the whole leg's travel
      |     it  61  k=197 -> 200  stalled         fix={'k': 199, 'k_float': 199.0, 'inliers': 88, 'dx': 125.73397827148438, 'dy': -8.539154052734375, 'scale': 1.7175143763008425, 'second': 77, 'second_k': 198, 'second_dx': 118.99404907226562, 'detail': 'k=199 (199.00) inliers=88 second=77 dx=+126 scale=1.718 window=[196,200] fitted=[196, 197, 198, 199, 200]'}  strafe right 0.17s
      |         chain push: 1 chunk(s) of 0.40s, change 49.2, best 49.2, hazards none — one push, so `best` IS the whole leg's travel
      |   chain_walk: ARRIVED at iteration 62, k=197 (target 200 of 204), 57 push(es)
[16] ARRIVED   ESCAPE_GATE-on k=197/205  it=62  pushes=57  seconds=96.1 (walk 78.3, setup 16.1)  failure=None
      |   arm: ESCAPE_GATE = False
      |   pause menu open (selected 'Resume')
      |   selected: Load Last Save
      |   confirmation dialog up (delta 79.8) -> YES
      |   world back after 5.0s, spawn bearing 87 (E)
      |   setup 14.8s (reset 12.0s, Chain.load 2.9s for 205 waypoints) of a 180s budget
      |   chain_walk: 205 waypoints -> plan of 47 targets (41 push, 6 turn-only); the prompt is checked on every iteration; k rises by at most 1 per iteration, so >= 47 iteration(s). The 180s cap allows 3.83s each. At the last waypoint the walk may spend 3 more iteration(s) — 0.540 walk-units of forward push against OPEN-22's measured 0.05 — and then gives up rather than walking on past the table.
      |         turn to 271.3: TURNED to 271.4 (err -0.1) in 2 push(es), asked -175.7 deg, stick 2.50s
      |     it   1  k=  3 ->   3  turned to 271.3168428039934  (193 inliers at the stop)
      |         chain push: 1 chunk(s) of 0.40s, change 20.8, best 20.8, hazards none — one push, so `best` IS the whole leg's travel
      |     it   2  k=  4 ->   4  advanced        fix={'k': 6, 'k_float': 6.0, 'inliers': 36, 'dx': 22.844207763671875, 'dy': 16.588836669921875, 'scale': 1.119110792278837, 'second': 22, 'second_k': 3, 'second_dx': -59.02000427246094, 'detail': 'k=6 (6.00) inliers=36 second=22 dx=+23 scale=1.119 window=[2,6] fitted=[2, 3, 4, 5, 6]'}
      |         chain push: 1 chunk(s) of 0.40s, change 21.2, best 21.2, hazards none — one push, so `best` IS the whole leg's travel
      |     it   3  k=  7 ->   7  blind-advance   fix={'k': 6, 'k_float': 6.0, 'inliers': 13, 'dx': -53.5679931640625, 'dy': 37.241912841796875, 'scale': 1.5417591711346559, 'second': 11, 'second_k': 7, 'second_dx': -47.87998962402344, 'detail': 'k=6 (6.00) inliers=13 second=11 dx=-54 scale=1.542 window=[3,7] fitted=[3, 4, 5, 6, 7]'}
      |         chain push: 1 chunk(s) of 0.40s, change 12.0, best 12.0, hazards none — one push, so `best` IS the whole leg's travel
      |     it   4  k= 10 ->  10  advanced-weak   fix={'k': 10, 'k_float': 10.0, 'inliers': 18, 'dx': -74.74080657958984, 'dy': 34.02366638183594, 'scale': 1.266630499927368, 'second': 17, 'second_k': 8, 'second_dx': -72.23037719726562, 'detail': 'k=10 (10.00) inliers=18 second=17 dx=-75 scale=1.267 window=[6,10] fitted=[6, 7, 8, 9, 10]'}
      |         chain push: 1 chunk(s) of 0.40s, change 12.6, best 12.6, hazards none — one push, so `best` IS the whole leg's travel
      |     it   5  k= 13 ->  13  blind-advance   fix={'k': 13, 'k_float': 13.0, 'inliers': 8, 'dx': 158.2418212890625, 'dy': 43.16548156738281, 'scale': 1.3604904484711147, 'second': 6, 'second_k': 12, 'second_dx': -136.47744750976562, 'detail': 'k=13 (13.00) inliers=8 second=6 dx=+158 scale=1.360 window=[9,13] fitted=[12, 13]'}
      |         chain push: 1 chunk(s) of 0.40s, change 7.0, best 7.0, hazards none — one push, so `best` IS the whole leg's travel
      |     it   6  k= 16 ->  16  blind-advance   fix=None
      |         chain push: 1 chunk(s) of 0.40s, change 8.6, best 8.6, hazards none — one push, so `best` IS the whole leg's travel
      |     it   7  k= 19 ->  19  blind-advance   fix=None
      |         chain push: 1 chunk(s) of 0.40s, change 9.2, best 9.2, hazards none — one push, so `best` IS the whole leg's travel
      |     it   8  k= 19 ->  39  door-step 1/1: one more push along 271.3 before the stop turns (the frame after it fits 0 inliers, scale None)
      |         turn to 1.6: TURNED to 358.8 (err +2.8) in 1 push(es), asked +90.2 deg, stick 1.21s
      |         chain strafe: 1 chunk(s) of 0.13s, change 11.3, best 11.3, hazards none — one push, so `best` IS the whole leg's travel
      |     it   8  k= 39 ->  39  turned-aligned to 1.6055901753868653  (81 inliers at the stop)
      |         chain push: 1 chunk(s) of 0.40s, change 13.5, best 13.5, hazards none — one push, so `best` IS the whole leg's travel
      |     it   9  k= 40 ->  40  advanced        fix={'k': 42, 'k_float': 42.0, 'inliers': 73, 'dx': 12.026901245117188, 'dy': 354.20001220703125, 'scale': 1.2693690296045759, 'second': 63, 'second_k': 40, 'second_dx': -1.1519927978515625, 'detail': 'k=42 (42.00) inliers=73 second=63 dx=+12 scale=1.269 window=[38,42] fitted=[38, 39, 40, 41, 42]'}
      |         chain push: 1 chunk(s) of 0.40s, change 22.2, best 22.2, hazards none — one push, so `best` IS the whole leg's travel
      |         chain strafe: 1 chunk(s) of 0.14s, change 14.1, best 14.1, hazards none — one push, so `best` IS the whole leg's travel
      |     it  10  k= 40 ->  43  stalled         fix={'k': 39, 'k_float': 39.0, 'inliers': 39, 'dx': 102.24005126953125, 'dy': 366.24005126953125, 'scale': 1.2525870616049948, 'second': 38, 'second_k': 43, 'second_dx': 95.60806274414062, 'detail': 'k=39 (39.00) inliers=39 second=38 dx=+102 scale=1.253 window=[39,43] fitted=[39, 40, 41, 42, 43]'}  strafe right 0.14s
      |         chain push: 1 chunk(s) of 0.40s, change 41.2, best 41.2, hazards none — one push, so `best` IS the whole leg's travel
      |         chain strafe: 1 chunk(s) of 0.15s, change 18.5, best 18.5, hazards none — one push, so `best` IS the whole leg's travel
      |     it  11  k= 43 ->  43  advanced        fix={'k': 43, 'k_float': 43.0, 'inliers': 34, 'dx': 106.30001831054688, 'dy': 316.1199951171875, 'scale': 1.3846547393586408, 'second': 31, 'second_k': 39, 'second_dx': 112.78082275390625, 'detail': 'k=43 (43.00) inliers=34 second=31 dx=+106 scale=1.385 window=[39,43] fitted=[39, 40, 41, 42, 43]'}  strafe right 0.15s
      |         chain push: 1 chunk(s) of 0.40s, change 32.5, best 32.5, hazards none — one push, so `best` IS the whole leg's travel
      |         chain strafe: 1 chunk(s) of 0.13s, change 10.0, best 10.0, hazards none — one push, so `best` IS the whole leg's travel
      |     it  12  k= 46 ->  46  advanced        fix={'k': 46, 'k_float': 46.0, 'inliers': 40, 'dx': 90.73126220703125, 'dy': 255.26242065429688, 'scale': 1.428385422369672, 'second': 34, 'second_k': 45, 'second_dx': 100.5855712890625, 'detail': 'k=46 (46.00) inliers=40 second=34 dx=+91 scale=1.428 window=[42,46] fitted=[42, 43, 44, 45, 46]'}  strafe right 0.13s
      |         chain push: 1 chunk(s) of 0.40s, change 22.5, best 22.5, hazards none — one push, so `best` IS the whole leg's travel
      |         chain strafe: 1 chunk(s) of 0.12s, change 4.3, best 4.3, hazards none — one push, so `best` IS the whole leg's travel
      |     it  13  k= 49 ->  49  advanced        fix={'k': 49, 'k_float': 49.0, 'inliers': 157, 'dx': 87.4368896484375, 'dy': 215.6876220703125, 'scale': 1.4623343028981277, 'second': 112, 'second_k': 48, 'second_dx': 102.68643188476562, 'detail': 'k=49 (49.00) inliers=157 second=112 dx=+87 scale=1.462 window=[45,49] fitted=[45, 46, 47, 48, 49]'}  strafe right 0.12s
      |         chain push: 1 chunk(s) of 0.40s, change 19.0, best 19.0, hazards none — one push, so `best` IS the whole leg's travel
      |         chain strafe: 1 chunk(s) of 0.18s, change 2.2, best 2.2, hazards SHORT — one push, so `best` IS the whole leg's travel
      |     it  14  k= 52 ->  52  advanced        fix={'k': 52, 'k_float': 52.0, 'inliers': 82, 'dx': 128.05474853515625, 'dy': 151.02151489257812, 'scale': 1.6208432041823682, 'second': 69, 'second_k': 51, 'second_dx': 159.82867431640625, 'detail': 'k=52 (52.00) inliers=82 second=69 dx=+128 scale=1.621 window=[48,52] fitted=[48, 49, 50, 51, 52]'}  strafe right 0.18s
      |         chain push: 1 chunk(s) of 0.40s, change 24.3, best 24.3, hazards none — one push, so `best` IS the whole leg's travel
      |         chain strafe: 1 chunk(s) of 0.24s, change 6.2, best 6.2, hazards none — one push, so `best` IS the whole leg's travel
      |     it  15  k= 55 ->  55  advanced        fix={'k': 55, 'k_float': 55.0, 'inliers': 42, 'dx': 173.5355224609375, 'dy': 69.53131103515625, 'scale': 1.6432932085820333, 'second': 31, 'second_k': 54, 'second_dx': 210.28631591796875, 'detail': 'k=55 (55.00) inliers=42 second=31 dx=+174 scale=1.643 window=[51,55] fitted=[51, 52, 53, 54, 55]'}  strafe right 0.24s
      |         chain push: 1 chunk(s) of 0.40s, change 26.8, best 26.8, hazards none — one push, so `best` IS the whole leg's travel
      |     it  16  k= 58 ->  58  advanced        fix={'k': 58, 'k_float': 58.0, 'inliers': 104, 'dx': 31.0, 'dy': 275.79443359375, 'scale': 1.0650398175537434, 'second': 93, 'second_k': 57, 'second_dx': 30.0, 'detail': 'k=58 (58.00) inliers=104 second=93 dx=+31 scale=1.065 window=[54,58] fitted=[54, 55, 56, 57, 58]'}
      |         chain push: 1 chunk(s) of 0.40s, change 32.6, best 32.6, hazards none — one push, so `best` IS the whole leg's travel
      |         chain strafe: 1 chunk(s) of 0.10s, change 14.5, best 14.5, hazards none — one push, so `best` IS the whole leg's travel
      |     it  17  k= 61 ->  61  advanced        fix={'k': 61, 'k_float': 61.0, 'inliers': 124, 'dx': 36.0, 'dy': 302.2799987792969, 'scale': 1.0268544088269937, 'second': 109, 'second_k': 59, 'second_dx': 33.3599853515625, 'detail': 'k=61 (61.00) inliers=124 second=109 dx=+36 scale=1.027 window=[57,61] fitted=[57, 58, 59, 60, 61]'}  strafe right 0.10s
      |         chain push: 1 chunk(s) of 0.40s, change 27.3, best 27.3, hazards none — one push, so `best` IS the whole leg's travel
      |         chain strafe: 1 chunk(s) of 0.10s, change 13.9, best 13.9, hazards none — one push, so `best` IS the whole leg's travel
      |     it  18  k= 61 ->  64  stalled         fix={'k': 63, 'k_float': 63.0, 'inliers': 138, 'dx': 48.03839111328125, 'dy': 296.5824279785156, 'scale': 1.0493631870789302, 'second': 121, 'second_k': 62, 'second_dx': 34.560028076171875, 'detail': 'k=63 (63.00) inliers=138 second=121 dx=+48 scale=1.049 window=[60,64] fitted=[60, 61, 62, 63, 64]'}  strafe right 0.10s
      |         chain push: 1 chunk(s) of 0.40s, change 18.5, best 18.5, hazards none — one push, so `best` IS the whole leg's travel
      |         chain strafe: 1 chunk(s) of 0.10s, change 11.8, best 11.8, hazards none — one push, so `best` IS the whole leg's travel
      |     it  19  k= 61 ->  64  stalled         fix={'k': 63, 'k_float': 63.0, 'inliers': 147, 'dx': 55.1578369140625, 'dy': 298.5984802246094, 'scale': 1.1009895115152175, 'second': 133, 'second_k': 60, 'second_dx': 20.448028564453125, 'detail': 'k=63 (63.00) inliers=147 second=133 dx=+55 scale=1.101 window=[60,64] fitted=[60, 61, 62, 63, 64]'}  strafe right 0.10s
      |         chain push: 1 chunk(s) of 0.40s, change 10.6, best 10.6, hazards none — one push, so `best` IS the whole leg's travel
      |     it  20  k= 61 ->  64  stalled         fix={'k': 63, 'k_float': 63.0, 'inliers': 151, 'dx': 13.600006103515625, 'dy': 313.11370849609375, 'scale': 1.13331691949389, 'second': 125, 'second_k': 64, 'second_dx': 59.09765625, 'detail': 'k=63 (63.00) inliers=151 second=125 dx=+14 scale=1.133 window=[60,64] fitted=[60, 61, 62, 63, 64]'}
      |         chain push: 1 chunk(s) of 0.40s, change 4.8, best 4.8, hazards none — one push, so `best` IS the whole leg's travel
      |     it  21  k= 61 ->  64  escape:jump     fix={'k': 63, 'k_float': 63.0, 'inliers': 151, 'dx': 51.49444580078125, 'dy': 303.07745361328125, 'scale': 1.132954355627794, 'second': 120, 'second_k': 64, 'second_dx': 58.4755859375, 'detail': 'k=63 (63.00) inliers=151 second=120 dx=+51 scale=1.133 window=[60,64] fitted=[60, 61, 62, 63, 64]'}
      |         chain push: 1 chunk(s) of 0.40s, change 21.9, best 21.9, hazards none — one push, so `best` IS the whole leg's travel
      |     it  22  k= 64 ->  64  advanced        fix={'k': 64, 'k_float': 64.0, 'inliers': 138, 'dx': 13.36322021484375, 'dy': 289.6202697753906, 'scale': 1.1799633587339664, 'second': 104, 'second_k': 61, 'second_dx': 5.472015380859375, 'detail': 'k=64 (64.00) inliers=138 second=104 dx=+13 scale=1.180 window=[60,64] fitted=[60, 61, 62, 63, 64]'}
      |     it  23  k= 88 ->  88  turned (skipped, same heading) to 1.3495539744498237  (94 inliers at the stop)
      |         chain push: 1 chunk(s) of 0.40s, change 20.3, best 20.3, hazards none — one push, so `best` IS the whole leg's travel
      |     it  24  k= 89 ->  89  advanced        fix={'k': 90, 'k_float': 90.0, 'inliers': 63, 'dx': 9.280029296875, 'dy': -26.783966064453125, 'scale': 1.2122296069967704, 'second': 62, 'second_k': 89, 'second_dx': 10.67999267578125, 'detail': 'k=90 (90.00) inliers=63 second=62 dx=+9 scale=1.212 window=[87,91] fitted=[87, 88, 89, 90, 91]'}
      |         chain push: 1 chunk(s) of 0.40s, change 18.9, best 18.9, hazards none — one push, so `best` IS the whole leg's travel
      |     it  25  k= 92 ->  92  advanced        fix={'k': 92, 'k_float': 92.0, 'inliers': 85, 'dx': 2.1888427734375, 'dy': -30.297576904296875, 'scale': 1.3893778418287428, 'second': 59, 'second_k': 89, 'second_dx': 7.603240966796875, 'detail': 'k=92 (92.00) inliers=85 second=59 dx=+2 scale=1.389 window=[88,92] fitted=[88, 89, 90, 91, 92]'}
      |         chain push: 1 chunk(s) of 0.40s, change 17.7, best 17.7, hazards none — one push, so `best` IS the whole leg's travel
      |     it  26  k= 94 ->  94  advanced        fix={'k': 95, 'k_float': 95.0, 'inliers': 97, 'dx': -1.57586669921875, 'dy': -0.3455810546875, 'scale': 1.3734157704472245, 'second': 65, 'second_k': 92, 'second_dx': 2.32000732421875, 'detail': 'k=95 (95.00) inliers=97 second=65 dx=-2 scale=1.373 window=[91,95] fitted=[91, 92, 93, 94, 95]'}
      |         chain push: 1 chunk(s) of 0.40s, change 20.6, best 20.6, hazards none — one push, so `best` IS the whole leg's travel
      |     it  27  k= 96 ->  96  advanced        fix={'k': 96, 'k_float': 96.0, 'inliers': 143, 'dx': -2.737091064453125, 'dy': 5.184051513671875, 'scale': 1.4831693401197716, 'second': 134, 'second_k': 97, 'second_dx': -3.5435638427734375, 'detail': 'k=96 (96.00) inliers=143 second=134 dx=-3 scale=1.483 window=[93,97] fitted=[93, 94, 95, 96, 97]'}
      |         chain push: 1 chunk(s) of 0.40s, change 23.2, best 23.2, hazards none — one push, so `best` IS the whole leg's travel
      |     it  28  k= 98 ->  98  advanced        fix={'k': 99, 'k_float': 99.0, 'inliers': 112, 'dx': -16.962005615234375, 'dy': -2.8687744140625, 'scale': 1.4360485014235345, 'second': 90, 'second_k': 98, 'second_dx': -0.9839935302734375, 'detail': 'k=99 (99.00) inliers=112 second=90 dx=-17 scale=1.436 window=[95,99] fitted=[95, 96, 97, 98, 99]'}
      |         chain push: 1 chunk(s) of 0.40s, change 25.8, best 25.8, hazards none — one push, so `best` IS the whole leg's travel
      |         chain strafe: 1 chunk(s) of 0.10s, change 13.8, best 13.8, hazards none — one push, so `best` IS the whole leg's travel
      |     it  29  k=100 -> 100  advanced        fix={'k': 101, 'k_float': 101.0, 'inliers': 143, 'dx': -43.72796630859375, 'dy': -9.158355712890625, 'scale': 1.4888364022960867, 'second': 103, 'second_k': 98, 'second_dx': 4.104034423828125, 'detail': 'k=101 (101.00) inliers=143 second=103 dx=-44 scale=1.489 window=[97,101] fitted=[97, 98, 99, 100, 101]'}  strafe left 0.10s
      |         chain push: 1 chunk(s) of 0.40s, change 24.4, best 24.4, hazards none — one push, so `best` IS the whole leg's travel
      |     it  30  k=100 -> 102  stalled         fix={'k': 101, 'k_float': 101.0, 'inliers': 138, 'dx': 27.578948974609375, 'dy': -18.454986572265625, 'scale': 1.7094556649598396, 'second': 132, 'second_k': 103, 'second_dx': -4.9079742431640625, 'detail': 'k=101 (101.00) inliers=138 second=132 dx=+28 scale=1.709 window=[99,103] fitted=[99, 100, 101, 102, 103]'}
      |         chain push: 1 chunk(s) of 0.40s, change 22.6, best 22.6, hazards none — one push, so `best` IS the whole leg's travel
      |         chain strafe: 1 chunk(s) of 0.10s, change 12.8, best 12.8, hazards none — one push, so `best` IS the whole leg's travel
      |     it  31  k=102 -> 102  advanced        fix={'k': 103, 'k_float': 103.0, 'inliers': 106, 'dx': -45.65596008300781, 'dy': -31.075164794921875, 'scale': 1.8685145371549405, 'second': 106, 'second_k': 101, 'second_dx': 36.88542175292969, 'detail': 'k=103 (103.00) inliers=106 second=106 dx=-46 scale=1.869 window=[99,103] fitted=[99, 100, 101, 102, 103]'}  strafe left 0.10s
      |         chain push: 1 chunk(s) of 0.40s, change 19.5, best 19.5, hazards none — one push, so `best` IS the whole leg's travel
      |     it  32  k=104 -> 104  advanced        fix={'k': 105, 'k_float': 105.0, 'inliers': 110, 'dx': -26.98748779296875, 'dy': -43.47642517089844, 'scale': 2.046839442224365, 'second': 92, 'second_k': 104, 'second_dx': 80.8720703125, 'detail': 'k=105 (105.00) inliers=110 second=92 dx=-27 scale=2.047 window=[101,105] fitted=[101, 102, 103, 104, 105]'}
      |         chain push: 1 chunk(s) of 0.40s, change 17.3, best 17.3, hazards none — one push, so `best` IS the whole leg's travel
      |         chain strafe: 1 chunk(s) of 0.10s, change 10.7, best 10.7, hazards none — one push, so `best` IS the whole leg's travel
      |     it  33  k=107 -> 107  advanced        fix={'k': 107, 'k_float': 107.0, 'inliers': 85, 'dx': -44.1837158203125, 'dy': -63.521240234375, 'scale': 2.185820711783921, 'second': 70, 'second_k': 106, 'second_dx': -45.19343566894531, 'detail': 'k=107 (107.00) inliers=85 second=70 dx=-44 scale=2.186 window=[103,107] fitted=[103, 104, 105, 106, 107]'}  strafe left 0.10s
      |         chain push: 1 chunk(s) of 0.40s, change 20.7, best 20.7, hazards none — one push, so `best` IS the whole leg's travel
      |         chain strafe: 1 chunk(s) of 0.10s, change 15.4, best 15.4, hazards none — one push, so `best` IS the whole leg's travel
      |     it  34  k=109 -> 109  advanced        fix={'k': 110, 'k_float': 110.0, 'inliers': 53, 'dx': 49.2734375, 'dy': -102.00796508789062, 'scale': 2.3740500307434553, 'second': 39, 'second_k': 109, 'second_dx': -46.924102783203125, 'detail': 'k=110 (110.00) inliers=53 second=39 dx=+49 scale=2.374 window=[106,110] fitted=[106, 107, 108, 109, 110]'}  strafe right 0.10s
      |         chain push: 1 chunk(s) of 0.40s, change 48.9, best 48.9, hazards none — one push, so `best` IS the whole leg's travel
      |     it  35  k=112 -> 112  blind-advance   fix=None
      |         chain push: 1 chunk(s) of 0.40s, change 12.4, best 12.4, hazards none — one push, so `best` IS the whole leg's travel
      |     it  36  k=114 -> 114  blind-advance   fix=None
      |         turn to 303.3: TURNED to 300.2 (err +3.1) in 2 push(es), asked -145.5 deg, stick 3.01s
      |         chain strafe: 1 chunk(s) of 0.41s, change 17.5, best 17.5, hazards none — one push, so `best` IS the whole leg's travel
      |     it  37  k=129 -> 129  turned-aligned to 303.34476843910807  (187 inliers at the stop)
      |         turn to 299.8: NO-OP, already inside 4.0 deg (at 300.2, err -0.4) — nothing was sent, the recorded curve was discarded, and the caller's step line will look like a turn that happened
      |         chain push: 1 chunk(s) of 0.40s, change 12.9, best 12.9, hazards none — one push, so `best` IS the whole leg's travel
      |         chain strafe: 1 chunk(s) of 0.14s, change 2.6, best 2.6, hazards SHORT — one push, so `best` IS the whole leg's travel
      |     it  38  k=129 -> 130  stalled         fix={'k': 128, 'k_float': 128.0, 'inliers': 184, 'dx': -98.16000366210938, 'dy': -36.863983154296875, 'scale': 1.2800137028223157, 'second': 182, 'second_k': 132, 'second_dx': -283.2854309082031, 'detail': 'k=128 (128.00) inliers=184 second=182 dx=-98 scale=1.280 window=[128,132] fitted=[128, 129, 130, 131, 132]'}  strafe left 0.14s
      |         chain push: 1 chunk(s) of 0.40s, change 13.1, best 13.1, hazards none — one push, so `best` IS the whole leg's travel
      |         chain strafe: 1 chunk(s) of 0.30s, change 14.1, best 14.1, hazards none — one push, so `best` IS the whole leg's travel
      |     it  39  k=130 -> 130  advanced        fix={'k': 130, 'k_float': 130.0, 'inliers': 160, 'dx': -304.4102478027344, 'dy': -71.54717254638672, 'scale': 1.5151077411693625, 'second': 95, 'second_k': 131, 'second_dx': -332.5225524902344, 'detail': 'k=130 (130.00) inliers=160 second=95 dx=-304 scale=1.515 window=[128,132] fitted=[128, 129, 130, 131, 132]'}  strafe left 0.30s
      |         turn to 298.3: NO-OP, already inside 4.0 deg (at 300.2, err -2.0) — nothing was sent, the recorded curve was discarded, and the caller's step line will look like a turn that happened
      |         chain push: 1 chunk(s) of 0.40s, change 21.7, best 21.7, hazards none — one push, so `best` IS the whole leg's travel
      |         chain strafe: 1 chunk(s) of 0.30s, change 23.5, best 23.5, hazards none — one push, so `best` IS the whole leg's travel
      |     it  40  k=130 -> 133  stalled         fix={'k': 132, 'k_float': 132.0, 'inliers': 108, 'dx': -280.5799865722656, 'dy': -99.76797485351562, 'scale': 1.763713330741425, 'second': 93, 'second_k': 133, 'second_dx': -272.57598876953125, 'detail': 'k=132 (132.00) inliers=108 second=93 dx=-281 scale=1.764 window=[129,133] fitted=[129, 130, 131, 132, 133]'}  strafe left 0.30s
      |         chain push: 1 chunk(s) of 0.40s, change 31.7, best 31.7, hazards none — one push, so `best` IS the whole leg's travel
      |         chain strafe: 1 chunk(s) of 0.30s, change 33.2, best 33.2, hazards none — one push, so `best` IS the whole leg's travel
      |     it  41  k=133 -> 133  advanced        fix={'k': 133, 'k_float': 133.0, 'inliers': 37, 'dx': -268.6773986816406, 'dy': -192.09564208984375, 'scale': 2.6468313786763007, 'second': 30, 'second_k': 131, 'second_dx': -264.34283447265625, 'detail': 'k=133 (133.00) inliers=37 second=30 dx=-269 scale=2.647 window=[129,133] fitted=[129, 130, 131, 132, 133]'}  strafe left 0.30s
      |         chain push: 1 chunk(s) of 0.40s, change 42.4, best 42.4, hazards none — one push, so `best` IS the whole leg's travel
      |     it  42  k=134 -> 136  advanced-weak   fix={'k': 134, 'k_float': 134.0, 'inliers': 18, 'dx': 117.866943359375, 'dy': -36.70149230957031, 'scale': 1.9305292949773498, 'second': 16, 'second_k': 135, 'second_dx': 143.519775390625, 'detail': 'k=134 (134.00) inliers=18 second=16 dx=+118 scale=1.931 window=[132,136] fitted=[132, 133, 134, 135, 136]'}
      |         chain push: 1 chunk(s) of 0.40s, change 51.3, best 51.3, hazards none — one push, so `best` IS the whole leg's travel
      |     it  43  k=136 -> 136  advanced-weak   fix={'k': 137, 'k_float': 137.0, 'inliers': 24, 'dx': 172.27999877929688, 'dy': -77.25999450683594, 'scale': 1.2209564340911878, 'second': 23, 'second_k': 133, 'second_dx': 92.61297607421875, 'detail': 'k=137 (137.00) inliers=24 second=23 dx=+172 scale=1.221 window=[133,137] fitted=[133, 134, 135, 136, 137]'}
      |         chain push: 1 chunk(s) of 0.40s, change 38.6, best 38.6, hazards none — one push, so `best` IS the whole leg's travel
      |         chain strafe: 1 chunk(s) of 0.16s, change 23.1, best 23.1, hazards none — one push, so `best` IS the whole leg's travel
      |     it  44  k=139 -> 139  advanced-weak   fix={'k': 139, 'k_float': 139.0, 'inliers': 24, 'dx': 71.35202026367188, 'dy': -102.27420806884766, 'scale': 1.7219251712629164, 'second': 22, 'second_k': 137, 'second_dx': 161.63995361328125, 'detail': 'k=139 (139.00) inliers=24 second=22 dx=+71 scale=1.722 window=[135,139] fitted=[135, 136, 137, 138, 139]'}  strafe right 0.16s
      |         chain push: 1 chunk(s) of 0.40s, change 15.2, best 15.2, hazards none — one push, so `best` IS the whole leg's travel
      |     it  45  k=139 -> 142  stalled         fix={'k': 141, 'k_float': 141.0, 'inliers': 65, 'dx': -18.1439208984375, 'dy': -52.671966552734375, 'scale': 1.6380984289357992, 'second': 57, 'second_k': 140, 'second_dx': -10.22393798828125, 'detail': 'k=141 (141.00) inliers=65 second=57 dx=-18 scale=1.638 window=[138,142] fitted=[138, 139, 140, 141, 142]'}
      |         chain push: 1 chunk(s) of 0.40s, change 6.9, best 6.9, hazards none — one push, so `best` IS the whole leg's travel
      |     it  46  k=139 -> 142  stalled         fix={'k': 141, 'k_float': 141.0, 'inliers': 59, 'dx': -16.3199462890625, 'dy': -52.671966552734375, 'scale': 1.638932263969859, 'second': 56, 'second_k': 142, 'second_dx': -41.561614990234375, 'detail': 'k=141 (141.00) inliers=59 second=56 dx=-16 scale=1.639 window=[138,142] fitted=[138, 139, 140, 141, 142]'}
      |         chain push: 1 chunk(s) of 0.40s, change 5.8, best 5.8, hazards none — one push, so `best` IS the whole leg's travel
      |     it  47  k=139 -> 142  stalled         fix={'k': 141, 'k_float': 141.0, 'inliers': 69, 'dx': -16.03192138671875, 'dy': -53.308746337890625, 'scale': 1.6422843194215042, 'second': 58, 'second_k': 142, 'second_dx': -40.401580810546875, 'detail': 'k=141 (141.00) inliers=69 second=58 dx=-16 scale=1.642 window=[138,142] fitted=[138, 139, 140, 141, 142]'}
      |         chain push: 1 chunk(s) of 0.40s, change 4.8, best 4.8, hazards none — one push, so `best` IS the whole leg's travel
      |     it  48  k=139 -> 142  escape:jump     fix={'k': 141, 'k_float': 141.0, 'inliers': 69, 'dx': -21.45599365234375, 'dy': -53.308746337890625, 'scale': 1.6457374209344484, 'second': 54, 'second_k': 140, 'second_dx': -10.951934814453125, 'detail': 'k=141 (141.00) inliers=69 second=54 dx=-21 scale=1.646 window=[138,142] fitted=[138, 139, 140, 141, 142]'}
      |         chain push: 1 chunk(s) of 0.40s, change 21.9, best 21.9, hazards none — one push, so `best` IS the whole leg's travel
      |     it  49  k=142 -> 142  blind-advance   fix={'k': 141, 'k_float': 141.0, 'inliers': 12, 'dx': 111.19076538085938, 'dy': 126.72332763671875, 'scale': 1.7735530142671787, 'second': 10, 'second_k': 140, 'second_dx': 128.01736450195312, 'detail': 'k=141 (141.00) inliers=12 second=10 dx=+111 scale=1.774 window=[138,142] fitted=[138, 139, 140, 141, 142]'}
      |         turn to 2.2: TURNED to 359.7 (err +2.6) in 1 push(es), asked +62.1 deg, stick 0.83s
      |         chain strafe: 1 chunk(s) of 0.60s, change 34.0, best 34.0, hazards none — one push, so `best` IS the whole leg's travel
      |     it  50  k=166 -> 166  turned-aligned to 2.2489998976495684  (84 inliers at the stop)
      |         chain push: 1 chunk(s) of 0.40s, change 9.3, best 9.3, hazards none — one push, so `best` IS the whole leg's travel
      |         chain strafe: 1 chunk(s) of 0.30s, change 44.2, best 44.2, hazards none — one push, so `best` IS the whole leg's travel
      |     it  51  k=167 -> 167  advanced        fix={'k': 168, 'k_float': 168.0, 'inliers': 85, 'dx': 342.96002197265625, 'dy': 55.920013427734375, 'scale': 1.2605651591087443, 'second': 82, 'second_k': 166, 'second_dx': 343.03204345703125, 'detail': 'k=168 (168.00) inliers=85 second=82 dx=+343 scale=1.261 window=[165,169] fitted=[165, 166, 167, 168, 169]'}  strafe right 0.30s
      |         turn to 4.3: NO compass reading, abandoned BEFORE turning — the caller's 'got --' is an unread heading, not a heading that was reached
      |         chain push: 1 chunk(s) of 0.40s, change 22.2, best 22.2, hazards none — one push, so `best` IS the whole leg's travel
      |         chain strafe: 1 chunk(s) of 0.20s, change 49.1, best 49.1, hazards none — one push, so `best` IS the whole leg's travel
      |     it  52  k=169 -> 169  advanced        fix={'k': 169, 'k_float': 169.0, 'inliers': 112, 'dx': 146.1744384765625, 'dy': -43.60798645019531, 'scale': 1.2013283043280159, 'second': 111, 'second_k': 167, 'second_dx': 151.37286376953125, 'detail': 'k=169 (169.00) inliers=112 second=111 dx=+146 scale=1.201 window=[166,170] fitted=[166, 167, 168, 169, 170]'}  strafe right 0.20s
      |         turn to 2.2: NO-OP, already inside 4.0 deg (at 5.6, err -3.4) — nothing was sent, the recorded curve was discarded, and the caller's step line will look like a turn that happened
      |         chain push: 1 chunk(s) of 0.40s, change 32.6, best 32.6, hazards none — one push, so `best` IS the whole leg's travel
      |     it  53  k=169 -> 171  stalled         fix={'k': 168, 'k_float': 168.0, 'inliers': 101, 'dx': 25.800018310546875, 'dy': -102.79998779296875, 'scale': 1.3516832085229402, 'second': 100, 'second_k': 170, 'second_dx': 44.352020263671875, 'detail': 'k=168 (168.00) inliers=101 second=100 dx=+26 scale=1.352 window=[168,172] fitted=[168, 169, 170, 171, 172]'}
      |         chain push: 1 chunk(s) of 0.40s, change 29.0, best 29.0, hazards none — one push, so `best` IS the whole leg's travel
      |     it  54  k=171 -> 171  advanced        fix={'k': 172, 'k_float': 172.0, 'inliers': 126, 'dx': -18.1199951171875, 'dy': -105.11331176757812, 'scale': 1.1774097533906664, 'second': 105, 'second_k': 169, 'second_dx': 55.8720703125, 'detail': 'k=172 (172.00) inliers=126 second=105 dx=-18 scale=1.177 window=[168,172] fitted=[168, 169, 170, 171, 172]'}
      |         chain push: 1 chunk(s) of 0.40s, change 18.2, best 18.2, hazards none — one push, so `best` IS the whole leg's travel
      |     it  55  k=173 -> 173  advanced        fix={'k': 173, 'k_float': 173.0, 'inliers': 132, 'dx': -22.4639892578125, 'dy': -96.1943359375, 'scale': 1.1328669642693159, 'second': 109, 'second_k': 174, 'second_dx': -30.239990234375, 'detail': 'k=173 (173.00) inliers=132 second=109 dx=-22 scale=1.133 window=[170,174] fitted=[170, 171, 172, 173, 174]'}
      |         chain push: 1 chunk(s) of 0.40s, change 26.2, best 26.2, hazards none — one push, so `best` IS the whole leg's travel
      |     it  56  k=176 -> 176  advanced        fix={'k': 176, 'k_float': 176.0, 'inliers': 99, 'dx': -20.73602294921875, 'dy': -95.04000854492188, 'scale': 1.0188572292278564, 'second': 81, 'second_k': 175, 'second_dx': -69.12000274658203, 'detail': 'k=176 (176.00) inliers=99 second=81 dx=-21 scale=1.019 window=[172,176] fitted=[172, 173, 174, 175, 176]'}
      |         turn to 89.5: TURNED to 91.8 (err -2.3) in 1 push(es), asked +83.9 deg, stick 1.12s
      |         chain strafe: 1 chunk(s) of 0.40s, change 28.1, best 28.1, hazards none — one push, so `best` IS the whole leg's travel
      |     it  57  k=196 -> 196  turned-aligned to 89.491477293153  (132 inliers at the stop)
      |         chain push: 1 chunk(s) of 0.40s, change 31.0, best 31.0, hazards none — one push, so `best` IS the whole leg's travel
      |         chain strafe: 1 chunk(s) of 0.30s, change 28.2, best 28.2, hazards none — one push, so `best` IS the whole leg's travel
      |     it  58  k=197 -> 197  advanced        fix={'k': 199, 'k_float': 199.0, 'inliers': 119, 'dx': -236.3904266357422, 'dy': -63.3599853515625, 'scale': 1.005305085048736, 'second': 102, 'second_k': 196, 'second_dx': -243.1999969482422, 'detail': 'k=199 (199.00) inliers=119 second=102 dx=-236 scale=1.005 window=[195,199] fitted=[195, 196, 197, 198, 199]'}  strafe left 0.30s
      |         chain push: 1 chunk(s) of 0.40s, change 38.8, best 38.8, hazards none — one push, so `best` IS the whole leg's travel
      |         chain strafe: 1 chunk(s) of 0.27s, change 30.6, best 30.6, hazards none — one push, so `best` IS the whole leg's travel
      |     it  59  k=197 -> 200  stalled         fix={'k': 197, 'k_float': 197.0, 'inliers': 144, 'dx': -195.82798767089844, 'dy': -24.339981079101562, 'scale': 1.4558938932118464, 'second': 135, 'second_k': 200, 'second_dx': -185.75999450683594, 'detail': 'k=197 (197.00) inliers=144 second=135 dx=-196 scale=1.456 window=[196,200] fitted=[196, 197, 198, 199, 200]'}  strafe left 0.27s
      |         chain push: 1 chunk(s) of 0.40s, change 49.4, best 49.4, hazards none — one push, so `best` IS the whole leg's travel
      |         chain strafe: 1 chunk(s) of 0.18s, change 33.7, best 33.7, hazards none — one push, so `best` IS the whole leg's travel
      |     it  60  k=197 -> 200  stalled         fix={'k': 199, 'k_float': 199.0, 'inliers': 125, 'dx': -132.97918701171875, 'dy': -15.390625, 'scale': 1.7479475981571355, 'second': 101, 'second_k': 196, 'second_dx': -139.19659423828125, 'detail': 'k=199 (199.00) inliers=125 second=101 dx=-133 scale=1.748 window=[196,200] fitted=[196, 197, 198, 199, 200]'}  strafe left 0.18s
      |         chain push: 1 chunk(s) of 0.40s, change 52.9, best 52.9, hazards none — one push, so `best` IS the whole leg's travel
      |   chain_walk: ARRIVED at iteration 61, k=197 (target 200 of 204), 56 push(es)
[17] ARRIVED   ESCAPE_GATE-off k=197/205  it=61  pushes=56  seconds=95.1 (walk 78.66, setup 14.8)  failure=None
      |   arm: ESCAPE_GATE = True
      |   pause menu open (selected 'Resume')
      |   selected: Load Last Save
      |   confirmation dialog up (delta 80.5) -> YES
      |   world back after 4.9s, spawn bearing 87 (E)
      |   setup 14.5s (reset 11.9s, Chain.load 2.6s for 205 waypoints) of a 180s budget
      |   chain_walk: 205 waypoints -> plan of 47 targets (41 push, 6 turn-only); the prompt is checked on every iteration; k rises by at most 1 per iteration, so >= 47 iteration(s). The 180s cap allows 3.83s each. At the last waypoint the walk may spend 3 more iteration(s) — 0.540 walk-units of forward push against OPEN-22's measured 0.05 — and then gives up rather than walking on past the table.
      |         turn to 271.3: TURNED to 274.4 (err -3.1) in 2 push(es), asked -175.7 deg, stick 2.50s
      |         chain strafe: 1 chunk(s) of 0.10s, change 13.4, best 13.4, hazards none — one push, so `best` IS the whole leg's travel
      |     it   1  k=  3 ->   3  turned-aligned to 271.3168428039934  (108 inliers at the stop)
      |         chain push: 1 chunk(s) of 0.40s, change 20.8, best 20.8, hazards none — one push, so `best` IS the whole leg's travel
      |     it   2  k=  4 ->   4  advanced-weak   fix={'k': 6, 'k_float': 6.0, 'inliers': 21, 'dx': -3.58319091796875, 'dy': 15.527130126953125, 'scale': 1.1096354851629489, 'second': 18, 'second_k': 5, 'second_dx': -63.964515686035156, 'detail': 'k=6 (6.00) inliers=21 second=18 dx=-4 scale=1.110 window=[2,6] fitted=[2, 3, 4, 5, 6]'}
      |         chain push: 1 chunk(s) of 0.40s, change 20.2, best 20.2, hazards none — one push, so `best` IS the whole leg's travel
      |     it   3  k=  7 ->   7  advanced-weak   fix={'k': 7, 'k_float': 7.0, 'inliers': 15, 'dx': -80.17919921875, 'dy': 29.376007080078125, 'scale': 1.2190457784691002, 'second': 10, 'second_k': 5, 'second_dx': -87.62339782714844, 'detail': 'k=7 (7.00) inliers=15 second=10 dx=-80 scale=1.219 window=[3,7] fitted=[3, 4, 5, 6, 7]'}
      |         chain push: 1 chunk(s) of 0.40s, change 16.5, best 16.5, hazards none — one push, so `best` IS the whole leg's travel
      |     it   4  k= 10 ->  10  advanced-weak   fix={'k': 10, 'k_float': 10.0, 'inliers': 20, 'dx': -124.91368103027344, 'dy': 34.42181396484375, 'scale': 1.240127127166173, 'second': 14, 'second_k': 9, 'second_dx': 69.36404418945312, 'detail': 'k=10 (10.00) inliers=20 second=14 dx=-125 scale=1.240 window=[6,10] fitted=[6, 7, 8, 9, 10]'}
      |         chain push: 1 chunk(s) of 0.40s, change 12.4, best 12.4, hazards none — one push, so `best` IS the whole leg's travel
      |     it   5  k= 13 ->  13  blind-advance   fix={'k': 13, 'k_float': 13.0, 'inliers': 7, 'dx': -193.0, 'dy': 40.310791015625, 'scale': 1.2653700890464972, 'second': 7, 'second_k': 11, 'second_dx': -196.16256713867188, 'detail': 'k=13 (13.00) inliers=7 second=7 dx=-193 scale=1.265 window=[9,13] fitted=[11, 12, 13]'}
      |         chain push: 1 chunk(s) of 0.40s, change 7.4, best 7.4, hazards none — one push, so `best` IS the whole leg's travel
      |     it   6  k= 16 ->  16  blind-advance   fix=None
      |         chain push: 1 chunk(s) of 0.40s, change 7.7, best 7.7, hazards none — one push, so `best` IS the whole leg's travel
      |     it   7  k= 19 ->  19  blind-advance   fix=None
      |         chain push: 1 chunk(s) of 0.40s, change 9.0, best 9.0, hazards none — one push, so `best` IS the whole leg's travel
      |     it   8  k= 19 ->  39  door-step 1/1: one more push along 271.3 before the stop turns (the frame after it fits 0 inliers, scale None)
      |         turn to 1.6: TURNED to 358.2 (err +3.4) in 1 push(es), asked +87.2 deg, stick 1.17s
      |         chain strafe: 1 chunk(s) of 0.17s, change 8.2, best 8.2, hazards none — one push, so `best` IS the whole leg's travel
      |     it   8  k= 39 ->  39  turned-aligned to 1.6055901753868653  (69 inliers at the stop)
      |         chain push: 1 chunk(s) of 0.40s, change 14.5, best 14.5, hazards none — one push, so `best` IS the whole leg's travel
      |         chain strafe: 1 chunk(s) of 0.10s, change 8.2, best 8.2, hazards none — one push, so `best` IS the whole leg's travel
      |     it   9  k= 39 ->  40  stalled         fix={'k': 39, 'k_float': 39.0, 'inliers': 76, 'dx': 47.158416748046875, 'dy': 418.29290771484375, 'scale': 1.3578796300328615, 'second': 67, 'second_k': 38, 'second_dx': 46.65602111816406, 'detail': 'k=39 (39.00) inliers=76 second=67 dx=+47 scale=1.358 window=[38,42] fitted=[38, 39, 40, 41, 42]'}  strafe right 0.10s
      |         chain push: 1 chunk(s) of 0.40s, change 23.7, best 23.7, hazards none — one push, so `best` IS the whole leg's travel
      |         chain strafe: 1 chunk(s) of 0.18s, change 21.7, best 21.7, hazards none — one push, so `best` IS the whole leg's travel
      |     it  10  k= 40 ->  40  advanced        fix={'k': 40, 'k_float': 40.0, 'inliers': 38, 'dx': 131.56805419921875, 'dy': 356.61602783203125, 'scale': 1.2886556964427855, 'second': 35, 'second_k': 41, 'second_dx': 132.0, 'detail': 'k=40 (40.00) inliers=38 second=35 dx=+132 scale=1.289 window=[38,42] fitted=[38, 39, 40, 41, 42]'}  strafe right 0.18s
      |         chain push: 1 chunk(s) of 0.40s, change 35.9, best 35.9, hazards none — one push, so `best` IS the whole leg's travel
      |         chain strafe: 1 chunk(s) of 0.16s, change 21.0, best 21.0, hazards none — one push, so `best` IS the whole leg's travel
      |     it  11  k= 40 ->  43  stalled         fix={'k': 39, 'k_float': 39.0, 'inliers': 39, 'dx': 112.60809326171875, 'dy': 348.96002197265625, 'scale': 1.4311547410007894, 'second': 36, 'second_k': 41, 'second_dx': 112.70404052734375, 'detail': 'k=39 (39.00) inliers=39 second=36 dx=+113 scale=1.431 window=[39,43] fitted=[39, 40, 41, 42, 43]'}  strafe right 0.16s
      |         chain push: 1 chunk(s) of 0.40s, change 30.0, best 30.0, hazards none — one push, so `best` IS the whole leg's travel
      |         chain strafe: 1 chunk(s) of 0.15s, change 6.5, best 6.5, hazards none — one push, so `best` IS the whole leg's travel
      |     it  12  k= 40 ->  43  stalled         fix={'k': 41, 'k_float': 41.0, 'inliers': 37, 'dx': 105.8504638671875, 'dy': 319.36004638671875, 'scale': 1.625572132561749, 'second': 35, 'second_k': 40, 'second_dx': 106.3873291015625, 'detail': 'k=41 (41.00) inliers=37 second=35 dx=+106 scale=1.626 window=[39,43] fitted=[39, 40, 41, 42, 43]'}  strafe right 0.15s
      |         chain push: 1 chunk(s) of 0.40s, change 24.4, best 24.4, hazards none — one push, so `best` IS the whole leg's travel
      |         chain strafe: 1 chunk(s) of 0.16s, change 3.1, best 3.1, hazards none — one push, so `best` IS the whole leg's travel
      |     it  13  k= 42 ->  43  advanced-weak   fix={'k': 42, 'k_float': 42.0, 'inliers': 27, 'dx': 146.39630126953125, 'dy': 282.5604553222656, 'scale': 1.9422996628125382, 'second': 26, 'second_k': 41, 'second_dx': 148.29537963867188, 'detail': 'k=42 (42.00) inliers=27 second=26 dx=+146 scale=1.942 window=[39,43] fitted=[39, 40, 41, 42, 43]'}  strafe right 0.16s
      |         chain push: 1 chunk(s) of 0.40s, change 16.8, best 16.8, hazards none — one push, so `best` IS the whole leg's travel
      |     it  14  k= 43 ->  43  blind-advance   fix={'k': 41, 'k_float': 41.0, 'inliers': 19, 'dx': 212.82098388671875, 'dy': 219.72686767578125, 'scale': 2.4968141512603474, 'second': 18, 'second_k': 45, 'second_dx': 190.010498046875, 'detail': 'k=41 (41.00) inliers=19 second=18 dx=+213 scale=2.497 window=[41,45] fitted=[41, 42, 43, 44, 45]'}
      |         chain push: 1 chunk(s) of 0.40s, change 19.7, best 19.7, hazards none — one push, so `best` IS the whole leg's travel
      |     it  15  k= 46 ->  46  blind-advance   fix={'k': 46, 'k_float': 46.0, 'inliers': 6, 'dx': 271.702880859375, 'dy': 84.74009704589844, 'scale': 2.3930319669633993, 'second': 0, 'second_k': None, 'second_dx': 0.0, 'detail': 'k=46 (46.00) inliers=6 second=0 dx=+272 scale=2.393 window=[42,46] fitted=[46]'}
      |         chain push: 1 chunk(s) of 0.40s, change 26.6, best 26.6, hazards none — one push, so `best` IS the whole leg's travel
      |     it  16  k= 49 ->  49  blind-advance   fix=None
      |         chain push: 1 chunk(s) of 0.40s, change 29.0, best 29.0, hazards none — one push, so `best` IS the whole leg's travel
      |     it  17  k= 52 ->  52  blind-advance   fix={'k': 51, 'k_float': 50.579792032131195, 'inliers': 7, 'dx': 63.20001220703125, 'dy': 224.7783203125, 'scale': 0.8796788053099172, 'second': 6, 'second_k': 52, 'second_dx': 59.15043640136719, 'detail': 'k=51 (50.58) inliers=7 second=6 dx=+63 scale=0.880 window=[48,52] fitted=[50, 51, 52]'}
      |         chain push: 1 chunk(s) of 0.40s, change 30.3, best 30.3, hazards none — one push, so `best` IS the whole leg's travel
      |     it  18  k= 55 ->  55  advanced-weak   fix={'k': 55, 'k_float': 51.43857964371623, 'inliers': 21, 'dx': 42.800018310546875, 'dy': 254.6400146484375, 'scale': 1.2007965600567188, 'second': 9, 'second_k': 54, 'second_dx': 62.11199951171875, 'detail': 'k=55 (51.44) inliers=21 second=9 dx=+43 scale=1.201 window=[51,55] fitted=[51, 52, 53, 54, 55]'}
      |         chain push: 1 chunk(s) of 0.40s, change 22.1, best 22.1, hazards none — one push, so `best` IS the whole leg's travel
      |         chain strafe: 1 chunk(s) of 0.10s, change 8.8, best 8.8, hazards none — one push, so `best` IS the whole leg's travel
      |     it  19  k= 58 ->  58  advanced        fix={'k': 58, 'k_float': 58.0, 'inliers': 77, 'dx': 47.759979248046875, 'dy': 288.4000244140625, 'scale': 1.2667371487043988, 'second': 63, 'second_k': 56, 'second_dx': 46.448699951171875, 'detail': 'k=58 (58.00) inliers=77 second=63 dx=+48 scale=1.267 window=[54,58] fitted=[55, 56, 57, 58]'}  strafe right 0.10s
      |         chain push: 1 chunk(s) of 0.40s, change 17.9, best 17.9, hazards none — one push, so `best` IS the whole leg's travel
      |         chain strafe: 1 chunk(s) of 0.10s, change 7.6, best 7.6, hazards none — one push, so `best` IS the whole leg's travel
      |     it  20  k= 61 ->  61  advanced        fix={'k': 61, 'k_float': 61.0, 'inliers': 108, 'dx': 46.718231201171875, 'dy': 315.3936462402344, 'scale': 1.2002310208831075, 'second': 95, 'second_k': 59, 'second_dx': 44.016021728515625, 'detail': 'k=61 (61.00) inliers=108 second=95 dx=+47 scale=1.200 window=[57,61] fitted=[57, 58, 59, 60, 61]'}  strafe right 0.10s
      |         chain push: 1 chunk(s) of 0.40s, change 17.7, best 17.7, hazards none — one push, so `best` IS the whole leg's travel
      |         chain strafe: 1 chunk(s) of 0.10s, change 9.0, best 9.0, hazards none — one push, so `best` IS the whole leg's travel
      |     it  21  k= 61 ->  64  stalled         fix={'k': 63, 'k_float': 63.0, 'inliers': 124, 'dx': 42.7161865234375, 'dy': 286.8480224609375, 'scale': 1.1688420792181315, 'second': 121, 'second_k': 64, 'second_dx': 105.753662109375, 'detail': 'k=63 (63.00) inliers=124 second=121 dx=+43 scale=1.169 window=[60,64] fitted=[60, 61, 62, 63, 64]'}  strafe right 0.10s
      |         chain push: 1 chunk(s) of 0.40s, change 16.6, best 16.6, hazards none — one push, so `best` IS the whole leg's travel
      |     it  22  k= 61 ->  64  stalled         fix={'k': 60, 'k_float': 60.0, 'inliers': 110, 'dx': 22.809661865234375, 'dy': 259.9824523925781, 'scale': 1.4440981092832743, 'second': 104, 'second_k': 62, 'second_dx': 25.2979736328125, 'detail': 'k=60 (60.00) inliers=110 second=104 dx=+23 scale=1.444 window=[60,64] fitted=[60, 61, 62, 63, 64]'}
      |         chain push: 1 chunk(s) of 0.40s, change 17.5, best 17.5, hazards none — one push, so `best` IS the whole leg's travel
      |     it  23  k= 61 ->  64  stalled         fix={'k': 60, 'k_float': 60.0, 'inliers': 112, 'dx': 23.90185546875, 'dy': 264.65972900390625, 'scale': 1.646165195519056, 'second': 100, 'second_k': 63, 'second_dx': 27.356002807617188, 'detail': 'k=60 (60.00) inliers=112 second=100 dx=+24 scale=1.646 window=[60,64] fitted=[60, 61, 62, 63, 64]'}
      |         chain push: 1 chunk(s) of 0.40s, change 11.2, best 11.2, hazards none — one push, so `best` IS the whole leg's travel
      |     it  24  k= 61 ->  64  escape:jump     fix={'k': 60, 'k_float': 60.0, 'inliers': 120, 'dx': 24.736053466796875, 'dy': 265.99456787109375, 'scale': 1.6905692175758862, 'second': 78, 'second_k': 63, 'second_dx': 28.684844970703125, 'detail': 'k=60 (60.00) inliers=120 second=78 dx=+25 scale=1.691 window=[60,64] fitted=[60, 61, 62, 63, 64]'}
      |         chain push: 1 chunk(s) of 0.40s, change 23.7, best 23.7, hazards none — one push, so `best` IS the whole leg's travel
      |     it  25  k= 64 ->  64  advanced-past   fix={'k': 61, 'k_float': 61.0, 'inliers': 117, 'dx': 26.392852783203125, 'dy': 274.3680419921875, 'scale': 1.839035973654905, 'second': 116, 'second_k': 64, 'second_dx': 32.04962158203125, 'detail': 'k=61 (61.00) inliers=117 second=116 dx=+26 scale=1.839 window=[60,64] fitted=[60, 61, 62, 63, 64]'}
      |     it  26  k= 88 ->  88  turned (skipped, same heading) to 1.3495539744498237  (92 inliers at the stop)
      |         chain push: 1 chunk(s) of 0.40s, change 20.0, best 20.0, hazards none — one push, so `best` IS the whole leg's travel
      |     it  27  k= 89 ->  89  advanced        fix={'k': 91, 'k_float': 91.0, 'inliers': 84, 'dx': 26.564453125, 'dy': -19.175949096679688, 'scale': 1.735181879796517, 'second': 83, 'second_k': 87, 'second_dx': 28.466461181640625, 'detail': 'k=91 (91.00) inliers=84 second=83 dx=+27 scale=1.735 window=[87,91] fitted=[87, 88, 89, 90, 91]'}
      |         chain push: 1 chunk(s) of 0.40s, change 22.2, best 22.2, hazards none — one push, so `best` IS the whole leg's travel
      |     it  28  k= 92 ->  92  advanced        fix={'k': 92, 'k_float': 92.0, 'inliers': 31, 'dx': 20.91204833984375, 'dy': -6.7183837890625, 'scale': 1.8476609573621714, 'second': 24, 'second_k': 90, 'second_dx': 14.897720336914062, 'detail': 'k=92 (92.00) inliers=31 second=24 dx=+21 scale=1.848 window=[88,92] fitted=[88, 89, 90, 91, 92]'}
      |         chain push: 1 chunk(s) of 0.40s, change 26.0, best 26.0, hazards none — one push, so `best` IS the whole leg's travel
      |         chain strafe: 1 chunk(s) of 0.10s, change 13.5, best 13.5, hazards none — one push, so `best` IS the whole leg's travel
      |     it  29  k= 94 ->  94  advanced        fix={'k': 95, 'k_float': 95.0, 'inliers': 34, 'dx': 46.996337890625, 'dy': -24.620758056640625, 'scale': 1.8492032065242185, 'second': 14, 'second_k': 93, 'second_dx': -43.972930908203125, 'detail': 'k=95 (95.00) inliers=34 second=14 dx=+47 scale=1.849 window=[91,95] fitted=[91, 92, 93, 94, 95]'}  strafe right 0.10s
      |         chain push: 1 chunk(s) of 0.40s, change 25.6, best 25.6, hazards none — one push, so `best` IS the whole leg's travel
      |     it  30  k= 96 ->  96  advanced        fix={'k': 97, 'k_float': 97.0, 'inliers': 72, 'dx': 18.162811279296875, 'dy': -16.202362060546875, 'scale': 1.937293200325802, 'second': 63, 'second_k': 96, 'second_dx': 21.277557373046875, 'detail': 'k=97 (97.00) inliers=72 second=63 dx=+18 scale=1.937 window=[93,97] fitted=[93, 94, 95, 96, 97]'}
      |         chain push: 1 chunk(s) of 0.40s, change 25.0, best 25.0, hazards none — one push, so `best` IS the whole leg's travel
      |     it  31  k= 98 ->  98  advanced        fix={'k': 99, 'k_float': 99.0, 'inliers': 97, 'dx': 12.425567626953125, 'dy': -25.35040283203125, 'scale': 2.0628468935549424, 'second': 72, 'second_k': 98, 'second_dx': 17.398635864257812, 'detail': 'k=99 (99.00) inliers=97 second=72 dx=+12 scale=2.063 window=[95,99] fitted=[95, 96, 97, 98, 99]'}
      |         chain push: 1 chunk(s) of 0.40s, change 20.1, best 20.1, hazards none — one push, so `best` IS the whole leg's travel
      |     it  32  k=100 -> 100  advanced        fix={'k': 100, 'k_float': 100.0, 'inliers': 74, 'dx': 21.112701416015625, 'dy': -43.10546875, 'scale': 2.3670445345196702, 'second': 65, 'second_k': 99, 'second_dx': -85.42489624023438, 'detail': 'k=100 (100.00) inliers=74 second=65 dx=+21 scale=2.367 window=[97,101] fitted=[97, 98, 99, 100, 101]'}
      |         chain push: 1 chunk(s) of 0.40s, change 17.2, best 17.2, hazards none — one push, so `best` IS the whole leg's travel
      |     it  33  k=102 -> 102  advanced        fix={'k': 103, 'k_float': 103.0, 'inliers': 60, 'dx': 19.982254028320312, 'dy': -65.51704406738281, 'scale': 2.506334040130635, 'second': 52, 'second_k': 102, 'second_dx': 21.783279418945312, 'detail': 'k=103 (103.00) inliers=60 second=52 dx=+20 scale=2.506 window=[99,103] fitted=[99, 100, 101, 102, 103]'}
      |         chain push: 1 chunk(s) of 0.40s, change 20.9, best 20.9, hazards none — one push, so `best` IS the whole leg's travel
      |     it  34  k=104 -> 104  advanced-weak   fix={'k': 105, 'k_float': 105.0, 'inliers': 16, 'dx': -184.74041748046875, 'dy': -120.09603881835938, 'scale': 3.1300256111922105, 'second': 16, 'second_k': 104, 'second_dx': -192.5927734375, 'detail': 'k=105 (105.00) inliers=16 second=16 dx=-185 scale=3.130 window=[101,105] fitted=[101, 102, 103, 104, 105]'}
      |         chain push: 1 chunk(s) of 0.40s, change 31.3, best 31.3, hazards none — one push, so `best` IS the whole leg's travel
      |     it  35  k=107 -> 107  blind-advance   fix=None
      |         chain push: 1 chunk(s) of 0.40s, change 50.8, best 50.8, hazards none — one push, so `best` IS the whole leg's travel
      |     it  36  k=109 -> 109  blind-advance   fix={'k': 106, 'k_float': 106.0, 'inliers': 6, 'dx': -408.0, 'dy': 159.42001342773438, 'scale': 0.29932802796076113, 'second': 6, 'second_k': 107, 'second_dx': -511.0979309082031, 'detail': 'k=106 (106.00) inliers=6 second=6 dx=-408 scale=0.299 window=[106,110] fitted=[106, 107]'}
      |         chain push: 1 chunk(s) of 0.40s, change 42.8, best 42.8, hazards none — one push, so `best` IS the whole leg's travel
      |     it  37  k=109 -> 112  turn-early: blind with the budget spent and a turn stop at 129 within 3 targets — turning to 303.34476843910807 now instead of pushing into whatever is in front
      |         turn to 303.3: TURNED to 306.0 (err -2.7) in 1 push(es), asked -54.8 deg, stick 0.73s
      |         turn to 278.3: TURNED to 279.8 (err -1.5) in 1 push(es), asked -27.7 deg, stick 0.40s
      |         turn to 303.3: TURNED to 299.9 (err +3.4) in 1 push(es), asked +23.5 deg, stick 0.40s
      |         turn to 280.3: TURNED to 281.3 (err -0.9) in 1 push(es), asked -19.6 deg, stick 0.40s
      |     it  38  k=129 -> 129  turned-looked to 303.34476843910807  (180 inliers at the stop)  STOP YAW -23.0 deg on -454 px, no strafe
      |         turn to 276.8: TURNED to 277.4 (err -0.7) in 1 push(es), asked -4.5 deg, stick 0.15s
      |         chain push: 1 chunk(s) of 0.40s, change 29.4, best 29.4, hazards none — one push, so `best` IS the whole leg's travel
      |         chain strafe: 1 chunk(s) of 0.16s, change 4.6, best 4.6, hazards none — one push, so `best` IS the whole leg's travel
      |     it  39  k=130 -> 130  advanced        fix={'k': 132, 'k_float': 132.0, 'inliers': 142, 'dx': 114.04800415039062, 'dy': -37.0, 'scale': 1.064373047603787, 'second': 140, 'second_k': 129, 'second_dx': 205.459228515625, 'detail': 'k=132 (132.00) inliers=142 second=140 dx=+114 scale=1.064 window=[128,132] fitted=[128, 129, 130, 131, 132]'}  strafe right 0.16s
      |         turn to 275.3: NO-OP, already inside 4.0 deg (at 277.4, err -2.2) — nothing was sent, the recorded curve was discarded, and the caller's step line will look like a turn that happened
      |         chain push: 1 chunk(s) of 0.40s, change 13.3, best 13.3, hazards none — one push, so `best` IS the whole leg's travel
      |         chain strafe: 1 chunk(s) of 0.20s, change 10.3, best 10.3, hazards none — one push, so `best` IS the whole leg's travel
      |     it  40  k=130 -> 133  stalled         fix={'k': 130, 'k_float': 130.0, 'inliers': 184, 'dx': 142.56002807617188, 'dy': -36.71678161621094, 'scale': 1.2540288536611686, 'second': 136, 'second_k': 131, 'second_dx': 115.430419921875, 'detail': 'k=130 (130.00) inliers=184 second=136 dx=+143 scale=1.254 window=[129,133] fitted=[129, 130, 131, 132, 133]'}  strafe right 0.20s
      |         chain push: 1 chunk(s) of 0.40s, change 12.8, best 12.8, hazards none — one push, so `best` IS the whole leg's travel
      |         chain strafe: 1 chunk(s) of 0.13s, change 5.1, best 5.1, hazards none — one push, so `best` IS the whole leg's travel
      |     it  41  k=130 -> 133  stalled         fix={'k': 132, 'k_float': 132.0, 'inliers': 152, 'dx': 94.291259765625, 'dy': -59.959991455078125, 'scale': 1.4630495379613904, 'second': 129, 'second_k': 133, 'second_dx': 100.56967163085938, 'detail': 'k=132 (132.00) inliers=152 second=129 dx=+94 scale=1.463 window=[129,133] fitted=[129, 130, 131, 132, 133]'}  strafe right 0.13s
      |         chain push: 1 chunk(s) of 0.40s, change 14.5, best 14.5, hazards none — one push, so `best` IS the whole leg's travel
      |         chain strafe: 1 chunk(s) of 0.21s, change 5.3, best 5.3, hazards none — one push, so `best` IS the whole leg's travel
      |     it  42  k=133 -> 133  advanced        fix={'k': 133, 'k_float': 133.0, 'inliers': 185, 'dx': 154.62432861328125, 'dy': -76.15997314453125, 'scale': 1.6827381737193081, 'second': 176, 'second_k': 129, 'second_dx': 242.41607666015625, 'detail': 'k=133 (133.00) inliers=185 second=176 dx=+155 scale=1.683 window=[129,133] fitted=[129, 130, 131, 132, 133]'}  strafe right 0.21s
      |         chain push: 1 chunk(s) of 0.40s, change 21.7, best 21.7, hazards none — one push, so `best` IS the whole leg's travel
      |         chain strafe: 1 chunk(s) of 0.30s, change 23.1, best 23.1, hazards none — one push, so `best` IS the whole leg's travel
      |     it  43  k=133 -> 136  stalled         fix={'k': 134, 'k_float': 134.0, 'inliers': 160, 'dx': 215.79913330078125, 'dy': -105.46236419677734, 'scale': 2.23503527937309, 'second': 110, 'second_k': 135, 'second_dx': 223.81260681152344, 'detail': 'k=134 (134.00) inliers=160 second=110 dx=+216 scale=2.235 window=[132,136] fitted=[132, 133, 134, 135, 136]'}  strafe right 0.30s
      |         chain push: 1 chunk(s) of 0.40s, change 31.2, best 31.2, hazards none — one push, so `best` IS the whole leg's travel
      |         chain strafe: 1 chunk(s) of 0.11s, change 28.1, best 28.1, hazards none — one push, so `best` IS the whole leg's travel
      |     it  44  k=136 -> 136  advanced        fix={'k': 136, 'k_float': 136.0, 'inliers': 87, 'dx': 78.8416748046875, 'dy': -142.57546997070312, 'scale': 3.0549662046081374, 'second': 25, 'second_k': 132, 'second_dx': 74.1463623046875, 'detail': 'k=136 (136.00) inliers=87 second=25 dx=+79 scale=3.055 window=[132,136] fitted=[132, 133, 135, 136]'}  strafe right 0.11s
      |         chain push: 1 chunk(s) of 0.40s, change 32.1, best 32.1, hazards none — one push, so `best` IS the whole leg's travel
      |         chain strafe: 1 chunk(s) of 0.10s, change 49.2, best 49.2, hazards none — one push, so `best` IS the whole leg's travel
      |     it  45  k=136 -> 139  stalled         fix={'k': 138, 'k_float': 138.0, 'inliers': 69, 'dx': -40.513641357421875, 'dy': -160.826904296875, 'scale': 3.153453907042332, 'second': 13, 'second_k': 139, 'second_dx': 2.24810791015625, 'detail': 'k=138 (138.00) inliers=69 second=13 dx=-41 scale=3.153 window=[135,139] fitted=[138, 139]'}  strafe left 0.10s
      |         chain push: 1 chunk(s) of 0.40s, change 32.5, best 32.5, hazards none — one push, so `best` IS the whole leg's travel
      |     it  46  k=138 -> 139  advanced-weak   fix={'k': 138, 'k_float': 138.0, 'inliers': 19, 'dx': 34.59625244140625, 'dy': -158.00726318359375, 'scale': 3.1418741041862424, 'second': 14, 'second_k': 139, 'second_dx': 64.87478637695312, 'detail': 'k=138 (138.00) inliers=19 second=14 dx=+35 scale=3.142 window=[135,139] fitted=[136, 137, 138, 139]'}
      |         chain push: 1 chunk(s) of 0.40s, change 25.8, best 25.8, hazards none — one push, so `best` IS the whole leg's travel
      |     it  47  k=139 -> 139  advanced-past   fix={'k': 138, 'k_float': 138.0, 'inliers': 65, 'dx': 0.684539794921875, 'dy': -187.7007598876953, 'scale': 3.117373945465605, 'second': 11, 'second_k': 141, 'second_dx': 62.52618408203125, 'detail': 'k=138 (138.00) inliers=65 second=11 dx=+1 scale=3.117 window=[137,141] fitted=[138, 139, 140, 141]'}
      |         chain push: 1 chunk(s) of 0.40s, change 25.2, best 25.2, hazards none — one push, so `best` IS the whole leg's travel
      |         chain strafe: 1 chunk(s) of 0.10s, change 36.3, best 36.3, hazards none — one push, so `best` IS the whole leg's travel
      |     it  48  k=142 -> 142  advanced        fix={'k': 142, 'k_float': 142.0, 'inliers': 50, 'dx': -42.79179382324219, 'dy': -143.54623413085938, 'scale': 2.206688408372129, 'second': 23, 'second_k': 138, 'second_dx': -95.14924621582031, 'detail': 'k=142 (142.00) inliers=50 second=23 dx=-43 scale=2.207 window=[138,142] fitted=[138, 139, 140, 141, 142]'}  strafe left 0.10s
      |         turn to 2.2: TURNED to 3.8 (err -1.5) in 2 push(es), asked +84.8 deg, stick 1.28s
      |         chain strafe: 1 chunk(s) of 0.21s, change 23.1, best 23.1, hazards none — one push, so `best` IS the whole leg's travel
      |     it  49  k=166 -> 166  turned-aligned to 2.2489998976495684  (63 inliers at the stop)
      |         chain push: 1 chunk(s) of 0.40s, change 34.3, best 34.3, hazards none — one push, so `best` IS the whole leg's travel
      |         chain strafe: 1 chunk(s) of 0.10s, change 31.2, best 31.2, hazards none — one push, so `best` IS the whole leg's travel
      |     it  50  k=166 -> 167  stalled         fix={'k': 166, 'k_float': 166.0, 'inliers': 49, 'dx': 40.31999206542969, 'dy': -62.78399658203125, 'scale': 1.293075811777843, 'second': 47, 'second_k': 167, 'second_dx': 38.220611572265625, 'detail': 'k=166 (166.00) inliers=49 second=47 dx=+40 scale=1.293 window=[165,169] fitted=[165, 166, 167, 168, 169]'}  strafe right 0.10s
      |         chain push: 1 chunk(s) of 0.40s, change 37.1, best 37.1, hazards none — one push, so `best` IS the whole leg's travel
      |         chain strafe: 1 chunk(s) of 0.17s, change 30.1, best 30.1, hazards none — one push, so `best` IS the whole leg's travel
      |     it  51  k=166 -> 167  stalled         fix={'k': 166, 'k_float': 166.0, 'inliers': 39, 'dx': 120.2689208984375, 'dy': -104.08316040039062, 'scale': 1.3944278368933312, 'second': 36, 'second_k': 169, 'second_dx': 117.10086059570312, 'detail': 'k=166 (166.00) inliers=39 second=36 dx=+120 scale=1.394 window=[165,169] fitted=[165, 166, 167, 168, 169]'}  strafe right 0.17s
      |         chain push: 1 chunk(s) of 0.40s, change 36.3, best 36.3, hazards none — one push, so `best` IS the whole leg's travel
      |         chain strafe: 1 chunk(s) of 0.10s, change 15.4, best 15.4, hazards none — one push, so `best` IS the whole leg's travel
      |     it  52  k=166 -> 167  stalled         fix={'k': 166, 'k_float': 166.0, 'inliers': 58, 'dx': -55.69917297363281, 'dy': -120.54680633544922, 'scale': 1.4983895938390925, 'second': 54, 'second_k': 169, 'second_dx': -56.62174987792969, 'detail': 'k=166 (166.00) inliers=58 second=54 dx=-56 scale=1.498 window=[165,169] fitted=[165, 166, 167, 168, 169]'}  strafe left 0.10s
      |         chain push: 1 chunk(s) of 0.40s, change 30.7, best 30.7, hazards none — one push, so `best` IS the whole leg's travel
      |         chain strafe: 1 chunk(s) of 0.14s, change 9.1, best 9.1, hazards none — one push, so `best` IS the whole leg's travel
      |     it  53  k=167 -> 167  advanced-past   fix={'k': 166, 'k_float': 166.0, 'inliers': 43, 'dx': -99.87840270996094, 'dy': -133.99998474121094, 'scale': 1.6498753867229021, 'second': 38, 'second_k': 165, 'second_dx': -99.52130126953125, 'detail': 'k=166 (166.00) inliers=43 second=38 dx=-100 scale=1.650 window=[165,169] fitted=[165, 166, 167, 168, 169]'}  strafe left 0.14s
      |         turn to 4.3: NO-OP, already inside 4.0 deg (at 3.7, err +0.6) — nothing was sent, the recorded curve was discarded, and the caller's step line will look like a turn that happened
      |         chain push: 1 chunk(s) of 0.40s, change 34.3, best 34.3, hazards none — one push, so `best` IS the whole leg's travel
      |     it  54  k=169 -> 169  advanced-weak   fix={'k': 170, 'k_float': 170.0, 'inliers': 24, 'dx': 84.91461181640625, 'dy': -166.13128662109375, 'scale': 2.629092058781209, 'second': 15, 'second_k': 169, 'second_dx': 69.79681396484375, 'detail': 'k=170 (170.00) inliers=24 second=15 dx=+85 scale=2.629 window=[166,170] fitted=[166, 167, 168, 169, 170]'}
      |         turn to 2.2: NO-OP, already inside 4.0 deg (at 3.6, err -1.4) — nothing was sent, the recorded curve was discarded, and the caller's step line will look like a turn that happened
      |         chain push: 1 chunk(s) of 0.40s, change 33.7, best 33.7, hazards none — one push, so `best` IS the whole leg's travel
      |     it  55  k=171 -> 171  blind-advance   fix={'k': 172, 'k_float': 172.0, 'inliers': 7, 'dx': 66.062255859375, 'dy': -225.1736297607422, 'scale': 3.5416358982356764, 'second': 7, 'second_k': 171, 'second_dx': 127.72589111328125, 'detail': 'k=172 (172.00) inliers=7 second=7 dx=+66 scale=3.542 window=[168,172] fitted=[171, 172]'}
      |         chain push: 1 chunk(s) of 0.40s, change 35.6, best 35.6, hazards none — one push, so `best` IS the whole leg's travel
      |     it  56  k=173 -> 173  blind-advance   fix=None
      |         chain push: 1 chunk(s) of 0.40s, change 14.8, best 14.8, hazards none — one push, so `best` IS the whole leg's travel
      |     it  57  k=173 -> 176  turn-early: blind with the budget spent and a turn stop at 196 within 3 targets — turning to 89.491477293153 now instead of pushing into whatever is in front
      |         turn to 89.5: TURNED to 87.5 (err +2.0) in 1 push(es), asked +85.8 deg, stick 1.15s
      |         chain strafe: 1 chunk(s) of 0.60s, change 57.1, best 57.1, hazards none — one push, so `best` IS the whole leg's travel
      |     it  58  k=196 -> 196  turned-aligned to 89.491477293153  (31 inliers at the stop)
      |         chain push: 1 chunk(s) of 0.40s, change 48.0, best 48.0, hazards none — one push, so `best` IS the whole leg's travel
      |         turn to 116.9: TURNED to 115.9 (err +0.9) in 1 push(es), asked +29.4 deg, stick 0.40s
      |     it  59  k=197 -> 197  advanced        fix={'k': 199, 'k_float': 199.0, 'inliers': 110, 'dx': 539.0, 'dy': -49.2239990234375, 'scale': 1.0600823405551885, 'second': 92, 'second_k': 198, 'second_dx': 535.0520629882812, 'detail': 'k=199 (199.00) inliers=110 second=92 dx=+539 scale=1.060 window=[195,199] fitted=[195, 196, 197, 198, 199]'}  END TURN +27.4 deg to heading 116.9 on dx 539 px (1/3) — no strafe, turn_to said {'reached': 115.9, 'hazards': []}
      |         chain push: 1 chunk(s) of 0.40s, change 33.9, best 33.9, hazards none — one push, so `best` IS the whole leg's travel
      |     it  60  k=197 -> 200  stalled         fix={'k': 199, 'k_float': 199.0, 'inliers': 119, 'dx': -31.67999267578125, 'dy': -46.655975341796875, 'scale': 1.1993834223784658, 'second': 103, 'second_k': 200, 'second_dx': -27.647979736328125, 'detail': 'k=199 (199.00) inliers=119 second=103 dx=-32 scale=1.199 window=[196,200] fitted=[196, 197, 198, 199, 200]'}
      |         chain push: 1 chunk(s) of 0.40s, change 43.7, best 43.7, hazards none — one push, so `best` IS the whole leg's travel
      |   chain_walk: ARRIVED at iteration 61, k=197 (target 200 of 204), 56 push(es)
[18] ARRIVED   ESCAPE_GATE-on k=197/205  it=61  pushes=56  seconds=97.4 (walk 80.58, setup 14.5)  failure=None
      |   arm: ESCAPE_GATE = False
      |   pause menu open (selected 'Resume')
      |   selected: Load Last Save
      |   confirmation dialog up (delta 78.7) -> YES
      |   world back after 3.2s, spawn bearing 87 (E)
      |   setup 13.1s (reset 10.4s, Chain.load 2.7s for 205 waypoints) of a 180s budget
      |   chain_walk: 205 waypoints -> plan of 47 targets (41 push, 6 turn-only); the prompt is checked on every iteration; k rises by at most 1 per iteration, so >= 47 iteration(s). The 180s cap allows 3.83s each. At the last waypoint the walk may spend 3 more iteration(s) — 0.540 walk-units of forward push against OPEN-22's measured 0.05 — and then gives up rather than walking on past the table.
      |         turn to 271.3: TURNED to 273.3 (err -2.0) in 2 push(es), asked -175.7 deg, stick 2.50s
      |         chain strafe: 1 chunk(s) of 0.10s, change 10.6, best 10.6, hazards none — one push, so `best` IS the whole leg's travel
      |     it   1  k=  3 ->   3  turned-aligned to 271.3168428039934  (190 inliers at the stop)
      |         chain push: 1 chunk(s) of 0.40s, change 20.7, best 20.7, hazards none — one push, so `best` IS the whole leg's travel
      |     it   2  k=  4 ->   4  advanced-weak   fix={'k': 6, 'k_float': 6.0, 'inliers': 24, 'dx': -44.49598693847656, 'dy': 16.670364379882812, 'scale': 1.1064256502600383, 'second': 19, 'second_k': 3, 'second_dx': -44.19256591796875, 'detail': 'k=6 (6.00) inliers=24 second=19 dx=-44 scale=1.106 window=[2,6] fitted=[2, 3, 4, 5, 6]'}
      |         chain push: 1 chunk(s) of 0.40s, change 18.8, best 18.8, hazards none — one push, so `best` IS the whole leg's travel
      |     it   3  k=  7 ->   7  advanced-weak   fix={'k': 7, 'k_float': 7.0, 'inliers': 17, 'dx': -67.79998779296875, 'dy': 29.859893798828125, 'scale': 1.2944590734815935, 'second': 14, 'second_k': 5, 'second_dx': -78.33198547363281, 'detail': 'k=7 (7.00) inliers=17 second=14 dx=-68 scale=1.294 window=[3,7] fitted=[3, 4, 5, 6, 7]'}
      |         chain push: 1 chunk(s) of 0.40s, change 15.5, best 15.5, hazards none — one push, so `best` IS the whole leg's travel
      |     it   4  k= 10 ->  10  blind-advance   fix={'k': 10, 'k_float': 10.0, 'inliers': 12, 'dx': 25.15289306640625, 'dy': 31.90802001953125, 'scale': 1.5134800612434385, 'second': 12, 'second_k': 8, 'second_dx': -116.98837280273438, 'detail': 'k=10 (10.00) inliers=12 second=12 dx=+25 scale=1.513 window=[6,10] fitted=[6, 7, 8, 9, 10]'}
      |         chain push: 1 chunk(s) of 0.40s, change 11.2, best 11.2, hazards none — one push, so `best` IS the whole leg's travel
      |     it   5  k= 13 ->  13  blind-advance   fix={'k': 13, 'k_float': 13.0, 'inliers': 9, 'dx': -188.17919921875, 'dy': 45.888031005859375, 'scale': 1.2984574644989977, 'second': 0, 'second_k': None, 'second_dx': 0.0, 'detail': 'k=13 (13.00) inliers=9 second=0 dx=-188 scale=1.298 window=[9,13] fitted=[13]'}
      |         chain push: 1 chunk(s) of 0.40s, change 10.0, best 10.0, hazards none — one push, so `best` IS the whole leg's travel
      |     it   6  k= 16 ->  16  blind-advance   fix=None
      |         chain push: 1 chunk(s) of 0.40s, change 7.4, best 7.4, hazards none — one push, so `best` IS the whole leg's travel
      |     it   7  k= 19 ->  19  blind-advance   fix=None
      |         chain push: 1 chunk(s) of 0.40s, change 9.2, best 9.2, hazards none — one push, so `best` IS the whole leg's travel
      |     it   8  k= 19 ->  39  door-step 1/1: one more push along 271.3 before the stop turns (the frame after it fits 0 inliers, scale None)
      |         turn to 1.6: TURNED to 0.7 (err +0.9) in 1 push(es), asked +88.3 deg, stick 1.18s
      |         chain strafe: 1 chunk(s) of 0.15s, change 2.0, best 2.0, hazards SHORT — one push, so `best` IS the whole leg's travel
      |     it   8  k= 39 ->  39  turned-aligned to 1.6055901753868653  (62 inliers at the stop)
      |         chain push: 1 chunk(s) of 0.40s, change 11.4, best 11.4, hazards none — one push, so `best` IS the whole leg's travel
      |         chain strafe: 1 chunk(s) of 0.17s, change 13.6, best 13.6, hazards none — one push, so `best` IS the whole leg's travel
      |     it   9  k= 39 ->  40  stalled         fix={'k': 38, 'k_float': 38.0, 'inliers': 42, 'dx': 121.68212890625, 'dy': 347.2843017578125, 'scale': 1.1353315193787448, 'second': 41, 'second_k': 40, 'second_dx': 121.53607177734375, 'detail': 'k=38 (38.00) inliers=42 second=41 dx=+122 scale=1.135 window=[38,42] fitted=[38, 39, 40, 41, 42]'}  strafe right 0.17s
      |         chain push: 1 chunk(s) of 0.40s, change 37.2, best 37.2, hazards none — one push, so `best` IS the whole leg's travel
      |         chain strafe: 1 chunk(s) of 0.18s, change 20.9, best 20.9, hazards none — one push, so `best` IS the whole leg's travel
      |     it  10  k= 40 ->  40  advanced        fix={'k': 40, 'k_float': 40.0, 'inliers': 42, 'dx': 131.80804443359375, 'dy': 342.96002197265625, 'scale': 1.3415132705320172, 'second': 34, 'second_k': 38, 'second_dx': 132.40219116210938, 'detail': 'k=40 (40.00) inliers=42 second=34 dx=+132 scale=1.342 window=[38,42] fitted=[38, 39, 40, 41, 42]'}  strafe right 0.18s
      |         chain push: 1 chunk(s) of 0.40s, change 37.3, best 37.3, hazards none — one push, so `best` IS the whole leg's travel
      |         chain strafe: 1 chunk(s) of 0.19s, change 22.7, best 22.7, hazards none — one push, so `best` IS the whole leg's travel
      |     it  11  k= 40 ->  43  stalled         fix={'k': 40, 'k_float': 40.0, 'inliers': 45, 'dx': 138.20001220703125, 'dy': 320.20806884765625, 'scale': 1.5465592947669682, 'second': 41, 'second_k': 39, 'second_dx': 138.3507080078125, 'detail': 'k=40 (40.00) inliers=45 second=41 dx=+138 scale=1.547 window=[39,43] fitted=[39, 40, 41, 42, 43]'}  strafe right 0.19s
      |         chain push: 1 chunk(s) of 0.40s, change 33.7, best 33.7, hazards none — one push, so `best` IS the whole leg's travel
      |         chain strafe: 1 chunk(s) of 0.18s, change 8.3, best 8.3, hazards none — one push, so `best` IS the whole leg's travel
      |     it  12  k= 43 ->  43  advanced        fix={'k': 43, 'k_float': 43.0, 'inliers': 33, 'dx': 131.48004150390625, 'dy': 279.1343688964844, 'scale': 1.7521121075748987, 'second': 33, 'second_k': 39, 'second_dx': 137.9083251953125, 'detail': 'k=43 (43.00) inliers=33 second=33 dx=+131 scale=1.752 window=[39,43] fitted=[39, 40, 41, 42, 43]'}  strafe right 0.18s
      |         chain push: 1 chunk(s) of 0.40s, change 15.6, best 15.6, hazards none — one push, so `best` IS the whole leg's travel
      |         chain strafe: 1 chunk(s) of 0.19s, change 1.7, best 1.7, hazards SHORT — one push, so `best` IS the whole leg's travel
      |     it  13  k= 44 ->  46  advanced-weak   fix={'k': 44, 'k_float': 44.0, 'inliers': 27, 'dx': 141.6865234375, 'dy': 236.92010498046875, 'scale': 2.0820389086355213, 'second': 26, 'second_k': 46, 'second_dx': 122.84579467773438, 'detail': 'k=44 (44.00) inliers=27 second=26 dx=+142 scale=2.082 window=[42,46] fitted=[42, 43, 44, 45, 46]'}  strafe right 0.19s
      |         chain push: 1 chunk(s) of 0.40s, change 19.1, best 19.1, hazards none — one push, so `best` IS the whole leg's travel
      |     it  14  k= 46 ->  46  advanced-weak   fix={'k': 47, 'k_float': 47.0, 'inliers': 21, 'dx': 165.90203857421875, 'dy': 97.74734497070312, 'scale': 2.1970399526663833, 'second': 16, 'second_k': 46, 'second_dx': 176.16900634765625, 'detail': 'k=47 (47.00) inliers=21 second=16 dx=+166 scale=2.197 window=[43,47] fitted=[43, 44, 45, 46, 47]'}
      |         chain push: 1 chunk(s) of 0.40s, change 22.9, best 22.9, hazards none — one push, so `best` IS the whole leg's travel
      |     it  15  k= 49 ->  49  advanced-weak   fix={'k': 49, 'k_float': 49.0, 'inliers': 18, 'dx': 291.0378112792969, 'dy': -8.636764526367188, 'scale': 2.5564902634233078, 'second': 18, 'second_k': 48, 'second_dx': 314.4995422363281, 'detail': 'k=49 (49.00) inliers=18 second=18 dx=+291 scale=2.556 window=[45,49] fitted=[48, 49]'}
      |         chain push: 1 chunk(s) of 0.40s, change 28.0, best 28.0, hazards none — one push, so `best` IS the whole leg's travel
      |     it  16  k= 52 ->  52  blind-advance   fix={'k': 52, 'k_float': 52.0, 'inliers': 6, 'dx': 5.660003662109375, 'dy': 221.1000213623047, 'scale': 1.0536585576647088, 'second': 6, 'second_k': 50, 'second_dx': 13.860000610351562, 'detail': 'k=52 (52.00) inliers=6 second=6 dx=+6 scale=1.054 window=[48,52] fitted=[50, 51, 52]'}
      |         chain push: 1 chunk(s) of 0.40s, change 30.2, best 30.2, hazards none — one push, so `best` IS the whole leg's travel
      |     it  17  k= 55 ->  55  advanced-weak   fix={'k': 55, 'k_float': 55.0, 'inliers': 26, 'dx': -9.49072265625, 'dy': 252.3200225830078, 'scale': 1.1430830836753159, 'second': 13, 'second_k': 54, 'second_dx': 8.06402587890625, 'detail': 'k=55 (55.00) inliers=26 second=13 dx=-9 scale=1.143 window=[51,55] fitted=[51, 53, 54, 55]'}
      |         chain push: 1 chunk(s) of 0.40s, change 22.9, best 22.9, hazards none — one push, so `best` IS the whole leg's travel
      |     it  18  k= 55 ->  58  stalled         fix={'k': 57, 'k_float': 57.0, 'inliers': 84, 'dx': -8.992782592773438, 'dy': 274.3600158691406, 'scale': 1.1902354940862097, 'second': 84, 'second_k': 56, 'second_dx': -10.176162719726562, 'detail': 'k=57 (57.00) inliers=84 second=84 dx=-9 scale=1.190 window=[54,58] fitted=[54, 55, 56, 57, 58]'}
      |         chain push: 1 chunk(s) of 0.40s, change 22.1, best 22.1, hazards none — one push, so `best` IS the whole leg's travel
      |     it  19  k= 55 ->  58  stalled         fix={'k': 57, 'k_float': 57.0, 'inliers': 55, 'dx': -10.71356201171875, 'dy': 279.20001220703125, 'scale': 1.26700065033544, 'second': 50, 'second_k': 58, 'second_dx': -9.792922973632812, 'detail': 'k=57 (57.00) inliers=55 second=50 dx=-11 scale=1.267 window=[54,58] fitted=[54, 55, 56, 57, 58]'}
      |         chain push: 1 chunk(s) of 0.40s, change 19.2, best 19.2, hazards none — one push, so `best` IS the whole leg's travel
      |     it  20  k= 55 ->  58  stalled         fix={'k': 57, 'k_float': 57.0, 'inliers': 52, 'dx': -11.894378662109375, 'dy': 284.54638671875, 'scale': 1.363953588112506, 'second': 48, 'second_k': 58, 'second_dx': -12.02398681640625, 'detail': 'k=57 (57.00) inliers=52 second=48 dx=-12 scale=1.364 window=[54,58] fitted=[55, 56, 57, 58]'}
      |         chain push: 1 chunk(s) of 0.40s, change 17.1, best 17.1, hazards none — one push, so `best` IS the whole leg's travel
      |     it  21  k= 55 ->  58  escape:jump     fix={'k': 57, 'k_float': 57.0, 'inliers': 53, 'dx': -13.766357421875, 'dy': 264.867919921875, 'scale': 1.4492207432559912, 'second': 45, 'second_k': 56, 'second_dx': -16.27996826171875, 'detail': 'k=57 (57.00) inliers=53 second=45 dx=-14 scale=1.449 window=[54,58] fitted=[55, 56, 57, 58]'}
      |         chain push: 1 chunk(s) of 0.40s, change 22.6, best 22.6, hazards none — one push, so `best` IS the whole leg's travel
      |     it  22  k= 58 ->  58  advanced        fix={'k': 58, 'k_float': 58.0, 'inliers': 43, 'dx': -16.5999755859375, 'dy': 232.20181274414062, 'scale': 1.5466433395048085, 'second': 36, 'second_k': 56, 'second_dx': -17.94921875, 'detail': 'k=58 (58.00) inliers=43 second=36 dx=-17 scale=1.547 window=[54,58] fitted=[55, 56, 57, 58]'}
      |         chain push: 1 chunk(s) of 0.40s, change 17.7, best 17.7, hazards none — one push, so `best` IS the whole leg's travel
      |     it  23  k= 61 ->  61  advanced        fix={'k': 61, 'k_float': 61.0, 'inliers': 49, 'dx': -14.77435302734375, 'dy': 264.0960693359375, 'scale': 1.5473674368264643, 'second': 39, 'second_k': 60, 'second_dx': -14.22711181640625, 'detail': 'k=61 (61.00) inliers=49 second=39 dx=-15 scale=1.547 window=[57,61] fitted=[57, 58, 59, 60, 61]'}
      |         chain push: 1 chunk(s) of 0.40s, change 20.9, best 20.9, hazards none — one push, so `best` IS the whole leg's travel
      |     it  24  k= 61 ->  64  stalled         fix={'k': 63, 'k_float': 63.0, 'inliers': 60, 'dx': -13.645050048828125, 'dy': 260.7312316894531, 'scale': 1.6175078621147445, 'second': 55, 'second_k': 60, 'second_dx': -18.81207275390625, 'detail': 'k=63 (63.00) inliers=60 second=55 dx=-14 scale=1.618 window=[60,64] fitted=[60, 61, 62, 63, 64]'}
      |         chain push: 1 chunk(s) of 0.40s, change 20.6, best 20.6, hazards none — one push, so `best` IS the whole leg's travel
      |     it  25  k= 61 ->  64  stalled         fix={'k': 63, 'k_float': 63.0, 'inliers': 86, 'dx': -13.872039794921875, 'dy': 265.9312438964844, 'scale': 1.7574578585981526, 'second': 80, 'second_k': 60, 'second_dx': -20.188507080078125, 'detail': 'k=63 (63.00) inliers=86 second=80 dx=-14 scale=1.757 window=[60,64] fitted=[60, 61, 62, 63, 64]'}
      |         chain push: 1 chunk(s) of 0.40s, change 23.0, best 23.0, hazards none — one push, so `best` IS the whole leg's travel
      |     it  26  k= 61 ->  64  stalled         fix={'k': 63, 'k_float': 63.0, 'inliers': 95, 'dx': -18.46051025390625, 'dy': 273.763671875, 'scale': 1.9986189257432379, 'second': 90, 'second_k': 60, 'second_dx': -25.424560546875, 'detail': 'k=63 (63.00) inliers=95 second=90 dx=-18 scale=1.999 window=[60,64] fitted=[60, 61, 62, 63, 64]'}
      |         chain push: 1 chunk(s) of 0.40s, change 23.2, best 23.2, hazards none — one push, so `best` IS the whole leg's travel
      |     it  27  k= 64 ->  64  blind-advance   fix={'k': 61, 'k_float': 61.0, 'inliers': 23, 'dx': -22.30609130859375, 'dy': 295.7809143066406, 'scale': 2.2043420906170073, 'second': 20, 'second_k': 63, 'second_dx': -35.485931396484375, 'detail': 'k=61 (61.00) inliers=23 second=20 dx=-22 scale=2.204 window=[60,64] fitted=[60, 61, 62, 63, 64]'}
      |     it  28  k=109 ->  88  relocalised past the stop: 188 inliers at 109
      |         chain push: 1 chunk(s) of 0.40s, change 25.5, best 25.5, hazards none — one push, so `best` IS the whole leg's travel
      |         chain strafe: 1 chunk(s) of 0.10s, change 11.6, best 11.6, hazards none — one push, so `best` IS the whole leg's travel
      |     it  29  k=109 -> 112  stalled         fix={'k': 109, 'k_float': 108.3916507736734, 'inliers': 186, 'dx': -73.31999206542969, 'dy': 19.00799560546875, 'scale': 0.9568629759788759, 'second': 174, 'second_k': 108, 'second_dx': -72.0, 'detail': 'k=109 (108.39) inliers=186 second=174 dx=-73 scale=0.957 window=[108,112] fitted=[108, 109, 110, 111, 112]'}  strafe left 0.10s
      |         chain push: 1 chunk(s) of 0.40s, change 25.7, best 25.7, hazards none — one push, so `best` IS the whole leg's travel
      |         chain strafe: 1 chunk(s) of 0.10s, change 11.3, best 11.3, hazards none — one push, so `best` IS the whole leg's travel
      |     it  30  k=109 -> 112  stalled         fix={'k': 112, 'k_float': 110.24040023207573, 'inliers': 164, 'dx': -64.460205078125, 'dy': 28.319976806640625, 'scale': 0.8555114565762652, 'second': 159, 'second_k': 108, 'second_dx': -66.95999145507812, 'detail': 'k=112 (110.24) inliers=164 second=159 dx=-64 scale=0.856 window=[108,112] fitted=[108, 109, 110, 111, 112]'}  strafe left 0.10s
      |         chain push: 1 chunk(s) of 0.40s, change 20.7, best 20.7, hazards none — one push, so `best` IS the whole leg's travel
      |     it  31  k=109 -> 112  stalled         fix={'k': 108, 'k_float': 108.0, 'inliers': 155, 'dx': -6.1378173828125, 'dy': -19.439971923828125, 'scale': 1.426121217418208, 'second': 146, 'second_k': 109, 'second_dx': -53.48631286621094, 'detail': 'k=108 (108.00) inliers=155 second=146 dx=-6 scale=1.426 window=[108,112] fitted=[108, 109, 110, 111, 112]'}
      |         chain push: 1 chunk(s) of 0.40s, change 18.6, best 18.6, hazards none — one push, so `best` IS the whole leg's travel
      |         chain strafe: 1 chunk(s) of 0.10s, change 13.0, best 13.0, hazards none — one push, so `best` IS the whole leg's travel
      |     it  32  k=112 -> 112  advanced        fix={'k': 112, 'k_float': 112.0, 'inliers': 163, 'dx': -74.15194702148438, 'dy': -6.623992919921875, 'scale': 1.225246881165527, 'second': 134, 'second_k': 110, 'second_dx': -75.94328308105469, 'detail': 'k=112 (112.00) inliers=163 second=134 dx=-74 scale=1.225 window=[108,112] fitted=[108, 109, 110, 111, 112]'}  strafe left 0.10s
      |         chain push: 1 chunk(s) of 0.40s, change 20.5, best 20.5, hazards none — one push, so `best` IS the whole leg's travel
      |         chain strafe: 1 chunk(s) of 0.10s, change 13.8, best 13.8, hazards none — one push, so `best` IS the whole leg's travel
      |     it  33  k=112 -> 114  stalled         fix={'k': 113, 'k_float': 113.0, 'inliers': 104, 'dx': -61.09197998046875, 'dy': -52.97631072998047, 'scale': 1.5406939898739977, 'second': 104, 'second_k': 111, 'second_dx': -1.149139404296875, 'detail': 'k=113 (113.00) inliers=104 second=104 dx=-61 scale=1.541 window=[111,115] fitted=[111, 112, 113, 114, 115]'}  strafe left 0.10s
      |         chain push: 1 chunk(s) of 0.40s, change 24.9, best 24.9, hazards none — one push, so `best` IS the whole leg's travel
      |         chain strafe: 1 chunk(s) of 0.12s, change 3.8, best 3.8, hazards none — one push, so `best` IS the whole leg's travel
      |     it  34  k=112 -> 114  stalled         fix={'k': 113, 'k_float': 113.0, 'inliers': 79, 'dx': 89.79318237304688, 'dy': -3.7752685546875, 'scale': 2.724985015114637, 'second': 65, 'second_k': 115, 'second_dx': 53.61224365234375, 'detail': 'k=113 (113.00) inliers=79 second=65 dx=+90 scale=2.725 window=[111,115] fitted=[111, 112, 113, 114, 115]'}  strafe right 0.12s
      |         chain push: 1 chunk(s) of 0.40s, change 46.9, best 46.9, hazards none — one push, so `best` IS the whole leg's travel
      |     it  35  k=114 -> 114  blind-advance   fix=None
      |         turn to 303.3: TURNED to 304.7 (err -1.3) in 2 push(es), asked -57.3 deg, stick 0.92s
      |         turn to 278.3: TURNED to 277.6 (err +0.7) in 2 push(es), asked -26.3 deg, stick 0.55s
      |         turn to 328.3: TURNED to 328.6 (err -0.2) in 1 push(es), asked +50.8 deg, stick 0.68s
      |         turn to 303.3: TURNED to 305.9 (err -2.6) in 1 push(es), asked -25.2 deg, stick 0.40s
      |         turn to 284.8: TURNED to 288.7 (err -3.9) in 1 push(es), asked -21.1 deg, stick 0.40s
      |     it  36  k=129 -> 129  turned-looked to 303.34476843910807  (156 inliers at the stop)  STOP YAW -18.5 deg on -364 px, no strafe
      |         turn to 281.3: TURNED to 282.1 (err -0.8) in 1 push(es), asked -7.5 deg, stick 0.15s
      |         chain push: 1 chunk(s) of 0.40s, change 15.1, best 15.1, hazards none — one push, so `best` IS the whole leg's travel
      |         chain strafe: 1 chunk(s) of 0.15s, change 9.8, best 9.8, hazards none — one push, so `best` IS the whole leg's travel
      |     it  37  k=129 -> 130  stalled         fix={'k': 129, 'k_float': 129.0, 'inliers': 183, 'dx': 110.24642944335938, 'dy': -45.50396728515625, 'scale': 1.2603494412620186, 'second': 182, 'second_k': 131, 'second_dx': 15.024978637695312, 'detail': 'k=129 (129.00) inliers=183 second=182 dx=+110 scale=1.260 window=[128,132] fitted=[128, 129, 130, 131, 132]'}  strafe right 0.15s
      |         chain push: 1 chunk(s) of 0.40s, change 15.8, best 15.8, hazards none — one push, so `best` IS the whole leg's travel
      |     it  38  k=130 -> 130  advanced        fix={'k': 130, 'k_float': 130.0, 'inliers': 188, 'dx': 32.4864501953125, 'dy': -65.51597595214844, 'scale': 1.5028053123567247, 'second': 130, 'second_k': 131, 'second_dx': 6.854461669921875, 'detail': 'k=130 (130.00) inliers=188 second=130 dx=+32 scale=1.503 window=[128,132] fitted=[128, 129, 130, 131, 132]'}
      |         turn to 279.8: NO-OP, already inside 4.0 deg (at 282.1, err -2.3) — nothing was sent, the recorded curve was discarded, and the caller's step line will look like a turn that happened
      |         chain push: 1 chunk(s) of 0.40s, change 18.6, best 18.6, hazards none — one push, so `best` IS the whole leg's travel
      |         chain strafe: 1 chunk(s) of 0.13s, change 6.1, best 6.1, hazards none — one push, so `best` IS the whole leg's travel
      |     it  39  k=133 -> 133  advanced-past   fix={'k': 130, 'k_float': 130.0, 'inliers': 155, 'dx': 93.67153930664062, 'dy': -95.66758728027344, 'scale': 1.8235227674609815, 'second': 112, 'second_k': 131, 'second_dx': 66.34312438964844, 'detail': 'k=130 (130.00) inliers=155 second=112 dx=+94 scale=1.824 window=[129,133] fitted=[129, 130, 131, 132, 133]'}  strafe right 0.13s
      |         chain push: 1 chunk(s) of 0.40s, change 23.2, best 23.2, hazards none — one push, so `best` IS the whole leg's travel
      |         chain strafe: 1 chunk(s) of 0.13s, change 17.2, best 17.2, hazards none — one push, so `best` IS the whole leg's travel
      |     it  40  k=133 -> 136  stalled         fix={'k': 135, 'k_float': 135.0, 'inliers': 125, 'dx': 96.12005615234375, 'dy': -127.99679565429688, 'scale': 1.8262398579974235, 'second': 100, 'second_k': 134, 'second_dx': 92.06486511230469, 'detail': 'k=135 (135.00) inliers=125 second=100 dx=+96 scale=1.826 window=[132,136] fitted=[132, 133, 134, 135, 136]'}  strafe right 0.13s
      |         chain push: 1 chunk(s) of 0.40s, change 24.9, best 24.9, hazards none — one push, so `best` IS the whole leg's travel
      |         chain strafe: 1 chunk(s) of 0.10s, change 23.5, best 23.5, hazards none — one push, so `best` IS the whole leg's travel
      |     it  41  k=136 -> 136  advanced        fix={'k': 136, 'k_float': 136.0, 'inliers': 100, 'dx': 58.972015380859375, 'dy': -153.32923889160156, 'scale': 2.354644986429071, 'second': 62, 'second_k': 132, 'second_dx': 41.86968994140625, 'detail': 'k=136 (136.00) inliers=100 second=62 dx=+59 scale=2.355 window=[132,136] fitted=[132, 133, 134, 135, 136]'}  strafe right 0.10s
      |         chain push: 1 chunk(s) of 0.40s, change 28.6, best 28.6, hazards none — one push, so `best` IS the whole leg's travel
      |         chain strafe: 1 chunk(s) of 0.11s, change 28.5, best 28.5, hazards none — one push, so `best` IS the whole leg's travel
      |     it  42  k=136 -> 139  stalled         fix={'k': 137, 'k_float': 137.0, 'inliers': 63, 'dx': -79.79641723632812, 'dy': -143.7250213623047, 'scale': 2.873472782130833, 'second': 36, 'second_k': 139, 'second_dx': -6.9262237548828125, 'detail': 'k=137 (137.00) inliers=63 second=36 dx=-80 scale=2.873 window=[135,139] fitted=[135, 136, 137, 138, 139]'}  strafe left 0.11s
      |         chain push: 1 chunk(s) of 0.40s, change 35.9, best 35.9, hazards none — one push, so `best` IS the whole leg's travel
      |         chain strafe: 1 chunk(s) of 0.10s, change 42.9, best 42.9, hazards none — one push, so `best` IS the whole leg's travel
      |     it  43  k=136 -> 139  stalled         fix={'k': 138, 'k_float': 138.0, 'inliers': 65, 'dx': -67.38751220703125, 'dy': -178.33999633789062, 'scale': 3.151829482623481, 'second': 10, 'second_k': 139, 'second_dx': -74.26596069335938, 'detail': 'k=138 (138.00) inliers=65 second=10 dx=-67 scale=3.152 window=[135,139] fitted=[138, 139]'}  strafe left 0.10s
      |         chain push: 1 chunk(s) of 0.40s, change 33.3, best 33.3, hazards none — one push, so `best` IS the whole leg's travel
      |         chain strafe: 1 chunk(s) of 0.10s, change 34.9, best 34.9, hazards none — one push, so `best` IS the whole leg's travel
      |     it  44  k=139 -> 139  advanced        fix={'k': 139, 'k_float': 139.0, 'inliers': 67, 'dx': -51.359466552734375, 'dy': -147.88296508789062, 'scale': 2.8801597886190993, 'second': 25, 'second_k': 135, 'second_dx': -91.51181030273438, 'detail': 'k=139 (139.00) inliers=67 second=25 dx=-51 scale=2.880 window=[135,139] fitted=[135, 137, 138, 139]'}  strafe left 0.10s
      |         chain push: 1 chunk(s) of 0.40s, change 33.9, best 33.9, hazards none — one push, so `best` IS the whole leg's travel
      |     it  45  k=139 -> 142  stalled         fix={'k': 140, 'k_float': 140.0, 'inliers': 61, 'dx': -15.94171142578125, 'dy': -164.51480102539062, 'scale': 2.6719226156025684, 'second': 30, 'second_k': 141, 'second_dx': 1.6901092529296875, 'detail': 'k=140 (140.00) inliers=61 second=30 dx=-16 scale=2.672 window=[138,142] fitted=[139, 140, 141, 142]'}
      |         chain push: 1 chunk(s) of 0.40s, change 28.9, best 28.9, hazards none — one push, so `best` IS the whole leg's travel
      |         chain strafe: 1 chunk(s) of 0.15s, change 48.7, best 48.7, hazards none — one push, so `best` IS the whole leg's travel
      |     it  46  k=142 -> 142  advanced-past   fix={'k': 139, 'k_float': 139.0, 'inliers': 77, 'dx': -106.93321228027344, 'dy': -166.39047241210938, 'scale': 2.934464740667276, 'second': 26, 'second_k': 142, 'second_dx': -66.85839080810547, 'detail': 'k=139 (139.00) inliers=77 second=26 dx=-107 scale=2.934 window=[138,142] fitted=[138, 139, 140, 141, 142]'}  strafe left 0.15s
      |         turn to 2.2: TURNED to 3.4 (err -1.1) in 1 push(es), asked +82.1 deg, stick 1.10s
      |         chain strafe: 1 chunk(s) of 0.25s, change 22.7, best 22.7, hazards none — one push, so `best` IS the whole leg's travel
      |     it  47  k=166 -> 166  turned-aligned to 2.2489998976495684  (109 inliers at the stop)
      |         chain push: 1 chunk(s) of 0.40s, change 26.9, best 26.9, hazards none — one push, so `best` IS the whole leg's travel
      |         chain strafe: 1 chunk(s) of 0.23s, change 11.7, best 11.7, hazards none — one push, so `best` IS the whole leg's travel
      |     it  48  k=167 -> 167  advanced        fix={'k': 169, 'k_float': 169.0, 'inliers': 100, 'dx': 165.70004272460938, 'dy': -92.27998352050781, 'scale': 1.2588461273335956, 'second': 95, 'second_k': 167, 'second_dx': 170.86474609375, 'detail': 'k=169 (169.00) inliers=100 second=95 dx=+166 scale=1.259 window=[165,169] fitted=[165, 166, 167, 168, 169]'}  strafe right 0.23s
      |         turn to 4.3: NO-OP, already inside 4.0 deg (at 3.4, err +0.9) — nothing was sent, the recorded curve was discarded, and the caller's step line will look like a turn that happened
      |         chain push: 1 chunk(s) of 0.40s, change 25.7, best 25.7, hazards none — one push, so `best` IS the whole leg's travel
      |         chain strafe: 1 chunk(s) of 0.28s, change 25.0, best 25.0, hazards none — one push, so `best` IS the whole leg's travel
      |     it  49  k=167 -> 169  stalled         fix={'k': 168, 'k_float': 168.0, 'inliers': 104, 'dx': 200.19369506835938, 'dy': -93.75018310546875, 'scale': 1.4954710378633238, 'second': 97, 'second_k': 166, 'second_dx': 202.17608642578125, 'detail': 'k=168 (168.00) inliers=104 second=97 dx=+200 scale=1.495 window=[166,170] fitted=[166, 167, 168, 169, 170]'}  strafe right 0.28s
      |         chain push: 1 chunk(s) of 0.40s, change 26.4, best 26.4, hazards none — one push, so `best` IS the whole leg's travel
      |         chain strafe: 1 chunk(s) of 0.22s, change 21.3, best 21.3, hazards none — one push, so `best` IS the whole leg's travel
      |     it  50  k=169 -> 169  advanced        fix={'k': 169, 'k_float': 169.0, 'inliers': 71, 'dx': 157.8240966796875, 'dy': -105.5115966796875, 'scale': 1.7902751568703328, 'second': 62, 'second_k': 168, 'second_dx': 153.3408203125, 'detail': 'k=169 (169.00) inliers=71 second=62 dx=+158 scale=1.790 window=[166,170] fitted=[166, 167, 168, 169, 170]'}  strafe right 0.22s
      |         turn to 2.2: NO-OP, already inside 4.0 deg (at 3.5, err -1.3) — nothing was sent, the recorded curve was discarded, and the caller's step line will look like a turn that happened
      |         chain push: 1 chunk(s) of 0.40s, change 27.5, best 27.5, hazards none — one push, so `best` IS the whole leg's travel
      |         chain strafe: 1 chunk(s) of 0.10s, change 14.6, best 14.6, hazards none — one push, so `best` IS the whole leg's travel
      |     it  51  k=171 -> 171  advanced        fix={'k': 172, 'k_float': 172.0, 'inliers': 52, 'dx': -52.274658203125, 'dy': -134.9913330078125, 'scale': 1.6208337113671305, 'second': 52, 'second_k': 171, 'second_dx': -42.015960693359375, 'detail': 'k=172 (172.00) inliers=52 second=52 dx=-52 scale=1.621 window=[168,172] fitted=[168, 169, 170, 171, 172]'}  strafe left 0.10s
      |         chain push: 1 chunk(s) of 0.40s, change 29.9, best 29.9, hazards none — one push, so `best` IS the whole leg's travel
      |     it  52  k=173 -> 173  advanced        fix={'k': 174, 'k_float': 174.0, 'inliers': 65, 'dx': -13.132781982421875, 'dy': -147.30618286132812, 'scale': 1.7369943244300534, 'second': 40, 'second_k': 172, 'second_dx': -37.85003662109375, 'detail': 'k=174 (174.00) inliers=65 second=40 dx=-13 scale=1.737 window=[170,174] fitted=[170, 171, 172, 173, 174]'}
      |         chain push: 1 chunk(s) of 0.40s, change 34.9, best 34.9, hazards none — one push, so `best` IS the whole leg's travel
      |     it  53  k=176 -> 176  advanced        fix={'k': 176, 'k_float': 176.0, 'inliers': 55, 'dx': -19.0079345703125, 'dy': -171.24339294433594, 'scale': 1.976438743265921, 'second': 39, 'second_k': 175, 'second_dx': -11.294097900390625, 'detail': 'k=176 (176.00) inliers=55 second=39 dx=-19 scale=1.976 window=[172,176] fitted=[172, 173, 174, 175, 176]'}
      |         turn to 89.5: TURNED to 86.0 (err +3.5) in 1 push(es), asked +86.1 deg, stick 1.15s
      |         chain strafe: 1 chunk(s) of 0.41s, change 32.4, best 32.4, hazards none — one push, so `best` IS the whole leg's travel
      |     it  54  k=196 -> 196  turned-aligned to 89.491477293153  (112 inliers at the stop)
      |         chain push: 1 chunk(s) of 0.40s, change 31.2, best 31.2, hazards none — one push, so `best` IS the whole leg's travel
      |         chain strafe: 1 chunk(s) of 0.30s, change 26.0, best 26.0, hazards none — one push, so `best` IS the whole leg's travel
      |     it  55  k=197 -> 197  advanced        fix={'k': 199, 'k_float': 199.0, 'inliers': 101, 'dx': 214.4000244140625, 'dy': -58.999969482421875, 'scale': 1.080582940089479, 'second': 97, 'second_k': 196, 'second_dx': 207.4000244140625, 'detail': 'k=199 (199.00) inliers=101 second=97 dx=+214 scale=1.081 window=[195,199] fitted=[195, 196, 197, 198, 199]'}  strafe right 0.30s
      |         chain push: 1 chunk(s) of 0.40s, change 42.6, best 42.6, hazards none — one push, so `best` IS the whole leg's travel
      |         chain strafe: 1 chunk(s) of 0.20s, change 28.6, best 28.6, hazards none — one push, so `best` IS the whole leg's travel
      |     it  56  k=200 -> 200  advanced        fix={'k': 200, 'k_float': 200.0, 'inliers': 111, 'dx': 146.35202026367188, 'dy': -26.459075927734375, 'scale': 1.3207743815728827, 'second': 102, 'second_k': 199, 'second_dx': 144.61521911621094, 'detail': 'k=200 (200.00) inliers=111 second=102 dx=+146 scale=1.321 window=[196,200] fitted=[196, 197, 198, 199, 200]'}  strafe right 0.20s
      |         chain push: 1 chunk(s) of 0.40s, change 48.7, best 48.7, hazards none — one push, so `best` IS the whole leg's travel
      |   chain_walk: ARRIVED at iteration 57, k=200 (target 203 of 204), 52 push(es)
[19] ARRIVED   ESCAPE_GATE-off k=200/205  it=57  pushes=52  seconds=89.6 (walk 74.78, setup 13.1)  failure=None
      |   arm: ESCAPE_GATE = True
      |   pause menu open (selected 'Resume')
      |   selected: Load Last Save
      |   confirmation dialog up (delta 81.4) -> YES
      |   world back after 3.2s, spawn bearing 87 (E)
      |   setup 14.0s (reset 11.4s, Chain.load 2.6s for 205 waypoints) of a 180s budget
      |   chain_walk: 205 waypoints -> plan of 47 targets (41 push, 6 turn-only); the prompt is checked on every iteration; k rises by at most 1 per iteration, so >= 47 iteration(s). The 180s cap allows 3.83s each. At the last waypoint the walk may spend 3 more iteration(s) — 0.540 walk-units of forward push against OPEN-22's measured 0.05 — and then gives up rather than walking on past the table.
      |         turn to 271.3: TURNED to 273.3 (err -2.0) in 2 push(es), asked -175.7 deg, stick 2.50s
      |         chain strafe: 1 chunk(s) of 0.10s, change 12.1, best 12.1, hazards none — one push, so `best` IS the whole leg's travel
      |     it   1  k=  3 ->   3  turned-aligned to 271.3168428039934  (190 inliers at the stop)
      |         chain push: 1 chunk(s) of 0.40s, change 20.3, best 20.3, hazards none — one push, so `best` IS the whole leg's travel
      |     it   2  k=  4 ->   4  advanced-weak   fix={'k': 6, 'k_float': 6.0, 'inliers': 22, 'dx': 7.8133544921875, 'dy': 16.88031005859375, 'scale': 1.1283417406460556, 'second': 15, 'second_k': 4, 'second_dx': 15.75946044921875, 'detail': 'k=6 (6.00) inliers=22 second=15 dx=+8 scale=1.128 window=[2,6] fitted=[2, 3, 4, 5, 6]'}
      |         chain push: 1 chunk(s) of 0.40s, change 19.3, best 19.3, hazards none — one push, so `best` IS the whole leg's travel
      |     it   3  k=  7 ->   7  advanced-weak   fix={'k': 7, 'k_float': 7.0, 'inliers': 17, 'dx': -58.55999755859375, 'dy': 27.993621826171875, 'scale': 1.262039316488945, 'second': 13, 'second_k': 4, 'second_dx': 81.21612548828125, 'detail': 'k=7 (7.00) inliers=17 second=13 dx=-59 scale=1.262 window=[3,7] fitted=[3, 4, 5, 6, 7]'}
      |         chain push: 1 chunk(s) of 0.40s, change 15.3, best 15.3, hazards none — one push, so `best` IS the whole leg's travel
      |     it   4  k= 10 ->  10  advanced-weak   fix={'k': 10, 'k_float': 10.0, 'inliers': 23, 'dx': 41.760009765625, 'dy': 44.4000244140625, 'scale': 1.1497460131030557, 'second': 15, 'second_k': 8, 'second_dx': -99.46365356445312, 'detail': 'k=10 (10.00) inliers=23 second=15 dx=+42 scale=1.150 window=[6,10] fitted=[7, 8, 9, 10]'}
      |         chain push: 1 chunk(s) of 0.40s, change 12.9, best 12.9, hazards none — one push, so `best` IS the whole leg's travel
      |     it   5  k= 13 ->  13  blind-advance   fix={'k': 13, 'k_float': 13.0, 'inliers': 11, 'dx': 33.840087890625, 'dy': 38.41925048828125, 'scale': 1.2492991046605664, 'second': 8, 'second_k': 12, 'second_dx': -14.775314331054688, 'detail': 'k=13 (13.00) inliers=11 second=8 dx=+34 scale=1.249 window=[9,13] fitted=[9, 10, 11, 12, 13]'}
      |         chain push: 1 chunk(s) of 0.40s, change 8.7, best 8.7, hazards none — one push, so `best` IS the whole leg's travel
      |     it   6  k= 16 ->  16  blind-advance   fix=None
      |         chain push: 1 chunk(s) of 0.40s, change 6.3, best 6.3, hazards none — one push, so `best` IS the whole leg's travel
      |     it   7  k= 19 ->  19  blind-advance   fix=None
      |         chain push: 1 chunk(s) of 0.40s, change 8.5, best 8.5, hazards none — one push, so `best` IS the whole leg's travel
      |     it   8  k= 19 ->  39  door-step 1/1: one more push along 271.3 before the stop turns (the frame after it fits 0 inliers, scale None)
      |         turn to 1.6: TURNED to 0.7 (err +0.9) in 1 push(es), asked +88.3 deg, stick 1.18s
      |         chain strafe: 1 chunk(s) of 0.10s, change 11.0, best 11.0, hazards none — one push, so `best` IS the whole leg's travel
      |     it   8  k= 39 ->  39  turned-aligned to 1.6055901753868653  (100 inliers at the stop)
      |         chain push: 1 chunk(s) of 0.40s, change 16.2, best 16.2, hazards none — one push, so `best` IS the whole leg's travel
      |         chain strafe: 1 chunk(s) of 0.10s, change 10.3, best 10.3, hazards none — one push, so `best` IS the whole leg's travel
      |     it   9  k= 39 ->  40  stalled         fix={'k': 38, 'k_float': 38.0, 'inliers': 47, 'dx': -67.68231201171875, 'dy': 385.2864990234375, 'scale': 1.378438765490784, 'second': 44, 'second_k': 41, 'second_dx': 38.360107421875, 'detail': 'k=38 (38.00) inliers=47 second=44 dx=-68 scale=1.378 window=[38,42] fitted=[38, 39, 40, 41, 42]'}  strafe left 0.10s
      |         chain push: 1 chunk(s) of 0.40s, change 9.4, best 9.4, hazards none — one push, so `best` IS the whole leg's travel
      |         chain strafe: 1 chunk(s) of 0.10s, change 8.8, best 8.8, hazards none — one push, so `best` IS the whole leg's travel
      |     it  10  k= 40 ->  40  advanced        fix={'k': 40, 'k_float': 40.0, 'inliers': 45, 'dx': 63.10089111328125, 'dy': 352.0, 'scale': 1.1803664262305518, 'second': 45, 'second_k': 42, 'second_dx': -36.287994384765625, 'detail': 'k=40 (40.00) inliers=45 second=45 dx=+63 scale=1.180 window=[38,42] fitted=[38, 39, 40, 41, 42]'}  strafe right 0.10s
      |         chain push: 1 chunk(s) of 0.40s, change 30.9, best 30.9, hazards none — one push, so `best` IS the whole leg's travel
      |         chain strafe: 1 chunk(s) of 0.10s, change 2.2, best 2.2, hazards SHORT — one push, so `best` IS the whole leg's travel
      |     it  11  k= 40 ->  43  stalled         fix={'k': 41, 'k_float': 41.0, 'inliers': 43, 'dx': 72.20001220703125, 'dy': 349.20001220703125, 'scale': 1.3105480221593708, 'second': 41, 'second_k': 40, 'second_dx': 72.48004150390625, 'detail': 'k=41 (41.00) inliers=43 second=41 dx=+72 scale=1.311 window=[39,43] fitted=[39, 40, 41, 42, 43]'}  strafe right 0.10s
      |         chain push: 1 chunk(s) of 0.40s, change 37.5, best 37.5, hazards none — one push, so `best` IS the whole leg's travel
      |         chain strafe: 1 chunk(s) of 0.14s, change 19.5, best 19.5, hazards none — one push, so `best` IS the whole leg's travel
      |     it  12  k= 40 ->  43  stalled         fix={'k': 42, 'k_float': 42.0, 'inliers': 42, 'dx': 99.41604614257812, 'dy': 318.34002685546875, 'scale': 1.471025138595308, 'second': 40, 'second_k': 41, 'second_dx': 102.2401123046875, 'detail': 'k=42 (42.00) inliers=42 second=40 dx=+99 scale=1.471 window=[39,43] fitted=[39, 40, 41, 42, 43]'}  strafe right 0.14s
      |         chain push: 1 chunk(s) of 0.40s, change 32.4, best 32.4, hazards none — one push, so `best` IS the whole leg's travel
      |         chain strafe: 1 chunk(s) of 0.13s, change 9.7, best 9.7, hazards none — one push, so `best` IS the whole leg's travel
      |     it  13  k= 40 ->  43  stalled         fix={'k': 39, 'k_float': 39.0, 'inliers': 35, 'dx': 95.55206298828125, 'dy': 322.1822814941406, 'scale': 1.7107588223920769, 'second': 34, 'second_k': 41, 'second_dx': 95.7520751953125, 'detail': 'k=39 (39.00) inliers=35 second=34 dx=+96 scale=1.711 window=[39,43] fitted=[39, 40, 41, 42, 43]'}  strafe right 0.13s
      |         chain push: 1 chunk(s) of 0.40s, change 18.5, best 18.5, hazards none — one push, so `best` IS the whole leg's travel
      |         chain strafe: 1 chunk(s) of 0.13s, change 2.9, best 2.9, hazards SHORT — one push, so `best` IS the whole leg's travel
      |     it  14  k= 43 ->  43  advanced-weak   fix={'k': 43, 'k_float': 43.0, 'inliers': 28, 'dx': 91.7740478515625, 'dy': 266.7204284667969, 'scale': 1.9187962787265989, 'second': 28, 'second_k': 42, 'second_dx': 97.57223510742188, 'detail': 'k=43 (43.00) inliers=28 second=28 dx=+92 scale=1.919 window=[39,43] fitted=[39, 40, 41, 42, 43]'}  strafe right 0.13s
      |         chain push: 1 chunk(s) of 0.40s, change 16.3, best 16.3, hazards none — one push, so `best` IS the whole leg's travel
      |     it  15  k= 46 ->  46  advanced-weak   fix={'k': 46, 'k_float': 46.0, 'inliers': 23, 'dx': 119.03204345703125, 'dy': 167.37884521484375, 'scale': 2.0573995553747975, 'second': 22, 'second_k': 45, 'second_dx': 128.55767822265625, 'detail': 'k=46 (46.00) inliers=23 second=22 dx=+119 scale=2.057 window=[42,46] fitted=[42, 43, 44, 45, 46]'}
      |         chain push: 1 chunk(s) of 0.40s, change 19.5, best 19.5, hazards none — one push, so `best` IS the whole leg's travel
      |         chain strafe: 1 chunk(s) of 0.28s, change 4.0, best 4.0, hazards none — one push, so `best` IS the whole leg's travel
      |     it  16  k= 49 ->  49  advanced        fix={'k': 49, 'k_float': 49.0, 'inliers': 34, 'dx': 201.34515380859375, 'dy': 75.12644958496094, 'scale': 2.1009356256021494, 'second': 29, 'second_k': 48, 'second_dx': 218.409423828125, 'detail': 'k=49 (49.00) inliers=34 second=29 dx=+201 scale=2.101 window=[45,49] fitted=[45, 46, 47, 48, 49]'}  strafe right 0.28s
      |         chain push: 1 chunk(s) of 0.40s, change 25.5, best 25.5, hazards none — one push, so `best` IS the whole leg's travel
      |         chain strafe: 1 chunk(s) of 0.28s, change 3.9, best 3.9, hazards none — one push, so `best` IS the whole leg's travel
      |     it  17  k= 52 ->  52  advanced-weak   fix={'k': 52, 'k_float': 52.0, 'inliers': 16, 'dx': 301.11328125, 'dy': -46.02699279785156, 'scale': 2.368537926449994, 'second': 14, 'second_k': 51, 'second_dx': 327.0830383300781, 'detail': 'k=52 (52.00) inliers=16 second=14 dx=+301 scale=2.369 window=[48,52] fitted=[48, 49, 50, 51, 52]'}  strafe right 0.28s
      |         chain push: 1 chunk(s) of 0.40s, change 29.9, best 29.9, hazards none — one push, so `best` IS the whole leg's travel
      |     it  18  k= 55 ->  55  advanced        fix={'k': 55, 'k_float': 51.40218141449672, 'inliers': 38, 'dx': -8.999969482421875, 'dy': 250.32000732421875, 'scale': 1.2010763397210493, 'second': 14, 'second_k': 54, 'second_dx': 0.0, 'detail': 'k=55 (51.40) inliers=38 second=14 dx=-9 scale=1.201 window=[51,55] fitted=[51, 52, 53, 54, 55]'}
      |         chain push: 1 chunk(s) of 0.40s, change 27.6, best 27.6, hazards none — one push, so `best` IS the whole leg's travel
      |     it  19  k= 58 ->  58  advanced        fix={'k': 58, 'k_float': 58.0, 'inliers': 115, 'dx': -6.999969482421875, 'dy': 282.20001220703125, 'scale': 1.1617697948887211, 'second': 99, 'second_k': 56, 'second_dx': -9.123809814453125, 'detail': 'k=58 (58.00) inliers=115 second=99 dx=-7 scale=1.162 window=[54,58] fitted=[54, 55, 56, 57, 58]'}
      |         chain push: 1 chunk(s) of 0.40s, change 24.7, best 24.7, hazards none — one push, so `best` IS the whole leg's travel
      |     it  20  k= 58 ->  61  stalled         fix={'k': 60, 'k_float': 60.0, 'inliers': 110, 'dx': -5.8406219482421875, 'dy': 308.44805908203125, 'scale': 1.1782905995748398, 'second': 75, 'second_k': 59, 'second_dx': -7.603179931640625, 'detail': 'k=60 (60.00) inliers=110 second=75 dx=-6 scale=1.178 window=[57,61] fitted=[57, 58, 59, 60, 61]'}
      |         chain push: 1 chunk(s) of 0.40s, change 17.7, best 17.7, hazards none — one push, so `best` IS the whole leg's travel
      |     it  21  k= 58 ->  61  stalled         fix={'k': 60, 'k_float': 60.0, 'inliers': 107, 'dx': -7.050201416015625, 'dy': 314.1600341796875, 'scale': 1.2674017620441536, 'second': 77, 'second_k': 61, 'second_dx': -5.529571533203125, 'detail': 'k=60 (60.00) inliers=107 second=77 dx=-7 scale=1.267 window=[57,61] fitted=[57, 58, 59, 60, 61]'}
      |         chain push: 1 chunk(s) of 0.40s, change 16.1, best 16.1, hazards none — one push, so `best` IS the whole leg's travel
      |     it  22  k= 58 ->  61  stalled         fix={'k': 60, 'k_float': 60.0, 'inliers': 88, 'dx': -7.6335906982421875, 'dy': 296.93963623046875, 'scale': 1.3381690883132202, 'second': 82, 'second_k': 59, 'second_dx': -9.123977661132812, 'detail': 'k=60 (60.00) inliers=88 second=82 dx=-8 scale=1.338 window=[57,61] fitted=[57, 58, 59, 60, 61]'}
      |         chain push: 1 chunk(s) of 0.40s, change 19.1, best 19.1, hazards none — one push, so `best` IS the whole leg's travel
      |     it  23  k= 58 ->  61  escape-skipped  fix={'k': 59, 'k_float': 59.0, 'inliers': 83, 'dx': -11.399993896484375, 'dy': 262.32000732421875, 'scale': 1.4707265784630779, 'second': 79, 'second_k': 60, 'second_dx': -8.839996337890625, 'detail': 'k=59 (59.00) inliers=83 second=79 dx=-11 scale=1.471 window=[57,61] fitted=[57, 58, 59, 60, 61]'}
      |         chain push: 1 chunk(s) of 0.40s, change 16.7, best 16.7, hazards none — one push, so `best` IS the whole leg's travel
      |     it  24  k= 61 ->  61  advanced        fix={'k': 61, 'k_float': 61.0, 'inliers': 103, 'dx': -10.60797119140625, 'dy': 260.8800048828125, 'scale': 1.4551933295686195, 'second': 88, 'second_k': 59, 'second_dx': -12.288101196289062, 'detail': 'k=61 (61.00) inliers=103 second=88 dx=-11 scale=1.455 window=[57,61] fitted=[57, 58, 59, 60, 61]'}
      |         chain push: 1 chunk(s) of 0.40s, change 18.0, best 18.0, hazards none — one push, so `best` IS the whole leg's travel
      |     it  25  k= 61 ->  64  stalled         fix={'k': 61, 'k_float': 61.0, 'inliers': 109, 'dx': -11.512542724609375, 'dy': 263.83111572265625, 'scale': 1.5943894040212943, 'second': 85, 'second_k': 64, 'second_dx': -6.84283447265625, 'detail': 'k=61 (61.00) inliers=109 second=85 dx=-12 scale=1.594 window=[60,64] fitted=[60, 61, 62, 63, 64]'}
      |         chain push: 1 chunk(s) of 0.40s, change 17.5, best 17.5, hazards none — one push, so `best` IS the whole leg's travel
      |     it  26  k= 64 ->  64  advanced-past   fix={'k': 61, 'k_float': 61.0, 'inliers': 131, 'dx': -14.7359619140625, 'dy': 268.0000305175781, 'scale': 1.7183995062663355, 'second': 84, 'second_k': 62, 'second_dx': -11.616256713867188, 'detail': 'k=61 (61.00) inliers=131 second=84 dx=-15 scale=1.718 window=[60,64] fitted=[60, 61, 62, 63, 64]'}
      |     it  27  k= 88 ->  88  turned (skipped, same heading) to 1.3495539744498237  (87 inliers at the stop)
      |         chain push: 1 chunk(s) of 0.40s, change 20.3, best 20.3, hazards none — one push, so `best` IS the whole leg's travel
      |     it  28  k= 89 ->  89  advanced        fix={'k': 89, 'k_float': 89.0, 'inliers': 70, 'dx': -20.642349243164062, 'dy': -14.22845458984375, 'scale': 1.7881308858922385, 'second': 41, 'second_k': 90, 'second_dx': -20.83197021484375, 'detail': 'k=89 (89.00) inliers=70 second=41 dx=-21 scale=1.788 window=[87,91] fitted=[87, 88, 89, 90, 91]'}
      |         chain push: 1 chunk(s) of 0.40s, change 23.2, best 23.2, hazards none — one push, so `best` IS the whole leg's travel
      |     it  29  k= 92 ->  92  advanced        fix={'k': 92, 'k_float': 92.0, 'inliers': 30, 'dx': -25.398056030273438, 'dy': -6.3407440185546875, 'scale': 1.8557151249100747, 'second': 20, 'second_k': 91, 'second_dx': -37.867156982421875, 'detail': 'k=92 (92.00) inliers=30 second=20 dx=-25 scale=1.856 window=[88,92] fitted=[88, 89, 90, 91, 92]'}
      |         chain push: 1 chunk(s) of 0.40s, change 19.6, best 19.6, hazards none — one push, so `best` IS the whole leg's travel
      |     it  30  k= 94 ->  94  advanced        fix={'k': 95, 'k_float': 95.0, 'inliers': 37, 'dx': -11.049560546875, 'dy': -24.3935546875, 'scale': 1.8111228251778724, 'second': 15, 'second_k': 93, 'second_dx': -23.27996826171875, 'detail': 'k=95 (95.00) inliers=37 second=15 dx=-11 scale=1.811 window=[91,95] fitted=[91, 92, 93, 94, 95]'}
      |         chain push: 1 chunk(s) of 0.40s, change 24.9, best 24.9, hazards none — one push, so `best` IS the whole leg's travel
      |     it  31  k= 96 ->  96  advanced        fix={'k': 97, 'k_float': 97.0, 'inliers': 69, 'dx': -20.632232666015625, 'dy': -15.319976806640625, 'scale': 1.869084485194005, 'second': 53, 'second_k': 96, 'second_dx': -13.605499267578125, 'detail': 'k=97 (97.00) inliers=69 second=53 dx=-21 scale=1.869 window=[93,97] fitted=[93, 94, 95, 96, 97]'}
      |         chain push: 1 chunk(s) of 0.40s, change 24.1, best 24.1, hazards none — one push, so `best` IS the whole leg's travel
      |     it  32  k= 98 ->  98  advanced        fix={'k': 98, 'k_float': 98.0, 'inliers': 93, 'dx': -23.032257080078125, 'dy': -23.583282470703125, 'scale': 2.01794492672195, 'second': 89, 'second_k': 99, 'second_dx': -29.764739990234375, 'detail': 'k=98 (98.00) inliers=93 second=89 dx=-23 scale=2.018 window=[95,99] fitted=[95, 96, 97, 98, 99]'}
      |         chain push: 1 chunk(s) of 0.40s, change 21.2, best 21.2, hazards none — one push, so `best` IS the whole leg's travel
      |     it  33  k=100 -> 100  advanced        fix={'k': 101, 'k_float': 101.0, 'inliers': 104, 'dx': -28.8482666015625, 'dy': -36.38252258300781, 'scale': 2.078716275975877, 'second': 85, 'second_k': 100, 'second_dx': -25.0789794921875, 'detail': 'k=101 (101.00) inliers=104 second=85 dx=-29 scale=2.079 window=[97,101] fitted=[97, 98, 99, 100, 101]'}
      |         chain push: 1 chunk(s) of 0.40s, change 19.0, best 19.0, hazards none — one push, so `best` IS the whole leg's travel
      |         chain strafe: 1 chunk(s) of 0.10s, change 12.8, best 12.8, hazards none — one push, so `best` IS the whole leg's travel
      |     it  34  k=102 -> 102  advanced        fix={'k': 103, 'k_float': 103.0, 'inliers': 73, 'dx': -35.790618896484375, 'dy': -50.1375732421875, 'scale': 2.2685600835071766, 'second': 65, 'second_k': 101, 'second_dx': -156.59637451171875, 'detail': 'k=103 (103.00) inliers=73 second=65 dx=-36 scale=2.269 window=[99,103] fitted=[99, 100, 101, 102, 103]'}  strafe left 0.10s
      |         chain push: 1 chunk(s) of 0.40s, change 20.2, best 20.2, hazards none — one push, so `best` IS the whole leg's travel
      |     it  35  k=104 -> 104  advanced        fix={'k': 105, 'k_float': 105.0, 'inliers': 42, 'dx': -8.658660888671875, 'dy': -85.33968353271484, 'scale': 2.712926850726056, 'second': 34, 'second_k': 104, 'second_dx': 9.424636840820312, 'detail': 'k=105 (105.00) inliers=42 second=34 dx=-9 scale=2.713 window=[101,105] fitted=[101, 102, 103, 104, 105]'}
      |         chain push: 1 chunk(s) of 0.40s, change 27.3, best 27.3, hazards none — one push, so `best` IS the whole leg's travel
      |     it  36  k=107 -> 107  blind-advance   fix={'k': 105, 'k_float': 105.0, 'inliers': 7, 'dx': -668.736083984375, 'dy': 227.63516235351562, 'scale': 0.6814799494456519, 'second': 6, 'second_k': 106, 'second_dx': -827.308837890625, 'detail': 'k=105 (105.00) inliers=7 second=6 dx=-669 scale=0.681 window=[103,107] fitted=[105, 106]'}
      |         chain push: 1 chunk(s) of 0.40s, change 47.6, best 47.6, hazards none — one push, so `best` IS the whole leg's travel
      |     it  37  k=109 -> 109  blind-advance   fix={'k': 107, 'k_float': 107.0, 'inliers': 6, 'dx': -593.6862182617188, 'dy': 171.6191864013672, 'scale': 0.34291192377911917, 'second': 0, 'second_k': None, 'second_dx': 0.0, 'detail': 'k=107 (107.00) inliers=6 second=0 dx=-594 scale=0.343 window=[106,110] fitted=[107]'}
      |         chain push: 1 chunk(s) of 0.40s, change 41.8, best 41.8, hazards none — one push, so `best` IS the whole leg's travel
      |     it  38  k=109 -> 112  turn-early: blind with the budget spent and a turn stop at 129 within 3 targets — turning to 303.34476843910807 now instead of pushing into whatever is in front
      |         turn to 303.3: TURNED to 302.6 (err +0.7) in 1 push(es), asked -57.3 deg, stick 0.77s
      |         turn to 278.3: TURNED to 282.0 (err -3.7) in 1 push(es), asked -24.3 deg, stick 0.40s
      |         turn to 328.3: TURNED to 329.8 (err -1.4) in 2 push(es), asked +46.3 deg, stick 0.87s
      |         turn to 303.3: TURNED to 302.9 (err +0.4) in 2 push(es), asked -26.4 deg, stick 0.55s
      |         chain back: 1 chunk(s) of 0.50s, change 48.8, best 48.8, hazards none — one push, so `best` IS the whole leg's travel
      |     it  39  k=109 -> 129  turn-back: nothing fits head-on or either side; one step back for clearance
      |         turn to 278.3: TURNED to 280.1 (err -1.8) in 1 push(es), asked -23.6 deg, stick 0.40s
      |         turn to 303.3: TURNED to 302.7 (err +0.6) in 1 push(es), asked +23.2 deg, stick 0.40s
      |         turn to 290.1: TURNED to 291.0 (err -0.9) in 1 push(es), asked -12.6 deg, stick 0.25s
      |     it  40  k=129 -> 129  turned-looked (skipped, same heading) to 303.34476843910807  (165 inliers at the stop)  STOP YAW -13.2 deg on -261 px, no strafe
      |         turn to 286.6: TURNED to 285.3 (err +1.3) in 2 push(es), asked -4.5 deg, stick 0.30s
      |         chain push: 1 chunk(s) of 0.40s, change 42.3, best 42.3, hazards none — one push, so `best` IS the whole leg's travel
      |     it  41  k=130 -> 130  advanced        fix={'k': 130, 'k_float': 130.314998374386, 'inliers': 189, 'dx': -34.0, 'dy': -44.639984130859375, 'scale': 1.0067485737560138, 'second': 129, 'second_k': 131, 'second_dx': -61.20001220703125, 'detail': 'k=130 (130.31) inliers=189 second=129 dx=-34 scale=1.007 window=[128,132] fitted=[128, 129, 130, 131, 132]'}
      |         turn to 285.1: NO-OP, already inside 4.0 deg (at 285.2, err -0.2) — nothing was sent, the recorded curve was discarded, and the caller's step line will look like a turn that happened
      |         chain push: 1 chunk(s) of 0.40s, change 32.2, best 32.2, hazards none — one push, so `best` IS the whole leg's travel
      |         chain strafe: 1 chunk(s) of 0.10s, change 12.2, best 12.2, hazards none — one push, so `best` IS the whole leg's travel
      |     it  42  k=130 -> 133  stalled         fix={'k': 129, 'k_float': 131.59931807431283, 'inliers': 179, 'dx': 48.959991455078125, 'dy': -38.399993896484375, 'scale': 1.0232131139074883, 'second': 178, 'second_k': 131, 'second_dx': -46.656005859375, 'detail': 'k=129 (131.60) inliers=179 second=178 dx=+49 scale=1.023 window=[129,133] fitted=[129, 130, 131, 132, 133]'}  strafe right 0.10s
      |         chain push: 1 chunk(s) of 0.40s, change 20.2, best 20.2, hazards none — one push, so `best` IS the whole leg's travel
      |     it  43  k=130 -> 133  stalled         fix={'k': 130, 'k_float': 130.0, 'inliers': 170, 'dx': -13.4783935546875, 'dy': -51.0, 'scale': 1.1203634373685796, 'second': 136, 'second_k': 133, 'second_dx': -34.0, 'detail': 'k=130 (130.00) inliers=170 second=136 dx=-13 scale=1.120 window=[129,133] fitted=[129, 130, 131, 132, 133]'}
      |         chain push: 1 chunk(s) of 0.40s, change 12.7, best 12.7, hazards none — one push, so `best` IS the whole leg's travel
      |         chain strafe: 1 chunk(s) of 0.10s, change 9.7, best 9.7, hazards none — one push, so `best` IS the whole leg's travel
      |     it  44  k=133 -> 133  advanced        fix={'k': 133, 'k_float': 133.0, 'inliers': 146, 'dx': -44.6199951171875, 'dy': -72.72001647949219, 'scale': 1.1767000205183649, 'second': 141, 'second_k': 130, 'second_dx': -25.574371337890625, 'detail': 'k=133 (133.00) inliers=146 second=141 dx=-45 scale=1.177 window=[129,133] fitted=[129, 130, 131, 132, 133]'}  strafe left 0.10s
      |         chain push: 1 chunk(s) of 0.40s, change 12.4, best 12.4, hazards none — one push, so `best` IS the whole leg's travel
      |     it  45  k=133 -> 136  stalled         fix={'k': 134, 'k_float': 134.0, 'inliers': 180, 'dx': -24.36474609375, 'dy': -68.65882873535156, 'scale': 1.3251766815729984, 'second': 138, 'second_k': 135, 'second_dx': -17.409088134765625, 'detail': 'k=134 (134.00) inliers=180 second=138 dx=-24 scale=1.325 window=[132,136] fitted=[132, 133, 134, 135, 136]'}
      |         chain push: 1 chunk(s) of 0.40s, change 17.3, best 17.3, hazards none — one push, so `best` IS the whole leg's travel
      |     it  46  k=133 -> 136  stalled         fix={'k': 135, 'k_float': 135.0, 'inliers': 112, 'dx': 23.7794189453125, 'dy': -118.82878112792969, 'scale': 1.6575442159418046, 'second': 108, 'second_k': 134, 'second_dx': 19.488067626953125, 'detail': 'k=135 (135.00) inliers=112 second=108 dx=+24 scale=1.658 window=[132,136] fitted=[132, 133, 134, 135, 136]'}
      |         chain push: 1 chunk(s) of 0.40s, change 23.9, best 23.9, hazards none — one push, so `best` IS the whole leg's travel
      |     it  47  k=136 -> 136  advanced        fix={'k': 136, 'k_float': 136.0, 'inliers': 101, 'dx': 27.161651611328125, 'dy': -165.8479766845703, 'scale': 2.078578815190862, 'second': 70, 'second_k': 133, 'second_dx': 10.399215698242188, 'detail': 'k=136 (136.00) inliers=101 second=70 dx=+27 scale=2.079 window=[132,136] fitted=[132, 133, 134, 135, 136]'}
      |         chain push: 1 chunk(s) of 0.40s, change 36.5, best 36.5, hazards none — one push, so `best` IS the whole leg's travel
      |         chain strafe: 1 chunk(s) of 0.10s, change 34.0, best 34.0, hazards none — one push, so `best` IS the whole leg's travel
      |     it  48  k=139 -> 139  advanced-past   fix={'k': 136, 'k_float': 136.0, 'inliers': 47, 'dx': -39.180908203125, 'dy': -165.89697265625, 'scale': 3.388516724064064, 'second': 23, 'second_k': 137, 'second_dx': -65.35479736328125, 'detail': 'k=136 (136.00) inliers=47 second=23 dx=-39 scale=3.389 window=[135,139] fitted=[135, 136, 137, 139]'}  strafe left 0.10s
      |         chain push: 1 chunk(s) of 0.40s, change 22.5, best 22.5, hazards none — one push, so `best` IS the whole leg's travel
      |     it  49  k=142 -> 142  advanced-past   fix={'k': 139, 'k_float': 139.0, 'inliers': 82, 'dx': 9.769546508789062, 'dy': -164.31988525390625, 'scale': 2.791416095300401, 'second': 24, 'second_k': 141, 'second_dx': 64.46063232421875, 'detail': 'k=139 (139.00) inliers=82 second=24 dx=+10 scale=2.791 window=[138,142] fitted=[138, 139, 140, 141, 142]'}
      |         turn to 2.2: TURNED to 0.4 (err +1.8) in 2 push(es), asked +77.0 deg, stick 1.18s
      |         chain strafe: 1 chunk(s) of 0.33s, change 26.6, best 26.6, hazards none — one push, so `best` IS the whole leg's travel
      |     it  50  k=166 -> 166  turned-aligned to 2.2489998976495684  (106 inliers at the stop)
      |         chain push: 1 chunk(s) of 0.40s, change 26.5, best 26.5, hazards none — one push, so `best` IS the whole leg's travel
      |         chain strafe: 1 chunk(s) of 0.30s, change 24.5, best 24.5, hazards none — one push, so `best` IS the whole leg's travel
      |     it  51  k=167 -> 167  advanced        fix={'k': 169, 'k_float': 169.0, 'inliers': 106, 'dx': 218.94000244140625, 'dy': -100.97604370117188, 'scale': 1.2821415416481188, 'second': 98, 'second_k': 165, 'second_dx': 224.44183349609375, 'detail': 'k=169 (169.00) inliers=106 second=98 dx=+219 scale=1.282 window=[165,169] fitted=[165, 166, 167, 168, 169]'}  strafe right 0.30s
      |         turn to 4.3: NO-OP, already inside 4.0 deg (at 0.4, err +3.9) — nothing was sent, the recorded curve was discarded, and the caller's step line will look like a turn that happened
      |         chain push: 1 chunk(s) of 0.40s, change 30.3, best 30.3, hazards none — one push, so `best` IS the whole leg's travel
      |         chain strafe: 1 chunk(s) of 0.25s, change 23.2, best 23.2, hazards none — one push, so `best` IS the whole leg's travel
      |     it  52  k=169 -> 169  advanced        fix={'k': 170, 'k_float': 170.0, 'inliers': 121, 'dx': 182.9608154296875, 'dy': -113.882080078125, 'scale': 1.4274524658182945, 'second': 103, 'second_k': 169, 'second_dx': 203.90411376953125, 'detail': 'k=170 (170.00) inliers=121 second=103 dx=+183 scale=1.427 window=[166,170] fitted=[166, 167, 168, 169, 170]'}  strafe right 0.25s
      |         turn to 2.2: NO-OP, already inside 4.0 deg (at 0.5, err +1.7) — nothing was sent, the recorded curve was discarded, and the caller's step line will look like a turn that happened
      |         chain push: 1 chunk(s) of 0.40s, change 32.8, best 32.8, hazards none — one push, so `best` IS the whole leg's travel
      |     it  53  k=171 -> 171  advanced        fix={'k': 172, 'k_float': 172.0, 'inliers': 62, 'dx': -6.470390319824219, 'dy': -129.14703369140625, 'scale': 1.2425249000430127, 'second': 55, 'second_k': 171, 'second_dx': 77.06890869140625, 'detail': 'k=172 (172.00) inliers=62 second=55 dx=-6 scale=1.243 window=[168,172] fitted=[168, 169, 170, 171, 172]'}
      |         chain push: 1 chunk(s) of 0.40s, change 43.4, best 43.4, hazards none — one push, so `best` IS the whole leg's travel
      |         chain strafe: 1 chunk(s) of 0.13s, change 19.4, best 19.4, hazards none — one push, so `best` IS the whole leg's travel
      |     it  54  k=173 -> 173  advanced        fix={'k': 174, 'k_float': 174.0, 'inliers': 50, 'dx': 96.50764465332031, 'dy': -151.57598876953125, 'scale': 1.680610928695015, 'second': 44, 'second_k': 173, 'second_dx': 87.02601623535156, 'detail': 'k=174 (174.00) inliers=50 second=44 dx=+97 scale=1.681 window=[170,174] fitted=[170, 171, 172, 173, 174]'}  strafe right 0.13s
      |         chain push: 1 chunk(s) of 0.40s, change 40.4, best 40.4, hazards none — one push, so `best` IS the whole leg's travel
      |         chain strafe: 1 chunk(s) of 0.15s, change 26.6, best 26.6, hazards none — one push, so `best` IS the whole leg's travel
      |     it  55  k=176 -> 176  advanced        fix={'k': 176, 'k_float': 176.0, 'inliers': 56, 'dx': 110.915283203125, 'dy': -185.4215087890625, 'scale': 2.063229096145883, 'second': 38, 'second_k': 174, 'second_dx': 82.20440673828125, 'detail': 'k=176 (176.00) inliers=56 second=38 dx=+111 scale=2.063 window=[172,176] fitted=[172, 173, 174, 175, 176]'}  strafe right 0.15s
      |         turn to 89.5: NO compass reading, abandoned BEFORE turning — the caller's 'got --' is an unread heading, not a heading that was reached
      |         turn to 64.5: TURNED to 63.4 (err +1.1) in 1 push(es), asked +64.2 deg, stick 0.86s
      |         turn to 114.5: TURNED to 113.3 (err +1.2) in 1 push(es), asked +51.1 deg, stick 0.68s
      |         turn to 89.5: TURNED to 90.7 (err -1.2) in 1 push(es), asked -23.8 deg, stick 0.40s
      |         chain strafe: 1 chunk(s) of 0.30s, change 27.2, best 27.2, hazards none — one push, so `best` IS the whole leg's travel
      |     it  56  k=196 -> 196  turned-looked to 89.491477293153  (147 inliers at the stop)  STOP YAW skipped (last stop), strafe right for 0.30s on 297 px
      |         chain push: 1 chunk(s) of 0.40s, change 30.8, best 30.8, hazards none — one push, so `best` IS the whole leg's travel
      |         chain strafe: 1 chunk(s) of 0.25s, change 25.7, best 25.7, hazards none — one push, so `best` IS the whole leg's travel
      |     it  57  k=196 -> 197  stalled         fix={'k': 196, 'k_float': 196.0, 'inliers': 98, 'dx': 180.88002014160156, 'dy': -53.23622131347656, 'scale': 1.246824566895194, 'second': 97, 'second_k': 195, 'second_dx': 180.239990234375, 'detail': 'k=196 (196.00) inliers=98 second=97 dx=+181 scale=1.247 window=[195,199] fitted=[195, 196, 197, 198, 199]'}  strafe right 0.25s
      |         chain push: 1 chunk(s) of 0.40s, change 40.2, best 40.2, hazards none — one push, so `best` IS the whole leg's travel
      |         chain strafe: 1 chunk(s) of 0.16s, change 26.1, best 26.1, hazards none — one push, so `best` IS the whole leg's travel
      |     it  58  k=197 -> 197  advanced        fix={'k': 197, 'k_float': 197.0, 'inliers': 113, 'dx': 115.3056640625, 'dy': -34.2603759765625, 'scale': 1.630309666782623, 'second': 76, 'second_k': 199, 'second_dx': 122.86085510253906, 'detail': 'k=197 (197.00) inliers=113 second=76 dx=+115 scale=1.630 window=[195,199] fitted=[195, 196, 197, 198, 199]'}  strafe right 0.16s
      |         chain push: 1 chunk(s) of 0.40s, change 50.4, best 50.4, hazards none — one push, so `best` IS the whole leg's travel
      |   chain_walk: ARRIVED at iteration 59, k=197 (target 200 of 204), 53 push(es)
[20] ARRIVED   ESCAPE_GATE-on k=197/205  it=59  pushes=53  seconds=98.2 (walk 82.33, setup 14.0)  failure=None  arrived 19/20 valid (2 invalid, never counted as failures)
  of which on the FIRST walk 19/20 (the rate comparable with every batch before --attempts)
  TIMED_OUT: 0
  FAILED: 1
  ESCAPE_GATE-off: arrived 9/10 valid
  ESCAPE_GATE-on: arrived 10/10 valid
  Fisher exact p = 1.0000
  wall seconds median 94 [79..99]
  of which WALKING, median 76 [65..84] (n=20; the rest is reset + Chain.load)  -> /Users/bpatterson/Documents/Claude Cowork Personal/Auto Baseball/overnight/chain_trials.json
  Every iteration's fix is in each run's 'fixes' — read them before changing a constant; that list is the whole point of a closed loop.
