leg-1 A/B: 10 trials per arm, interleaved, target bar_pool_room
  shipped: {'LEG_SPEED_BY_LEG': {"('office_corridor', 'office_door')": 3.0}, 'MERGE_STEPS_BY_LEG': ["('office_corridor', 'office_door')"], 'MERGED_TURN_TOLERANCE': 1.0, 'TRUST_RESET_SPAWN': True, 'RECOVER_MISSED': True, 'NULL_YAW_BEFORE_ALIGN': True}
      |   arm=shipped  LEG_SPEED_BY_LEG=3.0  MERGE_STEPS_BY_LEG=True  MERGED_TURN_TOLERANCE=1.0
      |   pause menu open (selected 'Resume')
      |   selected: Load Last Save
      |   confirmation dialog up (delta 79.4) -> YES
      |   YES press 1 did not register, retrying
      |   world back after 3.3s, spawn bearing 87 (E)
      |   attempt 1/3 at bar_pool_room
      |   locate() cannot name office_corridor (it has no appearance reference by design) but the caller reset onto it — routing from there instead of sweeping and reloading
      |   route: office_corridor -> office_door -> portrait_room -> bar_pool_room  (18.1s of walking)
      |     leg office_corridor -> office_door
      |         turn to 270.2: TURNED to 270.6 (err -0.4) in 3 push(es)
      |         office_corridor->office_door step 1/1: 1 chunk(s) of 1.95s, change 16.7, best 16.7, hazards none — one push, so `best` IS the whole leg's travel
      |       step 1/1 bearing  270.2 (got  270.6) 1.95s -> walked 1.95s, best change 16.7
      |       arrived? None  (no appearance reference by design)
      |     leg office_door -> portrait_room
      |         turn to 338.1: TURNED to 338.6 (err -0.5) in 1 push(es)
      |         office_door->portrait_room step 1/16: 1 chunk(s) of 0.79s, change 11.5, best 11.5, hazards none — one push, so `best` IS the whole leg's travel
      |       step 1/16 bearing  338.1 (got  338.6) 0.79s -> walked 0.79s, best change 11.5
      |         turn to 339.2: NO-OP, already inside 4.0 deg (at 338.6, err +0.5) — nothing was sent, the recorded curve was discarded, and the caller's step line will look like a turn that happened
      |         office_door->portrait_room step 2/16: 1 chunk(s) of 0.70s, change 17.7, best 17.7, hazards none — one push, so `best` IS the whole leg's travel
      |       step 2/16 bearing  339.2 (got  338.6) 0.70s -> walked 0.70s, best change 17.7
      |         turn to 347.9: TURNED to 344.3 (err +3.6) in 1 push(es)
      |         office_door->portrait_room step 3/16: 1 chunk(s) of 0.42s, change 25.4, best 25.4, hazards none — one push, so `best` IS the whole leg's travel
      |       step 3/16 bearing  347.9 (got  344.3) 0.42s -> walked 0.42s, best change 25.4
      |         turn to 355.2: TURNED to 354.0 (err +1.2) in 2 push(es)
      |         office_door->portrait_room step 4/16: 1 chunk(s) of 0.79s, change 56.3, best 56.3, hazards none — one push, so `best` IS the whole leg's travel
      |       step 4/16 bearing  355.2 (got  354.0) 0.79s -> walked 0.79s, best change 56.3
      |         turn to 360.0: TURNED to 356.4 (err +3.5) in 1 push(es)
      |         office_door->portrait_room step 5/16: 1 chunk(s) of 0.51s, change 39.2, best 39.2, hazards none — one push, so `best` IS the whole leg's travel
      |       step 5/16 bearing  360.0 (got  356.4) 0.51s -> walked 0.51s, best change 39.2
      |         turn to 8.6: TURNED to 8.3 (err +0.3) in 1 push(es)
      |         office_door->portrait_room step 6/16: 1 chunk(s) of 0.78s, change 16.5, best 16.5, hazards none — one push, so `best` IS the whole leg's travel
      |       step 6/16 bearing    8.6 (got    8.3) 0.78s -> walked 0.78s, best change 16.5
      |         turn to 7.7: NO-OP, already inside 4.0 deg (at 8.3, err -0.5) — nothing was sent, the recorded curve was discarded, and the caller's step line will look like a turn that happened
      |         office_door->portrait_room step 7/16: 1 chunk(s) of 0.78s, change 25.0, best 25.0, hazards none — one push, so `best` IS the whole leg's travel
      |       step 7/16 bearing    7.7 (got    8.3) 0.78s -> walked 0.78s, best change 25.0
      |         turn to 1.7: TURNED to 1.1 (err +0.6) in 1 push(es)
      |         office_door->portrait_room step 8/16: 1 chunk(s) of 0.80s, change 34.5, best 34.5, hazards none — one push, so `best` IS the whole leg's travel
      |       step 8/16 bearing    1.7 (got    1.1) 0.80s -> walked 0.80s, best change 34.5
      |         turn to 359.6: NO-OP, already inside 4.0 deg (at 1.1, err -1.5) — nothing was sent, the recorded curve was discarded, and the caller's step line will look like a turn that happened
      |         office_door->portrait_room step 9/16: 1 chunk(s) of 0.36s, change 13.3, best 13.3, hazards none — one push, so `best` IS the whole leg's travel
      |       step 9/16 bearing  359.6 (got    1.1) 0.36s -> walked 0.36s, best change 13.3
      |         turn to 359.4: NO-OP, already inside 4.0 deg (at 1.1, err -1.7) — nothing was sent, the recorded curve was discarded, and the caller's step line will look like a turn that happened
      |         office_door->portrait_room step 10/16: 1 chunk(s) of 0.78s, change 18.5, best 18.5, hazards none — one push, so `best` IS the whole leg's travel
      |       step 10/16 bearing  359.4 (got    1.1) 0.78s -> walked 0.78s, best change 18.5
      |         turn to 357.9: NO-OP, already inside 4.0 deg (at 1.0, err -3.2) — nothing was sent, the recorded curve was discarded, and the caller's step line will look like a turn that happened
      |         office_door->portrait_room step 11/16: 1 chunk(s) of 0.79s, change 18.3, best 18.3, hazards none — one push, so `best` IS the whole leg's travel
      |       step 11/16 bearing  357.9 (got    1.0) 0.79s -> walked 0.79s, best change 18.3
      |         turn to 358.0: NO-OP, already inside 4.0 deg (at 1.0, err -3.0) — nothing was sent, the recorded curve was discarded, and the caller's step line will look like a turn that happened
      |         office_door->portrait_room step 12/16: 1 chunk(s) of 0.79s, change 19.3, best 19.3, hazards none — one push, so `best` IS the whole leg's travel
      |       step 12/16 bearing  358.0 (got    1.0) 0.79s -> walked 0.79s, best change 19.3
      |         turn to 357.8: NO-OP, already inside 4.0 deg (at 1.0, err -3.1) — nothing was sent, the recorded curve was discarded, and the caller's step line will look like a turn that happened
      |         office_door->portrait_room step 13/16: 1 chunk(s) of 0.79s, change 28.6, best 28.6, hazards none — one push, so `best` IS the whole leg's travel
      |       step 13/16 bearing  357.8 (got    1.0) 0.79s -> walked 0.79s, best change 28.6
      |         turn to 357.9: NO-OP, already inside 4.0 deg (at 1.1, err -3.1) — nothing was sent, the recorded curve was discarded, and the caller's step line will look like a turn that happened
      |         office_door->portrait_room step 14/16: 1 chunk(s) of 0.79s, change 29.7, best 29.7, hazards none — one push, so `best` IS the whole leg's travel
      |       step 14/16 bearing  357.9 (got    1.1) 0.79s -> walked 0.79s, best change 29.7
      |         turn to 0.8: NO-OP, already inside 4.0 deg (at 1.1, err -0.2) — nothing was sent, the recorded curve was discarded, and the caller's step line will look like a turn that happened
      |         office_door->portrait_room step 15/16: 1 chunk(s) of 0.79s, change 18.7, best 18.7, hazards none — one push, so `best` IS the whole leg's travel
      |       step 15/16 bearing    0.8 (got    1.1) 0.79s -> walked 0.79s, best change 18.7
      |         turn to 4.0: NO-OP, already inside 4.0 deg (at 1.1, err +2.9) — nothing was sent, the recorded curve was discarded, and the caller's step line will look like a turn that happened
      |         office_door->portrait_room step 16/16: 1 chunk(s) of 0.36s, change 16.2, best 16.2, hazards none — one push, so `best` IS the whole leg's travel
      |       step 16/16 bearing    4.0 (got    1.1) 0.36s -> walked 0.36s, best change 16.2
      |       arrived? True  (portrait_room 229.000/2.270)
      |         turn to 1.5: NO-OP, already inside 0.5 deg (at 1.1, err +0.4) — nothing was sent, the recorded curve was discarded, and the caller's step line will look like a turn that happened
      |       align at portrait_room: yaw nulled to 1.1 (reference 1.5) — 0.4 deg REMAINING = ~7px of phantom dx still in the dx below
      |       align: within 35px (dx=+9.4) after 0 step(s)
      |       aligned at portrait_room: 9px from the recorded pose
      |       align at portrait_room: dx +9.4px
      |     leg portrait_room -> bar_pool_room
      |         turn to 286.6: TURNED to 287.5 (err -1.0) in 1 push(es)
      |         portrait_room->bar_pool_room step 1/4: 1 chunk(s) of 0.16s, change 7.4, best 7.4, hazards none — one push, so `best` IS the whole leg's travel
      |       step 1/4 bearing  286.6 (got  287.5) 0.16s -> walked 0.16s, best change 7.4
      |         turn to 292.2: TURNED to 293.7 (err -1.5) in 1 push(es)
      |         portrait_room->bar_pool_room step 2/4: 1 chunk(s) of 0.79s, change 15.0, best 15.0, hazards none — one push, so `best` IS the whole leg's travel
      |       step 2/4 bearing  292.2 (got  293.7) 0.79s -> walked 0.79s, best change 15.0
      |         turn to 285.6: TURNED to 285.3 (err +0.3) in 1 push(es)
      |         portrait_room->bar_pool_room step 3/4: 1 chunk(s) of 0.80s, change 13.6, best 13.6, hazards none — one push, so `best` IS the whole leg's travel
      |       step 3/4 bearing  285.6 (got  285.3) 0.80s -> walked 0.80s, best change 13.6
      |         turn to 287.6: NO-OP, already inside 4.0 deg (at 285.1, err +2.5) — nothing was sent, the recorded curve was discarded, and the caller's step line will look like a turn that happened
      |         portrait_room->bar_pool_room step 4/4: 1 chunk(s) of 0.23s, change 8.3, best 8.3, hazards none — one push, so `best` IS the whole leg's travel
      |       step 4/4 bearing  287.6 (got  285.1) 0.23s -> walked 0.23s, best change 8.3
      |       recovery fan did not find bar_pool_room
      |       arrived? None  (unverified, abstained (123.000/1.120))
      |   arrived, but 2 node(s) could not be confirmed on the way: ['office_door', 'bar_pool_room'] — each is a hole in the reference set
      |   attempt 2/3 at bar_pool_room
      |   route: portrait_room -> bar_pool_room  (2.0s of walking)
      |     leg portrait_room -> bar_pool_room
      |         turn to 286.6: TURNED to 288.2 (err -1.6) in 1 push(es)
      |         portrait_room->bar_pool_room step 1/4: 1 chunk(s) of 0.16s, change 8.5, best 8.5, hazards none — one push, so `best` IS the whole leg's travel
      |       step 1/4 bearing  286.6 (got  288.2) 0.16s -> walked 0.16s, best change 8.5
      |         turn to 292.2: TURNED to 292.5 (err -0.4) in 1 push(es)
      |         portrait_room->bar_pool_room step 2/4: 1 chunk(s) of 0.79s, change 28.8, best 28.8, hazards none — one push, so `best` IS the whole leg's travel
      |       step 2/4 bearing  292.2 (got  292.5) 0.79s -> walked 0.79s, best change 28.8
      |         turn to 285.6: TURNED to 286.3 (err -0.7) in 1 push(es)
      |         portrait_room->bar_pool_room step 3/4: 1 chunk(s) of 0.80s, change 25.7, best 25.7, hazards none — one push, so `best` IS the whole leg's travel
      |       step 3/4 bearing  285.6 (got  286.3) 0.80s -> walked 0.80s, best change 25.7
      |         turn to 287.6: NO-OP, already inside 4.0 deg (at 286.3, err +1.3) — nothing was sent, the recorded curve was discarded, and the caller's step line will look like a turn that happened
      |         portrait_room->bar_pool_room step 4/4: 1 chunk(s) of 0.23s, change 15.2, best 15.2, hazards none — one push, so `best` IS the whole leg's travel
      |       step 4/4 bearing  287.6 (got  286.3) 0.23s -> walked 0.23s, best change 15.2
      |       recovered bar_pool_room at 326 after 1 step(s)
      |       arrived? True  (bar_pool_room 179.000/1.470)
      |         turn to 288.2: TURNED to 287.9 (err +0.3) in 2 push(es)
      |       align at bar_pool_room: yaw nulled to 287.9 (reference 288.2) — 0.3 deg REMAINING = ~5px of phantom dx still in the dx below
      |       align: offset unmeasurable (step 1)
      |       aligned at bar_pool_room: unmeasurable
      |       align at bar_pool_room: no dx (see the reason above)
      |   attempt 3/3 at bar_pool_room
      |   not at bar_pool_room and cannot say where this is (unrecognised (170.000/1.100)) — reloading to a known start
      |   pause menu open (selected 'Resume')
      |   selected: Load Last Save
      |   confirmation dialog up (delta 82.1) -> YES
      |   world back after 3.2s, spawn bearing 87 (E)
      |   route: office_corridor -> office_door -> portrait_room -> bar_pool_room  (18.1s of walking)
      |     leg office_corridor -> office_door
      |         turn to 270.2: TURNED to 270.6 (err -0.4) in 3 push(es)
      |         office_corridor->office_door step 1/1: 1 chunk(s) of 1.95s, change 16.9, best 16.9, hazards none — one push, so `best` IS the whole leg's travel
      |       step 1/1 bearing  270.2 (got  270.6) 1.95s -> walked 1.95s, best change 16.9
      |       arrived? None  (no appearance reference by design)
      |     leg office_door -> portrait_room
      |         turn to 338.1: TURNED to 334.9 (err +3.2) in 1 push(es)
      |         office_door->portrait_room step 1/16: 1 chunk(s) of 0.79s, change 8.0, best 8.0, hazards none — one push, so `best` IS the whole leg's travel
      |       step 1/16 bearing  338.1 (got  334.9) 0.79s -> walked 0.79s, best change 8.0
      |         turn to 339.2: TURNED to 339.2 (err -0.0) in 1 push(es)
      |         office_door->portrait_room step 2/16: 1 chunk(s) of 0.70s, change 9.5, best 9.5, hazards none — one push, so `best` IS the whole leg's travel
      |       step 2/16 bearing  339.2 (got  339.2) 0.70s -> walked 0.70s, best change 9.5
      |         turn to 347.9: TURNED to 350.6 (err -2.7) in 1 push(es)
      |         office_door->portrait_room step 3/16: 1 chunk(s) of 0.42s, change 8.9, best 8.9, hazards none — one push, so `best` IS the whole leg's travel
      |       step 3/16 bearing  347.9 (got  350.6) 0.42s -> walked 0.42s, best change 8.9
      |         turn to 355.2: TURNED to 355.5 (err -0.4) in 1 push(es)
      |         office_door->portrait_room step 4/16: 1 chunk(s) of 0.79s, change 56.6, best 56.6, hazards none — one push, so `best` IS the whole leg's travel
      |       step 4/16 bearing  355.2 (got  355.5) 0.79s -> walked 0.79s, best change 56.6
      |         turn to 360.0: TURNED to 360.0 (err +0.0) in 1 push(es)
      |         office_door->portrait_room step 5/16: 1 chunk(s) of 0.51s, change 42.5, best 42.5, hazards none — one push, so `best` IS the whole leg's travel
      |       step 5/16 bearing  360.0 (got  360.0) 0.51s -> walked 0.51s, best change 42.5
      |         turn to 8.6: TURNED to 5.9 (err +2.7) in 1 push(es)
      |         office_door->portrait_room step 6/16: 1 chunk(s) of 0.78s, change 28.3, best 28.3, hazards none — one push, so `best` IS the whole leg's travel
      |       step 6/16 bearing    8.6 (got    5.9) 0.78s -> walked 0.78s, best change 28.3
      |         turn to 7.7: NO-OP, already inside 4.0 deg (at 6.0, err +1.8) — nothing was sent, the recorded curve was discarded, and the caller's step line will look like a turn that happened
      |         office_door->portrait_room step 7/16: 1 chunk(s) of 0.78s, change 19.2, best 19.2, hazards none — one push, so `best` IS the whole leg's travel
      |       step 7/16 bearing    7.7 (got    6.0) 0.78s -> walked 0.78s, best change 19.2
      |         turn to 1.7: TURNED to 3.3 (err -1.5) in 1 push(es)
      |         office_door->portrait_room step 8/16: 1 chunk(s) of 0.80s, change 36.0, best 36.0, hazards none — one push, so `best` IS the whole leg's travel
      |       step 8/16 bearing    1.7 (got    3.3) 0.80s -> walked 0.80s, best change 36.0
      |         turn to 359.6: NO-OP, already inside 4.0 deg (at 3.2, err -3.6) — nothing was sent, the recorded curve was discarded, and the caller's step line will look like a turn that happened
      |         office_door->portrait_room step 9/16: 1 chunk(s) of 0.36s, change 13.6, best 13.6, hazards none — one push, so `best` IS the whole leg's travel
      |       step 9/16 bearing  359.6 (got    3.2) 0.36s -> walked 0.36s, best change 13.6
      |         turn to 359.4: NO-OP, already inside 4.0 deg (at 3.2, err -3.8) — nothing was sent, the recorded curve was discarded, and the caller's step line will look like a turn that happened
      |         office_door->portrait_room step 10/16: 1 chunk(s) of 0.78s, change 21.2, best 21.2, hazards none — one push, so `best` IS the whole leg's travel
      |       step 10/16 bearing  359.4 (got    3.2) 0.78s -> walked 0.78s, best change 21.2
      |         turn to 357.9: TURNED to 357.9 (err -0.0) in 1 push(es)
      |         office_door->portrait_room step 11/16: 1 chunk(s) of 0.79s, change 10.8, best 10.8, hazards none — one push, so `best` IS the whole leg's travel
      |       step 11/16 bearing  357.9 (got  357.9) 0.79s -> walked 0.79s, best change 10.8
      |         turn to 358.0: NO-OP, already inside 4.0 deg (at 358.8, err -0.8) — nothing was sent, the recorded curve was discarded, and the caller's step line will look like a turn that happened
      |         office_door->portrait_room step 12/16: 1 chunk(s) of 0.79s, change 11.4, best 11.4, hazards none — one push, so `best` IS the whole leg's travel
      |       step 12/16 bearing  358.0 (got  358.8) 0.79s -> walked 0.79s, best change 11.4
      |         turn to 357.8: NO-OP, already inside 4.0 deg (at 357.1, err +0.8) — nothing was sent, the recorded curve was discarded, and the caller's step line will look like a turn that happened
      |         office_door->portrait_room step 13/16: 1 chunk(s) of 0.79s, change 12.1, best 12.1, hazards none — one push, so `best` IS the whole leg's travel
      |       step 13/16 bearing  357.8 (got  357.1) 0.79s -> walked 0.79s, best change 12.1
      |         turn to 357.9: NO-OP, already inside 4.0 deg (at 357.0, err +0.9) — nothing was sent, the recorded curve was discarded, and the caller's step line will look like a turn that happened
      |         office_door->portrait_room step 14/16: 1 chunk(s) of 0.79s, change 11.3, best 11.3, hazards none — one push, so `best` IS the whole leg's travel
      |       step 14/16 bearing  357.9 (got  357.0) 0.79s -> walked 0.79s, best change 11.3
      |         turn to 0.8: NO-OP, already inside 4.0 deg (at 357.1, err +3.8) — nothing was sent, the recorded curve was discarded, and the caller's step line will look like a turn that happened
      |         office_door->portrait_room step 15/16: 1 chunk(s) of 0.79s, change 11.1, best 11.1, hazards none — one push, so `best` IS the whole leg's travel
      |       step 15/16 bearing    0.8 (got  357.1) 0.79s -> walked 0.79s, best change 11.1
      |         turn to 4.0: TURNED to 3.6 (err +0.4) in 1 push(es)
      |         office_door->portrait_room step 16/16: 1 chunk(s) of 0.36s, change 16.1, best 16.1, hazards none — one push, so `best` IS the whole leg's travel
      |       step 16/16 bearing    4.0 (got    3.6) 0.36s -> walked 0.36s, best change 16.1
      |       arrived? True  (portrait_room 148.000/1.450)
      |         turn to 1.5: TURNED to 1.6 (err -0.2) in 1 push(es)
      |       align at portrait_room: yaw nulled to 1.6 (reference 1.5) — 0.2 deg REMAINING = ~3px of phantom dx still in the dx below
      |       align: within 35px (dx=+12.7) after 0 step(s)
      |       aligned at portrait_room: 13px from the recorded pose
      |       align at portrait_room: dx +12.7px
      |     leg portrait_room -> bar_pool_room
      |         turn to 286.6: TURNED to 284.6 (err +2.0) in 1 push(es)
      |         portrait_room->bar_pool_room step 1/4: 1 chunk(s) of 0.16s, change 16.0, best 16.0, hazards none — one push, so `best` IS the whole leg's travel
      |       step 1/4 bearing  286.6 (got  284.6) 0.16s -> walked 0.16s, best change 16.0
      |         turn to 292.2: TURNED to 292.1 (err +0.1) in 2 push(es)
      |         portrait_room->bar_pool_room step 2/4: 1 chunk(s) of 0.79s, change 12.4, best 12.4, hazards none — one push, so `best` IS the whole leg's travel
      |       step 2/4 bearing  292.2 (got  292.1) 0.79s -> walked 0.79s, best change 12.4
      |         turn to 285.6: TURNED to 287.4 (err -1.9) in 1 push(es)
      |         portrait_room->bar_pool_room step 3/4: 1 chunk(s) of 0.80s, change 2.4, best 2.4, hazards SHORT — one push, so `best` IS the whole leg's travel
      |       step 3/4 bearing  285.6 (got  287.4) 0.80s -> walked 0.80s, best change 2.4
      |       step 3 blocked but the scene is MOVING — an NPC in the passage, not a wall
      |       the view is featureless — this is geometry, not a mover; skipping the escape ladder it has never cleared
      |       escape ladder: did NOT clear (best 0.0 PIXELS, against SLIP_PROGRESS_PX 20.0px — NOT against STALL_CHANGE 6.0, which is grey_levels)
      |       step 3 moved only 2.4 grey_levels (< 6.0) over 0.80s — stall score 1
      |         turn to 287.6: NO-OP, already inside 4.0 deg (at 287.5, err +0.1) — nothing was sent, the recorded curve was discarded, and the caller's step line will look like a turn that happened
      |         portrait_room->bar_pool_room step 4/4: 1 chunk(s) of 0.23s, change 2.2, best 2.2, hazards SHORT — one push, so `best` IS the whole leg's travel
      |       step 4/4 bearing  287.6 (got  287.5) 0.23s -> walked 0.23s, best change 2.2
      |       step 4 blocked but the scene is MOVING — an NPC in the passage, not a wall
      |       the view is featureless — this is geometry, not a mover; skipping the escape ladder it has never cleared
      |       escape ladder: did NOT clear (best 0.0 PIXELS, against SLIP_PROGRESS_PX 20.0px — NOT against STALL_CHANGE 6.0, which is grey_levels)
      |       step 4 moved only 2.2 grey_levels (< 6.0) over 0.23s — stall score 2
      |       BLOCKED on step 4; abandoning the rest of this leg rather than pushing into whatever is in the way
      |       recovery fan did not find bar_pool_room
      |       arrived? None  (unverified, abstained (0.000/0.000))
      |   arrived, but 2 node(s) could not be confirmed on the way: ['office_door', 'bar_pool_room'] — each is a hole in the reference set
      |   could not verify bar_pool_room after 3 attempt(s); here is None (unrecognised (45.000/1.610))
[ 1] shipped   missed   in 259s  located=None
      |   arm=original  LEG_SPEED_BY_LEG=None  MERGE_STEPS_BY_LEG=False  MERGED_TURN_TOLERANCE=1.0
      |   pause menu open (selected 'Resume')
      |   selected: Load Last Save
      |   confirmation dialog up (delta 79.2) -> YES
      |   world back after 3.3s, spawn bearing 87 (E)
      |   attempt 1/3 at bar_pool_room
      |   locate() cannot name office_corridor (it has no appearance reference by design) but the caller reset onto it — routing from there instead of sweeping and reloading
      |   route: office_corridor -> office_door -> portrait_room -> bar_pool_room  (18.1s of walking)
      |     leg office_corridor -> office_door
      |         turn to 270.4: TURNED to 267.5 (err +2.9) in 2 push(es)
      |         office_corridor->office_door step 1/7: 1 chunk(s) of 0.79s, change 20.7, best 20.7, hazards none — one push, so `best` IS the whole leg's travel
      |       step 1/7 bearing  270.4 (got  267.5) 0.79s -> walked 0.79s, best change 20.7
      |         turn to 270.1: NO-OP, already inside 4.0 deg (at 267.5, err +2.7) — nothing was sent, the recorded curve was discarded, and the caller's step line will look like a turn that happened
      |         office_corridor->office_door step 2/7: 1 chunk(s) of 0.78s, change 19.2, best 19.2, hazards none — one push, so `best` IS the whole leg's travel
      |       step 2/7 bearing  270.1 (got  267.5) 0.78s -> walked 0.78s, best change 19.2
      |         turn to 270.1: NO-OP, already inside 4.0 deg (at 267.4, err +2.7) — nothing was sent, the recorded curve was discarded, and the caller's step line will look like a turn that happened
      |         office_corridor->office_door step 3/7: 1 chunk(s) of 0.78s, change 14.4, best 14.4, hazards none — one push, so `best` IS the whole leg's travel
      |       step 3/7 bearing  270.1 (got  267.4) 0.78s -> walked 0.78s, best change 14.4
      |         turn to 270.3: NO-OP, already inside 4.0 deg (at 267.4, err +2.9) — nothing was sent, the recorded curve was discarded, and the caller's step line will look like a turn that happened
      |         office_corridor->office_door step 4/7: 1 chunk(s) of 0.78s, change 10.6, best 10.6, hazards none — one push, so `best` IS the whole leg's travel
      |       step 4/7 bearing  270.3 (got  267.4) 0.78s -> walked 0.78s, best change 10.6
      |         turn to 270.1: NO-OP, already inside 4.0 deg (at 267.5, err +2.6) — nothing was sent, the recorded curve was discarded, and the caller's step line will look like a turn that happened
      |         office_corridor->office_door step 5/7: 1 chunk(s) of 0.79s, change 9.1, best 9.1, hazards none — one push, so `best` IS the whole leg's travel
      |       step 5/7 bearing  270.1 (got  267.5) 0.79s -> walked 0.79s, best change 9.1
      |         turn to 270.1: NO-OP, already inside 4.0 deg (at 267.5, err +2.6) — nothing was sent, the recorded curve was discarded, and the caller's step line will look like a turn that happened
      |         office_corridor->office_door step 6/7: 1 chunk(s) of 0.79s, change 8.9, best 8.9, hazards none — one push, so `best` IS the whole leg's travel
      |       step 6/7 bearing  270.1 (got  267.5) 0.79s -> walked 0.79s, best change 8.9
      |         turn to 270.4: NO-OP, already inside 4.0 deg (at 267.5, err +2.9) — nothing was sent, the recorded curve was discarded, and the caller's step line will look like a turn that happened
      |         office_corridor->office_door step 7/7: 1 chunk(s) of 0.42s, change 8.5, best 8.5, hazards none — one push, so `best` IS the whole leg's travel
      |       step 7/7 bearing  270.4 (got  267.5) 0.42s -> walked 0.42s, best change 8.5
      |       arrived? None  (no appearance reference by design)
      |     leg office_door -> portrait_room
      |         turn to 338.1: TURNED to 334.2 (err +3.9) in 1 push(es)
      |         office_door->portrait_room step 1/16: 1 chunk(s) of 0.79s, change 11.4, best 11.4, hazards none — one push, so `best` IS the whole leg's travel
      |       step 1/16 bearing  338.1 (got  334.2) 0.79s -> walked 0.79s, best change 11.4
      |         turn to 339.2: TURNED to 339.5 (err -0.3) in 1 push(es)
      |         office_door->portrait_room step 2/16: 1 chunk(s) of 0.70s, change 12.5, best 12.5, hazards none — one push, so `best` IS the whole leg's travel
      |       step 2/16 bearing  339.2 (got  339.5) 0.70s -> walked 0.70s, best change 12.5
      |         turn to 347.9: TURNED to 346.1 (err +1.8) in 1 push(es)
      |         office_door->portrait_room step 3/16: 1 chunk(s) of 0.42s, change 20.5, best 20.5, hazards none — one push, so `best` IS the whole leg's travel
      |       step 3/16 bearing  347.9 (got  346.1) 0.42s -> walked 0.42s, best change 20.5
      |         turn to 355.2: TURNED to 355.4 (err -0.2) in 1 push(es)
      |         office_door->portrait_room step 4/16: 1 chunk(s) of 0.79s, change 46.3, best 46.3, hazards none — one push, so `best` IS the whole leg's travel
      |       step 4/16 bearing  355.2 (got  355.4) 0.79s -> walked 0.79s, best change 46.3
      |         turn to 360.0: TURNED to 1.5 (err -1.6) in 1 push(es)
      |         office_door->portrait_room step 5/16: 1 chunk(s) of 0.51s, change 32.9, best 32.9, hazards none — one push, so `best` IS the whole leg's travel
      |       step 5/16 bearing  360.0 (got    1.5) 0.51s -> walked 0.51s, best change 32.9
      |         turn to 8.6: TURNED to 10.1 (err -1.5) in 1 push(es)
      |         office_door->portrait_room step 6/16: 1 chunk(s) of 0.78s, change 17.2, best 17.2, hazards none — one push, so `best` IS the whole leg's travel
      |       step 6/16 bearing    8.6 (got   10.1) 0.78s -> walked 0.78s, best change 17.2
      |         turn to 7.7: NO-OP, already inside 4.0 deg (at 10.1, err -2.4) — nothing was sent, the recorded curve was discarded, and the caller's step line will look like a turn that happened
      |         office_door->portrait_room step 7/16: 1 chunk(s) of 0.78s, change 26.8, best 26.8, hazards none — one push, so `best` IS the whole leg's travel
      |       step 7/16 bearing    7.7 (got   10.1) 0.78s -> walked 0.78s, best change 26.8
      |         turn to 1.7: TURNED to 3.7 (err -1.9) in 1 push(es)
      |         office_door->portrait_room step 8/16: 1 chunk(s) of 0.80s, change 33.3, best 33.3, hazards none — one push, so `best` IS the whole leg's travel
      |       step 8/16 bearing    1.7 (got    3.7) 0.80s -> walked 0.80s, best change 33.3
      |         turn to 359.6: NO-OP, already inside 4.0 deg (at 3.6, err -3.9) — nothing was sent, the recorded curve was discarded, and the caller's step line will look like a turn that happened
      |         office_door->portrait_room step 9/16: 1 chunk(s) of 0.36s, change 22.9, best 22.9, hazards none — one push, so `best` IS the whole leg's travel
      |       step 9/16 bearing  359.6 (got    3.6) 0.36s -> walked 0.36s, best change 22.9
      |         turn to 359.4: TURNED to 358.5 (err +0.9) in 1 push(es)
      |         office_door->portrait_room step 10/16: 1 chunk(s) of 0.78s, change 23.5, best 23.5, hazards none — one push, so `best` IS the whole leg's travel
      |       step 10/16 bearing  359.4 (got  358.5) 0.78s -> walked 0.78s, best change 23.5
      |         turn to 357.9: NO-OP, already inside 4.0 deg (at 358.5, err -0.6) — nothing was sent, the recorded curve was discarded, and the caller's step line will look like a turn that happened
      |         office_door->portrait_room step 11/16: 1 chunk(s) of 0.79s, change 20.0, best 20.0, hazards none — one push, so `best` IS the whole leg's travel
      |       step 11/16 bearing  357.9 (got  358.5) 0.79s -> walked 0.79s, best change 20.0
      |         turn to 358.0: NO-OP, already inside 4.0 deg (at 358.5, err -0.5) — nothing was sent, the recorded curve was discarded, and the caller's step line will look like a turn that happened
      |         office_door->portrait_room step 12/16: 1 chunk(s) of 0.79s, change 20.3, best 20.3, hazards none — one push, so `best` IS the whole leg's travel
      |       step 12/16 bearing  358.0 (got  358.5) 0.79s -> walked 0.79s, best change 20.3
      |         turn to 357.8: NO-OP, already inside 4.0 deg (at 358.6, err -0.7) — nothing was sent, the recorded curve was discarded, and the caller's step line will look like a turn that happened
      |         office_door->portrait_room step 13/16: 1 chunk(s) of 0.79s, change 25.4, best 25.4, hazards none — one push, so `best` IS the whole leg's travel
      |       step 13/16 bearing  357.8 (got  358.6) 0.79s -> walked 0.79s, best change 25.4
      |         turn to 357.9: NO-OP, already inside 4.0 deg (at 358.5, err -0.6) — nothing was sent, the recorded curve was discarded, and the caller's step line will look like a turn that happened
      |         office_door->portrait_room step 14/16: 1 chunk(s) of 0.79s, change 31.7, best 31.7, hazards none — one push, so `best` IS the whole leg's travel
      |       step 14/16 bearing  357.9 (got  358.5) 0.79s -> walked 0.79s, best change 31.7
      |         turn to 0.8: NO-OP, already inside 4.0 deg (at 358.5, err +2.3) — nothing was sent, the recorded curve was discarded, and the caller's step line will look like a turn that happened
      |         office_door->portrait_room step 15/16: 1 chunk(s) of 0.79s, change 27.3, best 27.3, hazards none — one push, so `best` IS the whole leg's travel
      |       step 15/16 bearing    0.8 (got  358.5) 0.79s -> walked 0.79s, best change 27.3
      |         turn to 4.0: TURNED to 4.4 (err -0.4) in 1 push(es)
      |         office_door->portrait_room step 16/16: 1 chunk(s) of 0.36s, change 16.7, best 16.7, hazards none — one push, so `best` IS the whole leg's travel
      |       step 16/16 bearing    4.0 (got    4.4) 0.36s -> walked 0.36s, best change 16.7
      |       arrived? True  (portrait_room 718.000/5.570)
      |         turn to 1.5: TURNED to 1.5 (err -0.0) in 2 push(es)
      |       align at portrait_room: yaw nulled to 1.5 (reference 1.5) — 0.0 deg REMAINING = ~1px of phantom dx still in the dx below
      |       align: step 1/6 dx=+48.5 (prev --)
      |       align: dx=+48.5 -> strafe right 0.10s
      |       align: step 2/6 dx=+45.5 (prev +48.5)
      |       align: dx=+45.5 -> strafe right 0.10s
      |       align: within 35px (dx=+9.4) after 2 step(s)
      |       aligned at portrait_room: 9px from the recorded pose
      |       align at portrait_room: dx +9.4px
      |     leg portrait_room -> bar_pool_room
      |         turn to 286.6: TURNED to 290.4 (err -3.8) in 1 push(es)
      |         portrait_room->bar_pool_room step 1/4: 1 chunk(s) of 0.16s, change 11.3, best 11.3, hazards none — one push, so `best` IS the whole leg's travel
      |       step 1/4 bearing  286.6 (got  290.4) 0.16s -> walked 0.16s, best change 11.3
      |         turn to 292.2: NO-OP, already inside 4.0 deg (at 290.4, err +1.8) — nothing was sent, the recorded curve was discarded, and the caller's step line will look like a turn that happened
      |         portrait_room->bar_pool_room step 2/4: 1 chunk(s) of 0.79s, change 17.7, best 17.7, hazards none — one push, so `best` IS the whole leg's travel
      |       step 2/4 bearing  292.2 (got  290.4) 0.79s -> walked 0.79s, best change 17.7
      |         turn to 285.6: TURNED to 284.9 (err +0.6) in 1 push(es)
      |         portrait_room->bar_pool_room step 3/4: 1 chunk(s) of 0.80s, change 15.5, best 15.5, hazards none — one push, so `best` IS the whole leg's travel
      |       step 3/4 bearing  285.6 (got  284.9) 0.80s -> walked 0.80s, best change 15.5
      |         turn to 287.6: NO-OP, already inside 4.0 deg (at 285.0, err +2.6) — nothing was sent, the recorded curve was discarded, and the caller's step line will look like a turn that happened
      |         portrait_room->bar_pool_room step 4/4: 1 chunk(s) of 0.23s, change 14.6, best 14.6, hazards none — one push, so `best` IS the whole leg's travel
      |       step 4/4 bearing  287.6 (got  285.0) 0.23s -> walked 0.23s, best change 14.6
      |       arrived? True  (bar_pool_room 474.000/4.090)
      |         turn to 288.2: TURNED to 287.7 (err +0.5) in 3 push(es)
      |       align at bar_pool_room: yaw nulled to 287.7 (reference 288.2) — 0.5 deg REMAINING = ~9px of phantom dx still in the dx below
      |       align: step 1/6 dx=+120.2 (prev --)
      |       align: dx=+120.2 -> strafe right 0.10s
      |       align: step 2/6 dx=+81.7 (prev +120.2)
      |       align: dx=+81.7 -> strafe right 0.10s
      |       align: step 3/6 dx=+48.9 (prev +81.7)
      |       align: dx=+48.9 -> strafe right 0.10s
      |       align: within 35px (dx=+16.3) after 3 step(s)
      |       aligned at bar_pool_room: 16px from the recorded pose
      |       align at bar_pool_room: dx +16.3px
      |   arrived, but 1 node(s) could not be confirmed on the way: ['office_door'] — each is a hole in the reference set
      |   attempt 2/3 at bar_pool_room
      |   verified at bar_pool_room (bar_pool_room 375.000/2.950)
[ 2] original  ARRIVED in 55s  located=bar_pool_room
      |   arm=shipped  LEG_SPEED_BY_LEG=3.0  MERGE_STEPS_BY_LEG=True  MERGED_TURN_TOLERANCE=1.0
      |   pause menu open (selected 'Resume')
      |   selected: Load Last Save
      |   confirmation dialog up (delta 82.5) -> YES
      |   world back after 3.3s, spawn bearing 87 (E)
      |   attempt 1/3 at bar_pool_room
      |   locate() cannot name office_corridor (it has no appearance reference by design) but the caller reset onto it — routing from there instead of sweeping and reloading
      |   route: office_corridor -> office_door -> portrait_room -> bar_pool_room  (18.1s of walking)
      |     leg office_corridor -> office_door
      |         turn to 270.2: TURNED to 269.6 (err +0.7) in 3 push(es)
      |         office_corridor->office_door step 1/1: 1 chunk(s) of 1.95s, change 16.5, best 16.5, hazards none — one push, so `best` IS the whole leg's travel
      |       step 1/1 bearing  270.2 (got  269.6) 1.95s -> walked 1.95s, best change 16.5
      |       arrived? None  (no appearance reference by design)
      |     leg office_door -> portrait_room
      |         turn to 338.1: TURNED to 337.9 (err +0.2) in 2 push(es)
      |         office_door->portrait_room step 1/16: 1 chunk(s) of 0.79s, change 10.9, best 10.9, hazards none — one push, so `best` IS the whole leg's travel
      |       step 1/16 bearing  338.1 (got  337.9) 0.79s -> walked 0.79s, best change 10.9
      |         turn to 339.2: NO-OP, already inside 4.0 deg (at 337.9, err +1.3) — nothing was sent, the recorded curve was discarded, and the caller's step line will look like a turn that happened
      |         office_door->portrait_room step 2/16: 1 chunk(s) of 0.70s, change 12.5, best 12.5, hazards none — one push, so `best` IS the whole leg's travel
      |       step 2/16 bearing  339.2 (got  337.9) 0.70s -> walked 0.70s, best change 12.5
      |         turn to 347.9: TURNED to 346.3 (err +1.6) in 1 push(es)
      |         office_door->portrait_room step 3/16: 1 chunk(s) of 0.42s, change 17.7, best 17.7, hazards none — one push, so `best` IS the whole leg's travel
      |       step 3/16 bearing  347.9 (got  346.3) 0.42s -> walked 0.42s, best change 17.7
      |         turn to 355.2: TURNED to 351.5 (err +3.6) in 1 push(es)
      |         office_door->portrait_room step 4/16: 1 chunk(s) of 0.79s, change 56.9, best 56.9, hazards none — one push, so `best` IS the whole leg's travel
      |       step 4/16 bearing  355.2 (got  351.5) 0.79s -> walked 0.79s, best change 56.9
      |         turn to 360.0: NO compass reading, abandoned BEFORE turning — the caller's 'got --' is an unread heading, not a heading that was reached
      |         office_door->portrait_room step 5/16: 1 chunk(s) of 0.51s, change 42.3, best 42.3, hazards none — one push, so `best` IS the whole leg's travel
      |       step 5/16 bearing  360.0 (got --) 0.51s -> walked 0.51s, best change 42.3
      |         turn to 8.6: TURNED to 8.6 (err -0.1) in 1 push(es)
      |         office_door->portrait_room step 6/16: 1 chunk(s) of 0.78s, change 16.7, best 16.7, hazards none — one push, so `best` IS the whole leg's travel
      |       step 6/16 bearing    8.6 (got    8.6) 0.78s -> walked 0.78s, best change 16.7
      |         turn to 7.7: NO-OP, already inside 4.0 deg (at 8.6, err -0.9) — nothing was sent, the recorded curve was discarded, and the caller's step line will look like a turn that happened
      |         office_door->portrait_room step 7/16: 1 chunk(s) of 0.78s, change 26.9, best 26.9, hazards none — one push, so `best` IS the whole leg's travel
      |       step 7/16 bearing    7.7 (got    8.6) 0.78s -> walked 0.78s, best change 26.9
      |         turn to 1.7: TURNED to 2.4 (err -0.7) in 1 push(es)
      |         office_door->portrait_room step 8/16: 1 chunk(s) of 0.80s, change 37.1, best 37.1, hazards none — one push, so `best` IS the whole leg's travel
      |       step 8/16 bearing    1.7 (got    2.4) 0.80s -> walked 0.80s, best change 37.1
      |         turn to 359.6: NO-OP, already inside 4.0 deg (at 2.4, err -2.8) — nothing was sent, the recorded curve was discarded, and the caller's step line will look like a turn that happened
      |         office_door->portrait_room step 9/16: 1 chunk(s) of 0.36s, change 15.1, best 15.1, hazards none — one push, so `best` IS the whole leg's travel
      |       step 9/16 bearing  359.6 (got    2.4) 0.36s -> walked 0.36s, best change 15.1
      |         turn to 359.4: NO-OP, already inside 4.0 deg (at 2.5, err -3.1) — nothing was sent, the recorded curve was discarded, and the caller's step line will look like a turn that happened
      |         office_door->portrait_room step 10/16: 1 chunk(s) of 0.78s, change 21.7, best 21.7, hazards none — one push, so `best` IS the whole leg's travel
      |       step 10/16 bearing  359.4 (got    2.5) 0.78s -> walked 0.78s, best change 21.7
      |         turn to 357.9: TURNED to 358.5 (err -0.6) in 1 push(es)
      |         office_door->portrait_room step 11/16: 1 chunk(s) of 0.79s, change 31.4, best 31.4, hazards none — one push, so `best` IS the whole leg's travel
      |       step 11/16 bearing  357.9 (got  358.5) 0.79s -> walked 0.79s, best change 31.4
      |         turn to 358.0: NO-OP, already inside 4.0 deg (at 358.5, err -0.4) — nothing was sent, the recorded curve was discarded, and the caller's step line will look like a turn that happened
      |         office_door->portrait_room step 12/16: 1 chunk(s) of 0.79s, change 23.0, best 23.0, hazards none — one push, so `best` IS the whole leg's travel
      |       step 12/16 bearing  358.0 (got  358.5) 0.79s -> walked 0.79s, best change 23.0
      |         turn to 357.8: NO-OP, already inside 4.0 deg (at 358.4, err -0.6) — nothing was sent, the recorded curve was discarded, and the caller's step line will look like a turn that happened
      |         office_door->portrait_room step 13/16: 1 chunk(s) of 0.79s, change 19.9, best 19.9, hazards none — one push, so `best` IS the whole leg's travel
      |       step 13/16 bearing  357.8 (got  358.4) 0.79s -> walked 0.79s, best change 19.9
      |         turn to 357.9: NO-OP, already inside 4.0 deg (at 358.5, err -0.5) — nothing was sent, the recorded curve was discarded, and the caller's step line will look like a turn that happened
      |         office_door->portrait_room step 14/16: 1 chunk(s) of 0.79s, change 18.3, best 18.3, hazards none — one push, so `best` IS the whole leg's travel
      |       step 14/16 bearing  357.9 (got  358.5) 0.79s -> walked 0.79s, best change 18.3
      |         turn to 0.8: NO-OP, already inside 4.0 deg (at 358.5, err +2.4) — nothing was sent, the recorded curve was discarded, and the caller's step line will look like a turn that happened
      |         office_door->portrait_room step 15/16: 1 chunk(s) of 0.79s, change 24.8, best 24.8, hazards none — one push, so `best` IS the whole leg's travel
      |       step 15/16 bearing    0.8 (got  358.5) 0.79s -> walked 0.79s, best change 24.8
      |         turn to 4.0: TURNED to 3.4 (err +0.6) in 1 push(es)
      |         office_door->portrait_room step 16/16: 1 chunk(s) of 0.36s, change 19.4, best 19.4, hazards none — one push, so `best` IS the whole leg's travel
      |       step 16/16 bearing    4.0 (got    3.4) 0.36s -> walked 0.36s, best change 19.4
      |       arrived? True  (portrait_room 390.000/3.280)
      |         turn to 1.5: TURNED to 1.9 (err -0.5) in 1 push(es)
      |       align at portrait_room: yaw nulled to 1.9 (reference 1.5) — 0.5 deg REMAINING = ~9px of phantom dx still in the dx below
      |       align: step 1/6 dx=+41.4 (prev --)
      |       align: dx=+41.4 -> strafe right 0.10s
      |       align: dx barely changed (+41 -> +60) — blocked sideways, cannot correct from here
      |       aligned at portrait_room: 60px from the recorded pose
      |       align at portrait_room: dx +59.7px
      |     leg portrait_room -> bar_pool_room
      |         turn to 286.6: TURNED to 286.1 (err +0.4) in 1 push(es)
      |         portrait_room->bar_pool_room step 1/4: 1 chunk(s) of 0.16s, change 6.9, best 6.9, hazards none — one push, so `best` IS the whole leg's travel
      |       step 1/4 bearing  286.6 (got  286.1) 0.16s -> walked 0.16s, best change 6.9
      |         turn to 292.2: TURNED to 291.1 (err +1.1) in 1 push(es)
      |         portrait_room->bar_pool_room step 2/4: 1 chunk(s) of 0.79s, change 20.6, best 20.6, hazards none — one push, so `best` IS the whole leg's travel
      |       step 2/4 bearing  292.2 (got  291.1) 0.79s -> walked 0.79s, best change 20.6
      |         turn to 285.6: TURNED to 288.0 (err -2.4) in 2 push(es)
      |         portrait_room->bar_pool_room step 3/4: 1 chunk(s) of 0.80s, change 16.9, best 16.9, hazards none — one push, so `best` IS the whole leg's travel
      |       step 3/4 bearing  285.6 (got  288.0) 0.80s -> walked 0.80s, best change 16.9
      |         turn to 287.6: NO-OP, already inside 4.0 deg (at 288.0, err -0.4) — nothing was sent, the recorded curve was discarded, and the caller's step line will look like a turn that happened
      |         portrait_room->bar_pool_room step 4/4: 1 chunk(s) of 0.23s, change 7.9, best 7.9, hazards none — one push, so `best` IS the whole leg's travel
      |       step 4/4 bearing  287.6 (got  288.0) 0.23s -> walked 0.23s, best change 7.9
      |       recovery fan did not find bar_pool_room
      |       arrived? None  (unverified, abstained (123.000/1.070))
      |   arrived, but 2 node(s) could not be confirmed on the way: ['office_door', 'bar_pool_room'] — each is a hole in the reference set
      |   attempt 2/3 at bar_pool_room
      |   not at bar_pool_room and cannot say where this is (unrecognised (85.000/1.330)) — reloading to a known start
      |   pause menu open (selected 'Resume')
      |   selected: Load Last Save
      |   confirmation dialog up (delta 81.1) -> YES
      |   world back after 3.2s, spawn bearing 87 (E)
      |   route: office_corridor -> office_door -> portrait_room -> bar_pool_room  (18.1s of walking)
      |     leg office_corridor -> office_door
      |         turn to 270.2: TURNED to 270.2 (err +0.0) in 2 push(es)
      |         office_corridor->office_door step 1/1: 1 chunk(s) of 1.95s, change 17.1, best 17.1, hazards none — one push, so `best` IS the whole leg's travel
      |       step 1/1 bearing  270.2 (got  270.2) 1.95s -> walked 1.95s, best change 17.1
      |       arrived? None  (no appearance reference by design)
      |     leg office_door -> portrait_room
      |         turn to 338.1: TURNED to 334.5 (err +3.6) in 1 push(es)
      |         office_door->portrait_room step 1/16: 1 chunk(s) of 0.79s, change 9.4, best 9.4, hazards none — one push, so `best` IS the whole leg's travel
      |       step 1/16 bearing  338.1 (got  334.5) 0.79s -> walked 0.79s, best change 9.4
      |         turn to 339.2: TURNED to 338.6 (err +0.6) in 1 push(es)
      |         office_door->portrait_room step 2/16: 1 chunk(s) of 0.70s, change 11.4, best 11.4, hazards none — one push, so `best` IS the whole leg's travel
      |       step 2/16 bearing  339.2 (got  338.6) 0.70s -> walked 0.70s, best change 11.4
      |         turn to 347.9: TURNED to 345.3 (err +2.6) in 1 push(es)
      |         office_door->portrait_room step 3/16: 1 chunk(s) of 0.42s, change 16.5, best 16.5, hazards none — one push, so `best` IS the whole leg's travel
      |       step 3/16 bearing  347.9 (got  345.3) 0.42s -> walked 0.42s, best change 16.5
      |         turn to 355.2: TURNED to 354.4 (err +0.7) in 1 push(es)
      |         office_door->portrait_room step 4/16: 1 chunk(s) of 0.79s, change 49.3, best 49.3, hazards none — one push, so `best` IS the whole leg's travel
      |       step 4/16 bearing  355.2 (got  354.4) 0.79s -> walked 0.79s, best change 49.3
      |         turn to 360.0: TURNED to 0.5 (err -0.5) in 1 push(es)
      |         office_door->portrait_room step 5/16: 1 chunk(s) of 0.51s, change 32.9, best 32.9, hazards none — one push, so `best` IS the whole leg's travel
      |       step 5/16 bearing  360.0 (got    0.5) 0.51s -> walked 0.51s, best change 32.9
      |         turn to 8.6: TURNED to 10.5 (err -1.9) in 2 push(es)
      |         office_door->portrait_room step 6/16: 1 chunk(s) of 0.78s, change 16.7, best 16.7, hazards none — one push, so `best` IS the whole leg's travel
      |       step 6/16 bearing    8.6 (got   10.5) 0.78s -> walked 0.78s, best change 16.7
      |         turn to 7.7: NO-OP, already inside 4.0 deg (at 10.5, err -2.7) — nothing was sent, the recorded curve was discarded, and the caller's step line will look like a turn that happened
      |         office_door->portrait_room step 7/16: 1 chunk(s) of 0.78s, change 28.2, best 28.2, hazards none — one push, so `best` IS the whole leg's travel
      |       step 7/16 bearing    7.7 (got   10.5) 0.78s -> walked 0.78s, best change 28.2
      |         turn to 1.7: TURNED to 1.3 (err +0.5) in 1 push(es)
      |         office_door->portrait_room step 8/16: 1 chunk(s) of 0.80s, change 35.4, best 35.4, hazards none — one push, so `best` IS the whole leg's travel
      |       step 8/16 bearing    1.7 (got    1.3) 0.80s -> walked 0.80s, best change 35.4
      |         turn to 359.6: NO-OP, already inside 4.0 deg (at 1.2, err -1.6) — nothing was sent, the recorded curve was discarded, and the caller's step line will look like a turn that happened
      |         office_door->portrait_room step 9/16: 1 chunk(s) of 0.36s, change 21.4, best 21.4, hazards none — one push, so `best` IS the whole leg's travel
      |       step 9/16 bearing  359.6 (got    1.2) 0.36s -> walked 0.36s, best change 21.4
      |         turn to 359.4: NO-OP, already inside 4.0 deg (at 1.2, err -1.8) — nothing was sent, the recorded curve was discarded, and the caller's step line will look like a turn that happened
      |         office_door->portrait_room step 10/16: 1 chunk(s) of 0.78s, change 31.4, best 31.4, hazards none — one push, so `best` IS the whole leg's travel
      |       step 10/16 bearing  359.4 (got    1.2) 0.78s -> walked 0.78s, best change 31.4
      |         turn to 357.9: NO-OP, already inside 4.0 deg (at 1.1, err -3.2) — nothing was sent, the recorded curve was discarded, and the caller's step line will look like a turn that happened
      |         office_door->portrait_room step 11/16: 1 chunk(s) of 0.79s, change 21.9, best 21.9, hazards none — one push, so `best` IS the whole leg's travel
      |       step 11/16 bearing  357.9 (got    1.1) 0.79s -> walked 0.79s, best change 21.9
      |         turn to 358.0: NO-OP, already inside 4.0 deg (at 1.1, err -3.1) — nothing was sent, the recorded curve was discarded, and the caller's step line will look like a turn that happened
      |         office_door->portrait_room step 12/16: 1 chunk(s) of 0.79s, change 19.4, best 19.4, hazards none — one push, so `best` IS the whole leg's travel
      |       step 12/16 bearing  358.0 (got    1.1) 0.79s -> walked 0.79s, best change 19.4
      |         turn to 357.8: NO-OP, already inside 4.0 deg (at 1.2, err -3.3) — nothing was sent, the recorded curve was discarded, and the caller's step line will look like a turn that happened
      |         office_door->portrait_room step 13/16: 1 chunk(s) of 0.79s, change 20.9, best 20.9, hazards none — one push, so `best` IS the whole leg's travel
      |       step 13/16 bearing  357.8 (got    1.2) 0.79s -> walked 0.79s, best change 20.9
      |         turn to 357.9: NO-OP, already inside 4.0 deg (at 1.2, err -3.2) — nothing was sent, the recorded curve was discarded, and the caller's step line will look like a turn that happened
      |         office_door->portrait_room step 14/16: 1 chunk(s) of 0.79s, change 24.8, best 24.8, hazards none — one push, so `best` IS the whole leg's travel
      |       step 14/16 bearing  357.9 (got    1.2) 0.79s -> walked 0.79s, best change 24.8
      |         turn to 0.8: NO-OP, already inside 4.0 deg (at 1.2, err -0.3) — nothing was sent, the recorded curve was discarded, and the caller's step line will look like a turn that happened
      |         office_door->portrait_room step 15/16: 1 chunk(s) of 0.79s, change 29.8, best 29.8, hazards none — one push, so `best` IS the whole leg's travel
      |       step 15/16 bearing    0.8 (got    1.2) 0.79s -> walked 0.79s, best change 29.8
      |         turn to 4.0: NO-OP, already inside 4.0 deg (at 1.2, err +2.8) — nothing was sent, the recorded curve was discarded, and the caller's step line will look like a turn that happened
      |         office_door->portrait_room step 16/16: 1 chunk(s) of 0.36s, change 20.6, best 20.6, hazards none — one push, so `best` IS the whole leg's travel
      |       step 16/16 bearing    4.0 (got    1.2) 0.36s -> walked 0.36s, best change 20.6
      |       arrived? True  (portrait_room 888.000/6.990)
      |         turn to 1.5: NO-OP, already inside 0.5 deg (at 1.2, err +0.3) — nothing was sent, the recorded curve was discarded, and the caller's step line will look like a turn that happened
      |       align at portrait_room: yaw nulled to 1.2 (reference 1.5) — 0.3 deg REMAINING = ~6px of phantom dx still in the dx below
      |       align: within 35px (dx=+26.0) after 0 step(s)
      |       aligned at portrait_room: 26px from the recorded pose
      |       align at portrait_room: dx +26.0px
      |     leg portrait_room -> bar_pool_room
      |         turn to 286.6: TURNED to 290.1 (err -3.5) in 1 push(es)
      |         portrait_room->bar_pool_room step 1/4: 1 chunk(s) of 0.16s, change 12.9, best 12.9, hazards none — one push, so `best` IS the whole leg's travel
      |       step 1/4 bearing  286.6 (got  290.1) 0.16s -> walked 0.16s, best change 12.9
      |         turn to 292.2: NO-OP, already inside 4.0 deg (at 290.1, err +2.1) — nothing was sent, the recorded curve was discarded, and the caller's step line will look like a turn that happened
      |         portrait_room->bar_pool_room step 2/4: 1 chunk(s) of 0.79s, change 41.5, best 41.5, hazards none — one push, so `best` IS the whole leg's travel
      |       step 2/4 bearing  292.2 (got  290.1) 0.79s -> walked 0.79s, best change 41.5
      |         turn to 285.6: NO compass reading, abandoned BEFORE turning — the caller's 'got --' is an unread heading, not a heading that was reached
      |         portrait_room->bar_pool_room step 3/4: 1 chunk(s) of 0.80s, change 32.5, best 32.5, hazards none — one push, so `best` IS the whole leg's travel
      |       step 3/4 bearing  285.6 (got  290.3) 0.80s -> walked 0.80s, best change 32.5
      |         turn to 287.6: NO-OP, already inside 4.0 deg (at 290.1, err -2.5) — nothing was sent, the recorded curve was discarded, and the caller's step line will look like a turn that happened
      |         portrait_room->bar_pool_room step 4/4: 1 chunk(s) of 0.23s, change 16.0, best 16.0, hazards none — one push, so `best` IS the whole leg's travel
      |       step 4/4 bearing  287.6 (got  290.1) 0.23s -> walked 0.23s, best change 16.0
      |       recovery fan did not find bar_pool_room
      |       arrived? None  (unverified, abstained (88.000/1.110))
      |   arrived, but 2 node(s) could not be confirmed on the way: ['office_door', 'bar_pool_room'] — each is a hole in the reference set
      |   attempt 3/3 at bar_pool_room
      |       re-localised by turning 300 deg: portrait_room 531.000/4.350
      |   re-localised at portrait_room by turning; routing from there
      |   route: portrait_room -> bar_pool_room  (2.0s of walking)
      |     leg portrait_room -> bar_pool_room
      |         turn to 286.6: TURNED to 289.9 (err -3.3) in 1 push(es)
      |         portrait_room->bar_pool_room step 1/4: 1 chunk(s) of 0.16s, change 10.4, best 10.4, hazards none — one push, so `best` IS the whole leg's travel
      |       step 1/4 bearing  286.6 (got  289.9) 0.16s -> walked 0.16s, best change 10.4
      |         turn to 292.2: NO-OP, already inside 4.0 deg (at 289.9, err +2.3) — nothing was sent, the recorded curve was discarded, and the caller's step line will look like a turn that happened
      |         portrait_room->bar_pool_room step 2/4: 1 chunk(s) of 0.79s, change 23.8, best 23.8, hazards none — one push, so `best` IS the whole leg's travel
      |       step 2/4 bearing  292.2 (got  289.9) 0.79s -> walked 0.79s, best change 23.8
      |         turn to 285.6: TURNED to 286.2 (err -0.6) in 1 push(es)
      |         portrait_room->bar_pool_room step 3/4: 1 chunk(s) of 0.80s, change 24.4, best 24.4, hazards none — one push, so `best` IS the whole leg's travel
      |       step 3/4 bearing  285.6 (got  286.2) 0.80s -> walked 0.80s, best change 24.4
      |         turn to 287.6: NO-OP, already inside 4.0 deg (at 286.2, err +1.4) — nothing was sent, the recorded curve was discarded, and the caller's step line will look like a turn that happened
      |         portrait_room->bar_pool_room step 4/4: 1 chunk(s) of 0.23s, change 10.7, best 10.7, hazards none — one push, so `best` IS the whole leg's travel
      |       step 4/4 bearing  287.6 (got  286.2) 0.23s -> walked 0.23s, best change 10.7
      |       recovery fan did not find bar_pool_room
      |       arrived? None  (unverified, abstained (107.000/1.110))
      |   arrived, but 1 node(s) could not be confirmed on the way: ['bar_pool_room'] — each is a hole in the reference set
      |   could not verify bar_pool_room after 3 attempt(s); here is None (unrecognised (39.000/1.220))
[ 3] shipped   missed   in 329s  located=None
      |   arm=original  LEG_SPEED_BY_LEG=None  MERGE_STEPS_BY_LEG=False  MERGED_TURN_TOLERANCE=1.0
      |   pause menu open (selected 'Resume')
      |   selected: Load Last Save
      |   confirmation dialog up (delta 81.1) -> YES
      |   world back after 3.3s, spawn bearing 87 (E)
      |   attempt 1/3 at bar_pool_room
      |   locate() cannot name office_corridor (it has no appearance reference by design) but the caller reset onto it — routing from there instead of sweeping and reloading
      |   route: office_corridor -> office_door -> portrait_room -> bar_pool_room  (18.1s of walking)
      |     leg office_corridor -> office_door
      |         turn to 270.4: TURNED to 269.9 (err +0.6) in 2 push(es)
      |         office_corridor->office_door step 1/7: 1 chunk(s) of 0.79s, change 19.6, best 19.6, hazards none — one push, so `best` IS the whole leg's travel
      |       step 1/7 bearing  270.4 (got  269.9) 0.79s -> walked 0.79s, best change 19.6
      |         turn to 270.1: NO-OP, already inside 4.0 deg (at 269.8, err +0.3) — nothing was sent, the recorded curve was discarded, and the caller's step line will look like a turn that happened
      |         office_corridor->office_door step 2/7: 1 chunk(s) of 0.78s, change 19.2, best 19.2, hazards none — one push, so `best` IS the whole leg's travel
      |       step 2/7 bearing  270.1 (got  269.8) 0.78s -> walked 0.78s, best change 19.2
      |         turn to 270.1: NO-OP, already inside 4.0 deg (at 269.9, err +0.3) — nothing was sent, the recorded curve was discarded, and the caller's step line will look like a turn that happened
      |         office_corridor->office_door step 3/7: 1 chunk(s) of 0.78s, change 14.5, best 14.5, hazards none — one push, so `best` IS the whole leg's travel
      |       step 3/7 bearing  270.1 (got  269.9) 0.78s -> walked 0.78s, best change 14.5
      |         turn to 270.3: NO-OP, already inside 4.0 deg (at 269.9, err +0.4) — nothing was sent, the recorded curve was discarded, and the caller's step line will look like a turn that happened
      |         office_corridor->office_door step 4/7: 1 chunk(s) of 0.78s, change 11.2, best 11.2, hazards none — one push, so `best` IS the whole leg's travel
      |       step 4/7 bearing  270.3 (got  269.9) 0.78s -> walked 0.78s, best change 11.2
      |         turn to 270.1: NO-OP, already inside 4.0 deg (at 269.9, err +0.2) — nothing was sent, the recorded curve was discarded, and the caller's step line will look like a turn that happened
      |         office_corridor->office_door step 5/7: 1 chunk(s) of 0.79s, change 8.3, best 8.3, hazards none — one push, so `best` IS the whole leg's travel
      |       step 5/7 bearing  270.1 (got  269.9) 0.79s -> walked 0.79s, best change 8.3
      |         turn to 270.1: NO-OP, already inside 4.0 deg (at 269.9, err +0.2) — nothing was sent, the recorded curve was discarded, and the caller's step line will look like a turn that happened
      |         office_corridor->office_door step 6/7: 1 chunk(s) of 0.79s, change 8.0, best 8.0, hazards none — one push, so `best` IS the whole leg's travel
      |       step 6/7 bearing  270.1 (got  269.9) 0.79s -> walked 0.79s, best change 8.0
      |         turn to 270.4: NO-OP, already inside 4.0 deg (at 269.9, err +0.5) — nothing was sent, the recorded curve was discarded, and the caller's step line will look like a turn that happened
      |         office_corridor->office_door step 7/7: 1 chunk(s) of 0.42s, change 7.3, best 7.3, hazards none — one push, so `best` IS the whole leg's travel
      |       step 7/7 bearing  270.4 (got  269.9) 0.42s -> walked 0.42s, best change 7.3
      |       arrived? None  (no appearance reference by design)
      |     leg office_door -> portrait_room
      |         turn to 338.1: TURNED to 334.2 (err +3.9) in 1 push(es)
      |         office_door->portrait_room step 1/16: 1 chunk(s) of 0.79s, change 11.1, best 11.1, hazards none — one push, so `best` IS the whole leg's travel
      |       step 1/16 bearing  338.1 (got  334.2) 0.79s -> walked 0.79s, best change 11.1
      |         turn to 339.2: TURNED to 339.7 (err -0.5) in 1 push(es)
      |         office_door->portrait_room step 2/16: 1 chunk(s) of 0.70s, change 19.2, best 19.2, hazards none — one push, so `best` IS the whole leg's travel
      |       step 2/16 bearing  339.2 (got  339.7) 0.70s -> walked 0.70s, best change 19.2
      |         turn to 347.9: TURNED to 346.3 (err +1.6) in 1 push(es)
      |         office_door->portrait_room step 3/16: 1 chunk(s) of 0.42s, change 22.7, best 22.7, hazards none — one push, so `best` IS the whole leg's travel
      |       step 3/16 bearing  347.9 (got  346.3) 0.42s -> walked 0.42s, best change 22.7
      |         turn to 355.2: TURNED to 355.8 (err -0.7) in 1 push(es)
      |         office_door->portrait_room step 4/16: 1 chunk(s) of 0.79s, change 42.3, best 42.3, hazards none — one push, so `best` IS the whole leg's travel
      |       step 4/16 bearing  355.2 (got  355.8) 0.79s -> walked 0.79s, best change 42.3
      |         turn to 360.0: TURNED to 1.5 (err -1.5) in 1 push(es)
      |         office_door->portrait_room step 5/16: 1 chunk(s) of 0.51s, change 26.3, best 26.3, hazards none — one push, so `best` IS the whole leg's travel
      |       step 5/16 bearing  360.0 (got    1.5) 0.51s -> walked 0.51s, best change 26.3
      |         turn to 8.6: TURNED to 8.5 (err +0.0) in 1 push(es)
      |         office_door->portrait_room step 6/16: 1 chunk(s) of 0.78s, change 18.7, best 18.7, hazards none — one push, so `best` IS the whole leg's travel
      |       step 6/16 bearing    8.6 (got    8.5) 0.78s -> walked 0.78s, best change 18.7
      |         turn to 7.7: NO-OP, already inside 4.0 deg (at 8.6, err -0.8) — nothing was sent, the recorded curve was discarded, and the caller's step line will look like a turn that happened
      |         office_door->portrait_room step 7/16: 1 chunk(s) of 0.78s, change 28.2, best 28.2, hazards none — one push, so `best` IS the whole leg's travel
      |       step 7/16 bearing    7.7 (got    8.6) 0.78s -> walked 0.78s, best change 28.2
      |         turn to 1.7: TURNED to 0.5 (err +1.2) in 1 push(es)
      |         office_door->portrait_room step 8/16: 1 chunk(s) of 0.80s, change 32.2, best 32.2, hazards none — one push, so `best` IS the whole leg's travel
      |       step 8/16 bearing    1.7 (got    0.5) 0.80s -> walked 0.80s, best change 32.2
      |         turn to 359.6: NO-OP, already inside 4.0 deg (at 0.5, err -0.8) — nothing was sent, the recorded curve was discarded, and the caller's step line will look like a turn that happened
      |         office_door->portrait_room step 9/16: 1 chunk(s) of 0.36s, change 17.7, best 17.7, hazards none — one push, so `best` IS the whole leg's travel
      |       step 9/16 bearing  359.6 (got    0.5) 0.36s -> walked 0.36s, best change 17.7
      |         turn to 359.4: NO-OP, already inside 4.0 deg (at 0.5, err -1.1) — nothing was sent, the recorded curve was discarded, and the caller's step line will look like a turn that happened
      |         office_door->portrait_room step 10/16: 1 chunk(s) of 0.78s, change 18.0, best 18.0, hazards none — one push, so `best` IS the whole leg's travel
      |       step 10/16 bearing  359.4 (got    0.5) 0.78s -> walked 0.78s, best change 18.0
      |         turn to 357.9: NO-OP, already inside 4.0 deg (at 0.5, err -2.6) — nothing was sent, the recorded curve was discarded, and the caller's step line will look like a turn that happened
      |         office_door->portrait_room step 11/16: 1 chunk(s) of 0.79s, change 18.5, best 18.5, hazards none — one push, so `best` IS the whole leg's travel
      |       step 11/16 bearing  357.9 (got    0.5) 0.79s -> walked 0.79s, best change 18.5
      |         turn to 358.0: NO-OP, already inside 4.0 deg (at 0.5, err -2.5) — nothing was sent, the recorded curve was discarded, and the caller's step line will look like a turn that happened
      |         office_door->portrait_room step 12/16: 1 chunk(s) of 0.79s, change 19.1, best 19.1, hazards none — one push, so `best` IS the whole leg's travel
      |       step 12/16 bearing  358.0 (got    0.5) 0.79s -> walked 0.79s, best change 19.1
      |         turn to 357.8: NO-OP, already inside 4.0 deg (at 0.5, err -2.6) — nothing was sent, the recorded curve was discarded, and the caller's step line will look like a turn that happened
      |         office_door->portrait_room step 13/16: 1 chunk(s) of 0.79s, change 23.5, best 23.5, hazards none — one push, so `best` IS the whole leg's travel
      |       step 13/16 bearing  357.8 (got    0.5) 0.79s -> walked 0.79s, best change 23.5
      |         turn to 357.9: NO-OP, already inside 4.0 deg (at 0.5, err -2.6) — nothing was sent, the recorded curve was discarded, and the caller's step line will look like a turn that happened
      |         office_door->portrait_room step 14/16: 1 chunk(s) of 0.79s, change 28.8, best 28.8, hazards none — one push, so `best` IS the whole leg's travel
      |       step 14/16 bearing  357.9 (got    0.5) 0.79s -> walked 0.79s, best change 28.8
      |         turn to 0.8: NO-OP, already inside 4.0 deg (at 0.5, err +0.4) — nothing was sent, the recorded curve was discarded, and the caller's step line will look like a turn that happened
      |         office_door->portrait_room step 15/16: 1 chunk(s) of 0.79s, change 28.0, best 28.0, hazards none — one push, so `best` IS the whole leg's travel
      |       step 15/16 bearing    0.8 (got    0.5) 0.79s -> walked 0.79s, best change 28.0
      |         turn to 4.0: NO-OP, already inside 4.0 deg (at 0.5, err +3.4) — nothing was sent, the recorded curve was discarded, and the caller's step line will look like a turn that happened
      |         office_door->portrait_room step 16/16: 1 chunk(s) of 0.36s, change 17.2, best 17.2, hazards none — one push, so `best` IS the whole leg's travel
      |       step 16/16 bearing    4.0 (got    0.5) 0.36s -> walked 0.36s, best change 17.2
      |       arrived? True  (portrait_room 723.000/5.440)
      |         turn to 1.5: TURNED to 1.1 (err +0.4) in 1 push(es)
      |       align at portrait_room: yaw nulled to 1.1 (reference 1.5) — 0.4 deg REMAINING = ~7px of phantom dx still in the dx below
      |       align: within 35px (dx=-1.0) after 0 step(s)
      |       aligned at portrait_room: 1px from the recorded pose
      |       align at portrait_room: dx +1.0px
      |     leg portrait_room -> bar_pool_room
      |         turn to 286.6: TURNED to 290.0 (err -3.4) in 1 push(es)
      |         portrait_room->bar_pool_room step 1/4: 1 chunk(s) of 0.16s, change 8.7, best 8.7, hazards none — one push, so `best` IS the whole leg's travel
      |       step 1/4 bearing  286.6 (got  290.0) 0.16s -> walked 0.16s, best change 8.7
      |         turn to 292.2: NO-OP, already inside 4.0 deg (at 290.0, err +2.2) — nothing was sent, the recorded curve was discarded, and the caller's step line will look like a turn that happened
      |         portrait_room->bar_pool_room step 2/4: 1 chunk(s) of 0.79s, change 17.7, best 17.7, hazards none — one push, so `best` IS the whole leg's travel
      |       step 2/4 bearing  292.2 (got  290.0) 0.79s -> walked 0.79s, best change 17.7
      |         turn to 285.6: TURNED to 284.4 (err +1.2) in 1 push(es)
      |         portrait_room->bar_pool_room step 3/4: 1 chunk(s) of 0.80s, change 16.5, best 16.5, hazards none — one push, so `best` IS the whole leg's travel
      |       step 3/4 bearing  285.6 (got  284.4) 0.80s -> walked 0.80s, best change 16.5
      |         turn to 287.6: NO-OP, already inside 4.0 deg (at 284.4, err +3.2) — nothing was sent, the recorded curve was discarded, and the caller's step line will look like a turn that happened
      |         portrait_room->bar_pool_room step 4/4: 1 chunk(s) of 0.23s, change 8.6, best 8.6, hazards none — one push, so `best` IS the whole leg's travel
      |       step 4/4 bearing  287.6 (got  284.4) 0.23s -> walked 0.23s, best change 8.6
      |       arrived? True  (bar_pool_room 724.000/5.840)
      |         turn to 288.2: TURNED to 288.1 (err +0.1) in 2 push(es)
      |       align at bar_pool_room: yaw nulled to 288.1 (reference 288.2) — 0.1 deg REMAINING = ~1px of phantom dx still in the dx below
      |       align: step 1/6 dx=+135.6 (prev --)
      |       align: dx=+135.6 -> strafe right 0.11s
      |       align: step 2/6 dx=+96.4 (prev +135.6)
      |       align: dx=+96.4 -> strafe right 0.10s
      |       align: step 3/6 dx=+68.7 (prev +96.4)
      |       align: dx=+68.7 -> strafe right 0.10s
      |       align: step 4/6 dx=+40.0 (prev +68.7)
      |       align: dx=+40.0 -> strafe right 0.10s
      |       align: within 35px (dx=+13.0) after 4 step(s)
      |       aligned at bar_pool_room: 13px from the recorded pose
      |       align at bar_pool_room: dx +13.0px
      |   arrived, but 1 node(s) could not be confirmed on the way: ['office_door'] — each is a hole in the reference set
      |   attempt 2/3 at bar_pool_room
      |   verified at bar_pool_room (bar_pool_room 544.000/5.080)
[ 4] original  ARRIVED in 51s  located=bar_pool_room
      |   arm=shipped  LEG_SPEED_BY_LEG=3.0  MERGE_STEPS_BY_LEG=True  MERGED_TURN_TOLERANCE=1.0
      |   pause menu open (selected 'Resume')
      |   selected: Load Last Save
      |   confirmation dialog up (delta 79.5) -> YES
      |   world back after 3.3s, spawn bearing 87 (E)
      |   attempt 1/3 at bar_pool_room
      |   locate() cannot name office_corridor (it has no appearance reference by design) but the caller reset onto it — routing from there instead of sweeping and reloading
      |   route: office_corridor -> office_door -> portrait_room -> bar_pool_room  (18.1s of walking)
      |     leg office_corridor -> office_door
      |         turn to 270.2: TURNED to 270.9 (err -0.7) in 3 push(es)
      |         office_corridor->office_door step 1/1: 1 chunk(s) of 1.95s, change 17.7, best 17.7, hazards none — one push, so `best` IS the whole leg's travel
      |       step 1/1 bearing  270.2 (got  270.9) 1.95s -> walked 1.95s, best change 17.7
      |       arrived? None  (no appearance reference by design)
      |     leg office_door -> portrait_room
      |         turn to 338.1: TURNED to 337.6 (err +0.5) in 1 push(es)
      |         office_door->portrait_room step 1/16: 1 chunk(s) of 0.79s, change 8.7, best 8.7, hazards none — one push, so `best` IS the whole leg's travel
      |       step 1/16 bearing  338.1 (got  337.6) 0.79s -> walked 0.79s, best change 8.7
      |         turn to 339.2: NO-OP, already inside 4.0 deg (at 337.6, err +1.6) — nothing was sent, the recorded curve was discarded, and the caller's step line will look like a turn that happened
      |         office_door->portrait_room step 2/16: 1 chunk(s) of 0.70s, change 14.3, best 14.3, hazards none — one push, so `best` IS the whole leg's travel
      |       step 2/16 bearing  339.2 (got  337.6) 0.70s -> walked 0.70s, best change 14.3
      |         turn to 347.9: TURNED to 346.2 (err +1.7) in 1 push(es)
      |         office_door->portrait_room step 3/16: 1 chunk(s) of 0.42s, change 20.4, best 20.4, hazards none — one push, so `best` IS the whole leg's travel
      |       step 3/16 bearing  347.9 (got  346.2) 0.42s -> walked 0.42s, best change 20.4
      |         turn to 355.2: TURNED to 356.0 (err -0.8) in 1 push(es)
      |         office_door->portrait_room step 4/16: 1 chunk(s) of 0.79s, change 49.1, best 49.1, hazards none — one push, so `best` IS the whole leg's travel
      |       step 4/16 bearing  355.2 (got  356.0) 0.79s -> walked 0.79s, best change 49.1
      |         turn to 360.0: TURNED to 1.5 (err -1.5) in 1 push(es)
      |         office_door->portrait_room step 5/16: 1 chunk(s) of 0.51s, change 34.4, best 34.4, hazards none — one push, so `best` IS the whole leg's travel
      |       step 5/16 bearing  360.0 (got    1.5) 0.51s -> walked 0.51s, best change 34.4
      |         turn to 8.6: TURNED to 5.8 (err +2.8) in 1 push(es)
      |         office_door->portrait_room step 6/16: 1 chunk(s) of 0.78s, change 15.6, best 15.6, hazards none — one push, so `best` IS the whole leg's travel
      |       step 6/16 bearing    8.6 (got    5.8) 0.78s -> walked 0.78s, best change 15.6
      |         turn to 7.7: NO-OP, already inside 4.0 deg (at 5.7, err +2.0) — nothing was sent, the recorded curve was discarded, and the caller's step line will look like a turn that happened
      |         office_door->portrait_room step 7/16: 1 chunk(s) of 0.78s, change 25.2, best 25.2, hazards none — one push, so `best` IS the whole leg's travel
      |       step 7/16 bearing    7.7 (got    5.7) 0.78s -> walked 0.78s, best change 25.2
      |         turn to 1.7: NO-OP, already inside 4.0 deg (at 5.7, err -4.0) — nothing was sent, the recorded curve was discarded, and the caller's step line will look like a turn that happened
      |         office_door->portrait_room step 8/16: 1 chunk(s) of 0.80s, change 34.6, best 34.6, hazards none — one push, so `best` IS the whole leg's travel
      |       step 8/16 bearing    1.7 (got    5.7) 0.80s -> walked 0.80s, best change 34.6
      |         turn to 359.6: TURNED to 0.8 (err -1.2) in 1 push(es)
      |         office_door->portrait_room step 9/16: 1 chunk(s) of 0.36s, change 13.9, best 13.9, hazards none — one push, so `best` IS the whole leg's travel
      |       step 9/16 bearing  359.6 (got    0.8) 0.36s -> walked 0.36s, best change 13.9
      |         turn to 359.4: NO-OP, already inside 4.0 deg (at 0.8, err -1.4) — nothing was sent, the recorded curve was discarded, and the caller's step line will look like a turn that happened
      |         office_door->portrait_room step 10/16: 1 chunk(s) of 0.78s, change 17.6, best 17.6, hazards none — one push, so `best` IS the whole leg's travel
      |       step 10/16 bearing  359.4 (got    0.8) 0.78s -> walked 0.78s, best change 17.6
      |         turn to 357.9: NO-OP, already inside 4.0 deg (at 0.8, err -3.0) — nothing was sent, the recorded curve was discarded, and the caller's step line will look like a turn that happened
      |         office_door->portrait_room step 11/16: 1 chunk(s) of 0.79s, change 18.0, best 18.0, hazards none — one push, so `best` IS the whole leg's travel
      |       step 11/16 bearing  357.9 (got    0.8) 0.79s -> walked 0.79s, best change 18.0
      |         turn to 358.0: NO-OP, already inside 4.0 deg (at 0.8, err -2.7) — nothing was sent, the recorded curve was discarded, and the caller's step line will look like a turn that happened
      |         office_door->portrait_room step 12/16: 1 chunk(s) of 0.79s, change 18.7, best 18.7, hazards none — one push, so `best` IS the whole leg's travel
      |       step 12/16 bearing  358.0 (got    0.8) 0.79s -> walked 0.79s, best change 18.7
      |         turn to 357.8: NO-OP, already inside 4.0 deg (at 0.8, err -2.9) — nothing was sent, the recorded curve was discarded, and the caller's step line will look like a turn that happened
      |         office_door->portrait_room step 13/16: 1 chunk(s) of 0.79s, change 28.3, best 28.3, hazards none — one push, so `best` IS the whole leg's travel
      |       step 13/16 bearing  357.8 (got    0.8) 0.79s -> walked 0.79s, best change 28.3
      |         turn to 357.9: NO-OP, already inside 4.0 deg (at 0.8, err -2.9) — nothing was sent, the recorded curve was discarded, and the caller's step line will look like a turn that happened
      |         office_door->portrait_room step 14/16: 1 chunk(s) of 0.79s, change 30.0, best 30.0, hazards none — one push, so `best` IS the whole leg's travel
      |       step 14/16 bearing  357.9 (got    0.8) 0.79s -> walked 0.79s, best change 30.0
      |         turn to 0.8: NO-OP, already inside 4.0 deg (at 0.8, err +0.0) — nothing was sent, the recorded curve was discarded, and the caller's step line will look like a turn that happened
      |         office_door->portrait_room step 15/16: 1 chunk(s) of 0.79s, change 18.1, best 18.1, hazards none — one push, so `best` IS the whole leg's travel
      |       step 15/16 bearing    0.8 (got    0.8) 0.79s -> walked 0.79s, best change 18.1
      |         turn to 4.0: NO-OP, already inside 4.0 deg (at 0.8, err +3.1) — nothing was sent, the recorded curve was discarded, and the caller's step line will look like a turn that happened
      |         office_door->portrait_room step 16/16: 1 chunk(s) of 0.36s, change 14.6, best 14.6, hazards none — one push, so `best` IS the whole leg's travel
      |       step 16/16 bearing    4.0 (got    0.8) 0.36s -> walked 0.36s, best change 14.6
      |       arrived? True  (portrait_room 242.000/1.950)
      |         turn to 1.5: TURNED to 1.5 (err -0.1) in 1 push(es)
      |       align at portrait_room: yaw nulled to 1.5 (reference 1.5) — 0.1 deg REMAINING = ~1px of phantom dx still in the dx below
      |       align: within 35px (dx=+2.7) after 0 step(s)
      |       aligned at portrait_room: 3px from the recorded pose
      |       align at portrait_room: dx +2.7px
      |     leg portrait_room -> bar_pool_room
      |         turn to 286.6: TURNED to 286.9 (err -0.3) in 2 push(es)
      |         portrait_room->bar_pool_room step 1/4: 1 chunk(s) of 0.16s, change 7.2, best 7.2, hazards none — one push, so `best` IS the whole leg's travel
      |       step 1/4 bearing  286.6 (got  286.9) 0.16s -> walked 0.16s, best change 7.2
      |         turn to 292.2: TURNED to 291.4 (err +0.8) in 1 push(es)
      |         portrait_room->bar_pool_room step 2/4: 1 chunk(s) of 0.79s, change 13.0, best 13.0, hazards none — one push, so `best` IS the whole leg's travel
      |       step 2/4 bearing  292.2 (got  291.4) 0.79s -> walked 0.79s, best change 13.0
      |         turn to 285.6: TURNED to 286.1 (err -0.5) in 1 push(es)
      |         portrait_room->bar_pool_room step 3/4: 1 chunk(s) of 0.80s, change 14.0, best 14.0, hazards none — one push, so `best` IS the whole leg's travel
      |       step 3/4 bearing  285.6 (got  286.1) 0.80s -> walked 0.80s, best change 14.0
      |         turn to 287.6: NO-OP, already inside 4.0 deg (at 286.1, err +1.5) — nothing was sent, the recorded curve was discarded, and the caller's step line will look like a turn that happened
      |         portrait_room->bar_pool_room step 4/4: 1 chunk(s) of 0.23s, change 8.1, best 8.1, hazards none — one push, so `best` IS the whole leg's travel
      |       step 4/4 bearing  287.6 (got  286.1) 0.23s -> walked 0.23s, best change 8.1
      |       recovery fan did not find bar_pool_room
      |       arrived? None  (unverified, abstained (122.000/1.030))
      |   arrived, but 2 node(s) could not be confirmed on the way: ['office_door', 'bar_pool_room'] — each is a hole in the reference set
      |   attempt 2/3 at bar_pool_room
      |   route: portrait_room -> bar_pool_room  (2.0s of walking)
      |     leg portrait_room -> bar_pool_room
      |         turn to 286.6: TURNED to 288.2 (err -1.6) in 2 push(es)
      |         portrait_room->bar_pool_room step 1/4: 1 chunk(s) of 0.16s, change 6.0, best 6.0, hazards none — one push, so `best` IS the whole leg's travel
      |       step 1/4 bearing  286.6 (got  288.2) 0.16s -> walked 0.16s, best change 6.0
      |         turn to 292.2: NO-OP, already inside 4.0 deg (at 288.2, err +4.0) — nothing was sent, the recorded curve was discarded, and the caller's step line will look like a turn that happened
      |         portrait_room->bar_pool_room step 2/4: 1 chunk(s) of 0.79s, change 22.2, best 22.2, hazards none — one push, so `best` IS the whole leg's travel
      |       step 2/4 bearing  292.2 (got  288.2) 0.79s -> walked 0.79s, best change 22.2
      |         turn to 285.6: NO-OP, already inside 4.0 deg (at 288.2, err -2.6) — nothing was sent, the recorded curve was discarded, and the caller's step line will look like a turn that happened
      |         portrait_room->bar_pool_room step 3/4: 1 chunk(s) of 0.80s, change 24.5, best 24.5, hazards none — one push, so `best` IS the whole leg's travel
      |       step 3/4 bearing  285.6 (got  288.2) 0.80s -> walked 0.80s, best change 24.5
      |         turn to 287.6: NO-OP, already inside 4.0 deg (at 288.6, err -1.0) — nothing was sent, the recorded curve was discarded, and the caller's step line will look like a turn that happened
      |         portrait_room->bar_pool_room step 4/4: 1 chunk(s) of 0.23s, change 17.1, best 17.1, hazards none — one push, so `best` IS the whole leg's travel
      |       step 4/4 bearing  287.6 (got  288.6) 0.23s -> walked 0.23s, best change 17.1
      |       recovery fan did not find bar_pool_room
      |       arrived? None  (unverified, abstained (154.000/1.180))
      |   arrived, but 1 node(s) could not be confirmed on the way: ['bar_pool_room'] — each is a hole in the reference set
      |   attempt 3/3 at bar_pool_room
      |   not at bar_pool_room and cannot say where this is (unrecognised (119.000/1.240)) — reloading to a known start
      |   pause menu open (selected 'Resume')
      |   selected: Load Last Save
      |   confirmation dialog up (delta 81.1) -> YES
      |   YES press 1 did not register, retrying
      |   world back after 3.2s, spawn bearing 87 (E)
      |   route: office_corridor -> office_door -> portrait_room -> bar_pool_room  (18.1s of walking)
      |     leg office_corridor -> office_door
      |         turn to 270.2: TURNED to 270.5 (err -0.2) in 2 push(es)
      |         office_corridor->office_door step 1/1: 1 chunk(s) of 1.95s, change 18.1, best 18.1, hazards none — one push, so `best` IS the whole leg's travel
      |       step 1/1 bearing  270.2 (got  270.5) 1.95s -> walked 1.95s, best change 18.1
      |       arrived? None  (no appearance reference by design)
      |     leg office_door -> portrait_room
      |         turn to 338.1: TURNED to 336.0 (err +2.1) in 1 push(es)
      |         office_door->portrait_room step 1/16: 1 chunk(s) of 0.79s, change 11.2, best 11.2, hazards none — one push, so `best` IS the whole leg's travel
      |       step 1/16 bearing  338.1 (got  336.0) 0.79s -> walked 0.79s, best change 11.2
      |         turn to 339.2: NO-OP, already inside 4.0 deg (at 336.0, err +3.2) — nothing was sent, the recorded curve was discarded, and the caller's step line will look like a turn that happened
      |         office_door->portrait_room step 2/16: 1 chunk(s) of 0.70s, change 11.3, best 11.3, hazards none — one push, so `best` IS the whole leg's travel
      |       step 2/16 bearing  339.2 (got  336.0) 0.70s -> walked 0.70s, best change 11.3
      |         turn to 347.9: TURNED to 348.9 (err -1.0) in 1 push(es)
      |         office_door->portrait_room step 3/16: 1 chunk(s) of 0.42s, change 17.6, best 17.6, hazards none — one push, so `best` IS the whole leg's travel
      |       step 3/16 bearing  347.9 (got  348.9) 0.42s -> walked 0.42s, best change 17.6
      |         turn to 355.2: TURNED to 354.2 (err +1.0) in 1 push(es)
      |         office_door->portrait_room step 4/16: 1 chunk(s) of 0.79s, change 53.4, best 53.4, hazards none — one push, so `best` IS the whole leg's travel
      |       step 4/16 bearing  355.2 (got  354.2) 0.79s -> walked 0.79s, best change 53.4
      |         turn to 360.0: NO compass reading, abandoned BEFORE turning — the caller's 'got --' is an unread heading, not a heading that was reached
      |         office_door->portrait_room step 5/16: 1 chunk(s) of 0.51s, change 36.7, best 36.7, hazards none — one push, so `best` IS the whole leg's travel
      |       step 5/16 bearing  360.0 (got  358.8) 0.51s -> walked 0.51s, best change 36.7
      |         turn to 8.6: TURNED to 6.9 (err +1.7) in 1 push(es)
      |         office_door->portrait_room step 6/16: 1 chunk(s) of 0.78s, change 16.2, best 16.2, hazards none — one push, so `best` IS the whole leg's travel
      |       step 6/16 bearing    8.6 (got    6.9) 0.78s -> walked 0.78s, best change 16.2
      |         turn to 7.7: NO-OP, already inside 4.0 deg (at 6.9, err +0.8) — nothing was sent, the recorded curve was discarded, and the caller's step line will look like a turn that happened
      |         office_door->portrait_room step 7/16: 1 chunk(s) of 0.78s, change 25.4, best 25.4, hazards none — one push, so `best` IS the whole leg's travel
      |       step 7/16 bearing    7.7 (got    6.9) 0.78s -> walked 0.78s, best change 25.4
      |         turn to 1.7: TURNED to 1.4 (err +0.3) in 1 push(es)
      |         office_door->portrait_room step 8/16: 1 chunk(s) of 0.80s, change 33.5, best 33.5, hazards none — one push, so `best` IS the whole leg's travel
      |       step 8/16 bearing    1.7 (got    1.4) 0.80s -> walked 0.80s, best change 33.5
      |         turn to 359.6: NO-OP, already inside 4.0 deg (at 1.6, err -1.9) — nothing was sent, the recorded curve was discarded, and the caller's step line will look like a turn that happened
      |         office_door->portrait_room step 9/16: 1 chunk(s) of 0.36s, change 13.2, best 13.2, hazards none — one push, so `best` IS the whole leg's travel
      |       step 9/16 bearing  359.6 (got    1.6) 0.36s -> walked 0.36s, best change 13.2
      |         turn to 359.4: NO-OP, already inside 4.0 deg (at 1.5, err -2.1) — nothing was sent, the recorded curve was discarded, and the caller's step line will look like a turn that happened
      |         office_door->portrait_room step 10/16: 1 chunk(s) of 0.78s, change 19.7, best 19.7, hazards none — one push, so `best` IS the whole leg's travel
      |       step 10/16 bearing  359.4 (got    1.5) 0.78s -> walked 0.78s, best change 19.7
      |         turn to 357.9: NO-OP, already inside 4.0 deg (at 1.4, err -3.5) — nothing was sent, the recorded curve was discarded, and the caller's step line will look like a turn that happened
      |         office_door->portrait_room step 11/16: 1 chunk(s) of 0.79s, change 17.8, best 17.8, hazards none — one push, so `best` IS the whole leg's travel
      |       step 11/16 bearing  357.9 (got    1.4) 0.79s -> walked 0.79s, best change 17.8
      |         turn to 358.0: NO-OP, already inside 4.0 deg (at 1.4, err -3.3) — nothing was sent, the recorded curve was discarded, and the caller's step line will look like a turn that happened
      |         office_door->portrait_room step 12/16: 1 chunk(s) of 0.79s, change 18.2, best 18.2, hazards none — one push, so `best` IS the whole leg's travel
      |       step 12/16 bearing  358.0 (got    1.4) 0.79s -> walked 0.79s, best change 18.2
      |         turn to 357.8: NO-OP, already inside 4.0 deg (at 1.4, err -3.5) — nothing was sent, the recorded curve was discarded, and the caller's step line will look like a turn that happened
      |         office_door->portrait_room step 13/16: 1 chunk(s) of 0.79s, change 24.8, best 24.8, hazards none — one push, so `best` IS the whole leg's travel
      |       step 13/16 bearing  357.8 (got    1.4) 0.79s -> walked 0.79s, best change 24.8
      |         turn to 357.9: NO-OP, already inside 4.0 deg (at 1.5, err -3.5) — nothing was sent, the recorded curve was discarded, and the caller's step line will look like a turn that happened
      |         office_door->portrait_room step 14/16: 1 chunk(s) of 0.79s, change 32.6, best 32.6, hazards none — one push, so `best` IS the whole leg's travel
      |       step 14/16 bearing  357.9 (got    1.5) 0.79s -> walked 0.79s, best change 32.6
      |         turn to 0.8: NO-OP, already inside 4.0 deg (at 1.4, err -0.5) — nothing was sent, the recorded curve was discarded, and the caller's step line will look like a turn that happened
      |         office_door->portrait_room step 15/16: 1 chunk(s) of 0.79s, change 19.5, best 19.5, hazards none — one push, so `best` IS the whole leg's travel
      |       step 15/16 bearing    0.8 (got    1.4) 0.79s -> walked 0.79s, best change 19.5
      |         turn to 4.0: NO-OP, already inside 4.0 deg (at 1.4, err +2.6) — nothing was sent, the recorded curve was discarded, and the caller's step line will look like a turn that happened
      |         office_door->portrait_room step 16/16: 1 chunk(s) of 0.36s, change 16.3, best 16.3, hazards none — one push, so `best` IS the whole leg's travel
      |       step 16/16 bearing    4.0 (got    1.4) 0.36s -> walked 0.36s, best change 16.3
      |       arrived? True  (portrait_room 182.000/1.900)
      |         turn to 1.5: NO-OP, already inside 0.5 deg (at 1.4, err +0.1) — nothing was sent, the recorded curve was discarded, and the caller's step line will look like a turn that happened
      |       align at portrait_room: yaw nulled to 1.4 (reference 1.5) — 0.1 deg REMAINING = ~1px of phantom dx still in the dx below
      |       align: within 35px (dx=-3.4) after 0 step(s)
      |       aligned at portrait_room: 3px from the recorded pose
      |       align at portrait_room: dx +3.4px
      |     leg portrait_room -> bar_pool_room
      |         turn to 286.6: TURNED to 288.1 (err -1.6) in 2 push(es)
      |         portrait_room->bar_pool_room step 1/4: 1 chunk(s) of 0.16s, change 6.3, best 6.3, hazards none — one push, so `best` IS the whole leg's travel
      |       step 1/4 bearing  286.6 (got  288.1) 0.16s -> walked 0.16s, best change 6.3
      |         turn to 292.2: TURNED to 291.7 (err +0.5) in 1 push(es)
      |         portrait_room->bar_pool_room step 2/4: 1 chunk(s) of 0.79s, change 15.7, best 15.7, hazards none — one push, so `best` IS the whole leg's travel
      |       step 2/4 bearing  292.2 (got  291.7) 0.79s -> walked 0.79s, best change 15.7
      |         turn to 285.6: TURNED to 285.6 (err -0.0) in 1 push(es)
      |         portrait_room->bar_pool_room step 3/4: 1 chunk(s) of 0.80s, change 12.8, best 12.8, hazards none — one push, so `best` IS the whole leg's travel
      |       step 3/4 bearing  285.6 (got  285.6) 0.80s -> walked 0.80s, best change 12.8
      |         turn to 287.6: NO-OP, already inside 4.0 deg (at 285.1, err +2.5) — nothing was sent, the recorded curve was discarded, and the caller's step line will look like a turn that happened
      |         portrait_room->bar_pool_room step 4/4: 1 chunk(s) of 0.23s, change 9.2, best 9.2, hazards none — one push, so `best` IS the whole leg's travel
      |       step 4/4 bearing  287.6 (got  285.1) 0.23s -> walked 0.23s, best change 9.2
      |       recovery fan did not find bar_pool_room
      |       arrived? None  (unverified, abstained (162.000/1.270))
      |   arrived, but 2 node(s) could not be confirmed on the way: ['office_door', 'bar_pool_room'] — each is a hole in the reference set
      |   could not verify bar_pool_room after 3 attempt(s); here is None (unrecognised (163.000/1.210))
[ 5] shipped   missed   in 324s  located=None
      |   arm=original  LEG_SPEED_BY_LEG=None  MERGE_STEPS_BY_LEG=False  MERGED_TURN_TOLERANCE=1.0
      |   pause menu open (selected 'Resume')
      |   selected: Load Last Save
      |   confirmation dialog up (delta 82.2) -> YES
      |   world back after 3.3s, spawn bearing 87 (E)
      |   attempt 1/3 at bar_pool_room
      |   locate() cannot name office_corridor (it has no appearance reference by design) but the caller reset onto it — routing from there instead of sweeping and reloading
      |   route: office_corridor -> office_door -> portrait_room -> bar_pool_room  (18.1s of walking)
      |     leg office_corridor -> office_door
      |         turn to 270.4: TURNED to 274.2 (err -3.8) in 2 push(es)
      |         office_corridor->office_door step 1/7: 1 chunk(s) of 0.79s, change 18.8, best 18.8, hazards none — one push, so `best` IS the whole leg's travel
      |       step 1/7 bearing  270.4 (got  274.2) 0.79s -> walked 0.79s, best change 18.8
      |         turn to 270.1: NO-OP, already inside 4.0 deg (at 274.1, err -4.0) — nothing was sent, the recorded curve was discarded, and the caller's step line will look like a turn that happened
      |         office_corridor->office_door step 2/7: 1 chunk(s) of 0.78s, change 18.4, best 18.4, hazards none — one push, so `best` IS the whole leg's travel
      |       step 2/7 bearing  270.1 (got  274.1) 0.78s -> walked 0.78s, best change 18.4
      |         turn to 270.1: TURNED to 269.5 (err +0.7) in 1 push(es)
      |         office_corridor->office_door step 3/7: 1 chunk(s) of 0.78s, change 14.4, best 14.4, hazards none — one push, so `best` IS the whole leg's travel
      |       step 3/7 bearing  270.1 (got  269.5) 0.78s -> walked 0.78s, best change 14.4
      |         turn to 270.3: NO-OP, already inside 4.0 deg (at 269.5, err +0.8) — nothing was sent, the recorded curve was discarded, and the caller's step line will look like a turn that happened
      |         office_corridor->office_door step 4/7: 1 chunk(s) of 0.78s, change 10.2, best 10.2, hazards none — one push, so `best` IS the whole leg's travel
      |       step 4/7 bearing  270.3 (got  269.5) 0.78s -> walked 0.78s, best change 10.2
      |         turn to 270.1: NO-OP, already inside 4.0 deg (at 269.5, err +0.7) — nothing was sent, the recorded curve was discarded, and the caller's step line will look like a turn that happened
      |         office_corridor->office_door step 5/7: 1 chunk(s) of 0.79s, change 8.5, best 8.5, hazards none — one push, so `best` IS the whole leg's travel
      |       step 5/7 bearing  270.1 (got  269.5) 0.79s -> walked 0.79s, best change 8.5
      |         turn to 270.1: NO-OP, already inside 4.0 deg (at 269.5, err +0.6) — nothing was sent, the recorded curve was discarded, and the caller's step line will look like a turn that happened
      |         office_corridor->office_door step 6/7: 1 chunk(s) of 0.79s, change 6.6, best 6.6, hazards none — one push, so `best` IS the whole leg's travel
      |       step 6/7 bearing  270.1 (got  269.5) 0.79s -> walked 0.79s, best change 6.6
      |         turn to 270.4: NO-OP, already inside 4.0 deg (at 269.5, err +0.9) — nothing was sent, the recorded curve was discarded, and the caller's step line will look like a turn that happened
      |         office_corridor->office_door step 7/7: 1 chunk(s) of 0.42s, change 6.6, best 6.6, hazards none — one push, so `best` IS the whole leg's travel
      |       step 7/7 bearing  270.4 (got  269.5) 0.42s -> walked 0.42s, best change 6.6
      |       arrived? None  (no appearance reference by design)
      |     leg office_door -> portrait_room
      |         turn to 338.1: TURNED to 335.0 (err +3.1) in 1 push(es)
      |         office_door->portrait_room step 1/16: 1 chunk(s) of 0.79s, change 12.4, best 12.4, hazards none — one push, so `best` IS the whole leg's travel
      |       step 1/16 bearing  338.1 (got  335.0) 0.79s -> walked 0.79s, best change 12.4
      |         turn to 339.2: TURNED to 340.1 (err -0.9) in 1 push(es)
      |         office_door->portrait_room step 2/16: 1 chunk(s) of 0.70s, change 17.6, best 17.6, hazards none — one push, so `best` IS the whole leg's travel
      |       step 2/16 bearing  339.2 (got  340.1) 0.70s -> walked 0.70s, best change 17.6
      |         turn to 347.9: TURNED to 348.7 (err -0.8) in 1 push(es)
      |         office_door->portrait_room step 3/16: 1 chunk(s) of 0.42s, change 19.4, best 19.4, hazards none — one push, so `best` IS the whole leg's travel
      |       step 3/16 bearing  347.9 (got  348.7) 0.42s -> walked 0.42s, best change 19.4
      |         turn to 355.2: TURNED to 355.4 (err -0.2) in 1 push(es)
      |         office_door->portrait_room step 4/16: 1 chunk(s) of 0.79s, change 45.3, best 45.3, hazards none — one push, so `best` IS the whole leg's travel
      |       step 4/16 bearing  355.2 (got  355.4) 0.79s -> walked 0.79s, best change 45.3
      |         turn to 360.0: TURNED to 357.5 (err +2.5) in 1 push(es)
      |         office_door->portrait_room step 5/16: 1 chunk(s) of 0.51s, change 32.2, best 32.2, hazards none — one push, so `best` IS the whole leg's travel
      |       step 5/16 bearing  360.0 (got  357.5) 0.51s -> walked 0.51s, best change 32.2
      |         turn to 8.6: TURNED to 6.9 (err +1.7) in 1 push(es)
      |         office_door->portrait_room step 6/16: 1 chunk(s) of 0.78s, change 17.7, best 17.7, hazards none — one push, so `best` IS the whole leg's travel
      |       step 6/16 bearing    8.6 (got    6.9) 0.78s -> walked 0.78s, best change 17.7
      |         turn to 7.7: NO-OP, already inside 4.0 deg (at 7.0, err +0.7) — nothing was sent, the recorded curve was discarded, and the caller's step line will look like a turn that happened
      |         office_door->portrait_room step 7/16: 1 chunk(s) of 0.78s, change 27.4, best 27.4, hazards none — one push, so `best` IS the whole leg's travel
      |       step 7/16 bearing    7.7 (got    7.0) 0.78s -> walked 0.78s, best change 27.4
      |         turn to 1.7: TURNED to 1.5 (err +0.2) in 1 push(es)
      |         office_door->portrait_room step 8/16: 1 chunk(s) of 0.80s, change 33.3, best 33.3, hazards none — one push, so `best` IS the whole leg's travel
      |       step 8/16 bearing    1.7 (got    1.5) 0.80s -> walked 0.80s, best change 33.3
      |         turn to 359.6: NO-OP, already inside 4.0 deg (at 1.5, err -1.9) — nothing was sent, the recorded curve was discarded, and the caller's step line will look like a turn that happened
      |         office_door->portrait_room step 9/16: 1 chunk(s) of 0.36s, change 26.0, best 26.0, hazards none — one push, so `best` IS the whole leg's travel
      |       step 9/16 bearing  359.6 (got    1.5) 0.36s -> walked 0.36s, best change 26.0
      |         turn to 359.4: NO-OP, already inside 4.0 deg (at 1.4, err -2.1) — nothing was sent, the recorded curve was discarded, and the caller's step line will look like a turn that happened
      |         office_door->portrait_room step 10/16: 1 chunk(s) of 0.78s, change 22.7, best 22.7, hazards none — one push, so `best` IS the whole leg's travel
      |       step 10/16 bearing  359.4 (got    1.4) 0.78s -> walked 0.78s, best change 22.7
      |         turn to 357.9: NO-OP, already inside 4.0 deg (at 1.5, err -3.6) — nothing was sent, the recorded curve was discarded, and the caller's step line will look like a turn that happened
      |         office_door->portrait_room step 11/16: 1 chunk(s) of 0.79s, change 22.5, best 22.5, hazards none — one push, so `best` IS the whole leg's travel
      |       step 11/16 bearing  357.9 (got    1.5) 0.79s -> walked 0.79s, best change 22.5
      |         turn to 358.0: NO-OP, already inside 4.0 deg (at 1.5, err -3.4) — nothing was sent, the recorded curve was discarded, and the caller's step line will look like a turn that happened
      |         office_door->portrait_room step 12/16: 1 chunk(s) of 0.79s, change 19.1, best 19.1, hazards none — one push, so `best` IS the whole leg's travel
      |       step 12/16 bearing  358.0 (got    1.5) 0.79s -> walked 0.79s, best change 19.1
      |         turn to 357.8: NO-OP, already inside 4.0 deg (at 1.5, err -3.7) — nothing was sent, the recorded curve was discarded, and the caller's step line will look like a turn that happened
      |         office_door->portrait_room step 13/16: 1 chunk(s) of 0.79s, change 21.8, best 21.8, hazards none — one push, so `best` IS the whole leg's travel
      |       step 13/16 bearing  357.8 (got    1.5) 0.79s -> walked 0.79s, best change 21.8
      |         turn to 357.9: NO-OP, already inside 4.0 deg (at 1.4, err -3.5) — nothing was sent, the recorded curve was discarded, and the caller's step line will look like a turn that happened
      |         office_door->portrait_room step 14/16: 1 chunk(s) of 0.79s, change 27.1, best 27.1, hazards none — one push, so `best` IS the whole leg's travel
      |       step 14/16 bearing  357.9 (got    1.4) 0.79s -> walked 0.79s, best change 27.1
      |         turn to 0.8: NO-OP, already inside 4.0 deg (at 1.5, err -0.6) — nothing was sent, the recorded curve was discarded, and the caller's step line will look like a turn that happened
      |         office_door->portrait_room step 15/16: 1 chunk(s) of 0.79s, change 26.1, best 26.1, hazards none — one push, so `best` IS the whole leg's travel
      |       step 15/16 bearing    0.8 (got    1.5) 0.79s -> walked 0.79s, best change 26.1
      |         turn to 4.0: NO-OP, already inside 4.0 deg (at 1.5, err +2.5) — nothing was sent, the recorded curve was discarded, and the caller's step line will look like a turn that happened
      |         office_door->portrait_room step 16/16: 1 chunk(s) of 0.36s, change 16.0, best 16.0, hazards none — one push, so `best` IS the whole leg's travel
      |       step 16/16 bearing    4.0 (got    1.5) 0.36s -> walked 0.36s, best change 16.0
      |       arrived? True  (portrait_room 753.000/5.790)
      |         turn to 1.5: NO-OP, already inside 0.5 deg (at 1.5, err -0.0) — nothing was sent, the recorded curve was discarded, and the caller's step line will look like a turn that happened
      |       align at portrait_room: yaw nulled to 1.5 (reference 1.5) — 0.0 deg REMAINING = ~0px of phantom dx still in the dx below
      |       align: within 35px (dx=-13.2) after 0 step(s)
      |       aligned at portrait_room: 13px from the recorded pose
      |       align at portrait_room: dx +13.2px
      |     leg portrait_room -> bar_pool_room
      |         turn to 286.6: TURNED to 284.5 (err +2.1) in 2 push(es)
      |         portrait_room->bar_pool_room step 1/4: 1 chunk(s) of 0.16s, change 12.1, best 12.1, hazards none — one push, so `best` IS the whole leg's travel
      |       step 1/4 bearing  286.6 (got  284.5) 0.16s -> walked 0.16s, best change 12.1
      |         turn to 292.2: TURNED to 293.8 (err -1.6) in 1 push(es)
      |         portrait_room->bar_pool_room step 2/4: 1 chunk(s) of 0.79s, change 21.1, best 21.1, hazards none — one push, so `best` IS the whole leg's travel
      |       step 2/4 bearing  292.2 (got  293.8) 0.79s -> walked 0.79s, best change 21.1
      |         turn to 285.6: TURNED to 285.8 (err -0.2) in 1 push(es)
      |         portrait_room->bar_pool_room step 3/4: 1 chunk(s) of 0.80s, change 15.8, best 15.8, hazards none — one push, so `best` IS the whole leg's travel
      |       step 3/4 bearing  285.6 (got  285.8) 0.80s -> walked 0.80s, best change 15.8
      |         turn to 287.6: NO-OP, already inside 4.0 deg (at 285.8, err +1.8) — nothing was sent, the recorded curve was discarded, and the caller's step line will look like a turn that happened
      |         portrait_room->bar_pool_room step 4/4: 1 chunk(s) of 0.23s, change 15.4, best 15.4, hazards none — one push, so `best` IS the whole leg's travel
      |       step 4/4 bearing  287.6 (got  285.8) 0.23s -> walked 0.23s, best change 15.4
      |       arrived? True  (bar_pool_room 678.000/5.140)
      |         turn to 288.2: TURNED to 287.9 (err +0.2) in 1 push(es)
      |       align at bar_pool_room: yaw nulled to 287.9 (reference 288.2) — 0.2 deg REMAINING = ~5px of phantom dx still in the dx below
      |       align: step 1/6 dx=+150.7 (prev --)
      |       align: dx=+150.7 -> strafe right 0.13s
      |       align: step 2/6 dx=+119.8 (prev +150.7)
      |       align: dx=+119.8 -> strafe right 0.10s
      |       align: step 3/6 dx=+88.7 (prev +119.8)
      |       align: dx=+88.7 -> strafe right 0.10s
      |       align: dx barely changed (+89 -> +75) — blocked sideways, cannot correct from here
      |       aligned at bar_pool_room: 75px from the recorded pose
      |       align at bar_pool_room: dx +74.5px
      |   arrived, but 1 node(s) could not be confirmed on the way: ['office_door'] — each is a hole in the reference set
      |   attempt 2/3 at bar_pool_room
      |   verified at bar_pool_room (bar_pool_room 577.000/4.730)
[ 6] original  ARRIVED in 51s  located=bar_pool_room
      |   arm=shipped  LEG_SPEED_BY_LEG=3.0  MERGE_STEPS_BY_LEG=True  MERGED_TURN_TOLERANCE=1.0
      |   pause menu open (selected 'Resume')
      |   selected: Load Last Save
      |   confirmation dialog up (delta 79.4) -> YES
      |   world back after 3.3s, spawn bearing 87 (E)
      |   attempt 1/3 at bar_pool_room
      |   locate() cannot name office_corridor (it has no appearance reference by design) but the caller reset onto it — routing from there instead of sweeping and reloading
      |   route: office_corridor -> office_door -> portrait_room -> bar_pool_room  (18.1s of walking)
      |     leg office_corridor -> office_door
      |         turn to 270.2: TURNED to 270.2 (err +0.0) in 2 push(es)
      |         office_corridor->office_door step 1/1: 1 chunk(s) of 1.95s, change 16.4, best 16.4, hazards none — one push, so `best` IS the whole leg's travel
      |       step 1/1 bearing  270.2 (got  270.2) 1.95s -> walked 1.95s, best change 16.4
      |       arrived? None  (no appearance reference by design)
      |     leg office_door -> portrait_room
      |         turn to 338.1: TURNED to 335.8 (err +2.4) in 1 push(es)
      |         office_door->portrait_room step 1/16: 1 chunk(s) of 0.79s, change 6.5, best 6.5, hazards none — one push, so `best` IS the whole leg's travel
      |       step 1/16 bearing  338.1 (got  335.8) 0.79s -> walked 0.79s, best change 6.5
      |         turn to 339.2: NO-OP, already inside 4.0 deg (at 335.8, err +3.4) — nothing was sent, the recorded curve was discarded, and the caller's step line will look like a turn that happened
      |         office_door->portrait_room step 2/16: 1 chunk(s) of 0.70s, change 9.7, best 9.7, hazards none — one push, so `best` IS the whole leg's travel
      |       step 2/16 bearing  339.2 (got  335.8) 0.70s -> walked 0.70s, best change 9.7
      |         turn to 347.9: TURNED to 347.6 (err +0.3) in 1 push(es)
      |         office_door->portrait_room step 3/16: 1 chunk(s) of 0.42s, change 11.3, best 11.3, hazards none — one push, so `best` IS the whole leg's travel
      |       step 3/16 bearing  347.9 (got  347.6) 0.42s -> walked 0.42s, best change 11.3
      |         turn to 355.2: TURNED to 353.7 (err +1.5) in 1 push(es)
      |         office_door->portrait_room step 4/16: 1 chunk(s) of 0.79s, change 60.4, best 60.4, hazards none — one push, so `best` IS the whole leg's travel
      |       step 4/16 bearing  355.2 (got  353.7) 0.79s -> walked 0.79s, best change 60.4
      |         turn to 360.0: NO compass reading, abandoned BEFORE turning — the caller's 'got --' is an unread heading, not a heading that was reached
      |         office_door->portrait_room step 5/16: 1 chunk(s) of 0.51s, change 45.4, best 45.4, hazards none — one push, so `best` IS the whole leg's travel
      |       step 5/16 bearing  360.0 (got  358.9) 0.51s -> walked 0.51s, best change 45.4
      |         turn to 8.6: TURNED to 10.8 (err -2.3) in 1 push(es)
      |         office_door->portrait_room step 6/16: 1 chunk(s) of 0.78s, change 16.8, best 16.8, hazards none — one push, so `best` IS the whole leg's travel
      |       step 6/16 bearing    8.6 (got   10.8) 0.78s -> walked 0.78s, best change 16.8
      |         turn to 7.7: NO-OP, already inside 4.0 deg (at 10.8, err -3.1) — nothing was sent, the recorded curve was discarded, and the caller's step line will look like a turn that happened
      |         office_door->portrait_room step 7/16: 1 chunk(s) of 0.78s, change 24.5, best 24.5, hazards none — one push, so `best` IS the whole leg's travel
      |       step 7/16 bearing    7.7 (got   10.8) 0.78s -> walked 0.78s, best change 24.5
      |         turn to 1.7: TURNED to 0.1 (err +1.6) in 1 push(es)
      |         office_door->portrait_room step 8/16: 1 chunk(s) of 0.80s, change 38.7, best 38.7, hazards none — one push, so `best` IS the whole leg's travel
      |       step 8/16 bearing    1.7 (got    0.1) 0.80s -> walked 0.80s, best change 38.7
      |         turn to 359.6: NO-OP, already inside 4.0 deg (at 0.1, err -0.4) — nothing was sent, the recorded curve was discarded, and the caller's step line will look like a turn that happened
      |         office_door->portrait_room step 9/16: 1 chunk(s) of 0.36s, change 13.1, best 13.1, hazards none — one push, so `best` IS the whole leg's travel
      |       step 9/16 bearing  359.6 (got    0.1) 0.36s -> walked 0.36s, best change 13.1
      |         turn to 359.4: NO-OP, already inside 4.0 deg (at 0.2, err -0.8) — nothing was sent, the recorded curve was discarded, and the caller's step line will look like a turn that happened
      |         office_door->portrait_room step 10/16: 1 chunk(s) of 0.78s, change 19.9, best 19.9, hazards none — one push, so `best` IS the whole leg's travel
      |       step 10/16 bearing  359.4 (got    0.2) 0.78s -> walked 0.78s, best change 19.9
      |         turn to 357.9: NO-OP, already inside 4.0 deg (at 0.1, err -2.2) — nothing was sent, the recorded curve was discarded, and the caller's step line will look like a turn that happened
      |         office_door->portrait_room step 11/16: 1 chunk(s) of 0.79s, change 31.3, best 31.3, hazards none — one push, so `best` IS the whole leg's travel
      |       step 11/16 bearing  357.9 (got    0.1) 0.79s -> walked 0.79s, best change 31.3
      |         turn to 358.0: NO-OP, already inside 4.0 deg (at 0.1, err -2.0) — nothing was sent, the recorded curve was discarded, and the caller's step line will look like a turn that happened
      |         office_door->portrait_room step 12/16: 1 chunk(s) of 0.79s, change 23.4, best 23.4, hazards none — one push, so `best` IS the whole leg's travel
      |       step 12/16 bearing  358.0 (got    0.1) 0.79s -> walked 0.79s, best change 23.4
      |         turn to 357.8: NO-OP, already inside 4.0 deg (at 0.1, err -2.3) — nothing was sent, the recorded curve was discarded, and the caller's step line will look like a turn that happened
      |         office_door->portrait_room step 13/16: 1 chunk(s) of 0.79s, change 20.2, best 20.2, hazards none — one push, so `best` IS the whole leg's travel
      |       step 13/16 bearing  357.8 (got    0.1) 0.79s -> walked 0.79s, best change 20.2
      |         turn to 357.9: NO-OP, already inside 4.0 deg (at 0.1, err -2.1) — nothing was sent, the recorded curve was discarded, and the caller's step line will look like a turn that happened
      |         office_door->portrait_room step 14/16: 1 chunk(s) of 0.79s, change 19.5, best 19.5, hazards none — one push, so `best` IS the whole leg's travel
      |       step 14/16 bearing  357.9 (got    0.1) 0.79s -> walked 0.79s, best change 19.5
      |         turn to 0.8: NO-OP, already inside 4.0 deg (at 0.1, err +0.8) — nothing was sent, the recorded curve was discarded, and the caller's step line will look like a turn that happened
      |         office_door->portrait_room step 15/16: 1 chunk(s) of 0.79s, change 22.7, best 22.7, hazards none — one push, so `best` IS the whole leg's travel
      |       step 15/16 bearing    0.8 (got    0.1) 0.79s -> walked 0.79s, best change 22.7
      |         turn to 4.0: NO-OP, already inside 4.0 deg (at 360.0, err +3.9) — nothing was sent, the recorded curve was discarded, and the caller's step line will look like a turn that happened
      |         office_door->portrait_room step 16/16: 1 chunk(s) of 0.36s, change 19.5, best 19.5, hazards none — one push, so `best` IS the whole leg's travel
      |       step 16/16 bearing    4.0 (got  360.0) 0.36s -> walked 0.36s, best change 19.5
      |       arrived? True  (portrait_room 390.000/3.070)
      |         turn to 1.5: TURNED to 1.5 (err -0.0) in 2 push(es)
      |       align at portrait_room: yaw nulled to 1.5 (reference 1.5) — 0.0 deg REMAINING = ~1px of phantom dx still in the dx below
      |       align: step 1/6 dx=+58.8 (prev --)
      |       align: dx=+58.8 -> strafe right 0.10s
      |       align: dx barely changed (+59 -> +42) — blocked sideways, cannot correct from here
      |       aligned at portrait_room: 42px from the recorded pose
      |       align at portrait_room: dx +41.8px
      |     leg portrait_room -> bar_pool_room
      |         turn to 286.6: TURNED to 288.0 (err -1.4) in 1 push(es)
      |         portrait_room->bar_pool_room step 1/4: 1 chunk(s) of 0.16s, change 11.1, best 11.1, hazards none — one push, so `best` IS the whole leg's travel
      |       step 1/4 bearing  286.6 (got  288.0) 0.16s -> walked 0.16s, best change 11.1
      |         turn to 292.2: TURNED to 292.7 (err -0.5) in 1 push(es)
      |         portrait_room->bar_pool_room step 2/4: 1 chunk(s) of 0.79s, change 21.7, best 21.7, hazards none — one push, so `best` IS the whole leg's travel
      |       step 2/4 bearing  292.2 (got  292.7) 0.79s -> walked 0.79s, best change 21.7
      |         turn to 285.6: TURNED to 288.5 (err -2.9) in 1 push(es)
      |         portrait_room->bar_pool_room step 3/4: 1 chunk(s) of 0.80s, change 18.3, best 18.3, hazards none — one push, so `best` IS the whole leg's travel
      |       step 3/4 bearing  285.6 (got  288.5) 0.80s -> walked 0.80s, best change 18.3
      |         turn to 287.6: TURNED to 289.1 (err -1.6) in 3 push(es)
      |         portrait_room->bar_pool_room step 4/4: 1 chunk(s) of 0.23s, change 7.7, best 7.7, hazards none — one push, so `best` IS the whole leg's travel
      |       step 4/4 bearing  287.6 (got  289.1) 0.23s -> walked 0.23s, best change 7.7
      |       recovery fan did not find bar_pool_room
      |       arrived? None  (unverified, abstained (115.000/1.160))
      |   arrived, but 2 node(s) could not be confirmed on the way: ['office_door', 'bar_pool_room'] — each is a hole in the reference set
      |   attempt 2/3 at bar_pool_room
      |   not at bar_pool_room and cannot say where this is (unrecognised (143.000/1.320)) — reloading to a known start
      |   pause menu open (selected 'Resume')
      |   selected: Load Last Save
      |   confirmation dialog up (delta 80.7) -> YES
      |   world back after 3.2s, spawn bearing 87 (E)
      |   route: office_corridor -> office_door -> portrait_room -> bar_pool_room  (18.1s of walking)
      |     leg office_corridor -> office_door
      |         turn to 270.2: TURNED to 270.7 (err -0.5) in 3 push(es)
      |         office_corridor->office_door step 1/1: 1 chunk(s) of 1.95s, change 17.9, best 17.9, hazards none — one push, so `best` IS the whole leg's travel
      |       step 1/1 bearing  270.2 (got  270.7) 1.95s -> walked 1.95s, best change 17.9
      |       arrived? None  (no appearance reference by design)
      |     leg office_door -> portrait_room
      |         turn to 338.1: TURNED to 335.6 (err +2.5) in 2 push(es)
      |         office_door->portrait_room step 1/16: 1 chunk(s) of 0.79s, change 9.2, best 9.2, hazards none — one push, so `best` IS the whole leg's travel
      |       step 1/16 bearing  338.1 (got  335.6) 0.79s -> walked 0.79s, best change 9.2
      |         turn to 339.2: NO-OP, already inside 4.0 deg (at 335.6, err +3.6) — nothing was sent, the recorded curve was discarded, and the caller's step line will look like a turn that happened
      |         office_door->portrait_room step 2/16: 1 chunk(s) of 0.70s, change 11.4, best 11.4, hazards none — one push, so `best` IS the whole leg's travel
      |       step 2/16 bearing  339.2 (got  335.6) 0.70s -> walked 0.70s, best change 11.4
      |         turn to 347.9: TURNED to 347.4 (err +0.5) in 1 push(es)
      |         office_door->portrait_room step 3/16: 1 chunk(s) of 0.42s, change 19.1, best 19.1, hazards none — one push, so `best` IS the whole leg's travel
      |       step 3/16 bearing  347.9 (got  347.4) 0.42s -> walked 0.42s, best change 19.1
      |         turn to 355.2: TURNED to 358.3 (err -3.2) in 1 push(es)
      |         office_door->portrait_room step 4/16: 1 chunk(s) of 0.79s, change 45.2, best 45.2, hazards none — one push, so `best` IS the whole leg's travel
      |       step 4/16 bearing  355.2 (got  358.3) 0.79s -> walked 0.79s, best change 45.2
      |         turn to 360.0: NO-OP, already inside 4.0 deg (at 358.4, err +1.6) — nothing was sent, the recorded curve was discarded, and the caller's step line will look like a turn that happened
      |         office_door->portrait_room step 5/16: 1 chunk(s) of 0.51s, change 34.0, best 34.0, hazards none — one push, so `best` IS the whole leg's travel
      |       step 5/16 bearing  360.0 (got  358.4) 0.51s -> walked 0.51s, best change 34.0
      |         turn to 8.6: TURNED to 11.3 (err -2.7) in 1 push(es)
      |         office_door->portrait_room step 6/16: 1 chunk(s) of 0.78s, change 17.2, best 17.2, hazards none — one push, so `best` IS the whole leg's travel
      |       step 6/16 bearing    8.6 (got   11.3) 0.78s -> walked 0.78s, best change 17.2
      |         turn to 7.7: NO-OP, already inside 4.0 deg (at 11.3, err -3.5) — nothing was sent, the recorded curve was discarded, and the caller's step line will look like a turn that happened
      |         office_door->portrait_room step 7/16: 1 chunk(s) of 0.78s, change 29.3, best 29.3, hazards none — one push, so `best` IS the whole leg's travel
      |       step 7/16 bearing    7.7 (got   11.3) 0.78s -> walked 0.78s, best change 29.3
      |         turn to 1.7: TURNED to 3.7 (err -2.0) in 1 push(es)
      |         office_door->portrait_room step 8/16: 1 chunk(s) of 0.80s, change 30.7, best 30.7, hazards none — one push, so `best` IS the whole leg's travel
      |       step 8/16 bearing    1.7 (got    3.7) 0.80s -> walked 0.80s, best change 30.7
      |         turn to 359.6: TURNED to 359.4 (err +0.2) in 1 push(es)
      |         office_door->portrait_room step 9/16: 1 chunk(s) of 0.36s, change 26.9, best 26.9, hazards none — one push, so `best` IS the whole leg's travel
      |       step 9/16 bearing  359.6 (got  359.4) 0.36s -> walked 0.36s, best change 26.9
      |         turn to 359.4: NO-OP, already inside 4.0 deg (at 359.4, err -0.0) — nothing was sent, the recorded curve was discarded, and the caller's step line will look like a turn that happened
      |         office_door->portrait_room step 10/16: 1 chunk(s) of 0.78s, change 26.2, best 26.2, hazards none — one push, so `best` IS the whole leg's travel
      |       step 10/16 bearing  359.4 (got  359.4) 0.78s -> walked 0.78s, best change 26.2
      |         turn to 357.9: NO-OP, already inside 4.0 deg (at 359.4, err -1.5) — nothing was sent, the recorded curve was discarded, and the caller's step line will look like a turn that happened
      |         office_door->portrait_room step 11/16: 1 chunk(s) of 0.79s, change 21.6, best 21.6, hazards none — one push, so `best` IS the whole leg's travel
      |       step 11/16 bearing  357.9 (got  359.4) 0.79s -> walked 0.79s, best change 21.6
      |         turn to 358.0: NO-OP, already inside 4.0 deg (at 359.3, err -1.3) — nothing was sent, the recorded curve was discarded, and the caller's step line will look like a turn that happened
      |         office_door->portrait_room step 12/16: 1 chunk(s) of 0.79s, change 18.4, best 18.4, hazards none — one push, so `best` IS the whole leg's travel
      |       step 12/16 bearing  358.0 (got  359.3) 0.79s -> walked 0.79s, best change 18.4
      |         turn to 357.8: NO-OP, already inside 4.0 deg (at 359.2, err -1.4) — nothing was sent, the recorded curve was discarded, and the caller's step line will look like a turn that happened
      |         office_door->portrait_room step 13/16: 1 chunk(s) of 0.79s, change 20.1, best 20.1, hazards none — one push, so `best` IS the whole leg's travel
      |       step 13/16 bearing  357.8 (got  359.2) 0.79s -> walked 0.79s, best change 20.1
      |         turn to 357.9: NO-OP, already inside 4.0 deg (at 359.3, err -1.4) — nothing was sent, the recorded curve was discarded, and the caller's step line will look like a turn that happened
      |         office_door->portrait_room step 14/16: 1 chunk(s) of 0.79s, change 24.2, best 24.2, hazards none — one push, so `best` IS the whole leg's travel
      |       step 14/16 bearing  357.9 (got  359.3) 0.79s -> walked 0.79s, best change 24.2
      |         turn to 0.8: NO-OP, already inside 4.0 deg (at 359.4, err +1.5) — nothing was sent, the recorded curve was discarded, and the caller's step line will look like a turn that happened
      |         office_door->portrait_room step 15/16: 1 chunk(s) of 0.79s, change 23.2, best 23.2, hazards none — one push, so `best` IS the whole leg's travel
      |       step 15/16 bearing    0.8 (got  359.4) 0.79s -> walked 0.79s, best change 23.2
      |         turn to 4.0: TURNED to 2.3 (err +1.6) in 1 push(es)
      |         office_door->portrait_room step 16/16: 1 chunk(s) of 0.36s, change 16.6, best 16.6, hazards none — one push, so `best` IS the whole leg's travel
      |       step 16/16 bearing    4.0 (got    2.3) 0.36s -> walked 0.36s, best change 16.6
      |       arrived? True  (portrait_room 999.000/7.510)
      |         turn to 1.5: TURNED to 1.1 (err +0.4) in 1 push(es)
      |       align at portrait_room: yaw nulled to 1.1 (reference 1.5) — 0.4 deg REMAINING = ~7px of phantom dx still in the dx below
      |       align: step 1/6 dx=+93.6 (prev --)
      |       align: dx=+93.6 -> strafe right 0.10s
      |       align: step 2/6 dx=+53.9 (prev +93.6)
      |       align: dx=+53.9 -> strafe right 0.10s
      |       align: step 3/6 dx=+39.4 (prev +53.9)
      |       align: dx=+39.4 -> strafe right 0.10s
      |       align: within 35px (dx=+20.9) after 3 step(s)
      |       aligned at portrait_room: 21px from the recorded pose
      |       align at portrait_room: dx +20.9px
      |     leg portrait_room -> bar_pool_room
      |         turn to 286.6: TURNED to 287.6 (err -1.1) in 1 push(es)
      |         portrait_room->bar_pool_room step 1/4: 1 chunk(s) of 0.16s, change 9.2, best 9.2, hazards none — one push, so `best` IS the whole leg's travel
      |       step 1/4 bearing  286.6 (got  287.6) 0.16s -> walked 0.16s, best change 9.2
      |         turn to 292.2: TURNED to 293.6 (err -1.4) in 1 push(es)
      |         portrait_room->bar_pool_room step 2/4: 1 chunk(s) of 0.79s, change 29.9, best 29.9, hazards none — one push, so `best` IS the whole leg's travel
      |       step 2/4 bearing  292.2 (got  293.6) 0.79s -> walked 0.79s, best change 29.9
      |         turn to 285.6: TURNED to 284.2 (err +1.4) in 2 push(es)
      |         portrait_room->bar_pool_room step 3/4: 1 chunk(s) of 0.80s, change 10.2, best 10.2, hazards none — one push, so `best` IS the whole leg's travel
      |       step 3/4 bearing  285.6 (got  284.2) 0.80s -> walked 0.80s, best change 10.2
      |         turn to 287.6: NO-OP, already inside 4.0 deg (at 284.2, err +3.4) — nothing was sent, the recorded curve was discarded, and the caller's step line will look like a turn that happened
      |         portrait_room->bar_pool_room step 4/4: 1 chunk(s) of 0.23s, change 5.8, best 5.8, hazards none — one push, so `best` IS the whole leg's travel
      |       step 4/4 bearing  287.6 (got  284.2) 0.23s -> walked 0.23s, best change 5.8
      |       step 4 blocked but the scene is MOVING — an NPC in the passage, not a wall
      |       waited 2.5s: displaced 0.0px
      |       jump 1: displaced 0.0px
      |       jump 2: displaced 0.0px
      |       slip right: displaced 1092.0px
      |       escape ladder: CLEARED by strafe_right (best 1092.0 PIXELS, against SLIP_PROGRESS_PX 20.0px — NOT against STALL_CHANGE 6.0, which is grey_levels)
      |       recovered bar_pool_room at 324 after 2 step(s)
      |       arrived? True  (bar_pool_room 243.000/1.600)
      |         turn to 288.2: TURNED to 288.6 (err -0.5) in 2 push(es)
      |       align at bar_pool_room: yaw nulled to 288.6 (reference 288.2) — 0.5 deg REMAINING = ~9px of phantom dx still in the dx below
      |       align: step 1/6 dx=+111.2 (prev --)
      |       align: dx=+111.2 -> strafe right 0.10s
      |       align: step 2/6 dx=+86.7 (prev +111.2)
      |       align: dx=+86.7 -> strafe right 0.10s
      |       align: step 3/6 dx=+56.4 (prev +86.7)
      |       align: dx=+56.4 -> strafe right 0.10s
      |       align: dx barely changed (+56 -> +39) — blocked sideways, cannot correct from here
      |       aligned at bar_pool_room: 39px from the recorded pose
      |       align at bar_pool_room: dx +39.2px
      |   arrived, but 1 node(s) could not be confirmed on the way: ['office_door'] — each is a hole in the reference set
      |   attempt 3/3 at bar_pool_room
      |   verified at bar_pool_room (bar_pool_room 368.000/2.710)
[ 7] shipped   ARRIVED in 213s  located=bar_pool_room
      |   arm=original  LEG_SPEED_BY_LEG=None  MERGE_STEPS_BY_LEG=False  MERGED_TURN_TOLERANCE=1.0
      |   pause menu open (selected 'Resume')
      |   selected: Load Last Save
      |   confirmation dialog up (delta 79.7) -> YES
      |   world back after 3.3s, spawn bearing 87 (E)
      |   attempt 1/3 at bar_pool_room
      |   locate() cannot name office_corridor (it has no appearance reference by design) but the caller reset onto it — routing from there instead of sweeping and reloading
      |   route: office_corridor -> office_door -> portrait_room -> bar_pool_room  (18.1s of walking)
      |     leg office_corridor -> office_door
      |         turn to 270.4: TURNED to 274.0 (err -3.6) in 1 push(es)
      |         office_corridor->office_door step 1/7: 1 chunk(s) of 0.79s, change 18.7, best 18.7, hazards none — one push, so `best` IS the whole leg's travel
      |       step 1/7 bearing  270.4 (got  274.0) 0.79s -> walked 0.79s, best change 18.7
      |         turn to 270.1: NO-OP, already inside 4.0 deg (at 273.9, err -3.7) — nothing was sent, the recorded curve was discarded, and the caller's step line will look like a turn that happened
      |         office_corridor->office_door step 2/7: 1 chunk(s) of 0.78s, change 18.6, best 18.6, hazards none — one push, so `best` IS the whole leg's travel
      |       step 2/7 bearing  270.1 (got  273.9) 0.78s -> walked 0.78s, best change 18.6
      |         turn to 270.1: NO-OP, already inside 4.0 deg (at 273.9, err -3.8) — nothing was sent, the recorded curve was discarded, and the caller's step line will look like a turn that happened
      |         office_corridor->office_door step 3/7: 1 chunk(s) of 0.78s, change 15.0, best 15.0, hazards none — one push, so `best` IS the whole leg's travel
      |       step 3/7 bearing  270.1 (got  273.9) 0.78s -> walked 0.78s, best change 15.0
      |         turn to 270.3: NO-OP, already inside 4.0 deg (at 274.0, err -3.7) — nothing was sent, the recorded curve was discarded, and the caller's step line will look like a turn that happened
      |         office_corridor->office_door step 4/7: 1 chunk(s) of 0.78s, change 11.4, best 11.4, hazards none — one push, so `best` IS the whole leg's travel
      |       step 4/7 bearing  270.3 (got  274.0) 0.78s -> walked 0.78s, best change 11.4
      |         turn to 270.1: NO-OP, already inside 4.0 deg (at 274.0, err -3.9) — nothing was sent, the recorded curve was discarded, and the caller's step line will look like a turn that happened
      |         office_corridor->office_door step 5/7: 1 chunk(s) of 0.79s, change 9.0, best 9.0, hazards none — one push, so `best` IS the whole leg's travel
      |       step 5/7 bearing  270.1 (got  274.0) 0.79s -> walked 0.79s, best change 9.0
      |         turn to 270.1: NO-OP, already inside 4.0 deg (at 274.0, err -3.9) — nothing was sent, the recorded curve was discarded, and the caller's step line will look like a turn that happened
      |         office_corridor->office_door step 6/7: 1 chunk(s) of 0.79s, change 6.7, best 6.7, hazards none — one push, so `best` IS the whole leg's travel
      |       step 6/7 bearing  270.1 (got  274.0) 0.79s -> walked 0.79s, best change 6.7
      |         turn to 270.4: NO-OP, already inside 4.0 deg (at 274.0, err -3.6) — nothing was sent, the recorded curve was discarded, and the caller's step line will look like a turn that happened
      |         office_corridor->office_door step 7/7: 1 chunk(s) of 0.42s, change 6.4, best 6.4, hazards none — one push, so `best` IS the whole leg's travel
      |       step 7/7 bearing  270.4 (got  274.0) 0.42s -> walked 0.42s, best change 6.4
      |       arrived? None  (no appearance reference by design)
      |     leg office_door -> portrait_room
      |         turn to 338.1: TURNED to 334.7 (err +3.4) in 1 push(es)
      |         office_door->portrait_room step 1/16: 1 chunk(s) of 0.79s, change 11.9, best 11.9, hazards none — one push, so `best` IS the whole leg's travel
      |       step 1/16 bearing  338.1 (got  334.7) 0.79s -> walked 0.79s, best change 11.9
      |         turn to 339.2: TURNED to 339.6 (err -0.4) in 1 push(es)
      |         office_door->portrait_room step 2/16: 1 chunk(s) of 0.70s, change 23.8, best 23.8, hazards none — one push, so `best` IS the whole leg's travel
      |       step 2/16 bearing  339.2 (got  339.6) 0.70s -> walked 0.70s, best change 23.8
      |         turn to 347.9: TURNED to 348.7 (err -0.8) in 1 push(es)
      |         office_door->portrait_room step 3/16: 1 chunk(s) of 0.42s, change 25.7, best 25.7, hazards none — one push, so `best` IS the whole leg's travel
      |       step 3/16 bearing  347.9 (got  348.7) 0.42s -> walked 0.42s, best change 25.7
      |         turn to 355.2: TURNED to 352.8 (err +2.4) in 1 push(es)
      |         office_door->portrait_room step 4/16: 1 chunk(s) of 0.79s, change 44.9, best 44.9, hazards none — one push, so `best` IS the whole leg's travel
      |       step 4/16 bearing  355.2 (got  352.8) 0.79s -> walked 0.79s, best change 44.9
      |         turn to 360.0: TURNED to 1.6 (err -1.6) in 1 push(es)
      |         office_door->portrait_room step 5/16: 1 chunk(s) of 0.51s, change 22.5, best 22.5, hazards none — one push, so `best` IS the whole leg's travel
      |       step 5/16 bearing  360.0 (got    1.6) 0.51s -> walked 0.51s, best change 22.5
      |         turn to 8.6: TURNED to 8.8 (err -0.2) in 1 push(es)
      |         office_door->portrait_room step 6/16: 1 chunk(s) of 0.78s, change 18.5, best 18.5, hazards none — one push, so `best` IS the whole leg's travel
      |       step 6/16 bearing    8.6 (got    8.8) 0.78s -> walked 0.78s, best change 18.5
      |         turn to 7.7: NO-OP, already inside 4.0 deg (at 8.7, err -1.0) — nothing was sent, the recorded curve was discarded, and the caller's step line will look like a turn that happened
      |         office_door->portrait_room step 7/16: 1 chunk(s) of 0.78s, change 29.4, best 29.4, hazards none — one push, so `best` IS the whole leg's travel
      |       step 7/16 bearing    7.7 (got    8.7) 0.78s -> walked 0.78s, best change 29.4
      |         turn to 1.7: TURNED to 4.6 (err -2.9) in 1 push(es)
      |         office_door->portrait_room step 8/16: 1 chunk(s) of 0.80s, change 34.7, best 34.7, hazards none — one push, so `best` IS the whole leg's travel
      |       step 8/16 bearing    1.7 (got    4.6) 0.80s -> walked 0.80s, best change 34.7
      |         turn to 359.6: TURNED to 357.3 (err +2.4) in 1 push(es)
      |         office_door->portrait_room step 9/16: 1 chunk(s) of 0.36s, change 17.6, best 17.6, hazards none — one push, so `best` IS the whole leg's travel
      |       step 9/16 bearing  359.6 (got  357.3) 0.36s -> walked 0.36s, best change 17.6
      |         turn to 359.4: NO-OP, already inside 4.0 deg (at 357.2, err +2.2) — nothing was sent, the recorded curve was discarded, and the caller's step line will look like a turn that happened
      |         office_door->portrait_room step 10/16: 1 chunk(s) of 0.78s, change 18.1, best 18.1, hazards none — one push, so `best` IS the whole leg's travel
      |       step 10/16 bearing  359.4 (got  357.2) 0.78s -> walked 0.78s, best change 18.1
      |         turn to 357.9: NO-OP, already inside 4.0 deg (at 357.2, err +0.6) — nothing was sent, the recorded curve was discarded, and the caller's step line will look like a turn that happened
      |         office_door->portrait_room step 11/16: 1 chunk(s) of 0.79s, change 20.9, best 20.9, hazards none — one push, so `best` IS the whole leg's travel
      |       step 11/16 bearing  357.9 (got  357.2) 0.79s -> walked 0.79s, best change 20.9
      |         turn to 358.0: NO-OP, already inside 4.0 deg (at 357.2, err +0.8) — nothing was sent, the recorded curve was discarded, and the caller's step line will look like a turn that happened
      |         office_door->portrait_room step 12/16: 1 chunk(s) of 0.79s, change 20.7, best 20.7, hazards none — one push, so `best` IS the whole leg's travel
      |       step 12/16 bearing  358.0 (got  357.2) 0.79s -> walked 0.79s, best change 20.7
      |         turn to 357.8: NO-OP, already inside 4.0 deg (at 357.2, err +0.6) — nothing was sent, the recorded curve was discarded, and the caller's step line will look like a turn that happened
      |         office_door->portrait_room step 13/16: 1 chunk(s) of 0.79s, change 26.6, best 26.6, hazards none — one push, so `best` IS the whole leg's travel
      |       step 13/16 bearing  357.8 (got  357.2) 0.79s -> walked 0.79s, best change 26.6
      |         turn to 357.9: NO-OP, already inside 4.0 deg (at 357.2, err +0.8) — nothing was sent, the recorded curve was discarded, and the caller's step line will look like a turn that happened
      |         office_door->portrait_room step 14/16: 1 chunk(s) of 0.79s, change 28.4, best 28.4, hazards none — one push, so `best` IS the whole leg's travel
      |       step 14/16 bearing  357.9 (got  357.2) 0.79s -> walked 0.79s, best change 28.4
      |         turn to 0.8: NO-OP, already inside 4.0 deg (at 357.2, err +3.7) — nothing was sent, the recorded curve was discarded, and the caller's step line will look like a turn that happened
      |         office_door->portrait_room step 15/16: 1 chunk(s) of 0.79s, change 23.8, best 23.8, hazards none — one push, so `best` IS the whole leg's travel
      |       step 15/16 bearing    0.8 (got  357.2) 0.79s -> walked 0.79s, best change 23.8
      |         turn to 4.0: TURNED to 1.4 (err +2.6) in 1 push(es)
      |         office_door->portrait_room step 16/16: 1 chunk(s) of 0.36s, change 16.5, best 16.5, hazards none — one push, so `best` IS the whole leg's travel
      |       step 16/16 bearing    4.0 (got    1.4) 0.36s -> walked 0.36s, best change 16.5
      |       arrived? True  (portrait_room 460.000/4.000)
      |         turn to 1.5: NO-OP, already inside 0.5 deg (at 1.4, err +0.1) — nothing was sent, the recorded curve was discarded, and the caller's step line will look like a turn that happened
      |       align at portrait_room: yaw nulled to 1.4 (reference 1.5) — 0.1 deg REMAINING = ~2px of phantom dx still in the dx below
      |       align: step 1/6 dx=+169.2 (prev --)
      |       align: dx=+169.2 -> strafe right 0.14s
      |       align: dx barely changed (+169 -> +159) — blocked sideways, cannot correct from here
      |       aligned at portrait_room: 159px from the recorded pose
      |       align at portrait_room: dx +159.1px
      |     leg portrait_room -> bar_pool_room
      |         turn to 286.6: TURNED to 290.3 (err -3.7) in 1 push(es)
      |         portrait_room->bar_pool_room step 1/4: 1 chunk(s) of 0.16s, change 7.9, best 7.9, hazards none — one push, so `best` IS the whole leg's travel
      |       step 1/4 bearing  286.6 (got  290.3) 0.16s -> walked 0.16s, best change 7.9
      |         turn to 292.2: NO-OP, already inside 4.0 deg (at 290.3, err +1.9) — nothing was sent, the recorded curve was discarded, and the caller's step line will look like a turn that happened
      |         portrait_room->bar_pool_room step 2/4: 1 chunk(s) of 0.79s, change 17.4, best 17.4, hazards none — one push, so `best` IS the whole leg's travel
      |       step 2/4 bearing  292.2 (got  290.3) 0.79s -> walked 0.79s, best change 17.4
      |         turn to 285.6: TURNED to 286.3 (err -0.7) in 1 push(es)
      |         portrait_room->bar_pool_room step 3/4: 1 chunk(s) of 0.80s, change 16.8, best 16.8, hazards none — one push, so `best` IS the whole leg's travel
      |       step 3/4 bearing  285.6 (got  286.3) 0.80s -> walked 0.80s, best change 16.8
      |         turn to 287.6: NO-OP, already inside 4.0 deg (at 286.3, err +1.3) — nothing was sent, the recorded curve was discarded, and the caller's step line will look like a turn that happened
      |         portrait_room->bar_pool_room step 4/4: 1 chunk(s) of 0.23s, change 13.6, best 13.6, hazards none — one push, so `best` IS the whole leg's travel
      |       step 4/4 bearing  287.6 (got  286.3) 0.23s -> walked 0.23s, best change 13.6
      |       arrived? True  (bar_pool_room 410.000/3.450)
      |         turn to 288.2: TURNED to 287.8 (err +0.4) in 1 push(es)
      |       align at bar_pool_room: yaw nulled to 287.8 (reference 288.2) — 0.4 deg REMAINING = ~7px of phantom dx still in the dx below
      |       align: step 1/6 dx=+249.2 (prev --)
      |       align: dx=+249.2 -> strafe right 0.21s
      |       align: step 2/6 dx=+162.4 (prev +249.2)
      |       align: dx=+162.4 -> strafe right 0.14s
      |       align: step 3/6 dx=+111.4 (prev +162.4)
      |       align: dx=+111.4 -> strafe right 0.10s
      |       align: step 4/6 dx=+61.9 (prev +111.4)
      |       align: dx=+61.9 -> strafe right 0.10s
      |       align: within 35px (dx=+22.4) after 4 step(s)
      |       aligned at bar_pool_room: 22px from the recorded pose
      |       align at bar_pool_room: dx +22.4px
      |   arrived, but 1 node(s) could not be confirmed on the way: ['office_door'] — each is a hole in the reference set
      |   attempt 2/3 at bar_pool_room
      |   verified at bar_pool_room (bar_pool_room 706.000/7.060)
[ 8] original  ARRIVED in 52s  located=bar_pool_room
      |   arm=shipped  LEG_SPEED_BY_LEG=3.0  MERGE_STEPS_BY_LEG=True  MERGED_TURN_TOLERANCE=1.0
      |   pause menu open (selected 'Resume')
      |   selected: Load Last Save
      |   confirmation dialog up (delta 82.3) -> YES
      |   world back after 3.3s, spawn bearing 87 (E)
      |   attempt 1/3 at bar_pool_room
      |   locate() cannot name office_corridor (it has no appearance reference by design) but the caller reset onto it — routing from there instead of sweeping and reloading
      |   route: office_corridor -> office_door -> portrait_room -> bar_pool_room  (18.1s of walking)
      |     leg office_corridor -> office_door
      |         turn to 270.2: TURNED to 269.3 (err +0.9) in 3 push(es)
      |         office_corridor->office_door step 1/1: 1 chunk(s) of 1.95s, change 17.9, best 17.9, hazards none — one push, so `best` IS the whole leg's travel
      |       step 1/1 bearing  270.2 (got  269.3) 1.95s -> walked 1.95s, best change 17.9
      |       arrived? None  (no appearance reference by design)
      |     leg office_door -> portrait_room
      |         turn to 338.1: TURNED to 337.5 (err +0.6) in 2 push(es)
      |         office_door->portrait_room step 1/16: 1 chunk(s) of 0.79s, change 9.9, best 9.9, hazards none — one push, so `best` IS the whole leg's travel
      |       step 1/16 bearing  338.1 (got  337.5) 0.79s -> walked 0.79s, best change 9.9
      |         turn to 339.2: NO-OP, already inside 4.0 deg (at 337.5, err +1.7) — nothing was sent, the recorded curve was discarded, and the caller's step line will look like a turn that happened
      |         office_door->portrait_room step 2/16: 1 chunk(s) of 0.70s, change 12.6, best 12.6, hazards none — one push, so `best` IS the whole leg's travel
      |       step 2/16 bearing  339.2 (got  337.5) 0.70s -> walked 0.70s, best change 12.6
      |         turn to 347.9: TURNED to 350.7 (err -2.8) in 1 push(es)
      |         office_door->portrait_room step 3/16: 1 chunk(s) of 0.42s, change 19.0, best 19.0, hazards none — one push, so `best` IS the whole leg's travel
      |       step 3/16 bearing  347.9 (got  350.7) 0.42s -> walked 0.42s, best change 19.0
      |         turn to 355.2: TURNED to 356.5 (err -1.4) in 1 push(es)
      |         office_door->portrait_room step 4/16: 1 chunk(s) of 0.79s, change 46.8, best 46.8, hazards none — one push, so `best` IS the whole leg's travel
      |       step 4/16 bearing  355.2 (got  356.5) 0.79s -> walked 0.79s, best change 46.8
      |         turn to 360.0: NO-OP, already inside 4.0 deg (at 356.4, err +3.5) — nothing was sent, the recorded curve was discarded, and the caller's step line will look like a turn that happened
      |         office_door->portrait_room step 5/16: 1 chunk(s) of 0.51s, change 33.0, best 33.0, hazards none — one push, so `best` IS the whole leg's travel
      |       step 5/16 bearing  360.0 (got  356.4) 0.51s -> walked 0.51s, best change 33.0
      |         turn to 8.6: TURNED to 8.3 (err +0.3) in 1 push(es)
      |         office_door->portrait_room step 6/16: 1 chunk(s) of 0.78s, change 16.7, best 16.7, hazards none — one push, so `best` IS the whole leg's travel
      |       step 6/16 bearing    8.6 (got    8.3) 0.78s -> walked 0.78s, best change 16.7
      |         turn to 7.7: NO-OP, already inside 4.0 deg (at 8.3, err -0.6) — nothing was sent, the recorded curve was discarded, and the caller's step line will look like a turn that happened
      |         office_door->portrait_room step 7/16: 1 chunk(s) of 0.78s, change 25.4, best 25.4, hazards none — one push, so `best` IS the whole leg's travel
      |       step 7/16 bearing    7.7 (got    8.3) 0.78s -> walked 0.78s, best change 25.4
      |         turn to 1.7: TURNED to 3.0 (err -1.3) in 1 push(es)
      |         office_door->portrait_room step 8/16: 1 chunk(s) of 0.80s, change 37.8, best 37.8, hazards none — one push, so `best` IS the whole leg's travel
      |       step 8/16 bearing    1.7 (got    3.0) 0.80s -> walked 0.80s, best change 37.8
      |         turn to 359.6: NO-OP, already inside 4.0 deg (at 2.9, err -3.3) — nothing was sent, the recorded curve was discarded, and the caller's step line will look like a turn that happened
      |         office_door->portrait_room step 9/16: 1 chunk(s) of 0.36s, change 16.0, best 16.0, hazards none — one push, so `best` IS the whole leg's travel
      |       step 9/16 bearing  359.6 (got    2.9) 0.36s -> walked 0.36s, best change 16.0
      |         turn to 359.4: TURNED to 358.7 (err +0.7) in 1 push(es)
      |         office_door->portrait_room step 10/16: 1 chunk(s) of 0.78s, change 16.1, best 16.1, hazards none — one push, so `best` IS the whole leg's travel
      |       step 10/16 bearing  359.4 (got  358.7) 0.78s -> walked 0.78s, best change 16.1
      |         turn to 357.9: NO-OP, already inside 4.0 deg (at 0.7, err -2.8) — nothing was sent, the recorded curve was discarded, and the caller's step line will look like a turn that happened
      |         office_door->portrait_room step 11/16: 1 chunk(s) of 0.79s, change 19.6, best 19.6, hazards none — one push, so `best` IS the whole leg's travel
      |       step 11/16 bearing  357.9 (got    0.7) 0.79s -> walked 0.79s, best change 19.6
      |         turn to 358.0: NO-OP, already inside 4.0 deg (at 359.8, err -1.8) — nothing was sent, the recorded curve was discarded, and the caller's step line will look like a turn that happened
      |         office_door->portrait_room step 12/16: 1 chunk(s) of 0.79s, change 29.3, best 29.3, hazards none — one push, so `best` IS the whole leg's travel
      |       step 12/16 bearing  358.0 (got  359.8) 0.79s -> walked 0.79s, best change 29.3
      |         turn to 357.8: NO-OP, already inside 4.0 deg (at 359.7, err -1.9) — nothing was sent, the recorded curve was discarded, and the caller's step line will look like a turn that happened
      |         office_door->portrait_room step 13/16: 1 chunk(s) of 0.79s, change 25.0, best 25.0, hazards none — one push, so `best` IS the whole leg's travel
      |       step 13/16 bearing  357.8 (got  359.7) 0.79s -> walked 0.79s, best change 25.0
      |         turn to 357.9: NO-OP, already inside 4.0 deg (at 359.7, err -1.7) — nothing was sent, the recorded curve was discarded, and the caller's step line will look like a turn that happened
      |         office_door->portrait_room step 14/16: 1 chunk(s) of 0.79s, change 20.3, best 20.3, hazards none — one push, so `best` IS the whole leg's travel
      |       step 14/16 bearing  357.9 (got  359.7) 0.79s -> walked 0.79s, best change 20.3
      |         turn to 0.8: NO-OP, already inside 4.0 deg (at 359.8, err +1.1) — nothing was sent, the recorded curve was discarded, and the caller's step line will look like a turn that happened
      |         office_door->portrait_room step 15/16: 1 chunk(s) of 0.79s, change 18.7, best 18.7, hazards none — one push, so `best` IS the whole leg's travel
      |       step 15/16 bearing    0.8 (got  359.8) 0.79s -> walked 0.79s, best change 18.7
      |         turn to 4.0: TURNED to 5.3 (err -1.4) in 1 push(es)
      |         office_door->portrait_room step 16/16: 1 chunk(s) of 0.36s, change 15.9, best 15.9, hazards none — one push, so `best` IS the whole leg's travel
      |       step 16/16 bearing    4.0 (got    5.3) 0.36s -> walked 0.36s, best change 15.9
      |       arrived? True  (portrait_room 272.000/2.570)
      |         turn to 1.5: TURNED to 1.1 (err +0.4) in 3 push(es)
      |       align at portrait_room: yaw nulled to 1.1 (reference 1.5) — 0.4 deg REMAINING = ~7px of phantom dx still in the dx below
      |       align: within 35px (dx=+21.2) after 0 step(s)
      |       aligned at portrait_room: 21px from the recorded pose
      |       align at portrait_room: dx +21.2px
      |     leg portrait_room -> bar_pool_room
      |         turn to 286.6: TURNED to 287.6 (err -1.0) in 1 push(es)
      |         portrait_room->bar_pool_room step 1/4: 1 chunk(s) of 0.16s, change 8.6, best 8.6, hazards none — one push, so `best` IS the whole leg's travel
      |       step 1/4 bearing  286.6 (got  287.6) 0.16s -> walked 0.16s, best change 8.6
      |         turn to 292.2: TURNED to 290.6 (err +1.6) in 1 push(es)
      |         portrait_room->bar_pool_room step 2/4: 1 chunk(s) of 0.79s, change 14.8, best 14.8, hazards none — one push, so `best` IS the whole leg's travel
      |       step 2/4 bearing  292.2 (got  290.6) 0.79s -> walked 0.79s, best change 14.8
      |         turn to 285.6: TURNED to 284.8 (err +0.8) in 1 push(es)
      |         portrait_room->bar_pool_room step 3/4: 1 chunk(s) of 0.80s, change 14.6, best 14.6, hazards none — one push, so `best` IS the whole leg's travel
      |       step 3/4 bearing  285.6 (got  284.8) 0.80s -> walked 0.80s, best change 14.6
      |         turn to 287.6: NO-OP, already inside 4.0 deg (at 284.8, err +2.8) — nothing was sent, the recorded curve was discarded, and the caller's step line will look like a turn that happened
      |         portrait_room->bar_pool_room step 4/4: 1 chunk(s) of 0.23s, change 11.0, best 11.0, hazards none — one push, so `best` IS the whole leg's travel
      |       step 4/4 bearing  287.6 (got  284.8) 0.23s -> walked 0.23s, best change 11.0
      |       recovery fan did not find bar_pool_room
      |       arrived? None  (unverified, abstained (134.000/1.160))
      |   arrived, but 2 node(s) could not be confirmed on the way: ['office_door', 'bar_pool_room'] — each is a hole in the reference set
      |   attempt 2/3 at bar_pool_room
      |   route: portrait_room -> bar_pool_room  (2.0s of walking)
      |     leg portrait_room -> bar_pool_room
      |         turn to 286.6: TURNED to 289.9 (err -3.3) in 1 push(es)
      |         portrait_room->bar_pool_room step 1/4: 1 chunk(s) of 0.16s, change 11.3, best 11.3, hazards none — one push, so `best` IS the whole leg's travel
      |       step 1/4 bearing  286.6 (got  289.9) 0.16s -> walked 0.16s, best change 11.3
      |         turn to 292.2: NO-OP, already inside 4.0 deg (at 289.9, err +2.3) — nothing was sent, the recorded curve was discarded, and the caller's step line will look like a turn that happened
      |         portrait_room->bar_pool_room step 2/4: 1 chunk(s) of 0.79s, change 22.8, best 22.8, hazards none — one push, so `best` IS the whole leg's travel
      |       step 2/4 bearing  292.2 (got  289.9) 0.79s -> walked 0.79s, best change 22.8
      |         turn to 285.6: TURNED to 287.0 (err -1.4) in 1 push(es)
      |         portrait_room->bar_pool_room step 3/4: 1 chunk(s) of 0.80s, change 23.7, best 23.7, hazards none — one push, so `best` IS the whole leg's travel
      |       step 3/4 bearing  285.6 (got  287.0) 0.80s -> walked 0.80s, best change 23.7
      |         turn to 287.6: NO-OP, already inside 4.0 deg (at 286.7, err +0.9) — nothing was sent, the recorded curve was discarded, and the caller's step line will look like a turn that happened
      |         portrait_room->bar_pool_room step 4/4: 1 chunk(s) of 0.23s, change 11.8, best 11.8, hazards none — one push, so `best` IS the whole leg's travel
      |       step 4/4 bearing  287.6 (got  286.7) 0.23s -> walked 0.23s, best change 11.8
      |       recovered bar_pool_room at 327 after 2 step(s)
      |       arrived? True  (bar_pool_room 165.000/1.650)
      |         turn to 288.2: TURNED to 288.3 (err -0.2) in 4 push(es)
      |       align at bar_pool_room: yaw nulled to 288.3 (reference 288.2) — 0.2 deg REMAINING = ~3px of phantom dx still in the dx below
      |       align: step 1/6 dx=-325.7 (prev --)
      |       align: dx=-325.7 -> strafe left 0.27s
      |       align: offset unmeasurable (step 2)
      |       aligned at bar_pool_room: 326px from the recorded pose
      |       align at bar_pool_room: dx +325.7px
      |   attempt 3/3 at bar_pool_room
      |   not at bar_pool_room and cannot say where this is (unrecognised (120.000/1.120)) — reloading to a known start
      |   pause menu open (selected 'Resume')
      |   selected: Load Last Save
      |   confirmation dialog up (delta 80.5) -> YES
      |   world back after 3.2s, spawn bearing 87 (E)
      |   route: office_corridor -> office_door -> portrait_room -> bar_pool_room  (18.1s of walking)
      |     leg office_corridor -> office_door
      |         turn to 270.2: TURNED to 270.3 (err -0.1) in 3 push(es)
      |         office_corridor->office_door step 1/1: 1 chunk(s) of 1.95s, change 17.3, best 17.3, hazards none — one push, so `best` IS the whole leg's travel
      |       step 1/1 bearing  270.2 (got  270.3) 1.95s -> walked 1.95s, best change 17.3
      |       arrived? None  (no appearance reference by design)
      |     leg office_door -> portrait_room
      |         turn to 338.1: TURNED to 340.8 (err -2.6) in 1 push(es)
      |         office_door->portrait_room step 1/16: 1 chunk(s) of 0.79s, change 12.1, best 12.1, hazards none — one push, so `best` IS the whole leg's travel
      |       step 1/16 bearing  338.1 (got  340.8) 0.79s -> walked 0.79s, best change 12.1
      |         turn to 339.2: NO-OP, already inside 4.0 deg (at 340.8, err -1.6) — nothing was sent, the recorded curve was discarded, and the caller's step line will look like a turn that happened
      |         office_door->portrait_room step 2/16: 1 chunk(s) of 0.70s, change 11.3, best 11.3, hazards none — one push, so `best` IS the whole leg's travel
      |       step 2/16 bearing  339.2 (got  340.8) 0.70s -> walked 0.70s, best change 11.3
      |         turn to 347.9: TURNED to 347.9 (err +0.0) in 1 push(es)
      |         office_door->portrait_room step 3/16: 1 chunk(s) of 0.42s, change 22.3, best 22.3, hazards none — one push, so `best` IS the whole leg's travel
      |       step 3/16 bearing  347.9 (got  347.9) 0.42s -> walked 0.42s, best change 22.3
      |         turn to 355.2: TURNED to 352.4 (err +2.8) in 1 push(es)
      |         office_door->portrait_room step 4/16: 1 chunk(s) of 0.79s, change 54.5, best 54.5, hazards none — one push, so `best` IS the whole leg's travel
      |       step 4/16 bearing  355.2 (got  352.4) 0.79s -> walked 0.79s, best change 54.5
      |         turn to 360.0: NO compass reading, abandoned BEFORE turning — the caller's 'got --' is an unread heading, not a heading that was reached
      |         office_door->portrait_room step 5/16: 1 chunk(s) of 0.51s, change 35.6, best 35.6, hazards none — one push, so `best` IS the whole leg's travel
      |       step 5/16 bearing  360.0 (got  358.4) 0.51s -> walked 0.51s, best change 35.6
      |         turn to 8.6: TURNED to 6.8 (err +1.8) in 1 push(es)
      |         office_door->portrait_room step 6/16: 1 chunk(s) of 0.78s, change 17.4, best 17.4, hazards none — one push, so `best` IS the whole leg's travel
      |       step 6/16 bearing    8.6 (got    6.8) 0.78s -> walked 0.78s, best change 17.4
      |         turn to 7.7: NO-OP, already inside 4.0 deg (at 6.9, err +0.9) — nothing was sent, the recorded curve was discarded, and the caller's step line will look like a turn that happened
      |         office_door->portrait_room step 7/16: 1 chunk(s) of 0.78s, change 23.2, best 23.2, hazards none — one push, so `best` IS the whole leg's travel
      |       step 7/16 bearing    7.7 (got    6.9) 0.78s -> walked 0.78s, best change 23.2
      |         turn to 1.7: TURNED to 2.6 (err -0.8) in 1 push(es)
      |         office_door->portrait_room step 8/16: 1 chunk(s) of 0.80s, change 36.4, best 36.4, hazards none — one push, so `best` IS the whole leg's travel
      |       step 8/16 bearing    1.7 (got    2.6) 0.80s -> walked 0.80s, best change 36.4
      |         turn to 359.6: NO-OP, already inside 4.0 deg (at 2.6, err -3.0) — nothing was sent, the recorded curve was discarded, and the caller's step line will look like a turn that happened
      |         office_door->portrait_room step 9/16: 1 chunk(s) of 0.36s, change 14.7, best 14.7, hazards none — one push, so `best` IS the whole leg's travel
      |       step 9/16 bearing  359.6 (got    2.6) 0.36s -> walked 0.36s, best change 14.7
      |         turn to 359.4: NO-OP, already inside 4.0 deg (at 2.6, err -3.2) — nothing was sent, the recorded curve was discarded, and the caller's step line will look like a turn that happened
      |         office_door->portrait_room step 10/16: 1 chunk(s) of 0.78s, change 21.3, best 21.3, hazards none — one push, so `best` IS the whole leg's travel
      |       step 10/16 bearing  359.4 (got    2.6) 0.78s -> walked 0.78s, best change 21.3
      |         turn to 357.9: TURNED to 358.6 (err -0.8) in 1 push(es)
      |         office_door->portrait_room step 11/16: 1 chunk(s) of 0.79s, change 15.2, best 15.2, hazards none — one push, so `best` IS the whole leg's travel
      |       step 11/16 bearing  357.9 (got  358.6) 0.79s -> walked 0.79s, best change 15.2
      |         turn to 358.0: NO-OP, already inside 4.0 deg (at 358.6, err -0.6) — nothing was sent, the recorded curve was discarded, and the caller's step line will look like a turn that happened
      |         office_door->portrait_room step 12/16: 1 chunk(s) of 0.79s, change 14.6, best 14.6, hazards none — one push, so `best` IS the whole leg's travel
      |       step 12/16 bearing  358.0 (got  358.6) 0.79s -> walked 0.79s, best change 14.6
      |         turn to 357.8: NO-OP, already inside 4.0 deg (at 358.6, err -0.8) — nothing was sent, the recorded curve was discarded, and the caller's step line will look like a turn that happened
      |         office_door->portrait_room step 13/16: 1 chunk(s) of 0.79s, change 15.0, best 15.0, hazards none — one push, so `best` IS the whole leg's travel
      |       step 13/16 bearing  357.8 (got  358.6) 0.79s -> walked 0.79s, best change 15.0
      |         turn to 357.9: NO-OP, already inside 4.0 deg (at 358.6, err -0.7) — nothing was sent, the recorded curve was discarded, and the caller's step line will look like a turn that happened
      |         office_door->portrait_room step 14/16: 1 chunk(s) of 0.79s, change 21.4, best 21.4, hazards none — one push, so `best` IS the whole leg's travel
      |       step 14/16 bearing  357.9 (got  358.6) 0.79s -> walked 0.79s, best change 21.4
      |         turn to 0.8: NO-OP, already inside 4.0 deg (at 357.5, err +3.3) — nothing was sent, the recorded curve was discarded, and the caller's step line will look like a turn that happened
      |         office_door->portrait_room step 15/16: 1 chunk(s) of 0.79s, change 32.1, best 32.1, hazards none — one push, so `best` IS the whole leg's travel
      |       step 15/16 bearing    0.8 (got  357.5) 0.79s -> walked 0.79s, best change 32.1
      |         turn to 4.0: TURNED to 3.2 (err +0.7) in 1 push(es)
      |         office_door->portrait_room step 16/16: 1 chunk(s) of 0.36s, change 17.1, best 17.1, hazards none — one push, so `best` IS the whole leg's travel
      |       step 16/16 bearing    4.0 (got    3.2) 0.36s -> walked 0.36s, best change 17.1
      |       recovered portrait_room at 3 after 2 step(s)
      |       arrived? None  (unverified, abstained (137.000/1.270))
      |     leg portrait_room -> bar_pool_room
      |         turn to 286.6: TURNED to 286.6 (err -0.1) in 2 push(es)
      |         portrait_room->bar_pool_room step 1/4: 1 chunk(s) of 0.16s, change 37.4, best 37.4, hazards none — one push, so `best` IS the whole leg's travel
      |       step 1/4 bearing  286.6 (got  286.6) 0.16s -> walked 0.16s, best change 37.4
      |         turn to 292.2: TURNED to 291.5 (err +0.7) in 1 push(es)
      |         portrait_room->bar_pool_room step 2/4: 1 chunk(s) of 0.79s, change 56.3, best 56.3, hazards none — one push, so `best` IS the whole leg's travel
      |       step 2/4 bearing  292.2 (got  291.5) 0.79s -> walked 0.79s, best change 56.3
      |         turn to 285.6: NO compass reading, abandoned BEFORE turning — the caller's 'got --' is an unread heading, not a heading that was reached
      |         portrait_room->bar_pool_room step 3/4: 1 chunk(s) of 0.80s, change 23.8, best 23.8, hazards none — one push, so `best` IS the whole leg's travel
      |       step 3/4 bearing  285.6 (got  291.4) 0.80s -> walked 0.80s, best change 23.8
      |         turn to 287.6: NO-OP, already inside 4.0 deg (at 291.4, err -3.8) — nothing was sent, the recorded curve was discarded, and the caller's step line will look like a turn that happened
      |         portrait_room->bar_pool_room step 4/4: 1 chunk(s) of 0.23s, change 8.4, best 8.4, hazards none — one push, so `best` IS the whole leg's travel
      |       step 4/4 bearing  287.6 (got  291.4) 0.23s -> walked 0.23s, best change 8.4
      |       recovery fan did not find bar_pool_room
      |       arrived? None  (unverified, abstained (125.000/1.280))
      |   arrived, but 3 node(s) could not be confirmed on the way: ['office_door', 'portrait_room', 'bar_pool_room'] — each is a hole in the reference set
      |   could not verify bar_pool_room after 3 attempt(s); here is None (unrecognised (114.000/1.200))
[ 9] shipped   missed   in 276s  located=None
      |   arm=original  LEG_SPEED_BY_LEG=None  MERGE_STEPS_BY_LEG=False  MERGED_TURN_TOLERANCE=1.0
      |   pause menu open (selected 'Resume')
      |   selected: Load Last Save
      |   confirmation dialog up (delta 81.2) -> YES
      |   world back after 3.3s, spawn bearing 87 (E)
      |   attempt 1/3 at bar_pool_room
      |   locate() cannot name office_corridor (it has no appearance reference by design) but the caller reset onto it — routing from there instead of sweeping and reloading
      |   route: office_corridor -> office_door -> portrait_room -> bar_pool_room  (18.1s of walking)
      |     leg office_corridor -> office_door
      |         turn to 270.4: TURNED to 272.3 (err -1.9) in 2 push(es)
      |         office_corridor->office_door step 1/7: 1 chunk(s) of 0.79s, change 19.3, best 19.3, hazards none — one push, so `best` IS the whole leg's travel
      |       step 1/7 bearing  270.4 (got  272.3) 0.79s -> walked 0.79s, best change 19.3
      |         turn to 270.1: NO-OP, already inside 4.0 deg (at 272.3, err -2.1) — nothing was sent, the recorded curve was discarded, and the caller's step line will look like a turn that happened
      |         office_corridor->office_door step 2/7: 1 chunk(s) of 0.78s, change 18.0, best 18.0, hazards none — one push, so `best` IS the whole leg's travel
      |       step 2/7 bearing  270.1 (got  272.3) 0.78s -> walked 0.78s, best change 18.0
      |         turn to 270.1: NO-OP, already inside 4.0 deg (at 272.3, err -2.2) — nothing was sent, the recorded curve was discarded, and the caller's step line will look like a turn that happened
      |         office_corridor->office_door step 3/7: 1 chunk(s) of 0.78s, change 15.5, best 15.5, hazards none — one push, so `best` IS the whole leg's travel
      |       step 3/7 bearing  270.1 (got  272.3) 0.78s -> walked 0.78s, best change 15.5
      |         turn to 270.3: NO-OP, already inside 4.0 deg (at 272.3, err -2.0) — nothing was sent, the recorded curve was discarded, and the caller's step line will look like a turn that happened
      |         office_corridor->office_door step 4/7: 1 chunk(s) of 0.78s, change 11.4, best 11.4, hazards none — one push, so `best` IS the whole leg's travel
      |       step 4/7 bearing  270.3 (got  272.3) 0.78s -> walked 0.78s, best change 11.4
      |         turn to 270.1: NO-OP, already inside 4.0 deg (at 272.3, err -2.2) — nothing was sent, the recorded curve was discarded, and the caller's step line will look like a turn that happened
      |         office_corridor->office_door step 5/7: 1 chunk(s) of 0.79s, change 10.1, best 10.1, hazards none — one push, so `best` IS the whole leg's travel
      |       step 5/7 bearing  270.1 (got  272.3) 0.79s -> walked 0.79s, best change 10.1
      |         turn to 270.1: NO-OP, already inside 4.0 deg (at 272.3, err -2.2) — nothing was sent, the recorded curve was discarded, and the caller's step line will look like a turn that happened
      |         office_corridor->office_door step 6/7: 1 chunk(s) of 0.79s, change 6.5, best 6.5, hazards none — one push, so `best` IS the whole leg's travel
      |       step 6/7 bearing  270.1 (got  272.3) 0.79s -> walked 0.79s, best change 6.5
      |         turn to 270.4: NO-OP, already inside 4.0 deg (at 272.3, err -1.9) — nothing was sent, the recorded curve was discarded, and the caller's step line will look like a turn that happened
      |         office_corridor->office_door step 7/7: 1 chunk(s) of 0.42s, change 5.6, best 5.6, hazards none — one push, so `best` IS the whole leg's travel
      |       step 7/7 bearing  270.4 (got  272.3) 0.42s -> walked 0.42s, best change 5.6
      |       step 7 blocked but the scene is MOVING — an NPC in the passage, not a wall
      |       the view is featureless — this is geometry, not a mover; skipping the escape ladder it has never cleared
      |       escape ladder: did NOT clear (best 0.0 PIXELS, against SLIP_PROGRESS_PX 20.0px — NOT against STALL_CHANGE 6.0, which is grey_levels)
      |       step 7 moved only 5.6 grey_levels (< 6.0) over 0.42s — stall score 1
      |       arrived? None  (no appearance reference by design)
      |     leg office_door -> portrait_room
      |         turn to 338.1: TURNED to 335.4 (err +2.7) in 1 push(es)
      |         office_door->portrait_room step 1/16: 1 chunk(s) of 0.79s, change 13.5, best 13.5, hazards none — one push, so `best` IS the whole leg's travel
      |       step 1/16 bearing  338.1 (got  335.4) 0.79s -> walked 0.79s, best change 13.5
      |         turn to 339.2: NO-OP, already inside 4.0 deg (at 335.4, err +3.8) — nothing was sent, the recorded curve was discarded, and the caller's step line will look like a turn that happened
      |         office_door->portrait_room step 2/16: 1 chunk(s) of 0.70s, change 18.7, best 18.7, hazards none — one push, so `best` IS the whole leg's travel
      |       step 2/16 bearing  339.2 (got  335.4) 0.70s -> walked 0.70s, best change 18.7
      |         turn to 347.9: TURNED to 346.8 (err +1.1) in 1 push(es)
      |         office_door->portrait_room step 3/16: 1 chunk(s) of 0.42s, change 25.3, best 25.3, hazards none — one push, so `best` IS the whole leg's travel
      |       step 3/16 bearing  347.9 (got  346.8) 0.42s -> walked 0.42s, best change 25.3
      |         turn to 355.2: TURNED to 354.2 (err +0.9) in 1 push(es)
      |         office_door->portrait_room step 4/16: 1 chunk(s) of 0.79s, change 42.7, best 42.7, hazards none — one push, so `best` IS the whole leg's travel
      |       step 4/16 bearing  355.2 (got  354.2) 0.79s -> walked 0.79s, best change 42.7
      |         turn to 360.0: TURNED to 359.2 (err +0.8) in 1 push(es)
      |         office_door->portrait_room step 5/16: 1 chunk(s) of 0.51s, change 18.8, best 18.8, hazards none — one push, so `best` IS the whole leg's travel
      |       step 5/16 bearing  360.0 (got  359.2) 0.51s -> walked 0.51s, best change 18.8
      |         turn to 8.6: TURNED to 8.0 (err +0.6) in 2 push(es)
      |         office_door->portrait_room step 6/16: 1 chunk(s) of 0.78s, change 18.9, best 18.9, hazards none — one push, so `best` IS the whole leg's travel
      |       step 6/16 bearing    8.6 (got    8.0) 0.78s -> walked 0.78s, best change 18.9
      |         turn to 7.7: NO-OP, already inside 4.0 deg (at 8.0, err -0.2) — nothing was sent, the recorded curve was discarded, and the caller's step line will look like a turn that happened
      |         office_door->portrait_room step 7/16: 1 chunk(s) of 0.78s, change 31.6, best 31.6, hazards none — one push, so `best` IS the whole leg's travel
      |       step 7/16 bearing    7.7 (got    8.0) 0.78s -> walked 0.78s, best change 31.6
      |         turn to 1.7: TURNED to 0.9 (err +0.8) in 1 push(es)
      |         office_door->portrait_room step 8/16: 1 chunk(s) of 0.80s, change 34.2, best 34.2, hazards none — one push, so `best` IS the whole leg's travel
      |       step 8/16 bearing    1.7 (got    0.9) 0.80s -> walked 0.80s, best change 34.2
      |         turn to 359.6: NO-OP, already inside 4.0 deg (at 0.9, err -1.3) — nothing was sent, the recorded curve was discarded, and the caller's step line will look like a turn that happened
      |         office_door->portrait_room step 9/16: 1 chunk(s) of 0.36s, change 17.9, best 17.9, hazards none — one push, so `best` IS the whole leg's travel
      |       step 9/16 bearing  359.6 (got    0.9) 0.36s -> walked 0.36s, best change 17.9
      |         turn to 359.4: NO-OP, already inside 4.0 deg (at 0.9, err -1.5) — nothing was sent, the recorded curve was discarded, and the caller's step line will look like a turn that happened
      |         office_door->portrait_room step 10/16: 1 chunk(s) of 0.78s, change 20.2, best 20.2, hazards none — one push, so `best` IS the whole leg's travel
      |       step 10/16 bearing  359.4 (got    0.9) 0.78s -> walked 0.78s, best change 20.2
      |         turn to 357.9: NO-OP, already inside 4.0 deg (at 0.9, err -3.1) — nothing was sent, the recorded curve was discarded, and the caller's step line will look like a turn that happened
      |         office_door->portrait_room step 11/16: 1 chunk(s) of 0.79s, change 21.5, best 21.5, hazards none — one push, so `best` IS the whole leg's travel
      |       step 11/16 bearing  357.9 (got    0.9) 0.79s -> walked 0.79s, best change 21.5
      |         turn to 358.0: NO-OP, already inside 4.0 deg (at 1.0, err -2.9) — nothing was sent, the recorded curve was discarded, and the caller's step line will look like a turn that happened
      |         office_door->portrait_room step 12/16: 1 chunk(s) of 0.79s, change 22.1, best 22.1, hazards none — one push, so `best` IS the whole leg's travel
      |       step 12/16 bearing  358.0 (got    1.0) 0.79s -> walked 0.79s, best change 22.1
      |         turn to 357.8: NO-OP, already inside 4.0 deg (at 1.1, err -3.2) — nothing was sent, the recorded curve was discarded, and the caller's step line will look like a turn that happened
      |         office_door->portrait_room step 13/16: 1 chunk(s) of 0.79s, change 24.5, best 24.5, hazards none — one push, so `best` IS the whole leg's travel
      |       step 13/16 bearing  357.8 (got    1.1) 0.79s -> walked 0.79s, best change 24.5
      |         turn to 357.9: NO-OP, already inside 4.0 deg (at 1.0, err -3.0) — nothing was sent, the recorded curve was discarded, and the caller's step line will look like a turn that happened
      |         office_door->portrait_room step 14/16: 1 chunk(s) of 0.79s, change 29.6, best 29.6, hazards none — one push, so `best` IS the whole leg's travel
      |       step 14/16 bearing  357.9 (got    1.0) 0.79s -> walked 0.79s, best change 29.6
      |         turn to 0.8: NO-OP, already inside 4.0 deg (at 1.0, err -0.1) — nothing was sent, the recorded curve was discarded, and the caller's step line will look like a turn that happened
      |         office_door->portrait_room step 15/16: 1 chunk(s) of 0.79s, change 26.5, best 26.5, hazards none — one push, so `best` IS the whole leg's travel
      |       step 15/16 bearing    0.8 (got    1.0) 0.79s -> walked 0.79s, best change 26.5
      |         turn to 4.0: NO-OP, already inside 4.0 deg (at 1.0, err +3.0) — nothing was sent, the recorded curve was discarded, and the caller's step line will look like a turn that happened
      |         office_door->portrait_room step 16/16: 1 chunk(s) of 0.36s, change 16.9, best 16.9, hazards none — one push, so `best` IS the whole leg's travel
      |       step 16/16 bearing    4.0 (got    1.0) 0.36s -> walked 0.36s, best change 16.9
      |       arrived? True  (portrait_room 666.000/5.740)
      |         turn to 1.5: TURNED to 1.8 (err -0.3) in 1 push(es)
      |       align at portrait_room: yaw nulled to 1.8 (reference 1.5) — 0.3 deg REMAINING = ~6px of phantom dx still in the dx below
      |       align: within 35px (dx=-10.4) after 0 step(s)
      |       aligned at portrait_room: 10px from the recorded pose
      |       align at portrait_room: dx +10.4px
      |     leg portrait_room -> bar_pool_room
      |         turn to 286.6: TURNED to 287.6 (err -1.0) in 2 push(es)
      |         portrait_room->bar_pool_room step 1/4: 1 chunk(s) of 0.16s, change 8.4, best 8.4, hazards none — one push, so `best` IS the whole leg's travel
      |       step 1/4 bearing  286.6 (got  287.6) 0.16s -> walked 0.16s, best change 8.4
      |         turn to 292.2: TURNED to 292.7 (err -0.5) in 1 push(es)
      |         portrait_room->bar_pool_room step 2/4: 1 chunk(s) of 0.79s, change 17.3, best 17.3, hazards none — one push, so `best` IS the whole leg's travel
      |       step 2/4 bearing  292.2 (got  292.7) 0.79s -> walked 0.79s, best change 17.3
      |         turn to 285.6: TURNED to 283.6 (err +2.0) in 1 push(es)
      |         portrait_room->bar_pool_room step 3/4: 1 chunk(s) of 0.80s, change 16.4, best 16.4, hazards none — one push, so `best` IS the whole leg's travel
      |       step 3/4 bearing  285.6 (got  283.6) 0.80s -> walked 0.80s, best change 16.4
      |         turn to 287.6: TURNED to 288.1 (err -0.5) in 1 push(es)
      |         portrait_room->bar_pool_room step 4/4: 1 chunk(s) of 0.23s, change 11.5, best 11.5, hazards none — one push, so `best` IS the whole leg's travel
      |       step 4/4 bearing  287.6 (got  288.1) 0.23s -> walked 0.23s, best change 11.5
      |       arrived? True  (bar_pool_room 681.000/5.720)
      |         turn to 288.2: NO-OP, already inside 0.5 deg (at 288.1, err +0.1) — nothing was sent, the recorded curve was discarded, and the caller's step line will look like a turn that happened
      |       align at bar_pool_room: yaw nulled to 288.1 (reference 288.2) — 0.1 deg REMAINING = ~1px of phantom dx still in the dx below
      |       align: step 1/6 dx=+151.4 (prev --)
      |       align: dx=+151.4 -> strafe right 0.13s
      |       align: step 2/6 dx=+112.3 (prev +151.4)
      |       align: dx=+112.3 -> strafe right 0.10s
      |       align: step 3/6 dx=+82.2 (prev +112.3)
      |       align: dx=+82.2 -> strafe right 0.10s
      |       align: step 4/6 dx=+57.0 (prev +82.2)
      |       align: dx=+57.0 -> strafe right 0.10s
      |       align: within 35px (dx=+27.9) after 4 step(s)
      |       aligned at bar_pool_room: 28px from the recorded pose
      |       align at bar_pool_room: dx +27.9px
      |   arrived, but 1 node(s) could not be confirmed on the way: ['office_door'] — each is a hole in the reference set
      |   attempt 2/3 at bar_pool_room
      |   verified at bar_pool_room (bar_pool_room 674.000/5.570)
[10] original  ARRIVED in 52s  located=bar_pool_room
      |   arm=shipped  LEG_SPEED_BY_LEG=3.0  MERGE_STEPS_BY_LEG=True  MERGED_TURN_TOLERANCE=1.0
      |   pause menu open (selected 'Resume')
      |   selected: Load Last Save
      |   confirmation dialog up (delta 81.7) -> YES
      |   world back after 3.3s, spawn bearing 87 (E)
      |   attempt 1/3 at bar_pool_room
      |   locate() cannot name office_corridor (it has no appearance reference by design) but the caller reset onto it — routing from there instead of sweeping and reloading
      |   route: office_corridor -> office_door -> portrait_room -> bar_pool_room  (18.1s of walking)
      |     leg office_corridor -> office_door
      |         turn to 270.2: TURNED to 270.4 (err -0.2) in 3 push(es)
      |         office_corridor->office_door step 1/1: 1 chunk(s) of 1.95s, change 17.2, best 17.2, hazards none — one push, so `best` IS the whole leg's travel
      |       step 1/1 bearing  270.2 (got  270.4) 1.95s -> walked 1.95s, best change 17.2
      |       arrived? None  (no appearance reference by design)
      |     leg office_door -> portrait_room
      |         turn to 338.1: TURNED to 339.6 (err -1.5) in 1 push(es)
      |         office_door->portrait_room step 1/16: 1 chunk(s) of 0.79s, change 11.6, best 11.6, hazards none — one push, so `best` IS the whole leg's travel
      |       step 1/16 bearing  338.1 (got  339.6) 0.79s -> walked 0.79s, best change 11.6
      |         turn to 339.2: NO-OP, already inside 4.0 deg (at 339.6, err -0.4) — nothing was sent, the recorded curve was discarded, and the caller's step line will look like a turn that happened
      |         office_door->portrait_room step 2/16: 1 chunk(s) of 0.70s, change 12.8, best 12.8, hazards none — one push, so `best` IS the whole leg's travel
      |       step 2/16 bearing  339.2 (got  339.6) 0.70s -> walked 0.70s, best change 12.8
      |         turn to 347.9: TURNED to 346.3 (err +1.6) in 1 push(es)
      |         office_door->portrait_room step 3/16: 1 chunk(s) of 0.42s, change 17.4, best 17.4, hazards none — one push, so `best` IS the whole leg's travel
      |       step 3/16 bearing  347.9 (got  346.3) 0.42s -> walked 0.42s, best change 17.4
      |         turn to 355.2: TURNED to 356.8 (err -1.6) in 1 push(es)
      |         office_door->portrait_room step 4/16: 1 chunk(s) of 0.79s, change 47.7, best 47.7, hazards none — one push, so `best` IS the whole leg's travel
      |       step 4/16 bearing  355.2 (got  356.8) 0.79s -> walked 0.79s, best change 47.7
      |         turn to 360.0: NO-OP, already inside 4.0 deg (at 356.8, err +3.2) — nothing was sent, the recorded curve was discarded, and the caller's step line will look like a turn that happened
      |         office_door->portrait_room step 5/16: 1 chunk(s) of 0.51s, change 35.2, best 35.2, hazards none — one push, so `best` IS the whole leg's travel
      |       step 5/16 bearing  360.0 (got  356.8) 0.51s -> walked 0.51s, best change 35.2
      |         turn to 8.6: TURNED to 5.3 (err +3.2) in 1 push(es)
      |         office_door->portrait_room step 6/16: 1 chunk(s) of 0.78s, change 15.4, best 15.4, hazards none — one push, so `best` IS the whole leg's travel
      |       step 6/16 bearing    8.6 (got    5.3) 0.78s -> walked 0.78s, best change 15.4
      |         turn to 7.7: NO-OP, already inside 4.0 deg (at 5.3, err +2.4) — nothing was sent, the recorded curve was discarded, and the caller's step line will look like a turn that happened
      |         office_door->portrait_room step 7/16: 1 chunk(s) of 0.78s, change 22.0, best 22.0, hazards none — one push, so `best` IS the whole leg's travel
      |       step 7/16 bearing    7.7 (got    5.3) 0.78s -> walked 0.78s, best change 22.0
      |         turn to 1.7: NO-OP, already inside 4.0 deg (at 5.3, err -3.5) — nothing was sent, the recorded curve was discarded, and the caller's step line will look like a turn that happened
      |         office_door->portrait_room step 8/16: 1 chunk(s) of 0.80s, change 33.6, best 33.6, hazards none — one push, so `best` IS the whole leg's travel
      |       step 8/16 bearing    1.7 (got    5.3) 0.80s -> walked 0.80s, best change 33.6
      |         turn to 359.6: TURNED to 358.9 (err +0.7) in 1 push(es)
      |         office_door->portrait_room step 9/16: 1 chunk(s) of 0.36s, change 10.3, best 10.3, hazards none — one push, so `best` IS the whole leg's travel
      |       step 9/16 bearing  359.6 (got  358.9) 0.36s -> walked 0.36s, best change 10.3
      |         turn to 359.4: NO-OP, already inside 4.0 deg (at 358.9, err +0.5) — nothing was sent, the recorded curve was discarded, and the caller's step line will look like a turn that happened
      |         office_door->portrait_room step 10/16: 1 chunk(s) of 0.78s, change 14.0, best 14.0, hazards none — one push, so `best` IS the whole leg's travel
      |       step 10/16 bearing  359.4 (got  358.9) 0.78s -> walked 0.78s, best change 14.0
      |         turn to 357.9: NO-OP, already inside 4.0 deg (at 358.9, err -1.1) — nothing was sent, the recorded curve was discarded, and the caller's step line will look like a turn that happened
      |         office_door->portrait_room step 11/16: 1 chunk(s) of 0.79s, change 14.8, best 14.8, hazards none — one push, so `best` IS the whole leg's travel
      |       step 11/16 bearing  357.9 (got  358.9) 0.79s -> walked 0.79s, best change 14.8
      |         turn to 358.0: NO-OP, already inside 4.0 deg (at 358.9, err -0.8) — nothing was sent, the recorded curve was discarded, and the caller's step line will look like a turn that happened
      |         office_door->portrait_room step 12/16: 1 chunk(s) of 0.79s, change 14.4, best 14.4, hazards none — one push, so `best` IS the whole leg's travel
      |       step 12/16 bearing  358.0 (got  358.9) 0.79s -> walked 0.79s, best change 14.4
      |         turn to 357.8: NO-OP, already inside 4.0 deg (at 358.9, err -1.1) — nothing was sent, the recorded curve was discarded, and the caller's step line will look like a turn that happened
      |         office_door->portrait_room step 13/16: 1 chunk(s) of 0.79s, change 14.5, best 14.5, hazards none — one push, so `best` IS the whole leg's travel
      |       step 13/16 bearing  357.8 (got  358.9) 0.79s -> walked 0.79s, best change 14.5
      |         turn to 357.9: NO-OP, already inside 4.0 deg (at 358.9, err -0.9) — nothing was sent, the recorded curve was discarded, and the caller's step line will look like a turn that happened
      |         office_door->portrait_room step 14/16: 1 chunk(s) of 0.79s, change 15.1, best 15.1, hazards none — one push, so `best` IS the whole leg's travel
      |       step 14/16 bearing  357.9 (got  358.9) 0.79s -> walked 0.79s, best change 15.1
      |         turn to 0.8: NO-OP, already inside 4.0 deg (at 358.9, err +1.9) — nothing was sent, the recorded curve was discarded, and the caller's step line will look like a turn that happened
      |         office_door->portrait_room step 15/16: 1 chunk(s) of 0.79s, change 15.1, best 15.1, hazards none — one push, so `best` IS the whole leg's travel
      |       step 15/16 bearing    0.8 (got  358.9) 0.79s -> walked 0.79s, best change 15.1
      |         turn to 4.0: TURNED to 2.9 (err +1.0) in 1 push(es)
      |         office_door->portrait_room step 16/16: 1 chunk(s) of 0.36s, change 15.1, best 15.1, hazards none — one push, so `best` IS the whole leg's travel
      |       step 16/16 bearing    4.0 (got    2.9) 0.36s -> walked 0.36s, best change 15.1
      |       arrived? True  (portrait_room 156.000/1.530)
      |         turn to 1.5: TURNED to 2.0 (err -0.5) in 1 push(es)
      |       align at portrait_room: yaw nulled to 2.0 (reference 1.5) — 0.5 deg REMAINING = ~9px of phantom dx still in the dx below
      |       align: within 35px (dx=+8.2) after 0 step(s)
      |       aligned at portrait_room: 8px from the recorded pose
      |       align at portrait_room: dx +8.2px
      |     leg portrait_room -> bar_pool_room
      |         turn to 286.6: TURNED to 286.4 (err +0.2) in 2 push(es)
      |         portrait_room->bar_pool_room step 1/4: 1 chunk(s) of 0.16s, change 13.7, best 13.7, hazards none — one push, so `best` IS the whole leg's travel
      |       step 1/4 bearing  286.6 (got  286.4) 0.16s -> walked 0.16s, best change 13.7
      |         turn to 292.2: TURNED to 293.3 (err -1.1) in 1 push(es)
      |         portrait_room->bar_pool_room step 2/4: 1 chunk(s) of 0.79s, change 8.4, best 8.4, hazards none — one push, so `best` IS the whole leg's travel
      |       step 2/4 bearing  292.2 (got  293.3) 0.79s -> walked 0.79s, best change 8.4
      |         turn to 285.6: TURNED to 283.6 (err +2.0) in 1 push(es)
      |         portrait_room->bar_pool_room step 3/4: 1 chunk(s) of 0.80s, change 2.4, best 2.4, hazards SHORT — one push, so `best` IS the whole leg's travel
      |       step 3/4 bearing  285.6 (got  283.6) 0.80s -> walked 0.80s, best change 2.4
      |       step 3 blocked but the scene is MOVING — an NPC in the passage, not a wall
      |       the view is featureless — this is geometry, not a mover; skipping the escape ladder it has never cleared
      |       escape ladder: did NOT clear (best 0.0 PIXELS, against SLIP_PROGRESS_PX 20.0px — NOT against STALL_CHANGE 6.0, which is grey_levels)
      |       step 3 moved only 2.4 grey_levels (< 6.0) over 0.80s — stall score 1
      |         turn to 287.6: NO-OP, already inside 4.0 deg (at 283.6, err +4.0) — nothing was sent, the recorded curve was discarded, and the caller's step line will look like a turn that happened
      |         portrait_room->bar_pool_room step 4/4: 1 chunk(s) of 0.23s, change 2.2, best 2.2, hazards SHORT — one push, so `best` IS the whole leg's travel
      |       step 4/4 bearing  287.6 (got  283.6) 0.23s -> walked 0.23s, best change 2.2
      |       step 4 blocked but the scene is MOVING — an NPC in the passage, not a wall
      |       the view is featureless — this is geometry, not a mover; skipping the escape ladder it has never cleared
      |       escape ladder: did NOT clear (best 0.0 PIXELS, against SLIP_PROGRESS_PX 20.0px — NOT against STALL_CHANGE 6.0, which is grey_levels)
      |       step 4 moved only 2.2 grey_levels (< 6.0) over 0.23s — stall score 2
      |       BLOCKED on step 4; abandoning the rest of this leg rather than pushing into whatever is in the way
      |       recovery fan did not find bar_pool_room
      |       arrived? None  (unverified, abstained (0.000/0.000))
      |   arrived, but 2 node(s) could not be confirmed on the way: ['office_door', 'bar_pool_room'] — each is a hole in the reference set
      |   attempt 2/3 at bar_pool_room
      |   not at bar_pool_room and cannot say where this is (unrecognised (29.000/1.450)) — reloading to a known start
      |   pause menu open (selected 'Resume')
      |   selected: Load Last Save
      |   no dialog yet (delta 2.9) — the commit press did not land, retrying (1/3)
      |   confirmation dialog up (delta 79.4) -> YES
      |   world back after 3.2s, spawn bearing 87 (E)
      |   route: office_corridor -> office_door -> portrait_room -> bar_pool_room  (18.1s of walking)
      |     leg office_corridor -> office_door
      |         turn to 270.2: TURNED to 270.9 (err -0.7) in 2 push(es)
      |         office_corridor->office_door step 1/1: 1 chunk(s) of 1.95s, change 16.9, best 16.9, hazards none — one push, so `best` IS the whole leg's travel
      |       step 1/1 bearing  270.2 (got  270.9) 1.95s -> walked 1.95s, best change 16.9
      |       arrived? None  (no appearance reference by design)
      |     leg office_door -> portrait_room
      |         turn to 338.1: TURNED to 336.5 (err +1.6) in 1 push(es)
      |         office_door->portrait_room step 1/16: 1 chunk(s) of 0.79s, change 13.2, best 13.2, hazards none — one push, so `best` IS the whole leg's travel
      |       step 1/16 bearing  338.1 (got  336.5) 0.79s -> walked 0.79s, best change 13.2
      |         turn to 339.2: NO-OP, already inside 4.0 deg (at 336.5, err +2.7) — nothing was sent, the recorded curve was discarded, and the caller's step line will look like a turn that happened
      |         office_door->portrait_room step 2/16: 1 chunk(s) of 0.70s, change 17.0, best 17.0, hazards none — one push, so `best` IS the whole leg's travel
      |       step 2/16 bearing  339.2 (got  336.5) 0.70s -> walked 0.70s, best change 17.0
      |         turn to 347.9: TURNED to 349.0 (err -1.1) in 1 push(es)
      |         office_door->portrait_room step 3/16: 1 chunk(s) of 0.42s, change 24.4, best 24.4, hazards none — one push, so `best` IS the whole leg's travel
      |       step 3/16 bearing  347.9 (got  349.0) 0.42s -> walked 0.42s, best change 24.4
      |         turn to 355.2: TURNED to 354.1 (err +1.0) in 1 push(es)
      |         office_door->portrait_room step 4/16: 1 chunk(s) of 0.79s, change 55.3, best 55.3, hazards none — one push, so `best` IS the whole leg's travel
      |       step 4/16 bearing  355.2 (got  354.1) 0.79s -> walked 0.79s, best change 55.3
      |         turn to 360.0: TURNED to 359.1 (err +0.9) in 1 push(es)
      |         office_door->portrait_room step 5/16: 1 chunk(s) of 0.51s, change 38.5, best 38.5, hazards none — one push, so `best` IS the whole leg's travel
      |       step 5/16 bearing  360.0 (got  359.1) 0.51s -> walked 0.51s, best change 38.5
      |         turn to 8.6: TURNED to 7.3 (err +1.3) in 2 push(es)
      |         office_door->portrait_room step 6/16: 1 chunk(s) of 0.78s, change 16.2, best 16.2, hazards none — one push, so `best` IS the whole leg's travel
      |       step 6/16 bearing    8.6 (got    7.3) 0.78s -> walked 0.78s, best change 16.2
      |         turn to 7.7: NO-OP, already inside 4.0 deg (at 7.3, err +0.4) — nothing was sent, the recorded curve was discarded, and the caller's step line will look like a turn that happened
      |         office_door->portrait_room step 7/16: 1 chunk(s) of 0.78s, change 28.0, best 28.0, hazards none — one push, so `best` IS the whole leg's travel
      |       step 7/16 bearing    7.7 (got    7.3) 0.78s -> walked 0.78s, best change 28.0
      |         turn to 1.7: TURNED to 2.1 (err -0.4) in 1 push(es)
      |         office_door->portrait_room step 8/16: 1 chunk(s) of 0.80s, change 32.0, best 32.0, hazards none — one push, so `best` IS the whole leg's travel
      |       step 8/16 bearing    1.7 (got    2.1) 0.80s -> walked 0.80s, best change 32.0
      |         turn to 359.6: NO-OP, already inside 4.0 deg (at 2.2, err -2.5) — nothing was sent, the recorded curve was discarded, and the caller's step line will look like a turn that happened
      |         office_door->portrait_room step 9/16: 1 chunk(s) of 0.36s, change 14.1, best 14.1, hazards none — one push, so `best` IS the whole leg's travel
      |       step 9/16 bearing  359.6 (got    2.2) 0.36s -> walked 0.36s, best change 14.1
      |         turn to 359.4: NO-OP, already inside 4.0 deg (at 2.2, err -2.8) — nothing was sent, the recorded curve was discarded, and the caller's step line will look like a turn that happened
      |         office_door->portrait_room step 10/16: 1 chunk(s) of 0.78s, change 18.8, best 18.8, hazards none — one push, so `best` IS the whole leg's travel
      |       step 10/16 bearing  359.4 (got    2.2) 0.78s -> walked 0.78s, best change 18.8
      |         turn to 357.9: TURNED to 358.5 (err -0.6) in 1 push(es)
      |         office_door->portrait_room step 11/16: 1 chunk(s) of 0.79s, change 14.6, best 14.6, hazards none — one push, so `best` IS the whole leg's travel
      |       step 11/16 bearing  357.9 (got  358.5) 0.79s -> walked 0.79s, best change 14.6
      |         turn to 358.0: NO-OP, already inside 4.0 deg (at 358.5, err -0.4) — nothing was sent, the recorded curve was discarded, and the caller's step line will look like a turn that happened
      |         office_door->portrait_room step 12/16: 1 chunk(s) of 0.79s, change 15.2, best 15.2, hazards none — one push, so `best` IS the whole leg's travel
      |       step 12/16 bearing  358.0 (got  358.5) 0.79s -> walked 0.79s, best change 15.2
      |         turn to 357.8: NO-OP, already inside 4.0 deg (at 357.5, err +0.3) — nothing was sent, the recorded curve was discarded, and the caller's step line will look like a turn that happened
      |         office_door->portrait_room step 13/16: 1 chunk(s) of 0.79s, change 15.8, best 15.8, hazards none — one push, so `best` IS the whole leg's travel
      |       step 13/16 bearing  357.8 (got  357.5) 0.79s -> walked 0.79s, best change 15.8
      |         turn to 357.9: NO-OP, already inside 4.0 deg (at 359.5, err -1.6) — nothing was sent, the recorded curve was discarded, and the caller's step line will look like a turn that happened
      |         office_door->portrait_room step 14/16: 1 chunk(s) of 0.79s, change 25.3, best 25.3, hazards none — one push, so `best` IS the whole leg's travel
      |       step 14/16 bearing  357.9 (got  359.5) 0.79s -> walked 0.79s, best change 25.3
      |         turn to 0.8: NO-OP, already inside 4.0 deg (at 358.5, err +2.4) — nothing was sent, the recorded curve was discarded, and the caller's step line will look like a turn that happened
      |         office_door->portrait_room step 15/16: 1 chunk(s) of 0.79s, change 34.8, best 34.8, hazards none — one push, so `best` IS the whole leg's travel
      |       step 15/16 bearing    0.8 (got  358.5) 0.79s -> walked 0.79s, best change 34.8
      |         turn to 4.0: TURNED to 0.8 (err +3.1) in 1 push(es)
      |         office_door->portrait_room step 16/16: 1 chunk(s) of 0.36s, change 16.9, best 16.9, hazards none — one push, so `best` IS the whole leg's travel
      |       step 16/16 bearing    4.0 (got    0.8) 0.36s -> walked 0.36s, best change 16.9
      |       arrived? True  (portrait_room 155.000/1.400)
      |         turn to 1.5: TURNED to 1.4 (err +0.1) in 2 push(es)
      |       align at portrait_room: yaw nulled to 1.4 (reference 1.5) — 0.1 deg REMAINING = ~2px of phantom dx still in the dx below
      |       align: within 35px (dx=+21.5) after 0 step(s)
      |       aligned at portrait_room: 21px from the recorded pose
      |       align at portrait_room: dx +21.5px
      |     leg portrait_room -> bar_pool_room
      |         turn to 286.6: TURNED to 287.7 (err -1.2) in 2 push(es)
      |         portrait_room->bar_pool_room step 1/4: 1 chunk(s) of 0.16s, change 17.2, best 17.2, hazards none — one push, so `best` IS the whole leg's travel
      |       step 1/4 bearing  286.6 (got  287.7) 0.16s -> walked 0.16s, best change 17.2
      |         turn to 292.2: TURNED to 290.8 (err +1.4) in 1 push(es)
      |         portrait_room->bar_pool_room step 2/4: 1 chunk(s) of 0.79s, change 64.5, best 64.5, hazards none — one push, so `best` IS the whole leg's travel
      |       step 2/4 bearing  292.2 (got  290.8) 0.79s -> walked 0.79s, best change 64.5
      |         turn to 285.6: TURNED to 287.1 (err -1.5) in 1 push(es)
      |         portrait_room->bar_pool_room step 3/4: 1 chunk(s) of 0.80s, change 56.1, best 56.1, hazards none — one push, so `best` IS the whole leg's travel
      |       step 3/4 bearing  285.6 (got  287.1) 0.80s -> walked 0.80s, best change 56.1
      |         turn to 287.6: NO-OP, already inside 4.0 deg (at 287.0, err +0.6) — nothing was sent, the recorded curve was discarded, and the caller's step line will look like a turn that happened
      |         portrait_room->bar_pool_room step 4/4: 1 chunk(s) of 0.23s, change 14.9, best 14.9, hazards none — one push, so `best` IS the whole leg's travel
      |       step 4/4 bearing  287.6 (got  287.0) 0.23s -> walked 0.23s, best change 14.9
      |       recovery fan did not find bar_pool_room
      |       arrived? None  (unverified, abstained (114.000/1.110))
      |   arrived, but 2 node(s) could not be confirmed on the way: ['office_door', 'bar_pool_room'] — each is a hole in the reference set
      |   attempt 3/3 at bar_pool_room
      |       re-localised by turning 300 deg: portrait_room 144.000/1.440
      |   re-localised at portrait_room by turning; routing from there
      |   route: portrait_room -> bar_pool_room  (2.0s of walking)
      |     leg portrait_room -> bar_pool_room
      |         turn to 286.6: TURNED to 290.4 (err -3.8) in 1 push(es)
      |         portrait_room->bar_pool_room step 1/4: 1 chunk(s) of 0.16s, change 17.3, best 17.3, hazards none — one push, so `best` IS the whole leg's travel
      |       step 1/4 bearing  286.6 (got  290.4) 0.16s -> walked 0.16s, best change 17.3
      |         turn to 292.2: NO-OP, already inside 4.0 deg (at 290.3, err +1.8) — nothing was sent, the recorded curve was discarded, and the caller's step line will look like a turn that happened
      |         portrait_room->bar_pool_room step 2/4: 1 chunk(s) of 0.79s, change 21.7, best 21.7, hazards none — one push, so `best` IS the whole leg's travel
      |       step 2/4 bearing  292.2 (got  290.3) 0.79s -> walked 0.79s, best change 21.7
      |         turn to 285.6: TURNED to 284.9 (err +0.7) in 1 push(es)
      |         portrait_room->bar_pool_room step 3/4: 1 chunk(s) of 0.80s, change 21.4, best 21.4, hazards none — one push, so `best` IS the whole leg's travel
      |       step 3/4 bearing  285.6 (got  284.9) 0.80s -> walked 0.80s, best change 21.4
      |         turn to 287.6: NO-OP, already inside 4.0 deg (at 284.9, err +2.7) — nothing was sent, the recorded curve was discarded, and the caller's step line will look like a turn that happened
      |         portrait_room->bar_pool_room step 4/4: 1 chunk(s) of 0.23s, change 11.2, best 11.2, hazards none — one push, so `best` IS the whole leg's travel
      |       step 4/4 bearing  287.6 (got  284.9) 0.23s -> walked 0.23s, best change 11.2
      |       recovery fan did not find bar_pool_room
      |       arrived? None  (unverified, abstained (147.000/1.160))
      |   arrived, but 1 node(s) could not be confirmed on the way: ['bar_pool_room'] — each is a hole in the reference set
      |   could not verify bar_pool_room after 3 attempt(s); here is None (unrecognised (23.000/1.100))
[11] shipped   missed   in 320s  located=None
      |   arm=original  LEG_SPEED_BY_LEG=None  MERGE_STEPS_BY_LEG=False  MERGED_TURN_TOLERANCE=1.0
      |   pause menu open (selected 'Resume')
      |   selected: Load Last Save
      |   confirmation dialog up (delta 80.1) -> YES
      |   world back after 3.3s, spawn bearing 87 (E)
      |   attempt 1/3 at bar_pool_room
      |   locate() cannot name office_corridor (it has no appearance reference by design) but the caller reset onto it — routing from there instead of sweeping and reloading
      |   route: office_corridor -> office_door -> portrait_room -> bar_pool_room  (18.1s of walking)
      |     leg office_corridor -> office_door
      |         turn to 270.4: TURNED to 273.1 (err -2.7) in 2 push(es)
      |         office_corridor->office_door step 1/7: 1 chunk(s) of 0.79s, change 18.7, best 18.7, hazards none — one push, so `best` IS the whole leg's travel
      |       step 1/7 bearing  270.4 (got  273.1) 0.79s -> walked 0.79s, best change 18.7
      |         turn to 270.1: NO-OP, already inside 4.0 deg (at 273.1, err -3.0) — nothing was sent, the recorded curve was discarded, and the caller's step line will look like a turn that happened
      |         office_corridor->office_door step 2/7: 1 chunk(s) of 0.78s, change 19.1, best 19.1, hazards none — one push, so `best` IS the whole leg's travel
      |       step 2/7 bearing  270.1 (got  273.1) 0.78s -> walked 0.78s, best change 19.1
      |         turn to 270.1: NO-OP, already inside 4.0 deg (at 273.1, err -3.0) — nothing was sent, the recorded curve was discarded, and the caller's step line will look like a turn that happened
      |         office_corridor->office_door step 3/7: 1 chunk(s) of 0.78s, change 16.0, best 16.0, hazards none — one push, so `best` IS the whole leg's travel
      |       step 3/7 bearing  270.1 (got  273.1) 0.78s -> walked 0.78s, best change 16.0
      |         turn to 270.3: NO-OP, already inside 4.0 deg (at 273.1, err -2.8) — nothing was sent, the recorded curve was discarded, and the caller's step line will look like a turn that happened
      |         office_corridor->office_door step 4/7: 1 chunk(s) of 0.78s, change 11.2, best 11.2, hazards none — one push, so `best` IS the whole leg's travel
      |       step 4/7 bearing  270.3 (got  273.1) 0.78s -> walked 0.78s, best change 11.2
      |         turn to 270.1: NO-OP, already inside 4.0 deg (at 273.1, err -3.0) — nothing was sent, the recorded curve was discarded, and the caller's step line will look like a turn that happened
      |         office_corridor->office_door step 5/7: 1 chunk(s) of 0.79s, change 7.3, best 7.3, hazards none — one push, so `best` IS the whole leg's travel
      |       step 5/7 bearing  270.1 (got  273.1) 0.79s -> walked 0.79s, best change 7.3
      |         turn to 270.1: NO-OP, already inside 4.0 deg (at 273.1, err -3.0) — nothing was sent, the recorded curve was discarded, and the caller's step line will look like a turn that happened
      |         office_corridor->office_door step 6/7: 1 chunk(s) of 0.79s, change 7.6, best 7.6, hazards none — one push, so `best` IS the whole leg's travel
      |       step 6/7 bearing  270.1 (got  273.1) 0.79s -> walked 0.79s, best change 7.6
      |         turn to 270.4: NO-OP, already inside 4.0 deg (at 273.1, err -2.7) — nothing was sent, the recorded curve was discarded, and the caller's step line will look like a turn that happened
      |         office_corridor->office_door step 7/7: 1 chunk(s) of 0.42s, change 5.9, best 5.9, hazards none — one push, so `best` IS the whole leg's travel
      |       step 7/7 bearing  270.4 (got  273.1) 0.42s -> walked 0.42s, best change 5.9
      |       step 7 blocked but the scene is MOVING — an NPC in the passage, not a wall
      |       the view is featureless — this is geometry, not a mover; skipping the escape ladder it has never cleared
      |       escape ladder: did NOT clear (best 0.0 PIXELS, against SLIP_PROGRESS_PX 20.0px — NOT against STALL_CHANGE 6.0, which is grey_levels)
      |       step 7 moved only 5.9 grey_levels (< 6.0) over 0.42s — stall score 1
      |       arrived? None  (no appearance reference by design)
      |     leg office_door -> portrait_room
      |         turn to 338.1: TURNED to 338.6 (err -0.4) in 2 push(es)
      |         office_door->portrait_room step 1/16: 1 chunk(s) of 0.79s, change 12.8, best 12.8, hazards none — one push, so `best` IS the whole leg's travel
      |       step 1/16 bearing  338.1 (got  338.6) 0.79s -> walked 0.79s, best change 12.8
      |         turn to 339.2: NO-OP, already inside 4.0 deg (at 338.6, err +0.6) — nothing was sent, the recorded curve was discarded, and the caller's step line will look like a turn that happened
      |         office_door->portrait_room step 2/16: 1 chunk(s) of 0.70s, change 23.5, best 23.5, hazards none — one push, so `best` IS the whole leg's travel
      |       step 2/16 bearing  339.2 (got  338.6) 0.70s -> walked 0.70s, best change 23.5
      |         turn to 347.9: TURNED to 348.0 (err -0.1) in 1 push(es)
      |         office_door->portrait_room step 3/16: 1 chunk(s) of 0.42s, change 27.5, best 27.5, hazards none — one push, so `best` IS the whole leg's travel
      |       step 3/16 bearing  347.9 (got  348.0) 0.42s -> walked 0.42s, best change 27.5
      |         turn to 355.2: TURNED to 355.4 (err -0.2) in 1 push(es)
      |         office_door->portrait_room step 4/16: 1 chunk(s) of 0.79s, change 42.1, best 42.1, hazards none — one push, so `best` IS the whole leg's travel
      |       step 4/16 bearing  355.2 (got  355.4) 0.79s -> walked 0.79s, best change 42.1
      |         turn to 360.0: TURNED to 358.8 (err +1.2) in 1 push(es)
      |         office_door->portrait_room step 5/16: 1 chunk(s) of 0.51s, change 22.7, best 22.7, hazards none — one push, so `best` IS the whole leg's travel
      |       step 5/16 bearing  360.0 (got  358.8) 0.51s -> walked 0.51s, best change 22.7
      |         turn to 8.6: TURNED to 10.8 (err -2.2) in 1 push(es)
      |         office_door->portrait_room step 6/16: 1 chunk(s) of 0.78s, change 18.4, best 18.4, hazards none — one push, so `best` IS the whole leg's travel
      |       step 6/16 bearing    8.6 (got   10.8) 0.78s -> walked 0.78s, best change 18.4
      |         turn to 7.7: NO-OP, already inside 4.0 deg (at 10.8, err -3.1) — nothing was sent, the recorded curve was discarded, and the caller's step line will look like a turn that happened
      |         office_door->portrait_room step 7/16: 1 chunk(s) of 0.78s, change 26.9, best 26.9, hazards none — one push, so `best` IS the whole leg's travel
      |       step 7/16 bearing    7.7 (got   10.8) 0.78s -> walked 0.78s, best change 26.9
      |         turn to 1.7: TURNED to 1.9 (err -0.1) in 1 push(es)
      |         office_door->portrait_room step 8/16: 1 chunk(s) of 0.80s, change 32.7, best 32.7, hazards none — one push, so `best` IS the whole leg's travel
      |       step 8/16 bearing    1.7 (got    1.9) 0.80s -> walked 0.80s, best change 32.7
      |         turn to 359.6: NO-OP, already inside 4.0 deg (at 1.9, err -2.2) — nothing was sent, the recorded curve was discarded, and the caller's step line will look like a turn that happened
      |         office_door->portrait_room step 9/16: 1 chunk(s) of 0.36s, change 18.9, best 18.9, hazards none — one push, so `best` IS the whole leg's travel
      |       step 9/16 bearing  359.6 (got    1.9) 0.36s -> walked 0.36s, best change 18.9
      |         turn to 359.4: NO-OP, already inside 4.0 deg (at 2.0, err -2.6) — nothing was sent, the recorded curve was discarded, and the caller's step line will look like a turn that happened
      |         office_door->portrait_room step 10/16: 1 chunk(s) of 0.78s, change 19.6, best 19.6, hazards none — one push, so `best` IS the whole leg's travel
      |       step 10/16 bearing  359.4 (got    2.0) 0.78s -> walked 0.78s, best change 19.6
      |         turn to 357.9: TURNED to 355.8 (err +2.1) in 1 push(es)
      |         office_door->portrait_room step 11/16: 1 chunk(s) of 0.79s, change 19.8, best 19.8, hazards none — one push, so `best` IS the whole leg's travel
      |       step 11/16 bearing  357.9 (got  355.8) 0.79s -> walked 0.79s, best change 19.8
      |         turn to 358.0: NO-OP, already inside 4.0 deg (at 355.8, err +2.3) — nothing was sent, the recorded curve was discarded, and the caller's step line will look like a turn that happened
      |         office_door->portrait_room step 12/16: 1 chunk(s) of 0.79s, change 19.9, best 19.9, hazards none — one push, so `best` IS the whole leg's travel
      |       step 12/16 bearing  358.0 (got  355.8) 0.79s -> walked 0.79s, best change 19.9
      |         turn to 357.8: NO-OP, already inside 4.0 deg (at 355.7, err +2.2) — nothing was sent, the recorded curve was discarded, and the caller's step line will look like a turn that happened
      |         office_door->portrait_room step 13/16: 1 chunk(s) of 0.79s, change 25.3, best 25.3, hazards none — one push, so `best` IS the whole leg's travel
      |       step 13/16 bearing  357.8 (got  355.7) 0.79s -> walked 0.79s, best change 25.3
      |         turn to 357.9: NO-OP, already inside 4.0 deg (at 355.8, err +2.1) — nothing was sent, the recorded curve was discarded, and the caller's step line will look like a turn that happened
      |         office_door->portrait_room step 14/16: 1 chunk(s) of 0.79s, change 28.2, best 28.2, hazards none — one push, so `best` IS the whole leg's travel
      |       step 14/16 bearing  357.9 (got  355.8) 0.79s -> walked 0.79s, best change 28.2
      |         turn to 0.8: TURNED to 359.2 (err +1.7) in 1 push(es)
      |         office_door->portrait_room step 15/16: 1 chunk(s) of 0.79s, change 27.2, best 27.2, hazards none — one push, so `best` IS the whole leg's travel
      |       step 15/16 bearing    0.8 (got  359.2) 0.79s -> walked 0.79s, best change 27.2
      |         turn to 4.0: NO-OP, already inside 4.0 deg (at 0.1, err +3.8) — nothing was sent, the recorded curve was discarded, and the caller's step line will look like a turn that happened
      |         office_door->portrait_room step 16/16: 1 chunk(s) of 0.36s, change 17.3, best 17.3, hazards none — one push, so `best` IS the whole leg's travel
      |       step 16/16 bearing    4.0 (got    0.1) 0.36s -> walked 0.36s, best change 17.3
      |       arrived? True  (portrait_room 720.000/5.950)
      |         turn to 1.5: TURNED to 1.6 (err -0.2) in 1 push(es)
      |       align at portrait_room: yaw nulled to 1.6 (reference 1.5) — 0.2 deg REMAINING = ~3px of phantom dx still in the dx below
      |       align: step 1/6 dx=+113.7 (prev --)
      |       align: dx=+113.7 -> strafe right 0.10s
      |       align: step 2/6 dx=+89.5 (prev +113.7)
      |       align: dx=+89.5 -> strafe right 0.10s
      |       align: step 3/6 dx=+67.4 (prev +89.5)
      |       align: dx=+67.4 -> strafe right 0.10s
      |       align: within 35px (dx=+14.0) after 3 step(s)
      |       aligned at portrait_room: 14px from the recorded pose
      |       align at portrait_room: dx +14.0px
      |     leg portrait_room -> bar_pool_room
      |         turn to 286.6: TURNED to 285.3 (err +1.3) in 2 push(es)
      |         portrait_room->bar_pool_room step 1/4: 1 chunk(s) of 0.16s, change 13.3, best 13.3, hazards none — one push, so `best` IS the whole leg's travel
      |       step 1/4 bearing  286.6 (got  285.3) 0.16s -> walked 0.16s, best change 13.3
      |         turn to 292.2: TURNED to 291.7 (err +0.5) in 1 push(es)
      |         portrait_room->bar_pool_room step 2/4: 1 chunk(s) of 0.79s, change 17.7, best 17.7, hazards none — one push, so `best` IS the whole leg's travel
      |       step 2/4 bearing  292.2 (got  291.7) 0.79s -> walked 0.79s, best change 17.7
      |         turn to 285.6: TURNED to 286.7 (err -1.2) in 1 push(es)
      |         portrait_room->bar_pool_room step 3/4: 1 chunk(s) of 0.80s, change 18.6, best 18.6, hazards none — one push, so `best` IS the whole leg's travel
      |       step 3/4 bearing  285.6 (got  286.7) 0.80s -> walked 0.80s, best change 18.6
      |         turn to 287.6: NO-OP, already inside 4.0 deg (at 286.7, err +0.9) — nothing was sent, the recorded curve was discarded, and the caller's step line will look like a turn that happened
      |         portrait_room->bar_pool_room step 4/4: 1 chunk(s) of 0.23s, change 12.5, best 12.5, hazards none — one push, so `best` IS the whole leg's travel
      |       step 4/4 bearing  287.6 (got  286.7) 0.23s -> walked 0.23s, best change 12.5
      |       arrived? True  (bar_pool_room 410.000/3.080)
      |         turn to 288.2: TURNED to 288.2 (err -0.0) in 1 push(es)
      |       align at bar_pool_room: yaw nulled to 288.2 (reference 288.2) — 0.0 deg REMAINING = ~1px of phantom dx still in the dx below
      |       align: step 1/6 dx=+106.0 (prev --)
      |       align: dx=+106.0 -> strafe right 0.10s
      |       align: step 2/6 dx=+71.5 (prev +106.0)
      |       align: dx=+71.5 -> strafe right 0.10s
      |       align: step 3/6 dx=+49.7 (prev +71.5)
      |       align: dx=+49.7 -> strafe right 0.10s
      |       align: within 35px (dx=+28.3) after 3 step(s)
      |       aligned at bar_pool_room: 28px from the recorded pose
      |       align at bar_pool_room: dx +28.3px
      |   arrived, but 1 node(s) could not be confirmed on the way: ['office_door'] — each is a hole in the reference set
      |   attempt 2/3 at bar_pool_room
      |   verified at bar_pool_room (bar_pool_room 362.000/2.500)
[12] original  ARRIVED in 55s  located=bar_pool_room
      |   arm=shipped  LEG_SPEED_BY_LEG=3.0  MERGE_STEPS_BY_LEG=True  MERGED_TURN_TOLERANCE=1.0
      |   pause menu open (selected 'Resume')
      |   selected: Load Last Save
      |   confirmation dialog up (delta 81.6) -> YES
      |   world back after 3.3s, spawn bearing 87 (E)
      |   attempt 1/3 at bar_pool_room
      |   locate() cannot name office_corridor (it has no appearance reference by design) but the caller reset onto it — routing from there instead of sweeping and reloading
      |   route: office_corridor -> office_door -> portrait_room -> bar_pool_room  (18.1s of walking)
      |     leg office_corridor -> office_door
      |         turn to 270.2: TURNED to 269.5 (err +0.7) in 2 push(es)
      |         office_corridor->office_door step 1/1: 1 chunk(s) of 1.95s, change 18.7, best 18.7, hazards none — one push, so `best` IS the whole leg's travel
      |       step 1/1 bearing  270.2 (got  269.5) 1.95s -> walked 1.95s, best change 18.7
      |       arrived? None  (no appearance reference by design)
      |     leg office_door -> portrait_room
      |         turn to 338.1: TURNED to 335.1 (err +3.0) in 1 push(es)
      |         office_door->portrait_room step 1/16: 1 chunk(s) of 0.79s, change 9.2, best 9.2, hazards none — one push, so `best` IS the whole leg's travel
      |       step 1/16 bearing  338.1 (got  335.1) 0.79s -> walked 0.79s, best change 9.2
      |         turn to 339.2: TURNED to 340.2 (err -1.0) in 1 push(es)
      |         office_door->portrait_room step 2/16: 1 chunk(s) of 0.70s, change 9.8, best 9.8, hazards none — one push, so `best` IS the whole leg's travel
      |       step 2/16 bearing  339.2 (got  340.2) 0.70s -> walked 0.70s, best change 9.8
      |         turn to 347.9: TURNED to 350.3 (err -2.4) in 1 push(es)
      |         office_door->portrait_room step 3/16: 1 chunk(s) of 0.42s, change 8.9, best 8.9, hazards none — one push, so `best` IS the whole leg's travel
      |       step 3/16 bearing  347.9 (got  350.3) 0.42s -> walked 0.42s, best change 8.9
      |         turn to 355.2: TURNED to 355.7 (err -0.5) in 1 push(es)
      |         office_door->portrait_room step 4/16: 1 chunk(s) of 0.79s, change 58.9, best 58.9, hazards none — one push, so `best` IS the whole leg's travel
      |       step 4/16 bearing  355.2 (got  355.7) 0.79s -> walked 0.79s, best change 58.9
      |         turn to 360.0: TURNED to 0.5 (err -0.5) in 1 push(es)
      |         office_door->portrait_room step 5/16: 1 chunk(s) of 0.51s, change 42.6, best 42.6, hazards none — one push, so `best` IS the whole leg's travel
      |       step 5/16 bearing  360.0 (got    0.5) 0.51s -> walked 0.51s, best change 42.6
      |         turn to 8.6: TURNED to 7.0 (err +1.5) in 1 push(es)
      |         office_door->portrait_room step 6/16: 1 chunk(s) of 0.78s, change 19.1, best 19.1, hazards none — one push, so `best` IS the whole leg's travel
      |       step 6/16 bearing    8.6 (got    7.0) 0.78s -> walked 0.78s, best change 19.1
      |         turn to 7.7: NO-OP, already inside 4.0 deg (at 7.1, err +0.7) — nothing was sent, the recorded curve was discarded, and the caller's step line will look like a turn that happened
      |         office_door->portrait_room step 7/16: 1 chunk(s) of 0.78s, change 20.5, best 20.5, hazards none — one push, so `best` IS the whole leg's travel
      |       step 7/16 bearing    7.7 (got    7.1) 0.78s -> walked 0.78s, best change 20.5
      |         turn to 1.7: TURNED to 2.7 (err -0.9) in 1 push(es)
      |         office_door->portrait_room step 8/16: 1 chunk(s) of 0.80s, change 38.3, best 38.3, hazards none — one push, so `best` IS the whole leg's travel
      |       step 8/16 bearing    1.7 (got    2.7) 0.80s -> walked 0.80s, best change 38.3
      |         turn to 359.6: NO-OP, already inside 4.0 deg (at 2.6, err -3.0) — nothing was sent, the recorded curve was discarded, and the caller's step line will look like a turn that happened
      |         office_door->portrait_room step 9/16: 1 chunk(s) of 0.36s, change 14.7, best 14.7, hazards none — one push, so `best` IS the whole leg's travel
      |       step 9/16 bearing  359.6 (got    2.6) 0.36s -> walked 0.36s, best change 14.7
      |         turn to 359.4: NO-OP, already inside 4.0 deg (at 2.4, err -3.0) — nothing was sent, the recorded curve was discarded, and the caller's step line will look like a turn that happened
      |         office_door->portrait_room step 10/16: 1 chunk(s) of 0.78s, change 21.6, best 21.6, hazards none — one push, so `best` IS the whole leg's travel
      |       step 10/16 bearing  359.4 (got    2.4) 0.78s -> walked 0.78s, best change 21.6
      |         turn to 357.9: TURNED to 357.2 (err +0.7) in 1 push(es)
      |         office_door->portrait_room step 11/16: 1 chunk(s) of 0.79s, change 11.9, best 11.9, hazards none — one push, so `best` IS the whole leg's travel
      |       step 11/16 bearing  357.9 (got  357.2) 0.79s -> walked 0.79s, best change 11.9
      |         turn to 358.0: NO-OP, already inside 4.0 deg (at 357.2, err +0.8) — nothing was sent, the recorded curve was discarded, and the caller's step line will look like a turn that happened
      |         office_door->portrait_room step 12/16: 1 chunk(s) of 0.79s, change 12.4, best 12.4, hazards none — one push, so `best` IS the whole leg's travel
      |       step 12/16 bearing  358.0 (got  357.2) 0.79s -> walked 0.79s, best change 12.4
      |         turn to 357.8: NO-OP, already inside 4.0 deg (at 357.2, err +0.6) — nothing was sent, the recorded curve was discarded, and the caller's step line will look like a turn that happened
      |         office_door->portrait_room step 13/16: 1 chunk(s) of 0.79s, change 13.3, best 13.3, hazards none — one push, so `best` IS the whole leg's travel
      |       step 13/16 bearing  357.8 (got  357.2) 0.79s -> walked 0.79s, best change 13.3
      |         turn to 357.9: NO-OP, already inside 4.0 deg (at 357.2, err +0.7) — nothing was sent, the recorded curve was discarded, and the caller's step line will look like a turn that happened
      |         office_door->portrait_room step 14/16: 1 chunk(s) of 0.79s, change 18.7, best 18.7, hazards none — one push, so `best` IS the whole leg's travel
      |       step 14/16 bearing  357.9 (got  357.2) 0.79s -> walked 0.79s, best change 18.7
      |         turn to 0.8: NO-OP, already inside 4.0 deg (at 357.2, err +3.6) — nothing was sent, the recorded curve was discarded, and the caller's step line will look like a turn that happened
      |         office_door->portrait_room step 15/16: 1 chunk(s) of 0.79s, change 28.5, best 28.5, hazards none — one push, so `best` IS the whole leg's travel
      |       step 15/16 bearing    0.8 (got  357.2) 0.79s -> walked 0.79s, best change 28.5
      |         turn to 4.0: TURNED to 2.0 (err +1.9) in 1 push(es)
      |         office_door->portrait_room step 16/16: 1 chunk(s) of 0.36s, change 24.5, best 24.5, hazards none — one push, so `best` IS the whole leg's travel
      |       step 16/16 bearing    4.0 (got    2.0) 0.36s -> walked 0.36s, best change 24.5
      |       recovered portrait_room at 2 after 1 step(s)
      |       arrived? True  (portrait_room 140.000/1.510)
      |         turn to 1.5: TURNED to 1.4 (err +0.1) in 1 push(es)
      |       align at portrait_room: yaw nulled to 1.4 (reference 1.5) — 0.1 deg REMAINING = ~2px of phantom dx still in the dx below
      |       align: within 35px (dx=+14.0) after 0 step(s)
      |       aligned at portrait_room: 14px from the recorded pose
      |       align at portrait_room: dx +14.0px
      |     leg portrait_room -> bar_pool_room
      |         turn to 286.6: TURNED to 288.4 (err -1.8) in 2 push(es)
      |         portrait_room->bar_pool_room step 1/4: 1 chunk(s) of 0.16s, change 25.8, best 25.8, hazards none — one push, so `best` IS the whole leg's travel
      |       step 1/4 bearing  286.6 (got  288.4) 0.16s -> walked 0.16s, best change 25.8
      |         turn to 292.2: NO-OP, already inside 4.0 deg (at 288.5, err +3.7) — nothing was sent, the recorded curve was discarded, and the caller's step line will look like a turn that happened
      |         portrait_room->bar_pool_room step 2/4: 1 chunk(s) of 0.79s, change 55.2, best 55.2, hazards none — one push, so `best` IS the whole leg's travel
      |       step 2/4 bearing  292.2 (got  288.5) 0.79s -> walked 0.79s, best change 55.2
      |         turn to 285.6: NO-OP, already inside 4.0 deg (at 288.1, err -2.5) — nothing was sent, the recorded curve was discarded, and the caller's step line will look like a turn that happened
      |         portrait_room->bar_pool_room step 3/4: 1 chunk(s) of 0.80s, change 64.7, best 64.7, hazards none — one push, so `best` IS the whole leg's travel
      |       step 3/4 bearing  285.6 (got  288.1) 0.80s -> walked 0.80s, best change 64.7
      |         turn to 287.6: NO-OP, already inside 4.0 deg (at 288.4, err -0.8) — nothing was sent, the recorded curve was discarded, and the caller's step line will look like a turn that happened
      |         portrait_room->bar_pool_room step 4/4: 1 chunk(s) of 0.23s, change 32.4, best 32.4, hazards none — one push, so `best` IS the whole leg's travel
      |       step 4/4 bearing  287.6 (got  288.4) 0.23s -> walked 0.23s, best change 32.4
      |       recovery fan did not find bar_pool_room
      |       arrived? None  (unverified, abstained (91.000/1.030))
      |   arrived, but 2 node(s) could not be confirmed on the way: ['office_door', 'bar_pool_room'] — each is a hole in the reference set
      |   attempt 2/3 at bar_pool_room
      |       re-localised by turning 300 deg: portrait_room 154.000/1.410
      |   re-localised at portrait_room by turning; routing from there
      |   route: portrait_room -> bar_pool_room  (2.0s of walking)
      |     leg portrait_room -> bar_pool_room
      |         turn to 286.6: TURNED to 288.3 (err -1.7) in 2 push(es)
      |         portrait_room->bar_pool_room step 1/4: 1 chunk(s) of 0.16s, change 36.2, best 36.2, hazards none — one push, so `best` IS the whole leg's travel
      |       step 1/4 bearing  286.6 (got  288.3) 0.16s -> walked 0.16s, best change 36.2
      |         turn to 292.2: NO-OP, already inside 4.0 deg (at 288.3, err +3.9) — nothing was sent, the recorded curve was discarded, and the caller's step line will look like a turn that happened
      |         portrait_room->bar_pool_room step 2/4: 1 chunk(s) of 0.79s, change 33.8, best 33.8, hazards none — one push, so `best` IS the whole leg's travel
      |       step 2/4 bearing  292.2 (got  288.3) 0.79s -> walked 0.79s, best change 33.8
      |         turn to 285.6: NO-OP, already inside 4.0 deg (at 288.2, err -2.7) — nothing was sent, the recorded curve was discarded, and the caller's step line will look like a turn that happened
      |         portrait_room->bar_pool_room step 3/4: 1 chunk(s) of 0.80s, change 13.0, best 13.0, hazards none — one push, so `best` IS the whole leg's travel
      |       step 3/4 bearing  285.6 (got  288.2) 0.80s -> walked 0.80s, best change 13.0
      |         turn to 287.6: NO-OP, already inside 4.0 deg (at 288.3, err -0.7) — nothing was sent, the recorded curve was discarded, and the caller's step line will look like a turn that happened
      |         portrait_room->bar_pool_room step 4/4: 1 chunk(s) of 0.23s, change 13.4, best 13.4, hazards none — one push, so `best` IS the whole leg's travel
      |       step 4/4 bearing  287.6 (got  288.3) 0.23s -> walked 0.23s, best change 13.4
      |       recovery fan did not find bar_pool_room
      |       arrived? None  (unverified, abstained (137.000/1.160))
      |   arrived, but 1 node(s) could not be confirmed on the way: ['bar_pool_room'] — each is a hole in the reference set
      |   attempt 3/3 at bar_pool_room
      |   not at bar_pool_room and cannot say where this is (unrecognised (90.000/1.150)) — reloading to a known start
      |   pause menu open (selected 'Resume')
      |   selected: Load Last Save
      |   confirmation dialog up (delta 79.3) -> YES
      |   world back after 3.2s, spawn bearing 87 (E)
      |   route: office_corridor -> office_door -> portrait_room -> bar_pool_room  (18.1s of walking)
      |     leg office_corridor -> office_door
      |         turn to 270.2: TURNED to 271.2 (err -1.0) in 2 push(es)
      |         office_corridor->office_door step 1/1: 1 chunk(s) of 1.95s, change 17.9, best 17.9, hazards none — one push, so `best` IS the whole leg's travel
      |       step 1/1 bearing  270.2 (got  271.2) 1.95s -> walked 1.95s, best change 17.9
      |       arrived? None  (no appearance reference by design)
      |     leg office_door -> portrait_room
      |         turn to 338.1: TURNED to 340.4 (err -2.3) in 1 push(es)
      |         office_door->portrait_room step 1/16: 1 chunk(s) of 0.79s, change 10.3, best 10.3, hazards none — one push, so `best` IS the whole leg's travel
      |       step 1/16 bearing  338.1 (got  340.4) 0.79s -> walked 0.79s, best change 10.3
      |         turn to 339.2: NO-OP, already inside 4.0 deg (at 340.4, err -1.2) — nothing was sent, the recorded curve was discarded, and the caller's step line will look like a turn that happened
      |         office_door->portrait_room step 2/16: 1 chunk(s) of 0.70s, change 13.3, best 13.3, hazards none — one push, so `best` IS the whole leg's travel
      |       step 2/16 bearing  339.2 (got  340.4) 0.70s -> walked 0.70s, best change 13.3
      |         turn to 347.9: TURNED to 346.5 (err +1.4) in 1 push(es)
      |         office_door->portrait_room step 3/16: 1 chunk(s) of 0.42s, change 19.2, best 19.2, hazards none — one push, so `best` IS the whole leg's travel
      |       step 3/16 bearing  347.9 (got  346.5) 0.42s -> walked 0.42s, best change 19.2
      |         turn to 355.2: TURNED to 354.3 (err +0.9) in 1 push(es)
      |         office_door->portrait_room step 4/16: 1 chunk(s) of 0.79s, change 53.6, best 53.6, hazards none — one push, so `best` IS the whole leg's travel
      |       step 4/16 bearing  355.2 (got  354.3) 0.79s -> walked 0.79s, best change 53.6
      |         turn to 360.0: TURNED to 0.5 (err -0.5) in 1 push(es)
      |         office_door->portrait_room step 5/16: 1 chunk(s) of 0.51s, change 35.5, best 35.5, hazards none — one push, so `best` IS the whole leg's travel
      |       step 5/16 bearing  360.0 (got    0.5) 0.51s -> walked 0.51s, best change 35.5
      |         turn to 8.6: TURNED to 10.1 (err -1.6) in 1 push(es)
      |         office_door->portrait_room step 6/16: 1 chunk(s) of 0.78s, change 16.7, best 16.7, hazards none — one push, so `best` IS the whole leg's travel
      |       step 6/16 bearing    8.6 (got   10.1) 0.78s -> walked 0.78s, best change 16.7
      |         turn to 7.7: NO-OP, already inside 4.0 deg (at 10.0, err -2.3) — nothing was sent, the recorded curve was discarded, and the caller's step line will look like a turn that happened
      |         office_door->portrait_room step 7/16: 1 chunk(s) of 0.78s, change 29.5, best 29.5, hazards none — one push, so `best` IS the whole leg's travel
      |       step 7/16 bearing    7.7 (got   10.0) 0.78s -> walked 0.78s, best change 29.5
      |         turn to 1.7: TURNED to 3.5 (err -1.8) in 1 push(es)
      |         office_door->portrait_room step 8/16: 1 chunk(s) of 0.80s, change 32.3, best 32.3, hazards none — one push, so `best` IS the whole leg's travel
      |       step 8/16 bearing    1.7 (got    3.5) 0.80s -> walked 0.80s, best change 32.3
      |         turn to 359.6: NO-OP, already inside 4.0 deg (at 3.5, err -3.9) — nothing was sent, the recorded curve was discarded, and the caller's step line will look like a turn that happened
      |         office_door->portrait_room step 9/16: 1 chunk(s) of 0.36s, change 24.8, best 24.8, hazards none — one push, so `best` IS the whole leg's travel
      |       step 9/16 bearing  359.6 (got    3.5) 0.36s -> walked 0.36s, best change 24.8
      |         turn to 359.4: TURNED to 359.0 (err +0.3) in 1 push(es)
      |         office_door->portrait_room step 10/16: 1 chunk(s) of 0.78s, change 29.9, best 29.9, hazards none — one push, so `best` IS the whole leg's travel
      |       step 10/16 bearing  359.4 (got  359.0) 0.78s -> walked 0.78s, best change 29.9
      |         turn to 357.9: NO-OP, already inside 4.0 deg (at 359.0, err -1.2) — nothing was sent, the recorded curve was discarded, and the caller's step line will look like a turn that happened
      |         office_door->portrait_room step 11/16: 1 chunk(s) of 0.79s, change 22.7, best 22.7, hazards none — one push, so `best` IS the whole leg's travel
      |       step 11/16 bearing  357.9 (got  359.0) 0.79s -> walked 0.79s, best change 22.7
      |         turn to 358.0: NO-OP, already inside 4.0 deg (at 358.9, err -0.9) — nothing was sent, the recorded curve was discarded, and the caller's step line will look like a turn that happened
      |         office_door->portrait_room step 12/16: 1 chunk(s) of 0.79s, change 18.6, best 18.6, hazards none — one push, so `best` IS the whole leg's travel
      |       step 12/16 bearing  358.0 (got  358.9) 0.79s -> walked 0.79s, best change 18.6
      |         turn to 357.8: NO-OP, already inside 4.0 deg (at 359.1, err -1.2) — nothing was sent, the recorded curve was discarded, and the caller's step line will look like a turn that happened
      |         office_door->portrait_room step 13/16: 1 chunk(s) of 0.79s, change 20.3, best 20.3, hazards none — one push, so `best` IS the whole leg's travel
      |       step 13/16 bearing  357.8 (got  359.1) 0.79s -> walked 0.79s, best change 20.3
      |         turn to 357.9: NO-OP, already inside 4.0 deg (at 358.9, err -1.0) — nothing was sent, the recorded curve was discarded, and the caller's step line will look like a turn that happened
      |         office_door->portrait_room step 14/16: 1 chunk(s) of 0.79s, change 25.4, best 25.4, hazards none — one push, so `best` IS the whole leg's travel
      |       step 14/16 bearing  357.9 (got  358.9) 0.79s -> walked 0.79s, best change 25.4
      |         turn to 0.8: NO-OP, already inside 4.0 deg (at 359.0, err +1.8) — nothing was sent, the recorded curve was discarded, and the caller's step line will look like a turn that happened
      |         office_door->portrait_room step 15/16: 1 chunk(s) of 0.79s, change 24.2, best 24.2, hazards none — one push, so `best` IS the whole leg's travel
      |       step 15/16 bearing    0.8 (got  359.0) 0.79s -> walked 0.79s, best change 24.2
      |         turn to 4.0: TURNED to 6.5 (err -2.5) in 1 push(es)
      |         office_door->portrait_room step 16/16: 1 chunk(s) of 0.36s, change 17.5, best 17.5, hazards none — one push, so `best` IS the whole leg's travel
      |       step 16/16 bearing    4.0 (got    6.5) 0.36s -> walked 0.36s, best change 17.5
      |       arrived? True  (portrait_room 872.000/6.810)
      |         turn to 1.5: TURNED to 1.3 (err +0.2) in 1 push(es)
      |       align at portrait_room: yaw nulled to 1.3 (reference 1.5) — 0.2 deg REMAINING = ~3px of phantom dx still in the dx below
      |       align: step 1/6 dx=+89.7 (prev --)
      |       align: dx=+89.7 -> strafe right 0.10s
      |       align: step 2/6 dx=+51.8 (prev +89.7)
      |       align: dx=+51.8 -> strafe right 0.10s
      |       align: within 35px (dx=+26.9) after 2 step(s)
      |       aligned at portrait_room: 27px from the recorded pose
      |       align at portrait_room: dx +26.9px
      |     leg portrait_room -> bar_pool_room
      |         turn to 286.6: TURNED to 289.3 (err -2.8) in 2 push(es)
      |         portrait_room->bar_pool_room step 1/4: 1 chunk(s) of 0.16s, change 10.6, best 10.6, hazards none — one push, so `best` IS the whole leg's travel
      |       step 1/4 bearing  286.6 (got  289.3) 0.16s -> walked 0.16s, best change 10.6
      |         turn to 292.2: NO-OP, already inside 4.0 deg (at 289.3, err +2.9) — nothing was sent, the recorded curve was discarded, and the caller's step line will look like a turn that happened
      |         portrait_room->bar_pool_room step 2/4: 1 chunk(s) of 0.79s, change 45.9, best 45.9, hazards none — one push, so `best` IS the whole leg's travel
      |       step 2/4 bearing  292.2 (got  289.3) 0.79s -> walked 0.79s, best change 45.9
      |         turn to 285.6: NO compass reading, abandoned BEFORE turning — the caller's 'got --' is an unread heading, not a heading that was reached
      |         portrait_room->bar_pool_room step 3/4: 1 chunk(s) of 0.80s, change 32.1, best 32.1, hazards none — one push, so `best` IS the whole leg's travel
      |       step 3/4 bearing  285.6 (got --) 0.80s -> walked 0.80s, best change 32.1
      |         turn to 287.6: NO-OP, already inside 4.0 deg (at 289.3, err -1.7) — nothing was sent, the recorded curve was discarded, and the caller's step line will look like a turn that happened
      |         portrait_room->bar_pool_room step 4/4: 1 chunk(s) of 0.23s, change 17.8, best 17.8, hazards none — one push, so `best` IS the whole leg's travel
      |       step 4/4 bearing  287.6 (got  289.3) 0.23s -> walked 0.23s, best change 17.8
      |       recovery fan did not find bar_pool_room
      |       arrived? None  (unverified, abstained (122.000/1.000))
      |   arrived, but 2 node(s) could not be confirmed on the way: ['office_door', 'bar_pool_room'] — each is a hole in the reference set
      |   could not verify bar_pool_room after 3 attempt(s); here is None (unrecognised (91.000/1.100))
[13] shipped   missed   in 329s  located=None
      |   arm=original  LEG_SPEED_BY_LEG=None  MERGE_STEPS_BY_LEG=False  MERGED_TURN_TOLERANCE=1.0
      |   pause menu open (selected 'Resume')
      |   selected: Load Last Save
      |   confirmation dialog up (delta 81.7) -> YES
      |   world back after 3.3s, spawn bearing 87 (E)
      |   attempt 1/3 at bar_pool_room
      |   locate() cannot name office_corridor (it has no appearance reference by design) but the caller reset onto it — routing from there instead of sweeping and reloading
      |   route: office_corridor -> office_door -> portrait_room -> bar_pool_room  (18.1s of walking)
      |     leg office_corridor -> office_door
      |         turn to 270.4: TURNED to 273.2 (err -2.8) in 2 push(es)
      |         office_corridor->office_door step 1/7: 1 chunk(s) of 0.79s, change 18.8, best 18.8, hazards none — one push, so `best` IS the whole leg's travel
      |       step 1/7 bearing  270.4 (got  273.2) 0.79s -> walked 0.79s, best change 18.8
      |         turn to 270.1: NO-OP, already inside 4.0 deg (at 273.2, err -3.1) — nothing was sent, the recorded curve was discarded, and the caller's step line will look like a turn that happened
      |         office_corridor->office_door step 2/7: 1 chunk(s) of 0.78s, change 17.9, best 17.9, hazards none — one push, so `best` IS the whole leg's travel
      |       step 2/7 bearing  270.1 (got  273.2) 0.78s -> walked 0.78s, best change 17.9
      |         turn to 270.1: NO-OP, already inside 4.0 deg (at 273.2, err -3.1) — nothing was sent, the recorded curve was discarded, and the caller's step line will look like a turn that happened
      |         office_corridor->office_door step 3/7: 1 chunk(s) of 0.78s, change 15.9, best 15.9, hazards none — one push, so `best` IS the whole leg's travel
      |       step 3/7 bearing  270.1 (got  273.2) 0.78s -> walked 0.78s, best change 15.9
      |         turn to 270.3: NO-OP, already inside 4.0 deg (at 273.2, err -2.9) — nothing was sent, the recorded curve was discarded, and the caller's step line will look like a turn that happened
      |         office_corridor->office_door step 4/7: 1 chunk(s) of 0.78s, change 11.2, best 11.2, hazards none — one push, so `best` IS the whole leg's travel
      |       step 4/7 bearing  270.3 (got  273.2) 0.78s -> walked 0.78s, best change 11.2
      |         turn to 270.1: NO-OP, already inside 4.0 deg (at 273.2, err -3.1) — nothing was sent, the recorded curve was discarded, and the caller's step line will look like a turn that happened
      |         office_corridor->office_door step 5/7: 1 chunk(s) of 0.79s, change 10.0, best 10.0, hazards none — one push, so `best` IS the whole leg's travel
      |       step 5/7 bearing  270.1 (got  273.2) 0.79s -> walked 0.79s, best change 10.0
      |         turn to 270.1: NO-OP, already inside 4.0 deg (at 273.2, err -3.1) — nothing was sent, the recorded curve was discarded, and the caller's step line will look like a turn that happened
      |         office_corridor->office_door step 6/7: 1 chunk(s) of 0.79s, change 6.2, best 6.2, hazards none — one push, so `best` IS the whole leg's travel
      |       step 6/7 bearing  270.1 (got  273.2) 0.79s -> walked 0.79s, best change 6.2
      |         turn to 270.4: NO-OP, already inside 4.0 deg (at 273.2, err -2.9) — nothing was sent, the recorded curve was discarded, and the caller's step line will look like a turn that happened
      |         office_corridor->office_door step 7/7: 1 chunk(s) of 0.42s, change 5.1, best 5.1, hazards none — one push, so `best` IS the whole leg's travel
      |       step 7/7 bearing  270.4 (got  273.2) 0.42s -> walked 0.42s, best change 5.1
      |       step 7 blocked but the scene is MOVING — an NPC in the passage, not a wall
      |       the view is featureless — this is geometry, not a mover; skipping the escape ladder it has never cleared
      |       escape ladder: did NOT clear (best 0.0 PIXELS, against SLIP_PROGRESS_PX 20.0px — NOT against STALL_CHANGE 6.0, which is grey_levels)
      |       step 7 moved only 5.1 grey_levels (< 6.0) over 0.42s — stall score 1
      |       arrived? None  (no appearance reference by design)
      |     leg office_door -> portrait_room
      |         turn to 338.1: TURNED to 338.7 (err -0.6) in 1 push(es)
      |         office_door->portrait_room step 1/16: 1 chunk(s) of 0.79s, change 14.6, best 14.6, hazards none — one push, so `best` IS the whole leg's travel
      |       step 1/16 bearing  338.1 (got  338.7) 0.79s -> walked 0.79s, best change 14.6
      |         turn to 339.2: NO-OP, already inside 4.0 deg (at 338.8, err +0.4) — nothing was sent, the recorded curve was discarded, and the caller's step line will look like a turn that happened
      |         office_door->portrait_room step 2/16: 1 chunk(s) of 0.70s, change 21.0, best 21.0, hazards none — one push, so `best` IS the whole leg's travel
      |       step 2/16 bearing  339.2 (got  338.8) 0.70s -> walked 0.70s, best change 21.0
      |         turn to 347.9: TURNED to 349.8 (err -1.9) in 1 push(es)
      |         office_door->portrait_room step 3/16: 1 chunk(s) of 0.42s, change 23.1, best 23.1, hazards none — one push, so `best` IS the whole leg's travel
      |       step 3/16 bearing  347.9 (got  349.8) 0.42s -> walked 0.42s, best change 23.1
      |         turn to 355.2: TURNED to 355.7 (err -0.5) in 1 push(es)
      |         office_door->portrait_room step 4/16: 1 chunk(s) of 0.79s, change 39.8, best 39.8, hazards none — one push, so `best` IS the whole leg's travel
      |       step 4/16 bearing  355.2 (got  355.7) 0.79s -> walked 0.79s, best change 39.8
      |         turn to 360.0: TURNED to 359.9 (err +0.0) in 1 push(es)
      |         office_door->portrait_room step 5/16: 1 chunk(s) of 0.51s, change 18.9, best 18.9, hazards none — one push, so `best` IS the whole leg's travel
      |       step 5/16 bearing  360.0 (got  359.9) 0.51s -> walked 0.51s, best change 18.9
      |         turn to 8.6: TURNED to 7.6 (err +1.0) in 1 push(es)
      |         office_door->portrait_room step 6/16: 1 chunk(s) of 0.78s, change 18.7, best 18.7, hazards none — one push, so `best` IS the whole leg's travel
      |       step 6/16 bearing    8.6 (got    7.6) 0.78s -> walked 0.78s, best change 18.7
      |         turn to 7.7: NO-OP, already inside 4.0 deg (at 7.6, err +0.2) — nothing was sent, the recorded curve was discarded, and the caller's step line will look like a turn that happened
      |         office_door->portrait_room step 7/16: 1 chunk(s) of 0.78s, change 28.8, best 28.8, hazards none — one push, so `best` IS the whole leg's travel
      |       step 7/16 bearing    7.7 (got    7.6) 0.78s -> walked 0.78s, best change 28.8
      |         turn to 1.7: TURNED to 2.2 (err -0.4) in 1 push(es)
      |         office_door->portrait_room step 8/16: 1 chunk(s) of 0.80s, change 32.5, best 32.5, hazards none — one push, so `best` IS the whole leg's travel
      |       step 8/16 bearing    1.7 (got    2.2) 0.80s -> walked 0.80s, best change 32.5
      |         turn to 359.6: NO-OP, already inside 4.0 deg (at 2.2, err -2.6) — nothing was sent, the recorded curve was discarded, and the caller's step line will look like a turn that happened
      |         office_door->portrait_room step 9/16: 1 chunk(s) of 0.36s, change 17.9, best 17.9, hazards none — one push, so `best` IS the whole leg's travel
      |       step 9/16 bearing  359.6 (got    2.2) 0.36s -> walked 0.36s, best change 17.9
      |         turn to 359.4: NO-OP, already inside 4.0 deg (at 2.2, err -2.8) — nothing was sent, the recorded curve was discarded, and the caller's step line will look like a turn that happened
      |         office_door->portrait_room step 10/16: 1 chunk(s) of 0.78s, change 21.9, best 21.9, hazards none — one push, so `best` IS the whole leg's travel
      |       step 10/16 bearing  359.4 (got    2.2) 0.78s -> walked 0.78s, best change 21.9
      |         turn to 357.9: TURNED to 358.5 (err -0.6) in 1 push(es)
      |         office_door->portrait_room step 11/16: 1 chunk(s) of 0.79s, change 20.5, best 20.5, hazards none — one push, so `best` IS the whole leg's travel
      |       step 11/16 bearing  357.9 (got  358.5) 0.79s -> walked 0.79s, best change 20.5
      |         turn to 358.0: NO-OP, already inside 4.0 deg (at 358.5, err -0.4) — nothing was sent, the recorded curve was discarded, and the caller's step line will look like a turn that happened
      |         office_door->portrait_room step 12/16: 1 chunk(s) of 0.79s, change 20.1, best 20.1, hazards none — one push, so `best` IS the whole leg's travel
      |       step 12/16 bearing  358.0 (got  358.5) 0.79s -> walked 0.79s, best change 20.1
      |         turn to 357.8: NO-OP, already inside 4.0 deg (at 358.5, err -0.6) — nothing was sent, the recorded curve was discarded, and the caller's step line will look like a turn that happened
      |         office_door->portrait_room step 13/16: 1 chunk(s) of 0.79s, change 24.5, best 24.5, hazards none — one push, so `best` IS the whole leg's travel
      |       step 13/16 bearing  357.8 (got  358.5) 0.79s -> walked 0.79s, best change 24.5
      |         turn to 357.9: NO-OP, already inside 4.0 deg (at 358.5, err -0.5) — nothing was sent, the recorded curve was discarded, and the caller's step line will look like a turn that happened
      |         office_door->portrait_room step 14/16: 1 chunk(s) of 0.79s, change 31.2, best 31.2, hazards none — one push, so `best` IS the whole leg's travel
      |       step 14/16 bearing  357.9 (got  358.5) 0.79s -> walked 0.79s, best change 31.2
      |         turn to 0.8: NO-OP, already inside 4.0 deg (at 358.4, err +2.4) — nothing was sent, the recorded curve was discarded, and the caller's step line will look like a turn that happened
      |         office_door->portrait_room step 15/16: 1 chunk(s) of 0.79s, change 27.6, best 27.6, hazards none — one push, so `best` IS the whole leg's travel
      |       step 15/16 bearing    0.8 (got  358.4) 0.79s -> walked 0.79s, best change 27.6
      |         turn to 4.0: TURNED to 3.9 (err +0.1) in 1 push(es)
      |         office_door->portrait_room step 16/16: 1 chunk(s) of 0.36s, change 17.0, best 17.0, hazards none — one push, so `best` IS the whole leg's travel
      |       step 16/16 bearing    4.0 (got    3.9) 0.36s -> walked 0.36s, best change 17.0
      |       arrived? True  (portrait_room 727.000/5.680)
      |         turn to 1.5: TURNED to 1.4 (err +0.1) in 2 push(es)
      |       align at portrait_room: yaw nulled to 1.4 (reference 1.5) — 0.1 deg REMAINING = ~1px of phantom dx still in the dx below
      |       align: step 1/6 dx=+43.8 (prev --)
      |       align: dx=+43.8 -> strafe right 0.10s
      |       align: within 35px (dx=+8.0) after 1 step(s)
      |       aligned at portrait_room: 8px from the recorded pose
      |       align at portrait_room: dx +8.0px
      |     leg portrait_room -> bar_pool_room
      |         turn to 286.6: TURNED to 289.1 (err -2.5) in 1 push(es)
      |         portrait_room->bar_pool_room step 1/4: 1 chunk(s) of 0.16s, change 13.0, best 13.0, hazards none — one push, so `best` IS the whole leg's travel
      |       step 1/4 bearing  286.6 (got  289.1) 0.16s -> walked 0.16s, best change 13.0
      |         turn to 292.2: NO-OP, already inside 4.0 deg (at 289.1, err +3.1) — nothing was sent, the recorded curve was discarded, and the caller's step line will look like a turn that happened
      |         portrait_room->bar_pool_room step 2/4: 1 chunk(s) of 0.79s, change 20.0, best 20.0, hazards none — one push, so `best` IS the whole leg's travel
      |       step 2/4 bearing  292.2 (got  289.1) 0.79s -> walked 0.79s, best change 20.0
      |         turn to 285.6: NO-OP, already inside 4.0 deg (at 289.1, err -3.5) — nothing was sent, the recorded curve was discarded, and the caller's step line will look like a turn that happened
      |         portrait_room->bar_pool_room step 3/4: 1 chunk(s) of 0.80s, change 19.6, best 19.6, hazards none — one push, so `best` IS the whole leg's travel
      |       step 3/4 bearing  285.6 (got  289.1) 0.80s -> walked 0.80s, best change 19.6
      |         turn to 287.6: NO-OP, already inside 4.0 deg (at 289.1, err -1.5) — nothing was sent, the recorded curve was discarded, and the caller's step line will look like a turn that happened
      |         portrait_room->bar_pool_room step 4/4: 1 chunk(s) of 0.23s, change 12.6, best 12.6, hazards none — one push, so `best` IS the whole leg's travel
      |       step 4/4 bearing  287.6 (got  289.1) 0.23s -> walked 0.23s, best change 12.6
      |       arrived? True  (bar_pool_room 480.000/3.610)
      |         turn to 288.2: TURNED to 287.9 (err +0.2) in 1 push(es)
      |       align at bar_pool_room: yaw nulled to 287.9 (reference 288.2) — 0.2 deg REMAINING = ~4px of phantom dx still in the dx below
      |       align: step 1/6 dx=+114.6 (prev --)
      |       align: dx=+114.6 -> strafe right 0.10s
      |       align: step 2/6 dx=+88.5 (prev +114.6)
      |       align: dx=+88.5 -> strafe right 0.10s
      |       align: step 3/6 dx=+53.4 (prev +88.5)
      |       align: dx=+53.4 -> strafe right 0.10s
      |       align: dx barely changed (+53 -> +43) — blocked sideways, cannot correct from here
      |       aligned at bar_pool_room: 43px from the recorded pose
      |       align at bar_pool_room: dx +42.9px
      |   arrived, but 1 node(s) could not be confirmed on the way: ['office_door'] — each is a hole in the reference set
      |   attempt 2/3 at bar_pool_room
      |   verified at bar_pool_room (bar_pool_room 390.000/2.730)
[14] original  ARRIVED in 52s  located=bar_pool_room
      |   arm=shipped  LEG_SPEED_BY_LEG=3.0  MERGE_STEPS_BY_LEG=True  MERGED_TURN_TOLERANCE=1.0
      |   pause menu open (selected 'Resume')
      |   selected: Load Last Save
      |   confirmation dialog up (delta 82.3) -> YES
      |   YES press 1 did not register, retrying
      |   world back after 3.3s, spawn bearing 87 (E)
      |   attempt 1/3 at bar_pool_room
      |   locate() cannot name office_corridor (it has no appearance reference by design) but the caller reset onto it — routing from there instead of sweeping and reloading
      |   route: office_corridor -> office_door -> portrait_room -> bar_pool_room  (18.1s of walking)
      |     leg office_corridor -> office_door
      |         turn to 270.2: TURNED to 270.4 (err -0.2) in 2 push(es)
      |         office_corridor->office_door step 1/1: 1 chunk(s) of 1.95s, change 18.0, best 18.0, hazards none — one push, so `best` IS the whole leg's travel
      |       step 1/1 bearing  270.2 (got  270.4) 1.95s -> walked 1.95s, best change 18.0
      |       arrived? None  (no appearance reference by design)
      |     leg office_door -> portrait_room
      |         turn to 338.1: TURNED to 339.5 (err -1.4) in 2 push(es)
      |         office_door->portrait_room step 1/16: 1 chunk(s) of 0.79s, change 10.3, best 10.3, hazards none — one push, so `best` IS the whole leg's travel
      |       step 1/16 bearing  338.1 (got  339.5) 0.79s -> walked 0.79s, best change 10.3
      |         turn to 339.2: NO-OP, already inside 4.0 deg (at 339.5, err -0.3) — nothing was sent, the recorded curve was discarded, and the caller's step line will look like a turn that happened
      |         office_door->portrait_room step 2/16: 1 chunk(s) of 0.70s, change 16.7, best 16.7, hazards none — one push, so `best` IS the whole leg's travel
      |       step 2/16 bearing  339.2 (got  339.5) 0.70s -> walked 0.70s, best change 16.7
      |         turn to 347.9: TURNED to 347.8 (err +0.1) in 1 push(es)
      |         office_door->portrait_room step 3/16: 1 chunk(s) of 0.42s, change 26.2, best 26.2, hazards none — one push, so `best` IS the whole leg's travel
      |       step 3/16 bearing  347.9 (got  347.8) 0.42s -> walked 0.42s, best change 26.2
      |         turn to 355.2: TURNED to 351.7 (err +3.5) in 1 push(es)
      |         office_door->portrait_room step 4/16: 1 chunk(s) of 0.79s, change 56.7, best 56.7, hazards none — one push, so `best` IS the whole leg's travel
      |       step 4/16 bearing  355.2 (got  351.7) 0.79s -> walked 0.79s, best change 56.7
      |         turn to 360.0: TURNED to 358.4 (err +1.6) in 1 push(es)
      |         office_door->portrait_room step 5/16: 1 chunk(s) of 0.51s, change 37.5, best 37.5, hazards none — one push, so `best` IS the whole leg's travel
      |       step 5/16 bearing  360.0 (got  358.4) 0.51s -> walked 0.51s, best change 37.5
      |         turn to 8.6: TURNED to 11.3 (err -2.7) in 1 push(es)
      |         office_door->portrait_room step 6/16: 1 chunk(s) of 0.78s, change 16.2, best 16.2, hazards none — one push, so `best` IS the whole leg's travel
      |       step 6/16 bearing    8.6 (got   11.3) 0.78s -> walked 0.78s, best change 16.2
      |         turn to 7.7: NO-OP, already inside 4.0 deg (at 11.3, err -3.6) — nothing was sent, the recorded curve was discarded, and the caller's step line will look like a turn that happened
      |         office_door->portrait_room step 7/16: 1 chunk(s) of 0.78s, change 28.8, best 28.8, hazards none — one push, so `best` IS the whole leg's travel
      |       step 7/16 bearing    7.7 (got   11.3) 0.78s -> walked 0.78s, best change 28.8
      |         turn to 1.7: TURNED to 359.9 (err +1.8) in 1 push(es)
      |         office_door->portrait_room step 8/16: 1 chunk(s) of 0.80s, change 36.0, best 36.0, hazards none — one push, so `best` IS the whole leg's travel
      |       step 8/16 bearing    1.7 (got  359.9) 0.80s -> walked 0.80s, best change 36.0
      |         turn to 359.6: NO-OP, already inside 4.0 deg (at 359.8, err -0.2) — nothing was sent, the recorded curve was discarded, and the caller's step line will look like a turn that happened
      |         office_door->portrait_room step 9/16: 1 chunk(s) of 0.36s, change 17.1, best 17.1, hazards none — one push, so `best` IS the whole leg's travel
      |       step 9/16 bearing  359.6 (got  359.8) 0.36s -> walked 0.36s, best change 17.1
      |         turn to 359.4: NO-OP, already inside 4.0 deg (at 359.9, err -0.6) — nothing was sent, the recorded curve was discarded, and the caller's step line will look like a turn that happened
      |         office_door->portrait_room step 10/16: 1 chunk(s) of 0.78s, change 29.8, best 29.8, hazards none — one push, so `best` IS the whole leg's travel
      |       step 10/16 bearing  359.4 (got  359.9) 0.78s -> walked 0.78s, best change 29.8
      |         turn to 357.9: NO-OP, already inside 4.0 deg (at 360.0, err -2.1) — nothing was sent, the recorded curve was discarded, and the caller's step line will look like a turn that happened
      |         office_door->portrait_room step 11/16: 1 chunk(s) of 0.79s, change 26.9, best 26.9, hazards none — one push, so `best` IS the whole leg's travel
      |       step 11/16 bearing  357.9 (got  360.0) 0.79s -> walked 0.79s, best change 26.9
      |         turn to 358.0: NO-OP, already inside 4.0 deg (at 360.0, err -2.0) — nothing was sent, the recorded curve was discarded, and the caller's step line will look like a turn that happened
      |         office_door->portrait_room step 12/16: 1 chunk(s) of 0.79s, change 21.4, best 21.4, hazards none — one push, so `best` IS the whole leg's travel
      |       step 12/16 bearing  358.0 (got  360.0) 0.79s -> walked 0.79s, best change 21.4
      |         turn to 357.8: NO-OP, already inside 4.0 deg (at 0.0, err -2.2) — nothing was sent, the recorded curve was discarded, and the caller's step line will look like a turn that happened
      |         office_door->portrait_room step 13/16: 1 chunk(s) of 0.79s, change 17.9, best 17.9, hazards none — one push, so `best` IS the whole leg's travel
      |       step 13/16 bearing  357.8 (got    0.0) 0.79s -> walked 0.79s, best change 17.9
      |         turn to 357.9: NO-OP, already inside 4.0 deg (at 359.9, err -2.0) — nothing was sent, the recorded curve was discarded, and the caller's step line will look like a turn that happened
      |         office_door->portrait_room step 14/16: 1 chunk(s) of 0.79s, change 23.4, best 23.4, hazards none — one push, so `best` IS the whole leg's travel
      |       step 14/16 bearing  357.9 (got  359.9) 0.79s -> walked 0.79s, best change 23.4
      |         turn to 0.8: NO-OP, already inside 4.0 deg (at 360.0, err +0.9) — nothing was sent, the recorded curve was discarded, and the caller's step line will look like a turn that happened
      |         office_door->portrait_room step 15/16: 1 chunk(s) of 0.79s, change 29.6, best 29.6, hazards none — one push, so `best` IS the whole leg's travel
      |       step 15/16 bearing    0.8 (got  360.0) 0.79s -> walked 0.79s, best change 29.6
      |         turn to 4.0: TURNED to 3.6 (err +0.3) in 1 push(es)
      |         office_door->portrait_room step 16/16: 1 chunk(s) of 0.36s, change 22.7, best 22.7, hazards none — one push, so `best` IS the whole leg's travel
      |       step 16/16 bearing    4.0 (got    3.6) 0.36s -> walked 0.36s, best change 22.7
      |       arrived? True  (portrait_room 918.000/7.010)
      |         turn to 1.5: TURNED to 1.6 (err -0.1) in 1 push(es)
      |       align at portrait_room: yaw nulled to 1.6 (reference 1.5) — 0.1 deg REMAINING = ~2px of phantom dx still in the dx below
      |       align: step 1/6 dx=+62.6 (prev --)
      |       align: dx=+62.6 -> strafe right 0.10s
      |       align: within 35px (dx=+24.7) after 1 step(s)
      |       aligned at portrait_room: 25px from the recorded pose
      |       align at portrait_room: dx +24.7px
      |     leg portrait_room -> bar_pool_room
      |         turn to 286.6: TURNED to 288.1 (err -1.5) in 1 push(es)
      |         portrait_room->bar_pool_room step 1/4: 1 chunk(s) of 0.16s, change 13.0, best 13.0, hazards none — one push, so `best` IS the whole leg's travel
      |       step 1/4 bearing  286.6 (got  288.1) 0.16s -> walked 0.16s, best change 13.0
      |         turn to 292.2: TURNED to 293.1 (err -0.9) in 1 push(es)
      |         portrait_room->bar_pool_room step 2/4: 1 chunk(s) of 0.79s, change 49.7, best 49.7, hazards none — one push, so `best` IS the whole leg's travel
      |       step 2/4 bearing  292.2 (got  293.1) 0.79s -> walked 0.79s, best change 49.7
      |         turn to 285.6: TURNED to 286.4 (err -0.8) in 1 push(es)
      |         portrait_room->bar_pool_room step 3/4: 1 chunk(s) of 0.80s, change 7.4, best 7.4, hazards none — one push, so `best` IS the whole leg's travel
      |       step 3/4 bearing  285.6 (got  286.4) 0.80s -> walked 0.80s, best change 7.4
      |         turn to 287.6: NO-OP, already inside 4.0 deg (at 286.4, err +1.2) — nothing was sent, the recorded curve was discarded, and the caller's step line will look like a turn that happened
      |         portrait_room->bar_pool_room step 4/4: 1 chunk(s) of 0.23s, change 7.3, best 7.3, hazards none — one push, so `best` IS the whole leg's travel
      |       step 4/4 bearing  287.6 (got  286.4) 0.23s -> walked 0.23s, best change 7.3
      |       recovery fan did not find bar_pool_room
      |       arrived? None  (unverified, abstained (122.000/1.030))
      |   arrived, but 2 node(s) could not be confirmed on the way: ['office_door', 'bar_pool_room'] — each is a hole in the reference set
      |   attempt 2/3 at bar_pool_room
      |   not at bar_pool_room and cannot say where this is (unrecognised (53.000/1.960)) — reloading to a known start
      |   pause menu open (selected 'Resume')
      |   selected: Load Last Save
      |   confirmation dialog up (delta 80.8) -> YES
      |   world back after 3.2s, spawn bearing 87 (E)
      |   route: office_corridor -> office_door -> portrait_room -> bar_pool_room  (18.1s of walking)
      |     leg office_corridor -> office_door
      |         turn to 270.2: TURNED to 270.6 (err -0.4) in 3 push(es)
      |         office_corridor->office_door step 1/1: 1 chunk(s) of 1.95s, change 18.8, best 18.8, hazards none — one push, so `best` IS the whole leg's travel
      |       step 1/1 bearing  270.2 (got  270.6) 1.95s -> walked 1.95s, best change 18.8
      |       arrived? None  (no appearance reference by design)
      |     leg office_door -> portrait_room
      |         turn to 338.1: TURNED to 338.5 (err -0.4) in 2 push(es)
      |         office_door->portrait_room step 1/16: 1 chunk(s) of 0.79s, change 11.0, best 11.0, hazards none — one push, so `best` IS the whole leg's travel
      |       step 1/16 bearing  338.1 (got  338.5) 0.79s -> walked 0.79s, best change 11.0
      |         turn to 339.2: NO-OP, already inside 4.0 deg (at 338.5, err +0.7) — nothing was sent, the recorded curve was discarded, and the caller's step line will look like a turn that happened
      |         office_door->portrait_room step 2/16: 1 chunk(s) of 0.70s, change 13.3, best 13.3, hazards none — one push, so `best` IS the whole leg's travel
      |       step 2/16 bearing  339.2 (got  338.5) 0.70s -> walked 0.70s, best change 13.3
      |         turn to 347.9: TURNED to 347.8 (err +0.1) in 2 push(es)
      |         office_door->portrait_room step 3/16: 1 chunk(s) of 0.42s, change 25.2, best 25.2, hazards none — one push, so `best` IS the whole leg's travel
      |       step 3/16 bearing  347.9 (got  347.8) 0.42s -> walked 0.42s, best change 25.2
      |         turn to 355.2: TURNED to 356.8 (err -1.6) in 1 push(es)
      |         office_door->portrait_room step 4/16: 1 chunk(s) of 0.79s, change 55.5, best 55.5, hazards none — one push, so `best` IS the whole leg's travel
      |       step 4/16 bearing  355.2 (got  356.8) 0.79s -> walked 0.79s, best change 55.5
      |         turn to 360.0: NO-OP, already inside 4.0 deg (at 356.7, err +3.3) — nothing was sent, the recorded curve was discarded, and the caller's step line will look like a turn that happened
      |         office_door->portrait_room step 5/16: 1 chunk(s) of 0.51s, change 36.3, best 36.3, hazards none — one push, so `best` IS the whole leg's travel
      |       step 5/16 bearing  360.0 (got  356.7) 0.51s -> walked 0.51s, best change 36.3
      |         turn to 8.6: TURNED to 8.2 (err +0.4) in 1 push(es)
      |         office_door->portrait_room step 6/16: 1 chunk(s) of 0.78s, change 16.6, best 16.6, hazards none — one push, so `best` IS the whole leg's travel
      |       step 6/16 bearing    8.6 (got    8.2) 0.78s -> walked 0.78s, best change 16.6
      |         turn to 7.7: NO-OP, already inside 4.0 deg (at 8.2, err -0.5) — nothing was sent, the recorded curve was discarded, and the caller's step line will look like a turn that happened
      |         office_door->portrait_room step 7/16: 1 chunk(s) of 0.78s, change 25.9, best 25.9, hazards none — one push, so `best` IS the whole leg's travel
      |       step 7/16 bearing    7.7 (got    8.2) 0.78s -> walked 0.78s, best change 25.9
      |         turn to 1.7: TURNED to 2.4 (err -0.7) in 1 push(es)
      |         office_door->portrait_room step 8/16: 1 chunk(s) of 0.80s, change 34.9, best 34.9, hazards none — one push, so `best` IS the whole leg's travel
      |       step 8/16 bearing    1.7 (got    2.4) 0.80s -> walked 0.80s, best change 34.9
      |         turn to 359.6: NO-OP, already inside 4.0 deg (at 2.5, err -2.8) — nothing was sent, the recorded curve was discarded, and the caller's step line will look like a turn that happened
      |         office_door->portrait_room step 9/16: 1 chunk(s) of 0.36s, change 14.9, best 14.9, hazards none — one push, so `best` IS the whole leg's travel
      |       step 9/16 bearing  359.6 (got    2.5) 0.36s -> walked 0.36s, best change 14.9
      |         turn to 359.4: NO-OP, already inside 4.0 deg (at 2.5, err -3.1) — nothing was sent, the recorded curve was discarded, and the caller's step line will look like a turn that happened
      |         office_door->portrait_room step 10/16: 1 chunk(s) of 0.78s, change 21.4, best 21.4, hazards none — one push, so `best` IS the whole leg's travel
      |       step 10/16 bearing  359.4 (got    2.5) 0.78s -> walked 0.78s, best change 21.4
      |         turn to 357.9: TURNED to 356.2 (err +1.6) in 1 push(es)
      |         office_door->portrait_room step 11/16: 1 chunk(s) of 0.79s, change 11.7, best 11.7, hazards none — one push, so `best` IS the whole leg's travel
      |       step 11/16 bearing  357.9 (got  356.2) 0.79s -> walked 0.79s, best change 11.7
      |         turn to 358.0: NO-OP, already inside 4.0 deg (at 356.2, err +1.8) — nothing was sent, the recorded curve was discarded, and the caller's step line will look like a turn that happened
      |         office_door->portrait_room step 12/16: 1 chunk(s) of 0.79s, change 10.8, best 10.8, hazards none — one push, so `best` IS the whole leg's travel
      |       step 12/16 bearing  358.0 (got  356.2) 0.79s -> walked 0.79s, best change 10.8
      |         turn to 357.8: NO-OP, already inside 4.0 deg (at 356.1, err +1.7) — nothing was sent, the recorded curve was discarded, and the caller's step line will look like a turn that happened
      |         office_door->portrait_room step 13/16: 1 chunk(s) of 0.79s, change 12.5, best 12.5, hazards none — one push, so `best` IS the whole leg's travel
      |       step 13/16 bearing  357.8 (got  356.1) 0.79s -> walked 0.79s, best change 12.5
      |         turn to 357.9: NO-OP, already inside 4.0 deg (at 355.9, err +2.0) — nothing was sent, the recorded curve was discarded, and the caller's step line will look like a turn that happened
      |         office_door->portrait_room step 14/16: 1 chunk(s) of 0.79s, change 18.1, best 18.1, hazards none — one push, so `best` IS the whole leg's travel
      |       step 14/16 bearing  357.9 (got  355.9) 0.79s -> walked 0.79s, best change 18.1
      |         turn to 0.8: TURNED to 1.7 (err -0.8) in 1 push(es)
      |         office_door->portrait_room step 15/16: 1 chunk(s) of 0.79s, change 29.1, best 29.1, hazards none — one push, so `best` IS the whole leg's travel
      |       step 15/16 bearing    0.8 (got    1.7) 0.79s -> walked 0.79s, best change 29.1
      |         turn to 4.0: NO-OP, already inside 4.0 deg (at 1.8, err +2.2) — nothing was sent, the recorded curve was discarded, and the caller's step line will look like a turn that happened
      |         office_door->portrait_room step 16/16: 1 chunk(s) of 0.36s, change 21.5, best 21.5, hazards none — one push, so `best` IS the whole leg's travel
      |       step 16/16 bearing    4.0 (got    1.8) 0.36s -> walked 0.36s, best change 21.5
      |       arrived? True  (portrait_room 147.000/1.430)
      |         turn to 1.5: NO-OP, already inside 0.5 deg (at 1.6, err -0.1) — nothing was sent, the recorded curve was discarded, and the caller's step line will look like a turn that happened
      |       align at portrait_room: yaw nulled to 1.6 (reference 1.5) — 0.1 deg REMAINING = ~2px of phantom dx still in the dx below
      |       align: within 35px (dx=+4.2) after 0 step(s)
      |       aligned at portrait_room: 4px from the recorded pose
      |       align at portrait_room: dx +4.2px
      |     leg portrait_room -> bar_pool_room
      |         turn to 286.6: TURNED to 289.4 (err -2.9) in 1 push(es)
      |         portrait_room->bar_pool_room step 1/4: 1 chunk(s) of 0.16s, change 18.2, best 18.2, hazards none — one push, so `best` IS the whole leg's travel
      |       step 1/4 bearing  286.6 (got  289.4) 0.16s -> walked 0.16s, best change 18.2
      |         turn to 292.2: NO-OP, already inside 4.0 deg (at 289.3, err +2.9) — nothing was sent, the recorded curve was discarded, and the caller's step line will look like a turn that happened
      |         portrait_room->bar_pool_room step 2/4: 1 chunk(s) of 0.79s, change 50.5, best 50.5, hazards none — one push, so `best` IS the whole leg's travel
      |       step 2/4 bearing  292.2 (got  289.3) 0.79s -> walked 0.79s, best change 50.5
      |         turn to 285.6: NO-OP, already inside 4.0 deg (at 289.4, err -3.8) — nothing was sent, the recorded curve was discarded, and the caller's step line will look like a turn that happened
      |         portrait_room->bar_pool_room step 3/4: 1 chunk(s) of 0.80s, change 57.7, best 57.7, hazards none — one push, so `best` IS the whole leg's travel
      |       step 3/4 bearing  285.6 (got  289.4) 0.80s -> walked 0.80s, best change 57.7
      |         turn to 287.6: NO-OP, already inside 4.0 deg (at 289.3, err -1.8) — nothing was sent, the recorded curve was discarded, and the caller's step line will look like a turn that happened
      |         portrait_room->bar_pool_room step 4/4: 1 chunk(s) of 0.23s, change 21.6, best 21.6, hazards none — one push, so `best` IS the whole leg's travel
      |       step 4/4 bearing  287.6 (got  289.3) 0.23s -> walked 0.23s, best change 21.6
      |       recovery fan did not find bar_pool_room
      |       arrived? None  (unverified, abstained (123.000/1.190))
      |   arrived, but 2 node(s) could not be confirmed on the way: ['office_door', 'bar_pool_room'] — each is a hole in the reference set
      |   attempt 3/3 at bar_pool_room
      |       re-localised by turning 300 deg: portrait_room 163.000/1.610
      |   re-localised at portrait_room by turning; routing from there
      |   route: portrait_room -> bar_pool_room  (2.0s of walking)
      |     leg portrait_room -> bar_pool_room
      |         turn to 286.6: NO compass reading, abandoned BEFORE turning — the caller's 'got --' is an unread heading, not a heading that was reached
      |         portrait_room->bar_pool_room step 1/4: 1 chunk(s) of 0.16s, change 11.7, best 11.7, hazards none — one push, so `best` IS the whole leg's travel
      |       step 1/4 bearing  286.6 (got --) 0.16s -> walked 0.16s, best change 11.7
      |         turn to 292.2: TURNED to 290.9 (err +1.2) in 1 push(es)
      |         portrait_room->bar_pool_room step 2/4: 1 chunk(s) of 0.79s, change 20.3, best 20.3, hazards none — one push, so `best` IS the whole leg's travel
      |       step 2/4 bearing  292.2 (got  290.9) 0.79s -> walked 0.79s, best change 20.3
      |         turn to 285.6: TURNED to 284.2 (err +1.4) in 1 push(es)
      |         portrait_room->bar_pool_room step 3/4: 1 chunk(s) of 0.80s, change 19.2, best 19.2, hazards none — one push, so `best` IS the whole leg's travel
      |       step 3/4 bearing  285.6 (got  284.2) 0.80s -> walked 0.80s, best change 19.2
      |         turn to 287.6: NO-OP, already inside 4.0 deg (at 284.2, err +3.4) — nothing was sent, the recorded curve was discarded, and the caller's step line will look like a turn that happened
      |         portrait_room->bar_pool_room step 4/4: 1 chunk(s) of 0.23s, change 12.0, best 12.0, hazards none — one push, so `best` IS the whole leg's travel
      |       step 4/4 bearing  287.6 (got  284.2) 0.23s -> walked 0.23s, best change 12.0
      |       recovery fan did not find bar_pool_room
      |       arrived? None  (unverified, abstained (149.000/1.210))
      |   arrived, but 1 node(s) could not be confirmed on the way: ['bar_pool_room'] — each is a hole in the reference set
      |   could not verify bar_pool_room after 3 attempt(s); here is None (unrecognised (25.000/1.090))
[15] shipped   missed   in 330s  located=None
      |   arm=original  LEG_SPEED_BY_LEG=None  MERGE_STEPS_BY_LEG=False  MERGED_TURN_TOLERANCE=1.0
      |   pause menu open (selected 'Resume')
      |   selected: Load Last Save
      |   confirmation dialog up (delta 79.7) -> YES
      |   YES press 1 did not register, retrying
      |   world back after 3.3s, spawn bearing 87 (E)
      |   attempt 1/3 at bar_pool_room
      |   locate() cannot name office_corridor (it has no appearance reference by design) but the caller reset onto it — routing from there instead of sweeping and reloading
      |   route: office_corridor -> office_door -> portrait_room -> bar_pool_room  (18.1s of walking)
      |     leg office_corridor -> office_door
      |         turn to 270.4: TURNED to 270.7 (err -0.3) in 3 push(es)
      |         office_corridor->office_door step 1/7: 1 chunk(s) of 0.79s, change 19.4, best 19.4, hazards none — one push, so `best` IS the whole leg's travel
      |       step 1/7 bearing  270.4 (got  270.7) 0.79s -> walked 0.79s, best change 19.4
      |         turn to 270.1: NO-OP, already inside 4.0 deg (at 270.6, err -0.5) — nothing was sent, the recorded curve was discarded, and the caller's step line will look like a turn that happened
      |         office_corridor->office_door step 2/7: 1 chunk(s) of 0.78s, change 19.1, best 19.1, hazards none — one push, so `best` IS the whole leg's travel
      |       step 2/7 bearing  270.1 (got  270.6) 0.78s -> walked 0.78s, best change 19.1
      |         turn to 270.1: NO-OP, already inside 4.0 deg (at 270.7, err -0.6) — nothing was sent, the recorded curve was discarded, and the caller's step line will look like a turn that happened
      |         office_corridor->office_door step 3/7: 1 chunk(s) of 0.78s, change 14.7, best 14.7, hazards none — one push, so `best` IS the whole leg's travel
      |       step 3/7 bearing  270.1 (got  270.7) 0.78s -> walked 0.78s, best change 14.7
      |         turn to 270.3: NO-OP, already inside 4.0 deg (at 270.7, err -0.4) — nothing was sent, the recorded curve was discarded, and the caller's step line will look like a turn that happened
      |         office_corridor->office_door step 4/7: 1 chunk(s) of 0.78s, change 11.4, best 11.4, hazards none — one push, so `best` IS the whole leg's travel
      |       step 4/7 bearing  270.3 (got  270.7) 0.78s -> walked 0.78s, best change 11.4
      |         turn to 270.1: NO-OP, already inside 4.0 deg (at 270.7, err -0.6) — nothing was sent, the recorded curve was discarded, and the caller's step line will look like a turn that happened
      |         office_corridor->office_door step 5/7: 1 chunk(s) of 0.79s, change 7.6, best 7.6, hazards none — one push, so `best` IS the whole leg's travel
      |       step 5/7 bearing  270.1 (got  270.7) 0.79s -> walked 0.79s, best change 7.6
      |         turn to 270.1: NO-OP, already inside 4.0 deg (at 270.7, err -0.6) — nothing was sent, the recorded curve was discarded, and the caller's step line will look like a turn that happened
      |         office_corridor->office_door step 6/7: 1 chunk(s) of 0.79s, change 7.8, best 7.8, hazards none — one push, so `best` IS the whole leg's travel
      |       step 6/7 bearing  270.1 (got  270.7) 0.79s -> walked 0.79s, best change 7.8
      |         turn to 270.4: NO-OP, already inside 4.0 deg (at 270.7, err -0.4) — nothing was sent, the recorded curve was discarded, and the caller's step line will look like a turn that happened
      |         office_corridor->office_door step 7/7: 1 chunk(s) of 0.42s, change 7.2, best 7.2, hazards none — one push, so `best` IS the whole leg's travel
      |       step 7/7 bearing  270.4 (got  270.7) 0.42s -> walked 0.42s, best change 7.2
      |       arrived? None  (no appearance reference by design)
      |     leg office_door -> portrait_room
      |         turn to 338.1: TURNED to 339.9 (err -1.8) in 1 push(es)
      |         office_door->portrait_room step 1/16: 1 chunk(s) of 0.79s, change 13.0, best 13.0, hazards none — one push, so `best` IS the whole leg's travel
      |       step 1/16 bearing  338.1 (got  339.9) 0.79s -> walked 0.79s, best change 13.0
      |         turn to 339.2: NO-OP, already inside 4.0 deg (at 339.9, err -0.7) — nothing was sent, the recorded curve was discarded, and the caller's step line will look like a turn that happened
      |         office_door->portrait_room step 2/16: 1 chunk(s) of 0.70s, change 21.0, best 21.0, hazards none — one push, so `best` IS the whole leg's travel
      |       step 2/16 bearing  339.2 (got  339.9) 0.70s -> walked 0.70s, best change 21.0
      |         turn to 347.9: TURNED to 349.5 (err -1.6) in 1 push(es)
      |         office_door->portrait_room step 3/16: 1 chunk(s) of 0.42s, change 26.1, best 26.1, hazards none — one push, so `best` IS the whole leg's travel
      |       step 3/16 bearing  347.9 (got  349.5) 0.42s -> walked 0.42s, best change 26.1
      |         turn to 355.2: TURNED to 357.4 (err -2.2) in 1 push(es)
      |         office_door->portrait_room step 4/16: 1 chunk(s) of 0.79s, change 40.4, best 40.4, hazards none — one push, so `best` IS the whole leg's travel
      |       step 4/16 bearing  355.2 (got  357.4) 0.79s -> walked 0.79s, best change 40.4
      |         turn to 360.0: NO-OP, already inside 4.0 deg (at 357.3, err +2.6) — nothing was sent, the recorded curve was discarded, and the caller's step line will look like a turn that happened
      |         office_door->portrait_room step 5/16: 1 chunk(s) of 0.51s, change 20.3, best 20.3, hazards none — one push, so `best` IS the whole leg's travel
      |       step 5/16 bearing  360.0 (got  357.3) 0.51s -> walked 0.51s, best change 20.3
      |         turn to 8.6: TURNED to 7.8 (err +0.8) in 1 push(es)
      |         office_door->portrait_room step 6/16: 1 chunk(s) of 0.78s, change 18.8, best 18.8, hazards none — one push, so `best` IS the whole leg's travel
      |       step 6/16 bearing    8.6 (got    7.8) 0.78s -> walked 0.78s, best change 18.8
      |         turn to 7.7: NO-OP, already inside 4.0 deg (at 7.8, err -0.1) — nothing was sent, the recorded curve was discarded, and the caller's step line will look like a turn that happened
      |         office_door->portrait_room step 7/16: 1 chunk(s) of 0.78s, change 29.9, best 29.9, hazards none — one push, so `best` IS the whole leg's travel
      |       step 7/16 bearing    7.7 (got    7.8) 0.78s -> walked 0.78s, best change 29.9
      |         turn to 1.7: TURNED to 1.6 (err +0.1) in 1 push(es)
      |         office_door->portrait_room step 8/16: 1 chunk(s) of 0.80s, change 35.9, best 35.9, hazards none — one push, so `best` IS the whole leg's travel
      |       step 8/16 bearing    1.7 (got    1.6) 0.80s -> walked 0.80s, best change 35.9
      |         turn to 359.6: NO-OP, already inside 4.0 deg (at 1.5, err -1.9) — nothing was sent, the recorded curve was discarded, and the caller's step line will look like a turn that happened
      |         office_door->portrait_room step 9/16: 1 chunk(s) of 0.36s, change 17.8, best 17.8, hazards none — one push, so `best` IS the whole leg's travel
      |       step 9/16 bearing  359.6 (got    1.5) 0.36s -> walked 0.36s, best change 17.8
      |         turn to 359.4: NO-OP, already inside 4.0 deg (at 1.8, err -2.4) — nothing was sent, the recorded curve was discarded, and the caller's step line will look like a turn that happened
      |         office_door->portrait_room step 10/16: 1 chunk(s) of 0.78s, change 21.0, best 21.0, hazards none — one push, so `best` IS the whole leg's travel
      |       step 10/16 bearing  359.4 (got    1.8) 0.78s -> walked 0.78s, best change 21.0
      |         turn to 357.9: NO-OP, already inside 4.0 deg (at 1.5, err -3.7) — nothing was sent, the recorded curve was discarded, and the caller's step line will look like a turn that happened
      |         office_door->portrait_room step 11/16: 1 chunk(s) of 0.79s, change 19.0, best 19.0, hazards none — one push, so `best` IS the whole leg's travel
      |       step 11/16 bearing  357.9 (got    1.5) 0.79s -> walked 0.79s, best change 19.0
      |         turn to 358.0: NO-OP, already inside 4.0 deg (at 1.6, err -3.6) — nothing was sent, the recorded curve was discarded, and the caller's step line will look like a turn that happened
      |         office_door->portrait_room step 12/16: 1 chunk(s) of 0.79s, change 20.4, best 20.4, hazards none — one push, so `best` IS the whole leg's travel
      |       step 12/16 bearing  358.0 (got    1.6) 0.79s -> walked 0.79s, best change 20.4
      |         turn to 357.8: NO-OP, already inside 4.0 deg (at 1.7, err -3.8) — nothing was sent, the recorded curve was discarded, and the caller's step line will look like a turn that happened
      |         office_door->portrait_room step 13/16: 1 chunk(s) of 0.79s, change 23.4, best 23.4, hazards none — one push, so `best` IS the whole leg's travel
      |       step 13/16 bearing  357.8 (got    1.7) 0.79s -> walked 0.79s, best change 23.4
      |         turn to 357.9: NO-OP, already inside 4.0 deg (at 1.6, err -3.7) — nothing was sent, the recorded curve was discarded, and the caller's step line will look like a turn that happened
      |         office_door->portrait_room step 14/16: 1 chunk(s) of 0.79s, change 30.4, best 30.4, hazards none — one push, so `best` IS the whole leg's travel
      |       step 14/16 bearing  357.9 (got    1.6) 0.79s -> walked 0.79s, best change 30.4
      |         turn to 0.8: NO-OP, already inside 4.0 deg (at 1.5, err -0.7) — nothing was sent, the recorded curve was discarded, and the caller's step line will look like a turn that happened
      |         office_door->portrait_room step 15/16: 1 chunk(s) of 0.79s, change 27.5, best 27.5, hazards none — one push, so `best` IS the whole leg's travel
      |       step 15/16 bearing    0.8 (got    1.5) 0.79s -> walked 0.79s, best change 27.5
      |         turn to 4.0: NO-OP, already inside 4.0 deg (at 1.6, err +2.3) — nothing was sent, the recorded curve was discarded, and the caller's step line will look like a turn that happened
      |         office_door->portrait_room step 16/16: 1 chunk(s) of 0.36s, change 16.1, best 16.1, hazards none — one push, so `best` IS the whole leg's travel
      |       step 16/16 bearing    4.0 (got    1.6) 0.36s -> walked 0.36s, best change 16.1
      |       arrived? True  (portrait_room 600.000/5.220)
      |         turn to 1.5: NO-OP, already inside 0.5 deg (at 1.6, err -0.1) — nothing was sent, the recorded curve was discarded, and the caller's step line will look like a turn that happened
      |       align at portrait_room: yaw nulled to 1.6 (reference 1.5) — 0.1 deg REMAINING = ~3px of phantom dx still in the dx below
      |       align: step 1/6 dx=-53.2 (prev --)
      |       align: dx=-53.2 -> strafe left 0.10s
      |       align: within 35px (dx=-23.9) after 1 step(s)
      |       aligned at portrait_room: 24px from the recorded pose
      |       align at portrait_room: dx +23.9px
      |     leg portrait_room -> bar_pool_room
      |         turn to 286.6: TURNED to 288.1 (err -1.6) in 1 push(es)
      |         portrait_room->bar_pool_room step 1/4: 1 chunk(s) of 0.16s, change 9.8, best 9.8, hazards none — one push, so `best` IS the whole leg's travel
      |       step 1/4 bearing  286.6 (got  288.1) 0.16s -> walked 0.16s, best change 9.8
      |         turn to 292.2: TURNED to 292.2 (err -0.0) in 1 push(es)
      |         portrait_room->bar_pool_room step 2/4: 1 chunk(s) of 0.79s, change 15.5, best 15.5, hazards none — one push, so `best` IS the whole leg's travel
      |       step 2/4 bearing  292.2 (got  292.2) 0.79s -> walked 0.79s, best change 15.5
      |         turn to 285.6: TURNED to 285.0 (err +0.6) in 1 push(es)
      |         portrait_room->bar_pool_room step 3/4: 1 chunk(s) of 0.80s, change 15.8, best 15.8, hazards none — one push, so `best` IS the whole leg's travel
      |       step 3/4 bearing  285.6 (got  285.0) 0.80s -> walked 0.80s, best change 15.8
      |         turn to 287.6: NO-OP, already inside 4.0 deg (at 285.0, err +2.6) — nothing was sent, the recorded curve was discarded, and the caller's step line will look like a turn that happened
      |         portrait_room->bar_pool_room step 4/4: 1 chunk(s) of 0.23s, change 11.1, best 11.1, hazards none — one push, so `best` IS the whole leg's travel
      |       step 4/4 bearing  287.6 (got  285.0) 0.23s -> walked 0.23s, best change 11.1
      |       arrived? True  (bar_pool_room 530.000/3.790)
      |         turn to 288.2: TURNED to 288.6 (err -0.4) in 1 push(es)
      |       align at bar_pool_room: yaw nulled to 288.6 (reference 288.2) — 0.4 deg REMAINING = ~8px of phantom dx still in the dx below
      |       align: step 1/6 dx=+150.0 (prev --)
      |       align: dx=+150.0 -> strafe right 0.12s
      |       align: step 2/6 dx=+100.4 (prev +150.0)
      |       align: dx=+100.4 -> strafe right 0.10s
      |       align: step 3/6 dx=+58.6 (prev +100.4)
      |       align: dx=+58.6 -> strafe right 0.10s
      |       align: within 35px (dx=+28.2) after 3 step(s)
      |       aligned at bar_pool_room: 28px from the recorded pose
      |       align at bar_pool_room: dx +28.2px
      |   arrived, but 1 node(s) could not be confirmed on the way: ['office_door'] — each is a hole in the reference set
      |   attempt 2/3 at bar_pool_room
      |   verified at bar_pool_room (bar_pool_room 694.000/5.640)
[16] original  ARRIVED in 50s  located=bar_pool_room
      |   arm=shipped  LEG_SPEED_BY_LEG=3.0  MERGE_STEPS_BY_LEG=True  MERGED_TURN_TOLERANCE=1.0
      |   pause menu open (selected 'Resume')
      |   selected: Load Last Save
      |   confirmation dialog up (delta 82.1) -> YES
      |   world back after 3.3s, spawn bearing 87 (E)
      |   attempt 1/3 at bar_pool_room
      |   locate() cannot name office_corridor (it has no appearance reference by design) but the caller reset onto it — routing from there instead of sweeping and reloading
      |   route: office_corridor -> office_door -> portrait_room -> bar_pool_room  (18.1s of walking)
      |     leg office_corridor -> office_door
      |         turn to 270.2: TURNED to 270.6 (err -0.4) in 3 push(es)
      |         office_corridor->office_door step 1/1: 1 chunk(s) of 1.95s, change 17.9, best 17.9, hazards none — one push, so `best` IS the whole leg's travel
      |       step 1/1 bearing  270.2 (got  270.6) 1.95s -> walked 1.95s, best change 17.9
      |       arrived? None  (no appearance reference by design)
      |     leg office_door -> portrait_room
      |         turn to 338.1: TURNED to 337.4 (err +0.8) in 2 push(es)
      |         office_door->portrait_room step 1/16: 1 chunk(s) of 0.79s, change 9.8, best 9.8, hazards none — one push, so `best` IS the whole leg's travel
      |       step 1/16 bearing  338.1 (got  337.4) 0.79s -> walked 0.79s, best change 9.8
      |         turn to 339.2: NO-OP, already inside 4.0 deg (at 337.4, err +1.8) — nothing was sent, the recorded curve was discarded, and the caller's step line will look like a turn that happened
      |         office_door->portrait_room step 2/16: 1 chunk(s) of 0.70s, change 12.5, best 12.5, hazards none — one push, so `best` IS the whole leg's travel
      |       step 2/16 bearing  339.2 (got  337.4) 0.70s -> walked 0.70s, best change 12.5
      |         turn to 347.9: TURNED to 347.3 (err +0.6) in 1 push(es)
      |         office_door->portrait_room step 3/16: 1 chunk(s) of 0.42s, change 21.6, best 21.6, hazards none — one push, so `best` IS the whole leg's travel
      |       step 3/16 bearing  347.9 (got  347.3) 0.42s -> walked 0.42s, best change 21.6
      |         turn to 355.2: TURNED to 356.7 (err -1.6) in 1 push(es)
      |         office_door->portrait_room step 4/16: 1 chunk(s) of 0.79s, change 48.6, best 48.6, hazards none — one push, so `best` IS the whole leg's travel
      |       step 4/16 bearing  355.2 (got  356.7) 0.79s -> walked 0.79s, best change 48.6
      |         turn to 360.0: NO-OP, already inside 4.0 deg (at 356.7, err +3.3) — nothing was sent, the recorded curve was discarded, and the caller's step line will look like a turn that happened
      |         office_door->portrait_room step 5/16: 1 chunk(s) of 0.51s, change 35.9, best 35.9, hazards none — one push, so `best` IS the whole leg's travel
      |       step 5/16 bearing  360.0 (got  356.7) 0.51s -> walked 0.51s, best change 35.9
      |         turn to 8.6: TURNED to 8.5 (err +0.1) in 1 push(es)
      |         office_door->portrait_room step 6/16: 1 chunk(s) of 0.78s, change 16.2, best 16.2, hazards none — one push, so `best` IS the whole leg's travel
      |       step 6/16 bearing    8.6 (got    8.5) 0.78s -> walked 0.78s, best change 16.2
      |         turn to 7.7: NO-OP, already inside 4.0 deg (at 8.5, err -0.7) — nothing was sent, the recorded curve was discarded, and the caller's step line will look like a turn that happened
      |         office_door->portrait_room step 7/16: 1 chunk(s) of 0.78s, change 26.2, best 26.2, hazards none — one push, so `best` IS the whole leg's travel
      |       step 7/16 bearing    7.7 (got    8.5) 0.78s -> walked 0.78s, best change 26.2
      |         turn to 1.7: TURNED to 0.3 (err +1.4) in 1 push(es)
      |         office_door->portrait_room step 8/16: 1 chunk(s) of 0.80s, change 34.1, best 34.1, hazards none — one push, so `best` IS the whole leg's travel
      |       step 8/16 bearing    1.7 (got    0.3) 0.80s -> walked 0.80s, best change 34.1
      |         turn to 359.6: NO-OP, already inside 4.0 deg (at 0.3, err -0.7) — nothing was sent, the recorded curve was discarded, and the caller's step line will look like a turn that happened
      |         office_door->portrait_room step 9/16: 1 chunk(s) of 0.36s, change 13.8, best 13.8, hazards none — one push, so `best` IS the whole leg's travel
      |       step 9/16 bearing  359.6 (got    0.3) 0.36s -> walked 0.36s, best change 13.8
      |         turn to 359.4: NO-OP, already inside 4.0 deg (at 0.1, err -0.7) — nothing was sent, the recorded curve was discarded, and the caller's step line will look like a turn that happened
      |         office_door->portrait_room step 10/16: 1 chunk(s) of 0.78s, change 17.6, best 17.6, hazards none — one push, so `best` IS the whole leg's travel
      |       step 10/16 bearing  359.4 (got    0.1) 0.78s -> walked 0.78s, best change 17.6
      |         turn to 357.9: TURNED to 358.7 (err -0.8) in 2 push(es)
      |         office_door->portrait_room step 11/16: 1 chunk(s) of 0.79s, change 14.1, best 14.1, hazards none — one push, so `best` IS the whole leg's travel
      |       step 11/16 bearing  357.9 (got  358.7) 0.79s -> walked 0.79s, best change 14.1
      |         turn to 358.0: NO-OP, already inside 4.0 deg (at 358.6, err -0.6) — nothing was sent, the recorded curve was discarded, and the caller's step line will look like a turn that happened
      |         office_door->portrait_room step 12/16: 1 chunk(s) of 0.79s, change 16.0, best 16.0, hazards none — one push, so `best` IS the whole leg's travel
      |       step 12/16 bearing  358.0 (got  358.6) 0.79s -> walked 0.79s, best change 16.0
      |         turn to 357.8: NO-OP, already inside 4.0 deg (at 357.9, err -0.1) — nothing was sent, the recorded curve was discarded, and the caller's step line will look like a turn that happened
      |         office_door->portrait_room step 13/16: 1 chunk(s) of 0.79s, change 16.5, best 16.5, hazards none — one push, so `best` IS the whole leg's travel
      |       step 13/16 bearing  357.8 (got  357.9) 0.79s -> walked 0.79s, best change 16.5
      |         turn to 357.9: NO-OP, already inside 4.0 deg (at 359.4, err -1.4) — nothing was sent, the recorded curve was discarded, and the caller's step line will look like a turn that happened
      |         office_door->portrait_room step 14/16: 1 chunk(s) of 0.79s, change 19.1, best 19.1, hazards none — one push, so `best` IS the whole leg's travel
      |       step 14/16 bearing  357.9 (got  359.4) 0.79s -> walked 0.79s, best change 19.1
      |         turn to 0.8: NO-OP, already inside 4.0 deg (at 358.8, err +2.1) — nothing was sent, the recorded curve was discarded, and the caller's step line will look like a turn that happened
      |         office_door->portrait_room step 15/16: 1 chunk(s) of 0.79s, change 29.4, best 29.4, hazards none — one push, so `best` IS the whole leg's travel
      |       step 15/16 bearing    0.8 (got  358.8) 0.79s -> walked 0.79s, best change 29.4
      |         turn to 4.0: TURNED to 4.6 (err -0.7) in 1 push(es)
      |         office_door->portrait_room step 16/16: 1 chunk(s) of 0.36s, change 23.0, best 23.0, hazards none — one push, so `best` IS the whole leg's travel
      |       step 16/16 bearing    4.0 (got    4.6) 0.36s -> walked 0.36s, best change 23.0
      |       arrived? True  (portrait_room 155.000/1.440)
      |         turn to 1.5: TURNED to 1.1 (err +0.4) in 1 push(es)
      |       align at portrait_room: yaw nulled to 1.1 (reference 1.5) — 0.4 deg REMAINING = ~7px of phantom dx still in the dx below
      |       align: within 35px (dx=+11.2) after 0 step(s)
      |       aligned at portrait_room: 11px from the recorded pose
      |       align at portrait_room: dx +11.2px
      |     leg portrait_room -> bar_pool_room
      |         turn to 286.6: TURNED to 284.6 (err +2.0) in 3 push(es)
      |         portrait_room->bar_pool_room step 1/4: 1 chunk(s) of 0.16s, change 18.9, best 18.9, hazards none — one push, so `best` IS the whole leg's travel
      |       step 1/4 bearing  286.6 (got  284.6) 0.16s -> walked 0.16s, best change 18.9
      |         turn to 292.2: TURNED to 289.7 (err +2.5) in 1 push(es)
      |         portrait_room->bar_pool_room step 2/4: 1 chunk(s) of 0.79s, change 41.3, best 41.3, hazards none — one push, so `best` IS the whole leg's travel
      |       step 2/4 bearing  292.2 (got  289.7) 0.79s -> walked 0.79s, best change 41.3
      |         turn to 285.6: TURNED to 284.4 (err +1.2) in 1 push(es)
      |         portrait_room->bar_pool_room step 3/4: 1 chunk(s) of 0.80s, change 57.6, best 57.6, hazards none — one push, so `best` IS the whole leg's travel
      |       step 3/4 bearing  285.6 (got  284.4) 0.80s -> walked 0.80s, best change 57.6
      |         turn to 287.6: NO-OP, already inside 4.0 deg (at 284.6, err +3.0) — nothing was sent, the recorded curve was discarded, and the caller's step line will look like a turn that happened
      |         portrait_room->bar_pool_room step 4/4: 1 chunk(s) of 0.23s, change 23.6, best 23.6, hazards none — one push, so `best` IS the whole leg's travel
      |       step 4/4 bearing  287.6 (got  284.6) 0.23s -> walked 0.23s, best change 23.6
      |       recovery fan did not find bar_pool_room
      |       arrived? None  (unverified, abstained (111.000/1.010))
      |   arrived, but 2 node(s) could not be confirmed on the way: ['office_door', 'bar_pool_room'] — each is a hole in the reference set
      |   attempt 2/3 at bar_pool_room
      |   not at bar_pool_room and cannot say where this is (unrecognised (143.000/1.220)) — reloading to a known start
      |   pause menu open (selected 'Resume')
      |   selected: Load Last Save
      |   no dialog yet (delta 3.8) — the commit press did not land, retrying (1/3)
      |   no dialog yet (delta 5.5) — the commit press did not land, retrying (2/3)
      |   confirmation dialog up (delta 83.0) -> YES
      |   world back after 3.2s, spawn bearing 87 (E)
      |   route: office_corridor -> office_door -> portrait_room -> bar_pool_room  (18.1s of walking)
      |     leg office_corridor -> office_door
      |         turn to 270.2: TURNED to 270.4 (err -0.2) in 3 push(es)
      |         office_corridor->office_door step 1/1: 1 chunk(s) of 1.95s, change 17.3, best 17.3, hazards none — one push, so `best` IS the whole leg's travel
      |       step 1/1 bearing  270.2 (got  270.4) 1.95s -> walked 1.95s, best change 17.3
      |       arrived? None  (no appearance reference by design)
      |     leg office_door -> portrait_room
      |         turn to 338.1: TURNED to 334.7 (err +3.4) in 1 push(es)
      |         office_door->portrait_room step 1/16: 1 chunk(s) of 0.79s, change 10.5, best 10.5, hazards none — one push, so `best` IS the whole leg's travel
      |       step 1/16 bearing  338.1 (got  334.7) 0.79s -> walked 0.79s, best change 10.5
      |         turn to 339.2: TURNED to 339.7 (err -0.5) in 1 push(es)
      |         office_door->portrait_room step 2/16: 1 chunk(s) of 0.70s, change 14.1, best 14.1, hazards none — one push, so `best` IS the whole leg's travel
      |       step 2/16 bearing  339.2 (got  339.7) 0.70s -> walked 0.70s, best change 14.1
      |         turn to 347.9: TURNED to 349.6 (err -1.7) in 1 push(es)
      |         office_door->portrait_room step 3/16: 1 chunk(s) of 0.42s, change 25.6, best 25.6, hazards none — one push, so `best` IS the whole leg's travel
      |       step 3/16 bearing  347.9 (got  349.6) 0.42s -> walked 0.42s, best change 25.6
      |         turn to 355.2: TURNED to 356.2 (err -1.0) in 1 push(es)
      |         office_door->portrait_room step 4/16: 1 chunk(s) of 0.79s, change 53.6, best 53.6, hazards none — one push, so `best` IS the whole leg's travel
      |       step 4/16 bearing  355.2 (got  356.2) 0.79s -> walked 0.79s, best change 53.6
      |         turn to 360.0: NO-OP, already inside 4.0 deg (at 356.1, err +3.8) — nothing was sent, the recorded curve was discarded, and the caller's step line will look like a turn that happened
      |         office_door->portrait_room step 5/16: 1 chunk(s) of 0.51s, change 41.1, best 41.1, hazards none — one push, so `best` IS the whole leg's travel
      |       step 5/16 bearing  360.0 (got  356.1) 0.51s -> walked 0.51s, best change 41.1
      |         turn to 8.6: TURNED to 9.9 (err -1.3) in 1 push(es)
      |         office_door->portrait_room step 6/16: 1 chunk(s) of 0.78s, change 16.5, best 16.5, hazards none — one push, so `best` IS the whole leg's travel
      |       step 6/16 bearing    8.6 (got    9.9) 0.78s -> walked 0.78s, best change 16.5
      |         turn to 7.7: NO-OP, already inside 4.0 deg (at 9.9, err -2.1) — nothing was sent, the recorded curve was discarded, and the caller's step line will look like a turn that happened
      |         office_door->portrait_room step 7/16: 1 chunk(s) of 0.78s, change 27.8, best 27.8, hazards none — one push, so `best` IS the whole leg's travel
      |       step 7/16 bearing    7.7 (got    9.9) 0.78s -> walked 0.78s, best change 27.8
      |         turn to 1.7: TURNED to 1.8 (err -0.1) in 1 push(es)
      |         office_door->portrait_room step 8/16: 1 chunk(s) of 0.80s, change 35.1, best 35.1, hazards none — one push, so `best` IS the whole leg's travel
      |       step 8/16 bearing    1.7 (got    1.8) 0.80s -> walked 0.80s, best change 35.1
      |         turn to 359.6: NO-OP, already inside 4.0 deg (at 2.7, err -3.1) — nothing was sent, the recorded curve was discarded, and the caller's step line will look like a turn that happened
      |         office_door->portrait_room step 9/16: 1 chunk(s) of 0.36s, change 13.9, best 13.9, hazards none — one push, so `best` IS the whole leg's travel
      |       step 9/16 bearing  359.6 (got    2.7) 0.36s -> walked 0.36s, best change 13.9
      |         turn to 359.4: NO-OP, already inside 4.0 deg (at 1.9, err -2.5) — nothing was sent, the recorded curve was discarded, and the caller's step line will look like a turn that happened
      |         office_door->portrait_room step 10/16: 1 chunk(s) of 0.78s, change 21.4, best 21.4, hazards none — one push, so `best` IS the whole leg's travel
      |       step 10/16 bearing  359.4 (got    1.9) 0.78s -> walked 0.78s, best change 21.4
      |         turn to 357.9: NO-OP, already inside 4.0 deg (at 1.8, err -3.9) — nothing was sent, the recorded curve was discarded, and the caller's step line will look like a turn that happened
      |         office_door->portrait_room step 11/16: 1 chunk(s) of 0.79s, change 32.7, best 32.7, hazards none — one push, so `best` IS the whole leg's travel
      |       step 11/16 bearing  357.9 (got    1.8) 0.79s -> walked 0.79s, best change 32.7
      |         turn to 358.0: NO-OP, already inside 4.0 deg (at 1.9, err -3.8) — nothing was sent, the recorded curve was discarded, and the caller's step line will look like a turn that happened
      |         office_door->portrait_room step 12/16: 1 chunk(s) of 0.79s, change 24.9, best 24.9, hazards none — one push, so `best` IS the whole leg's travel
      |       step 12/16 bearing  358.0 (got    1.9) 0.79s -> walked 0.79s, best change 24.9
      |         turn to 357.8: TURNED to 359.2 (err -1.4) in 1 push(es)
      |         office_door->portrait_room step 13/16: 1 chunk(s) of 0.79s, change 20.3, best 20.3, hazards none — one push, so `best` IS the whole leg's travel
      |       step 13/16 bearing  357.8 (got  359.2) 0.79s -> walked 0.79s, best change 20.3
      |         turn to 357.9: NO-OP, already inside 4.0 deg (at 359.2, err -1.3) — nothing was sent, the recorded curve was discarded, and the caller's step line will look like a turn that happened
      |         office_door->portrait_room step 14/16: 1 chunk(s) of 0.79s, change 20.5, best 20.5, hazards none — one push, so `best` IS the whole leg's travel
      |       step 14/16 bearing  357.9 (got  359.2) 0.79s -> walked 0.79s, best change 20.5
      |         turn to 0.8: NO-OP, already inside 4.0 deg (at 359.2, err +1.6) — nothing was sent, the recorded curve was discarded, and the caller's step line will look like a turn that happened
      |         office_door->portrait_room step 15/16: 1 chunk(s) of 0.79s, change 25.3, best 25.3, hazards none — one push, so `best` IS the whole leg's travel
      |       step 15/16 bearing    0.8 (got  359.2) 0.79s -> walked 0.79s, best change 25.3
      |         turn to 4.0: TURNED to 4.4 (err -0.4) in 1 push(es)
      |         office_door->portrait_room step 16/16: 1 chunk(s) of 0.36s, change 19.2, best 19.2, hazards none — one push, so `best` IS the whole leg's travel
      |       step 16/16 bearing    4.0 (got    4.4) 0.36s -> walked 0.36s, best change 19.2
      |       arrived? True  (portrait_room 395.000/3.530)
      |         turn to 1.5: TURNED to 1.4 (err +0.1) in 1 push(es)
      |       align at portrait_room: yaw nulled to 1.4 (reference 1.5) — 0.1 deg REMAINING = ~2px of phantom dx still in the dx below
      |       align: step 1/6 dx=+49.8 (prev --)
      |       align: dx=+49.8 -> strafe right 0.10s
      |       align: dx barely changed (+50 -> +36) — blocked sideways, cannot correct from here
      |       aligned at portrait_room: 36px from the recorded pose
      |       align at portrait_room: dx +35.5px
      |     leg portrait_room -> bar_pool_room
      |         turn to 286.6: TURNED to 285.6 (err +1.0) in 2 push(es)
      |         portrait_room->bar_pool_room step 1/4: 1 chunk(s) of 0.16s, change 12.7, best 12.7, hazards none — one push, so `best` IS the whole leg's travel
      |       step 1/4 bearing  286.6 (got  285.6) 0.16s -> walked 0.16s, best change 12.7
      |         turn to 292.2: TURNED to 293.7 (err -1.5) in 1 push(es)
      |         portrait_room->bar_pool_room step 2/4: 1 chunk(s) of 0.79s, change 22.1, best 22.1, hazards none — one push, so `best` IS the whole leg's travel
      |       step 2/4 bearing  292.2 (got  293.7) 0.79s -> walked 0.79s, best change 22.1
      |         turn to 285.6: TURNED to 285.8 (err -0.2) in 1 push(es)
      |         portrait_room->bar_pool_room step 3/4: 1 chunk(s) of 0.80s, change 18.2, best 18.2, hazards none — one push, so `best` IS the whole leg's travel
      |       step 3/4 bearing  285.6 (got  285.8) 0.80s -> walked 0.80s, best change 18.2
      |         turn to 287.6: NO-OP, already inside 4.0 deg (at 285.9, err +1.7) — nothing was sent, the recorded curve was discarded, and the caller's step line will look like a turn that happened
      |         portrait_room->bar_pool_room step 4/4: 1 chunk(s) of 0.23s, change 7.3, best 7.3, hazards none — one push, so `best` IS the whole leg's travel
      |       step 4/4 bearing  287.6 (got  285.9) 0.23s -> walked 0.23s, best change 7.3
      |       recovered bar_pool_room at 326 after 1 step(s)
      |       arrived? True  (bar_pool_room 290.000/2.040)
      |         turn to 288.2: TURNED to 288.3 (err -0.1) in 2 push(es)
      |       align at bar_pool_room: yaw nulled to 288.3 (reference 288.2) — 0.1 deg REMAINING = ~2px of phantom dx still in the dx below
      |       align: offset unmeasurable (step 1)
      |       aligned at bar_pool_room: unmeasurable
      |       align at bar_pool_room: no dx (see the reason above)
      |   arrived, but 1 node(s) could not be confirmed on the way: ['office_door'] — each is a hole in the reference set
      |   attempt 3/3 at bar_pool_room
      |       re-localised by turning 60 deg: bar_pool_room 221.000/2.050
      |   re-localised at bar_pool_room by turning — no reset needed
[17] shipped   ARRIVED in 206s  located=bar_pool_room
      |   arm=original  LEG_SPEED_BY_LEG=None  MERGE_STEPS_BY_LEG=False  MERGED_TURN_TOLERANCE=1.0
      |   pause menu open (selected 'Resume')
      |   selected: Load Last Save
      |   confirmation dialog up (delta 81.6) -> YES
      |   YES press 1 did not register, retrying
      |   YES press 2 did not register, retrying
      |   world back after 3.3s, spawn bearing 87 (E)
      |   attempt 1/3 at bar_pool_room
      |   locate() cannot name office_corridor (it has no appearance reference by design) but the caller reset onto it — routing from there instead of sweeping and reloading
      |   route: office_corridor -> office_door -> portrait_room -> bar_pool_room  (18.1s of walking)
      |     leg office_corridor -> office_door
      |         turn to 270.4: TURNED to 269.8 (err +0.6) in 2 push(es)
      |         office_corridor->office_door step 1/7: 1 chunk(s) of 0.79s, change 19.6, best 19.6, hazards none — one push, so `best` IS the whole leg's travel
      |       step 1/7 bearing  270.4 (got  269.8) 0.79s -> walked 0.79s, best change 19.6
      |         turn to 270.1: NO-OP, already inside 4.0 deg (at 269.8, err +0.3) — nothing was sent, the recorded curve was discarded, and the caller's step line will look like a turn that happened
      |         office_corridor->office_door step 2/7: 1 chunk(s) of 0.78s, change 19.0, best 19.0, hazards none — one push, so `best` IS the whole leg's travel
      |       step 2/7 bearing  270.1 (got  269.8) 0.78s -> walked 0.78s, best change 19.0
      |         turn to 270.1: NO-OP, already inside 4.0 deg (at 269.9, err +0.3) — nothing was sent, the recorded curve was discarded, and the caller's step line will look like a turn that happened
      |         office_corridor->office_door step 3/7: 1 chunk(s) of 0.78s, change 15.7, best 15.7, hazards none — one push, so `best` IS the whole leg's travel
      |       step 3/7 bearing  270.1 (got  269.9) 0.78s -> walked 0.78s, best change 15.7
      |         turn to 270.3: NO-OP, already inside 4.0 deg (at 269.9, err +0.4) — nothing was sent, the recorded curve was discarded, and the caller's step line will look like a turn that happened
      |         office_corridor->office_door step 4/7: 1 chunk(s) of 0.78s, change 10.4, best 10.4, hazards none — one push, so `best` IS the whole leg's travel
      |       step 4/7 bearing  270.3 (got  269.9) 0.78s -> walked 0.78s, best change 10.4
      |         turn to 270.1: NO-OP, already inside 4.0 deg (at 269.8, err +0.3) — nothing was sent, the recorded curve was discarded, and the caller's step line will look like a turn that happened
      |         office_corridor->office_door step 5/7: 1 chunk(s) of 0.79s, change 8.2, best 8.2, hazards none — one push, so `best` IS the whole leg's travel
      |       step 5/7 bearing  270.1 (got  269.8) 0.79s -> walked 0.79s, best change 8.2
      |         turn to 270.1: NO-OP, already inside 4.0 deg (at 269.9, err +0.2) — nothing was sent, the recorded curve was discarded, and the caller's step line will look like a turn that happened
      |         office_corridor->office_door step 6/7: 1 chunk(s) of 0.79s, change 7.8, best 7.8, hazards none — one push, so `best` IS the whole leg's travel
      |       step 6/7 bearing  270.1 (got  269.9) 0.79s -> walked 0.79s, best change 7.8
      |         turn to 270.4: NO-OP, already inside 4.0 deg (at 269.9, err +0.5) — nothing was sent, the recorded curve was discarded, and the caller's step line will look like a turn that happened
      |         office_corridor->office_door step 7/7: 1 chunk(s) of 0.42s, change 8.0, best 8.0, hazards none — one push, so `best` IS the whole leg's travel
      |       step 7/7 bearing  270.4 (got  269.9) 0.42s -> walked 0.42s, best change 8.0
      |       arrived? None  (no appearance reference by design)
      |     leg office_door -> portrait_room
      |         turn to 338.1: TURNED to 339.1 (err -0.9) in 1 push(es)
      |         office_door->portrait_room step 1/16: 1 chunk(s) of 0.79s, change 12.6, best 12.6, hazards none — one push, so `best` IS the whole leg's travel
      |       step 1/16 bearing  338.1 (got  339.1) 0.79s -> walked 0.79s, best change 12.6
      |         turn to 339.2: NO-OP, already inside 4.0 deg (at 339.1, err +0.1) — nothing was sent, the recorded curve was discarded, and the caller's step line will look like a turn that happened
      |         office_door->portrait_room step 2/16: 1 chunk(s) of 0.70s, change 14.6, best 14.6, hazards none — one push, so `best` IS the whole leg's travel
      |       step 2/16 bearing  339.2 (got  339.1) 0.70s -> walked 0.70s, best change 14.6
      |         turn to 347.9: TURNED to 346.3 (err +1.6) in 1 push(es)
      |         office_door->portrait_room step 3/16: 1 chunk(s) of 0.42s, change 18.5, best 18.5, hazards none — one push, so `best` IS the whole leg's travel
      |       step 3/16 bearing  347.9 (got  346.3) 0.42s -> walked 0.42s, best change 18.5
      |         turn to 355.2: TURNED to 356.0 (err -0.8) in 1 push(es)
      |         office_door->portrait_room step 4/16: 1 chunk(s) of 0.79s, change 44.3, best 44.3, hazards none — one push, so `best` IS the whole leg's travel
      |       step 4/16 bearing  355.2 (got  356.0) 0.79s -> walked 0.79s, best change 44.3
      |         turn to 360.0: TURNED to 359.1 (err +0.8) in 1 push(es)
      |         office_door->portrait_room step 5/16: 1 chunk(s) of 0.51s, change 28.9, best 28.9, hazards none — one push, so `best` IS the whole leg's travel
      |       step 5/16 bearing  360.0 (got  359.1) 0.51s -> walked 0.51s, best change 28.9
      |         turn to 8.6: TURNED to 10.6 (err -2.0) in 1 push(es)
      |         office_door->portrait_room step 6/16: 1 chunk(s) of 0.78s, change 18.3, best 18.3, hazards none — one push, so `best` IS the whole leg's travel
      |       step 6/16 bearing    8.6 (got   10.6) 0.78s -> walked 0.78s, best change 18.3
      |         turn to 7.7: NO-OP, already inside 4.0 deg (at 10.6, err -2.8) — nothing was sent, the recorded curve was discarded, and the caller's step line will look like a turn that happened
      |         office_door->portrait_room step 7/16: 1 chunk(s) of 0.78s, change 27.0, best 27.0, hazards none — one push, so `best` IS the whole leg's travel
      |       step 7/16 bearing    7.7 (got   10.6) 0.78s -> walked 0.78s, best change 27.0
      |         turn to 1.7: TURNED to 1.2 (err +0.5) in 1 push(es)
      |         office_door->portrait_room step 8/16: 1 chunk(s) of 0.80s, change 33.4, best 33.4, hazards none — one push, so `best` IS the whole leg's travel
      |       step 8/16 bearing    1.7 (got    1.2) 0.80s -> walked 0.80s, best change 33.4
      |         turn to 359.6: NO-OP, already inside 4.0 deg (at 1.2, err -1.6) — nothing was sent, the recorded curve was discarded, and the caller's step line will look like a turn that happened
      |         office_door->portrait_room step 9/16: 1 chunk(s) of 0.36s, change 19.6, best 19.6, hazards none — one push, so `best` IS the whole leg's travel
      |       step 9/16 bearing  359.6 (got    1.2) 0.36s -> walked 0.36s, best change 19.6
      |         turn to 359.4: NO-OP, already inside 4.0 deg (at 1.2, err -1.9) — nothing was sent, the recorded curve was discarded, and the caller's step line will look like a turn that happened
      |         office_door->portrait_room step 10/16: 1 chunk(s) of 0.78s, change 20.3, best 20.3, hazards none — one push, so `best` IS the whole leg's travel
      |       step 10/16 bearing  359.4 (got    1.2) 0.78s -> walked 0.78s, best change 20.3
      |         turn to 357.9: NO-OP, already inside 4.0 deg (at 1.2, err -3.4) — nothing was sent, the recorded curve was discarded, and the caller's step line will look like a turn that happened
      |         office_door->portrait_room step 11/16: 1 chunk(s) of 0.79s, change 20.8, best 20.8, hazards none — one push, so `best` IS the whole leg's travel
      |       step 11/16 bearing  357.9 (got    1.2) 0.79s -> walked 0.79s, best change 20.8
      |         turn to 358.0: NO-OP, already inside 4.0 deg (at 1.2, err -3.2) — nothing was sent, the recorded curve was discarded, and the caller's step line will look like a turn that happened
      |         office_door->portrait_room step 12/16: 1 chunk(s) of 0.79s, change 18.9, best 18.9, hazards none — one push, so `best` IS the whole leg's travel
      |       step 12/16 bearing  358.0 (got    1.2) 0.79s -> walked 0.79s, best change 18.9
      |         turn to 357.8: NO-OP, already inside 4.0 deg (at 1.2, err -3.4) — nothing was sent, the recorded curve was discarded, and the caller's step line will look like a turn that happened
      |         office_door->portrait_room step 13/16: 1 chunk(s) of 0.79s, change 21.2, best 21.2, hazards none — one push, so `best` IS the whole leg's travel
      |       step 13/16 bearing  357.8 (got    1.2) 0.79s -> walked 0.79s, best change 21.2
      |         turn to 357.9: NO-OP, already inside 4.0 deg (at 1.2, err -3.3) — nothing was sent, the recorded curve was discarded, and the caller's step line will look like a turn that happened
      |         office_door->portrait_room step 14/16: 1 chunk(s) of 0.79s, change 27.7, best 27.7, hazards none — one push, so `best` IS the whole leg's travel
      |       step 14/16 bearing  357.9 (got    1.2) 0.79s -> walked 0.79s, best change 27.7
      |         turn to 0.8: NO-OP, already inside 4.0 deg (at 1.2, err -0.4) — nothing was sent, the recorded curve was discarded, and the caller's step line will look like a turn that happened
      |         office_door->portrait_room step 15/16: 1 chunk(s) of 0.79s, change 25.7, best 25.7, hazards none — one push, so `best` IS the whole leg's travel
      |       step 15/16 bearing    0.8 (got    1.2) 0.79s -> walked 0.79s, best change 25.7
      |         turn to 4.0: NO-OP, already inside 4.0 deg (at 1.2, err +2.7) — nothing was sent, the recorded curve was discarded, and the caller's step line will look like a turn that happened
      |         office_door->portrait_room step 16/16: 1 chunk(s) of 0.36s, change 18.5, best 18.5, hazards none — one push, so `best` IS the whole leg's travel
      |       step 16/16 bearing    4.0 (got    1.2) 0.36s -> walked 0.36s, best change 18.5
      |       arrived? True  (portrait_room 818.000/6.240)
      |         turn to 1.5: NO-OP, already inside 0.5 deg (at 1.2, err +0.3) — nothing was sent, the recorded curve was discarded, and the caller's step line will look like a turn that happened
      |       align at portrait_room: yaw nulled to 1.2 (reference 1.5) — 0.3 deg REMAINING = ~5px of phantom dx still in the dx below
      |       align: step 1/6 dx=-36.0 (prev --)
      |       align: dx=-36.0 is finer than one minimum push can place — as close as the stick gets
      |       aligned at portrait_room: 36px from the recorded pose
      |       align at portrait_room: dx +36.0px
      |     leg portrait_room -> bar_pool_room
      |         turn to 286.6: TURNED to 287.7 (err -1.2) in 1 push(es)
      |         portrait_room->bar_pool_room step 1/4: 1 chunk(s) of 0.16s, change 11.1, best 11.1, hazards none — one push, so `best` IS the whole leg's travel
      |       step 1/4 bearing  286.6 (got  287.7) 0.16s -> walked 0.16s, best change 11.1
      |         turn to 292.2: TURNED to 291.6 (err +0.6) in 1 push(es)
      |         portrait_room->bar_pool_room step 2/4: 1 chunk(s) of 0.79s, change 17.9, best 17.9, hazards none — one push, so `best` IS the whole leg's travel
      |       step 2/4 bearing  292.2 (got  291.6) 0.79s -> walked 0.79s, best change 17.9
      |         turn to 285.6: TURNED to 284.2 (err +1.4) in 1 push(es)
      |         portrait_room->bar_pool_room step 3/4: 1 chunk(s) of 0.80s, change 16.8, best 16.8, hazards none — one push, so `best` IS the whole leg's travel
      |       step 3/4 bearing  285.6 (got  284.2) 0.80s -> walked 0.80s, best change 16.8
      |         turn to 287.6: NO-OP, already inside 4.0 deg (at 284.2, err +3.4) — nothing was sent, the recorded curve was discarded, and the caller's step line will look like a turn that happened
      |         portrait_room->bar_pool_room step 4/4: 1 chunk(s) of 0.23s, change 10.2, best 10.2, hazards none — one push, so `best` IS the whole leg's travel
      |       step 4/4 bearing  287.6 (got  284.2) 0.23s -> walked 0.23s, best change 10.2
      |       arrived? True  (bar_pool_room 782.000/6.260)
      |         turn to 288.2: TURNED to 287.9 (err +0.2) in 2 push(es)
      |       align at bar_pool_room: yaw nulled to 287.9 (reference 288.2) — 0.2 deg REMAINING = ~4px of phantom dx still in the dx below
      |       align: step 1/6 dx=+138.4 (prev --)
      |       align: dx=+138.4 -> strafe right 0.12s
      |       align: step 2/6 dx=+115.4 (prev +138.4)
      |       align: dx=+115.4 -> strafe right 0.10s
      |       align: step 3/6 dx=+87.4 (prev +115.4)
      |       align: dx=+87.4 -> strafe right 0.10s
      |       align: step 4/6 dx=+49.0 (prev +87.4)
      |       align: dx=+49.0 -> strafe right 0.10s
      |       align: within 35px (dx=+21.4) after 4 step(s)
      |       aligned at bar_pool_room: 21px from the recorded pose
      |       align at bar_pool_room: dx +21.4px
      |   arrived, but 1 node(s) could not be confirmed on the way: ['office_door'] — each is a hole in the reference set
      |   attempt 2/3 at bar_pool_room
      |   verified at bar_pool_room (bar_pool_room 804.000/6.990)
[18] original  ARRIVED in 51s  located=bar_pool_room
      |   arm=shipped  LEG_SPEED_BY_LEG=3.0  MERGE_STEPS_BY_LEG=True  MERGED_TURN_TOLERANCE=1.0
      |   pause menu open (selected 'Resume')
      |   selected: Load Last Save
      |   confirmation dialog up (delta 82.3) -> YES
      |   YES press 1 did not register, retrying
      |   YES press 2 did not register, retrying
      |   world back after 3.3s, spawn bearing 87 (E)
      |   attempt 1/3 at bar_pool_room
      |   locate() cannot name office_corridor (it has no appearance reference by design) but the caller reset onto it — routing from there instead of sweeping and reloading
      |   route: office_corridor -> office_door -> portrait_room -> bar_pool_room  (18.1s of walking)
      |     leg office_corridor -> office_door
      |         turn to 270.2: TURNED to 270.1 (err +0.1) in 3 push(es)
      |         office_corridor->office_door step 1/1: 1 chunk(s) of 1.95s, change 18.9, best 18.9, hazards none — one push, so `best` IS the whole leg's travel
      |       step 1/1 bearing  270.2 (got  270.1) 1.95s -> walked 1.95s, best change 18.9
      |       arrived? None  (no appearance reference by design)
      |     leg office_door -> portrait_room
      |         turn to 338.1: TURNED to 341.7 (err -3.6) in 1 push(es)
      |         office_door->portrait_room step 1/16: 1 chunk(s) of 0.79s, change 11.3, best 11.3, hazards none — one push, so `best` IS the whole leg's travel
      |       step 1/16 bearing  338.1 (got  341.7) 0.79s -> walked 0.79s, best change 11.3
      |         turn to 339.2: NO-OP, already inside 4.0 deg (at 341.7, err -2.5) — nothing was sent, the recorded curve was discarded, and the caller's step line will look like a turn that happened
      |         office_door->portrait_room step 2/16: 1 chunk(s) of 0.70s, change 13.7, best 13.7, hazards none — one push, so `best` IS the whole leg's travel
      |       step 2/16 bearing  339.2 (got  341.7) 0.70s -> walked 0.70s, best change 13.7
      |         turn to 347.9: TURNED to 348.9 (err -1.0) in 1 push(es)
      |         office_door->portrait_room step 3/16: 1 chunk(s) of 0.42s, change 19.7, best 19.7, hazards none — one push, so `best` IS the whole leg's travel
      |       step 3/16 bearing  347.9 (got  348.9) 0.42s -> walked 0.42s, best change 19.7
      |         turn to 355.2: TURNED to 356.1 (err -1.0) in 1 push(es)
      |         office_door->portrait_room step 4/16: 1 chunk(s) of 0.79s, change 47.4, best 47.4, hazards none — one push, so `best` IS the whole leg's travel
      |       step 4/16 bearing  355.2 (got  356.1) 0.79s -> walked 0.79s, best change 47.4
      |         turn to 360.0: NO-OP, already inside 4.0 deg (at 356.1, err +3.8) — nothing was sent, the recorded curve was discarded, and the caller's step line will look like a turn that happened
      |         office_door->portrait_room step 5/16: 1 chunk(s) of 0.51s, change 35.1, best 35.1, hazards none — one push, so `best` IS the whole leg's travel
      |       step 5/16 bearing  360.0 (got  356.1) 0.51s -> walked 0.51s, best change 35.1
      |         turn to 8.6: TURNED to 6.8 (err +1.8) in 1 push(es)
      |         office_door->portrait_room step 6/16: 1 chunk(s) of 0.78s, change 16.4, best 16.4, hazards none — one push, so `best` IS the whole leg's travel
      |       step 6/16 bearing    8.6 (got    6.8) 0.78s -> walked 0.78s, best change 16.4
      |         turn to 7.7: NO-OP, already inside 4.0 deg (at 6.9, err +0.9) — nothing was sent, the recorded curve was discarded, and the caller's step line will look like a turn that happened
      |         office_door->portrait_room step 7/16: 1 chunk(s) of 0.78s, change 24.4, best 24.4, hazards none — one push, so `best` IS the whole leg's travel
      |       step 7/16 bearing    7.7 (got    6.9) 0.78s -> walked 0.78s, best change 24.4
      |         turn to 1.7: TURNED to 2.0 (err -0.3) in 1 push(es)
      |         office_door->portrait_room step 8/16: 1 chunk(s) of 0.80s, change 35.0, best 35.0, hazards none — one push, so `best` IS the whole leg's travel
      |       step 8/16 bearing    1.7 (got    2.0) 0.80s -> walked 0.80s, best change 35.0
      |         turn to 359.6: NO-OP, already inside 4.0 deg (at 2.1, err -2.5) — nothing was sent, the recorded curve was discarded, and the caller's step line will look like a turn that happened
      |         office_door->portrait_room step 9/16: 1 chunk(s) of 0.36s, change 14.1, best 14.1, hazards none — one push, so `best` IS the whole leg's travel
      |       step 9/16 bearing  359.6 (got    2.1) 0.36s -> walked 0.36s, best change 14.1
      |         turn to 359.4: NO-OP, already inside 4.0 deg (at 2.0, err -2.6) — nothing was sent, the recorded curve was discarded, and the caller's step line will look like a turn that happened
      |         office_door->portrait_room step 10/16: 1 chunk(s) of 0.78s, change 18.9, best 18.9, hazards none — one push, so `best` IS the whole leg's travel
      |       step 10/16 bearing  359.4 (got    2.0) 0.78s -> walked 0.78s, best change 18.9
      |         turn to 357.9: TURNED to 357.7 (err +0.1) in 1 push(es)
      |         office_door->portrait_room step 11/16: 1 chunk(s) of 0.79s, change 14.4, best 14.4, hazards none — one push, so `best` IS the whole leg's travel
      |       step 11/16 bearing  357.9 (got  357.7) 0.79s -> walked 0.79s, best change 14.4
      |         turn to 358.0: NO-OP, already inside 4.0 deg (at 358.2, err -0.2) — nothing was sent, the recorded curve was discarded, and the caller's step line will look like a turn that happened
      |         office_door->portrait_room step 12/16: 1 chunk(s) of 0.79s, change 13.7, best 13.7, hazards none — one push, so `best` IS the whole leg's travel
      |       step 12/16 bearing  358.0 (got  358.2) 0.79s -> walked 0.79s, best change 13.7
      |         turn to 357.8: NO-OP, already inside 4.0 deg (at 358.0, err -0.2) — nothing was sent, the recorded curve was discarded, and the caller's step line will look like a turn that happened
      |         office_door->portrait_room step 13/16: 1 chunk(s) of 0.79s, change 13.4, best 13.4, hazards none — one push, so `best` IS the whole leg's travel
      |       step 13/16 bearing  357.8 (got  358.0) 0.79s -> walked 0.79s, best change 13.4
      |         turn to 357.9: NO-OP, already inside 4.0 deg (at 357.9, err +0.0) — nothing was sent, the recorded curve was discarded, and the caller's step line will look like a turn that happened
      |         office_door->portrait_room step 14/16: 1 chunk(s) of 0.79s, change 14.2, best 14.2, hazards none — one push, so `best` IS the whole leg's travel
      |       step 14/16 bearing  357.9 (got  357.9) 0.79s -> walked 0.79s, best change 14.2
      |         turn to 0.8: NO-OP, already inside 4.0 deg (at 356.9, err +4.0) — nothing was sent, the recorded curve was discarded, and the caller's step line will look like a turn that happened
      |         office_door->portrait_room step 15/16: 1 chunk(s) of 0.79s, change 15.8, best 15.8, hazards none — one push, so `best` IS the whole leg's travel
      |       step 15/16 bearing    0.8 (got  356.9) 0.79s -> walked 0.79s, best change 15.8
      |         turn to 4.0: TURNED to 4.2 (err -0.2) in 1 push(es)
      |         office_door->portrait_room step 16/16: 1 chunk(s) of 0.36s, change 18.3, best 18.3, hazards none — one push, so `best` IS the whole leg's travel
      |       step 16/16 bearing    4.0 (got    4.2) 0.36s -> walked 0.36s, best change 18.3
      |       arrived? True  (portrait_room 148.000/1.380)
      |         turn to 1.5: TURNED to 1.6 (err -0.1) in 1 push(es)
      |       align at portrait_room: yaw nulled to 1.6 (reference 1.5) — 0.1 deg REMAINING = ~2px of phantom dx still in the dx below
      |       align: within 35px (dx=+19.1) after 0 step(s)
      |       aligned at portrait_room: 19px from the recorded pose
      |       align at portrait_room: dx +19.1px
      |     leg portrait_room -> bar_pool_room
      |         turn to 286.6: TURNED to 290.5 (err -3.9) in 1 push(es)
      |         portrait_room->bar_pool_room step 1/4: 1 chunk(s) of 0.16s, change 14.5, best 14.5, hazards none — one push, so `best` IS the whole leg's travel
      |       step 1/4 bearing  286.6 (got  290.5) 0.16s -> walked 0.16s, best change 14.5
      |         turn to 292.2: NO-OP, already inside 4.0 deg (at 290.4, err +1.7) — nothing was sent, the recorded curve was discarded, and the caller's step line will look like a turn that happened
      |         portrait_room->bar_pool_room step 2/4: 1 chunk(s) of 0.79s, change 19.7, best 19.7, hazards none — one push, so `best` IS the whole leg's travel
      |       step 2/4 bearing  292.2 (got  290.4) 0.79s -> walked 0.79s, best change 19.7
      |         turn to 285.6: TURNED to 285.9 (err -0.3) in 1 push(es)
      |         portrait_room->bar_pool_room step 3/4: 1 chunk(s) of 0.80s, change 1.0, best 1.0, hazards SHORT — one push, so `best` IS the whole leg's travel
      |       step 3/4 bearing  285.6 (got  285.9) 0.80s -> walked 0.80s, best change 1.0
      |       step 3 blocked but the scene is MOVING — an NPC in the passage, not a wall
      |       the view is featureless — this is geometry, not a mover; skipping the escape ladder it has never cleared
      |       escape ladder: did NOT clear (best 0.0 PIXELS, against SLIP_PROGRESS_PX 20.0px — NOT against STALL_CHANGE 6.0, which is grey_levels)
      |       step 3 moved only 1.0 grey_levels (< 6.0) over 0.80s — stall score 1
      |         turn to 287.6: NO-OP, already inside 4.0 deg (at 285.8, err +1.8) — nothing was sent, the recorded curve was discarded, and the caller's step line will look like a turn that happened
      |         portrait_room->bar_pool_room step 4/4: 1 chunk(s) of 0.23s, change 0.9, best 0.9, hazards SHORT — one push, so `best` IS the whole leg's travel
      |       step 4/4 bearing  287.6 (got  285.8) 0.23s -> walked 0.23s, best change 0.9
      |       step 4 blocked but the scene is MOVING — an NPC in the passage, not a wall
      |       the view is featureless — this is geometry, not a mover; skipping the escape ladder it has never cleared
      |       escape ladder: did NOT clear (best 0.0 PIXELS, against SLIP_PROGRESS_PX 20.0px — NOT against STALL_CHANGE 6.0, which is grey_levels)
      |       step 4 moved only 0.9 grey_levels (< 6.0) over 0.23s — stall score 2
      |       BLOCKED on step 4; abandoning the rest of this leg rather than pushing into whatever is in the way
      |       recovery fan did not find bar_pool_room
      |       arrived? None  (unverified, abstained (1.000/1.000))
      |   arrived, but 2 node(s) could not be confirmed on the way: ['office_door', 'bar_pool_room'] — each is a hole in the reference set
      |   attempt 2/3 at bar_pool_room
      |   not at bar_pool_room and cannot say where this is (unrecognised (36.000/1.330)) — reloading to a known start
      |   pause menu open (selected 'Resume')
      |   selected: Load Last Save
      |   confirmation dialog up (delta 81.9) -> YES
      |   YES press 1 did not register, retrying
      |   world back after 3.2s, spawn bearing 87 (E)
      |   route: office_corridor -> office_door -> portrait_room -> bar_pool_room  (18.1s of walking)
      |     leg office_corridor -> office_door
      |         turn to 270.2: TURNED to 270.4 (err -0.2) in 3 push(es)
      |         office_corridor->office_door step 1/1: 1 chunk(s) of 1.95s, change 17.9, best 17.9, hazards none — one push, so `best` IS the whole leg's travel
      |       step 1/1 bearing  270.2 (got  270.4) 1.95s -> walked 1.95s, best change 17.9
      |       arrived? None  (no appearance reference by design)
      |     leg office_door -> portrait_room
      |         turn to 338.1: TURNED to 338.4 (err -0.3) in 1 push(es)
      |         office_door->portrait_room step 1/16: 1 chunk(s) of 0.79s, change 9.0, best 9.0, hazards none — one push, so `best` IS the whole leg's travel
      |       step 1/16 bearing  338.1 (got  338.4) 0.79s -> walked 0.79s, best change 9.0
      |         turn to 339.2: NO-OP, already inside 4.0 deg (at 338.4, err +0.8) — nothing was sent, the recorded curve was discarded, and the caller's step line will look like a turn that happened
      |         office_door->portrait_room step 2/16: 1 chunk(s) of 0.70s, change 11.9, best 11.9, hazards none — one push, so `best` IS the whole leg's travel
      |       step 2/16 bearing  339.2 (got  338.4) 0.70s -> walked 0.70s, best change 11.9
      |         turn to 347.9: TURNED to 349.1 (err -1.2) in 1 push(es)
      |         office_door->portrait_room step 3/16: 1 chunk(s) of 0.42s, change 23.1, best 23.1, hazards none — one push, so `best` IS the whole leg's travel
      |       step 3/16 bearing  347.9 (got  349.1) 0.42s -> walked 0.42s, best change 23.1
      |         turn to 355.2: TURNED to 352.9 (err +2.2) in 1 push(es)
      |         office_door->portrait_room step 4/16: 1 chunk(s) of 0.79s, change 50.1, best 50.1, hazards none — one push, so `best` IS the whole leg's travel
      |       step 4/16 bearing  355.2 (got  352.9) 0.79s -> walked 0.79s, best change 50.1
      |         turn to 360.0: TURNED to 359.4 (err +0.6) in 1 push(es)
      |         office_door->portrait_room step 5/16: 1 chunk(s) of 0.51s, change 34.6, best 34.6, hazards none — one push, so `best` IS the whole leg's travel
      |       step 5/16 bearing  360.0 (got  359.4) 0.51s -> walked 0.51s, best change 34.6
      |         turn to 8.6: TURNED to 10.4 (err -1.9) in 1 push(es)
      |         office_door->portrait_room step 6/16: 1 chunk(s) of 0.78s, change 16.6, best 16.6, hazards none — one push, so `best` IS the whole leg's travel
      |       step 6/16 bearing    8.6 (got   10.4) 0.78s -> walked 0.78s, best change 16.6
      |         turn to 7.7: NO-OP, already inside 4.0 deg (at 10.4, err -2.7) — nothing was sent, the recorded curve was discarded, and the caller's step line will look like a turn that happened
      |         office_door->portrait_room step 7/16: 1 chunk(s) of 0.78s, change 32.6, best 32.6, hazards none — one push, so `best` IS the whole leg's travel
      |       step 7/16 bearing    7.7 (got   10.4) 0.78s -> walked 0.78s, best change 32.6
      |         turn to 1.7: TURNED to 358.5 (err +3.3) in 1 push(es)
      |         office_door->portrait_room step 8/16: 1 chunk(s) of 0.80s, change 29.0, best 29.0, hazards none — one push, so `best` IS the whole leg's travel
      |       step 8/16 bearing    1.7 (got  358.5) 0.80s -> walked 0.80s, best change 29.0
      |         turn to 359.6: NO-OP, already inside 4.0 deg (at 358.1, err +1.5) — nothing was sent, the recorded curve was discarded, and the caller's step line will look like a turn that happened
      |         office_door->portrait_room step 9/16: 1 chunk(s) of 0.36s, change 11.5, best 11.5, hazards none — one push, so `best` IS the whole leg's travel
      |       step 9/16 bearing  359.6 (got  358.1) 0.36s -> walked 0.36s, best change 11.5
      |         turn to 359.4: NO-OP, already inside 4.0 deg (at 359.3, err +0.1) — nothing was sent, the recorded curve was discarded, and the caller's step line will look like a turn that happened
      |         office_door->portrait_room step 10/16: 1 chunk(s) of 0.78s, change 25.4, best 25.4, hazards none — one push, so `best` IS the whole leg's travel
      |       step 10/16 bearing  359.4 (got  359.3) 0.78s -> walked 0.78s, best change 25.4
      |         turn to 357.9: NO-OP, already inside 4.0 deg (at 358.5, err -0.6) — nothing was sent, the recorded curve was discarded, and the caller's step line will look like a turn that happened
      |         office_door->portrait_room step 11/16: 1 chunk(s) of 0.79s, change 33.7, best 33.7, hazards none — one push, so `best` IS the whole leg's travel
      |       step 11/16 bearing  357.9 (got  358.5) 0.79s -> walked 0.79s, best change 33.7
      |         turn to 358.0: NO-OP, already inside 4.0 deg (at 358.5, err -0.5) — nothing was sent, the recorded curve was discarded, and the caller's step line will look like a turn that happened
      |         office_door->portrait_room step 12/16: 1 chunk(s) of 0.79s, change 26.7, best 26.7, hazards none — one push, so `best` IS the whole leg's travel
      |       step 12/16 bearing  358.0 (got  358.5) 0.79s -> walked 0.79s, best change 26.7
      |         turn to 357.8: NO-OP, already inside 4.0 deg (at 358.5, err -0.7) — nothing was sent, the recorded curve was discarded, and the caller's step line will look like a turn that happened
      |         office_door->portrait_room step 13/16: 1 chunk(s) of 0.79s, change 18.3, best 18.3, hazards none — one push, so `best` IS the whole leg's travel
      |       step 13/16 bearing  357.8 (got  358.5) 0.79s -> walked 0.79s, best change 18.3
      |         turn to 357.9: NO-OP, already inside 4.0 deg (at 358.5, err -0.6) — nothing was sent, the recorded curve was discarded, and the caller's step line will look like a turn that happened
      |         office_door->portrait_room step 14/16: 1 chunk(s) of 0.79s, change 19.5, best 19.5, hazards none — one push, so `best` IS the whole leg's travel
      |       step 14/16 bearing  357.9 (got  358.5) 0.79s -> walked 0.79s, best change 19.5
      |         turn to 0.8: NO-OP, already inside 4.0 deg (at 358.5, err +2.3) — nothing was sent, the recorded curve was discarded, and the caller's step line will look like a turn that happened
      |         office_door->portrait_room step 15/16: 1 chunk(s) of 0.79s, change 24.8, best 24.8, hazards none — one push, so `best` IS the whole leg's travel
      |       step 15/16 bearing    0.8 (got  358.5) 0.79s -> walked 0.79s, best change 24.8
      |         turn to 4.0: TURNED to 3.8 (err +0.2) in 1 push(es)
      |         office_door->portrait_room step 16/16: 1 chunk(s) of 0.36s, change 20.3, best 20.3, hazards none — one push, so `best` IS the whole leg's travel
      |       step 16/16 bearing    4.0 (got    3.8) 0.36s -> walked 0.36s, best change 20.3
      |       arrived? True  (portrait_room 430.000/3.520)
      |         turn to 1.5: TURNED to 1.4 (err +0.1) in 2 push(es)
      |       align at portrait_room: yaw nulled to 1.4 (reference 1.5) — 0.1 deg REMAINING = ~2px of phantom dx still in the dx below
      |       align: step 1/6 dx=+106.9 (prev --)
      |       align: dx=+106.9 -> strafe right 0.10s
      |       align: dx barely changed (+107 -> +92) — blocked sideways, cannot correct from here
      |       aligned at portrait_room: 92px from the recorded pose
      |       align at portrait_room: dx +91.7px
      |     leg portrait_room -> bar_pool_room
      |         turn to 286.6: TURNED to 287.9 (err -1.3) in 1 push(es)
      |         portrait_room->bar_pool_room step 1/4: 1 chunk(s) of 0.16s, change 12.6, best 12.6, hazards none — one push, so `best` IS the whole leg's travel
      |       step 1/4 bearing  286.6 (got  287.9) 0.16s -> walked 0.16s, best change 12.6
      |         turn to 292.2: TURNED to 292.1 (err +0.0) in 1 push(es)
      |         portrait_room->bar_pool_room step 2/4: 1 chunk(s) of 0.79s, change 24.4, best 24.4, hazards none — one push, so `best` IS the whole leg's travel
      |       step 2/4 bearing  292.2 (got  292.1) 0.79s -> walked 0.79s, best change 24.4
      |         turn to 285.6: TURNED to 284.2 (err +1.4) in 1 push(es)
      |         portrait_room->bar_pool_room step 3/4: 1 chunk(s) of 0.80s, change 20.1, best 20.1, hazards none — one push, so `best` IS the whole leg's travel
      |       step 3/4 bearing  285.6 (got  284.2) 0.80s -> walked 0.80s, best change 20.1
      |         turn to 287.6: NO-OP, already inside 4.0 deg (at 284.1, err +3.5) — nothing was sent, the recorded curve was discarded, and the caller's step line will look like a turn that happened
      |         portrait_room->bar_pool_room step 4/4: 1 chunk(s) of 0.23s, change 9.2, best 9.2, hazards none — one push, so `best` IS the whole leg's travel
      |       step 4/4 bearing  287.6 (got  284.1) 0.23s -> walked 0.23s, best change 9.2
      |       recovery fan did not find bar_pool_room
      |       arrived? None  (unverified, abstained (131.000/1.250))
      |   arrived, but 2 node(s) could not be confirmed on the way: ['office_door', 'bar_pool_room'] — each is a hole in the reference set
      |   attempt 3/3 at bar_pool_room
      |       no compass reading — the relocalise sweep did NOT run (this is not 'nothing was recognised')
      |   not at bar_pool_room and cannot say where this is (unrecognised (110.000/1.000)) — reloading to a known start
      |   pause menu open (selected 'Resume')
      |   selected: Load Last Save
      |   confirmation dialog up (delta 79.3) -> YES
      |   YES press 1 did not register, retrying
      |   world back after 3.2s, spawn bearing 87 (E)
      |   route: office_corridor -> office_door -> portrait_room -> bar_pool_room  (18.1s of walking)
      |     leg office_corridor -> office_door
      |         turn to 270.2: TURNED to 270.2 (err +0.0) in 2 push(es)
      |         office_corridor->office_door step 1/1: 1 chunk(s) of 1.95s, change 18.5, best 18.5, hazards none — one push, so `best` IS the whole leg's travel
      |       step 1/1 bearing  270.2 (got  270.2) 1.95s -> walked 1.95s, best change 18.5
      |       arrived? None  (no appearance reference by design)
      |     leg office_door -> portrait_room
      |         turn to 338.1: TURNED to 338.2 (err -0.1) in 1 push(es)
      |         office_door->portrait_room step 1/16: 1 chunk(s) of 0.79s, change 8.9, best 8.9, hazards none — one push, so `best` IS the whole leg's travel
      |       step 1/16 bearing  338.1 (got  338.2) 0.79s -> walked 0.79s, best change 8.9
      |         turn to 339.2: NO-OP, already inside 4.0 deg (at 338.2, err +1.0) — nothing was sent, the recorded curve was discarded, and the caller's step line will look like a turn that happened
      |         office_door->portrait_room step 2/16: 1 chunk(s) of 0.70s, change 12.8, best 12.8, hazards none — one push, so `best` IS the whole leg's travel
      |       step 2/16 bearing  339.2 (got  338.2) 0.70s -> walked 0.70s, best change 12.8
      |         turn to 347.9: TURNED to 350.1 (err -2.2) in 1 push(es)
      |         office_door->portrait_room step 3/16: 1 chunk(s) of 0.42s, change 21.1, best 21.1, hazards none — one push, so `best` IS the whole leg's travel
      |       step 3/16 bearing  347.9 (got  350.1) 0.42s -> walked 0.42s, best change 21.1
      |         turn to 355.2: TURNED to 355.6 (err -0.4) in 1 push(es)
      |         office_door->portrait_room step 4/16: 1 chunk(s) of 0.79s, change 50.3, best 50.3, hazards none — one push, so `best` IS the whole leg's travel
      |       step 4/16 bearing  355.2 (got  355.6) 0.79s -> walked 0.79s, best change 50.3
      |         turn to 360.0: TURNED to 358.9 (err +1.1) in 1 push(es)
      |         office_door->portrait_room step 5/16: 1 chunk(s) of 0.51s, change 34.9, best 34.9, hazards none — one push, so `best` IS the whole leg's travel
      |       step 5/16 bearing  360.0 (got  358.9) 0.51s -> walked 0.51s, best change 34.9
      |         turn to 8.6: TURNED to 7.7 (err +0.9) in 1 push(es)
      |         office_door->portrait_room step 6/16: 1 chunk(s) of 0.78s, change 15.6, best 15.6, hazards none — one push, so `best` IS the whole leg's travel
      |       step 6/16 bearing    8.6 (got    7.7) 0.78s -> walked 0.78s, best change 15.6
      |         turn to 7.7: NO-OP, already inside 4.0 deg (at 7.7, err +0.1) — nothing was sent, the recorded curve was discarded, and the caller's step line will look like a turn that happened
      |         office_door->portrait_room step 7/16: 1 chunk(s) of 0.78s, change 25.6, best 25.6, hazards none — one push, so `best` IS the whole leg's travel
      |       step 7/16 bearing    7.7 (got    7.7) 0.78s -> walked 0.78s, best change 25.6
      |         turn to 1.7: TURNED to 2.3 (err -0.5) in 1 push(es)
      |         office_door->portrait_room step 8/16: 1 chunk(s) of 0.80s, change 34.5, best 34.5, hazards none — one push, so `best` IS the whole leg's travel
      |       step 8/16 bearing    1.7 (got    2.3) 0.80s -> walked 0.80s, best change 34.5
      |         turn to 359.6: NO-OP, already inside 4.0 deg (at 2.3, err -2.7) — nothing was sent, the recorded curve was discarded, and the caller's step line will look like a turn that happened
      |         office_door->portrait_room step 9/16: 1 chunk(s) of 0.36s, change 14.6, best 14.6, hazards none — one push, so `best` IS the whole leg's travel
      |       step 9/16 bearing  359.6 (got    2.3) 0.36s -> walked 0.36s, best change 14.6
      |         turn to 359.4: NO-OP, already inside 4.0 deg (at 2.3, err -2.9) — nothing was sent, the recorded curve was discarded, and the caller's step line will look like a turn that happened
      |         office_door->portrait_room step 10/16: 1 chunk(s) of 0.78s, change 18.7, best 18.7, hazards none — one push, so `best` IS the whole leg's travel
      |       step 10/16 bearing  359.4 (got    2.3) 0.78s -> walked 0.78s, best change 18.7
      |         turn to 357.9: TURNED to 357.9 (err -0.1) in 1 push(es)
      |         office_door->portrait_room step 11/16: 1 chunk(s) of 0.79s, change 13.5, best 13.5, hazards none — one push, so `best` IS the whole leg's travel
      |       step 11/16 bearing  357.9 (got  357.9) 0.79s -> walked 0.79s, best change 13.5
      |         turn to 358.0: NO-OP, already inside 4.0 deg (at 358.0, err +0.0) — nothing was sent, the recorded curve was discarded, and the caller's step line will look like a turn that happened
      |         office_door->portrait_room step 12/16: 1 chunk(s) of 0.79s, change 14.3, best 14.3, hazards none — one push, so `best` IS the whole leg's travel
      |       step 12/16 bearing  358.0 (got  358.0) 0.79s -> walked 0.79s, best change 14.3
      |         turn to 357.8: NO-OP, already inside 4.0 deg (at 357.9, err -0.1) — nothing was sent, the recorded curve was discarded, and the caller's step line will look like a turn that happened
      |         office_door->portrait_room step 13/16: 1 chunk(s) of 0.79s, change 14.4, best 14.4, hazards none — one push, so `best` IS the whole leg's travel
      |       step 13/16 bearing  357.8 (got  357.9) 0.79s -> walked 0.79s, best change 14.4
      |         turn to 357.9: NO-OP, already inside 4.0 deg (at 358.0, err -0.0) — nothing was sent, the recorded curve was discarded, and the caller's step line will look like a turn that happened
      |         office_door->portrait_room step 14/16: 1 chunk(s) of 0.79s, change 21.3, best 21.3, hazards none — one push, so `best` IS the whole leg's travel
      |       step 14/16 bearing  357.9 (got  358.0) 0.79s -> walked 0.79s, best change 21.3
      |         turn to 0.8: NO-OP, already inside 4.0 deg (at 358.3, err +2.6) — nothing was sent, the recorded curve was discarded, and the caller's step line will look like a turn that happened
      |         office_door->portrait_room step 15/16: 1 chunk(s) of 0.79s, change 32.4, best 32.4, hazards none — one push, so `best` IS the whole leg's travel
      |       step 15/16 bearing    0.8 (got  358.3) 0.79s -> walked 0.79s, best change 32.4
      |         turn to 4.0: TURNED to 2.3 (err +1.6) in 1 push(es)
      |         office_door->portrait_room step 16/16: 1 chunk(s) of 0.36s, change 17.6, best 17.6, hazards none — one push, so `best` IS the whole leg's travel
      |       step 16/16 bearing    4.0 (got    2.3) 0.36s -> walked 0.36s, best change 17.6
      |       arrived? None  (unverified, abstained (144.000/1.290))
      |     leg portrait_room -> bar_pool_room
      |         turn to 286.6: TURNED to 287.0 (err -0.4) in 2 push(es)
      |         portrait_room->bar_pool_room step 1/4: 1 chunk(s) of 0.16s, change 21.0, best 21.0, hazards none — one push, so `best` IS the whole leg's travel
      |       step 1/4 bearing  286.6 (got  287.0) 0.16s -> walked 0.16s, best change 21.0
      |         turn to 292.2: TURNED to 292.5 (err -0.3) in 1 push(es)
      |         portrait_room->bar_pool_room step 2/4: 1 chunk(s) of 0.79s, change 62.6, best 62.6, hazards none — one push, so `best` IS the whole leg's travel
      |       step 2/4 bearing  292.2 (got  292.5) 0.79s -> walked 0.79s, best change 62.6
      |         turn to 285.6: NO compass reading, abandoned BEFORE turning — the caller's 'got --' is an unread heading, not a heading that was reached
      |         portrait_room->bar_pool_room step 3/4: 1 chunk(s) of 0.80s, change 72.0, best 72.0, hazards none — one push, so `best` IS the whole leg's travel
      |       step 3/4 bearing  285.6 (got --) 0.80s -> walked 0.80s, best change 72.0
      |         turn to 287.6: TURNED to 286.8 (err +0.8) in 1 push(es)
      |         portrait_room->bar_pool_room step 4/4: 1 chunk(s) of 0.23s, change 5.0, best 5.0, hazards none — one push, so `best` IS the whole leg's travel
      |       step 4/4 bearing  287.6 (got  286.8) 0.23s -> walked 0.23s, best change 5.0
      |       step 4 blocked but the scene is MOVING — an NPC in the passage, not a wall
      |       waited 2.5s: displaced 3.6px
      |       jump 1: displaced 33.9px
      |       escape ladder: CLEARED by jump (best 33.9 PIXELS, against SLIP_PROGRESS_PX 20.0px — NOT against STALL_CHANGE 6.0, which is grey_levels)
      |       recovery fan did not find bar_pool_room
      |       arrived? None  (unverified, abstained (129.000/1.210))
      |   arrived, but 3 node(s) could not be confirmed on the way: ['office_door', 'portrait_room', 'bar_pool_room'] — each is a hole in the reference set
      |   could not verify bar_pool_room after 3 attempt(s); here is 'portrait_room' (portrait_room 173.000/1.860)
[19] shipped   missed   in 372s  located=portrait_room
      |   arm=original  LEG_SPEED_BY_LEG=None  MERGE_STEPS_BY_LEG=False  MERGED_TURN_TOLERANCE=1.0
      |   pause menu open (selected 'Resume')
      |   selected: Load Last Save
      |   confirmation dialog up (delta 81.6) -> YES
      |   world back after 3.3s, spawn bearing 87 (E)
      |   attempt 1/3 at bar_pool_room
      |   locate() cannot name office_corridor (it has no appearance reference by design) but the caller reset onto it — routing from there instead of sweeping and reloading
      |   route: office_corridor -> office_door -> portrait_room -> bar_pool_room  (18.1s of walking)
      |     leg office_corridor -> office_door
      |         turn to 270.4: TURNED to 270.6 (err -0.2) in 2 push(es)
      |         office_corridor->office_door step 1/7: 1 chunk(s) of 0.79s, change 19.6, best 19.6, hazards none — one push, so `best` IS the whole leg's travel
      |       step 1/7 bearing  270.4 (got  270.6) 0.79s -> walked 0.79s, best change 19.6
      |         turn to 270.1: NO-OP, already inside 4.0 deg (at 270.6, err -0.5) — nothing was sent, the recorded curve was discarded, and the caller's step line will look like a turn that happened
      |         office_corridor->office_door step 2/7: 1 chunk(s) of 0.78s, change 18.0, best 18.0, hazards none — one push, so `best` IS the whole leg's travel
      |       step 2/7 bearing  270.1 (got  270.6) 0.78s -> walked 0.78s, best change 18.0
      |         turn to 270.1: NO-OP, already inside 4.0 deg (at 270.6, err -0.5) — nothing was sent, the recorded curve was discarded, and the caller's step line will look like a turn that happened
      |         office_corridor->office_door step 3/7: 1 chunk(s) of 0.78s, change 14.5, best 14.5, hazards none — one push, so `best` IS the whole leg's travel
      |       step 3/7 bearing  270.1 (got  270.6) 0.78s -> walked 0.78s, best change 14.5
      |         turn to 270.3: NO-OP, already inside 4.0 deg (at 270.6, err -0.3) — nothing was sent, the recorded curve was discarded, and the caller's step line will look like a turn that happened
      |         office_corridor->office_door step 4/7: 1 chunk(s) of 0.78s, change 11.0, best 11.0, hazards none — one push, so `best` IS the whole leg's travel
      |       step 4/7 bearing  270.3 (got  270.6) 0.78s -> walked 0.78s, best change 11.0
      |         turn to 270.1: NO-OP, already inside 4.0 deg (at 270.6, err -0.5) — nothing was sent, the recorded curve was discarded, and the caller's step line will look like a turn that happened
      |         office_corridor->office_door step 5/7: 1 chunk(s) of 0.79s, change 9.7, best 9.7, hazards none — one push, so `best` IS the whole leg's travel
      |       step 5/7 bearing  270.1 (got  270.6) 0.79s -> walked 0.79s, best change 9.7
      |         turn to 270.1: NO-OP, already inside 4.0 deg (at 270.6, err -0.5) — nothing was sent, the recorded curve was discarded, and the caller's step line will look like a turn that happened
      |         office_corridor->office_door step 6/7: 1 chunk(s) of 0.79s, change 6.4, best 6.4, hazards none — one push, so `best` IS the whole leg's travel
      |       step 6/7 bearing  270.1 (got  270.6) 0.79s -> walked 0.79s, best change 6.4
      |         turn to 270.4: NO-OP, already inside 4.0 deg (at 270.6, err -0.3) — nothing was sent, the recorded curve was discarded, and the caller's step line will look like a turn that happened
      |         office_corridor->office_door step 7/7: 1 chunk(s) of 0.42s, change 6.2, best 6.2, hazards none — one push, so `best` IS the whole leg's travel
      |       step 7/7 bearing  270.4 (got  270.6) 0.42s -> walked 0.42s, best change 6.2
      |       arrived? None  (no appearance reference by design)
      |     leg office_door -> portrait_room
      |         turn to 338.1: TURNED to 337.4 (err +0.8) in 1 push(es)
      |         office_door->portrait_room step 1/16: 1 chunk(s) of 0.79s, change 13.2, best 13.2, hazards none — one push, so `best` IS the whole leg's travel
      |       step 1/16 bearing  338.1 (got  337.4) 0.79s -> walked 0.79s, best change 13.2
      |         turn to 339.2: NO-OP, already inside 4.0 deg (at 337.3, err +1.9) — nothing was sent, the recorded curve was discarded, and the caller's step line will look like a turn that happened
      |         office_door->portrait_room step 2/16: 1 chunk(s) of 0.70s, change 15.8, best 15.8, hazards none — one push, so `best` IS the whole leg's travel
      |       step 2/16 bearing  339.2 (got  337.3) 0.70s -> walked 0.70s, best change 15.8
      |         turn to 347.9: TURNED to 348.3 (err -0.4) in 1 push(es)
      |         office_door->portrait_room step 3/16: 1 chunk(s) of 0.42s, change 23.6, best 23.6, hazards none — one push, so `best` IS the whole leg's travel
      |       step 3/16 bearing  347.9 (got  348.3) 0.42s -> walked 0.42s, best change 23.6
      |         turn to 355.2: TURNED to 356.8 (err -1.6) in 1 push(es)
      |         office_door->portrait_room step 4/16: 1 chunk(s) of 0.79s, change 42.5, best 42.5, hazards none — one push, so `best` IS the whole leg's travel
      |       step 4/16 bearing  355.2 (got  356.8) 0.79s -> walked 0.79s, best change 42.5
      |         turn to 360.0: NO-OP, already inside 4.0 deg (at 356.8, err +3.2) — nothing was sent, the recorded curve was discarded, and the caller's step line will look like a turn that happened
      |         office_door->portrait_room step 5/16: 1 chunk(s) of 0.51s, change 25.7, best 25.7, hazards none — one push, so `best` IS the whole leg's travel
      |       step 5/16 bearing  360.0 (got  356.8) 0.51s -> walked 0.51s, best change 25.7
      |         turn to 8.6: TURNED to 6.8 (err +1.8) in 1 push(es)
      |         office_door->portrait_room step 6/16: 1 chunk(s) of 0.78s, change 17.4, best 17.4, hazards none — one push, so `best` IS the whole leg's travel
      |       step 6/16 bearing    8.6 (got    6.8) 0.78s -> walked 0.78s, best change 17.4
      |         turn to 7.7: NO-OP, already inside 4.0 deg (at 6.8, err +0.9) — nothing was sent, the recorded curve was discarded, and the caller's step line will look like a turn that happened
      |         office_door->portrait_room step 7/16: 1 chunk(s) of 0.78s, change 34.9, best 34.9, hazards none — one push, so `best` IS the whole leg's travel
      |       step 7/16 bearing    7.7 (got    6.8) 0.78s -> walked 0.78s, best change 34.9
      |         turn to 1.7: TURNED to 2.6 (err -0.9) in 1 push(es)
      |         office_door->portrait_room step 8/16: 1 chunk(s) of 0.80s, change 33.1, best 33.1, hazards none — one push, so `best` IS the whole leg's travel
      |       step 8/16 bearing    1.7 (got    2.6) 0.80s -> walked 0.80s, best change 33.1
      |         turn to 359.6: NO-OP, already inside 4.0 deg (at 2.6, err -3.0) — nothing was sent, the recorded curve was discarded, and the caller's step line will look like a turn that happened
      |         office_door->portrait_room step 9/16: 1 chunk(s) of 0.36s, change 22.5, best 22.5, hazards none — one push, so `best` IS the whole leg's travel
      |       step 9/16 bearing  359.6 (got    2.6) 0.36s -> walked 0.36s, best change 22.5
      |         turn to 359.4: NO-OP, already inside 4.0 deg (at 2.5, err -3.1) — nothing was sent, the recorded curve was discarded, and the caller's step line will look like a turn that happened
      |         office_door->portrait_room step 10/16: 1 chunk(s) of 0.78s, change 22.3, best 22.3, hazards none — one push, so `best` IS the whole leg's travel
      |       step 10/16 bearing  359.4 (got    2.5) 0.78s -> walked 0.78s, best change 22.3
      |         turn to 357.9: TURNED to 358.5 (err -0.7) in 1 push(es)
      |         office_door->portrait_room step 11/16: 1 chunk(s) of 0.79s, change 18.5, best 18.5, hazards none — one push, so `best` IS the whole leg's travel
      |       step 11/16 bearing  357.9 (got  358.5) 0.79s -> walked 0.79s, best change 18.5
      |         turn to 358.0: NO-OP, already inside 4.0 deg (at 358.6, err -0.5) — nothing was sent, the recorded curve was discarded, and the caller's step line will look like a turn that happened
      |         office_door->portrait_room step 12/16: 1 chunk(s) of 0.79s, change 17.5, best 17.5, hazards none — one push, so `best` IS the whole leg's travel
      |       step 12/16 bearing  358.0 (got  358.6) 0.79s -> walked 0.79s, best change 17.5
      |         turn to 357.8: NO-OP, already inside 4.0 deg (at 358.6, err -0.7) — nothing was sent, the recorded curve was discarded, and the caller's step line will look like a turn that happened
      |         office_door->portrait_room step 13/16: 1 chunk(s) of 0.79s, change 22.0, best 22.0, hazards none — one push, so `best` IS the whole leg's travel
      |       step 13/16 bearing  357.8 (got  358.6) 0.79s -> walked 0.79s, best change 22.0
      |         turn to 357.9: NO-OP, already inside 4.0 deg (at 358.5, err -0.6) — nothing was sent, the recorded curve was discarded, and the caller's step line will look like a turn that happened
      |         office_door->portrait_room step 14/16: 1 chunk(s) of 0.79s, change 29.1, best 29.1, hazards none — one push, so `best` IS the whole leg's travel
      |       step 14/16 bearing  357.9 (got  358.5) 0.79s -> walked 0.79s, best change 29.1
      |         turn to 0.8: NO-OP, already inside 4.0 deg (at 358.6, err +2.3) — nothing was sent, the recorded curve was discarded, and the caller's step line will look like a turn that happened
      |         office_door->portrait_room step 15/16: 1 chunk(s) of 0.79s, change 27.6, best 27.6, hazards none — one push, so `best` IS the whole leg's travel
      |       step 15/16 bearing    0.8 (got  358.6) 0.79s -> walked 0.79s, best change 27.6
      |         turn to 4.0: TURNED to 5.0 (err -1.0) in 1 push(es)
      |         office_door->portrait_room step 16/16: 1 chunk(s) of 0.36s, change 17.2, best 17.2, hazards none — one push, so `best` IS the whole leg's travel
      |       step 16/16 bearing    4.0 (got    5.0) 0.36s -> walked 0.36s, best change 17.2
      |       arrived? True  (portrait_room 737.000/5.990)
      |         turn to 1.5: TURNED to 1.5 (err -0.0) in 1 push(es)
      |       align at portrait_room: yaw nulled to 1.5 (reference 1.5) — 0.0 deg REMAINING = ~0px of phantom dx still in the dx below
      |       align: step 1/6 dx=+66.8 (prev --)
      |       align: dx=+66.8 -> strafe right 0.10s
      |       align: step 2/6 dx=+38.7 (prev +66.8)
      |       align: dx=+38.7 -> strafe right 0.10s
      |       align: within 35px (dx=+1.0) after 2 step(s)
      |       aligned at portrait_room: 1px from the recorded pose
      |       align at portrait_room: dx +1.0px
      |     leg portrait_room -> bar_pool_room
      |         turn to 286.6: TURNED to 286.8 (err -0.3) in 1 push(es)
      |         portrait_room->bar_pool_room step 1/4: 1 chunk(s) of 0.16s, change 12.8, best 12.8, hazards none — one push, so `best` IS the whole leg's travel
      |       step 1/4 bearing  286.6 (got  286.8) 0.16s -> walked 0.16s, best change 12.8
      |         turn to 292.2: TURNED to 293.2 (err -1.0) in 1 push(es)
      |         portrait_room->bar_pool_room step 2/4: 1 chunk(s) of 0.79s, change 19.8, best 19.8, hazards none — one push, so `best` IS the whole leg's travel
      |       step 2/4 bearing  292.2 (got  293.2) 0.79s -> walked 0.79s, best change 19.8
      |         turn to 285.6: TURNED to 287.3 (err -1.7) in 1 push(es)
      |         portrait_room->bar_pool_room step 3/4: 1 chunk(s) of 0.80s, change 14.5, best 14.5, hazards none — one push, so `best` IS the whole leg's travel
      |       step 3/4 bearing  285.6 (got  287.3) 0.80s -> walked 0.80s, best change 14.5
      |         turn to 287.6: NO-OP, already inside 4.0 deg (at 287.3, err +0.3) — nothing was sent, the recorded curve was discarded, and the caller's step line will look like a turn that happened
      |         portrait_room->bar_pool_room step 4/4: 1 chunk(s) of 0.23s, change 12.6, best 12.6, hazards none — one push, so `best` IS the whole leg's travel
      |       step 4/4 bearing  287.6 (got  287.3) 0.23s -> walked 0.23s, best change 12.6
      |       arrived? True  (bar_pool_room 448.000/3.900)
      |         turn to 288.2: TURNED to 288.0 (err +0.1) in 1 push(es)
      |       align at bar_pool_room: yaw nulled to 288.0 (reference 288.2) — 0.1 deg REMAINING = ~2px of phantom dx still in the dx below
      |       align: step 1/6 dx=+110.2 (prev --)
      |       align: dx=+110.2 -> strafe right 0.10s
      |       align: dx barely changed (+110 -> +91) — blocked sideways, cannot correct from here
      |       aligned at bar_pool_room: 91px from the recorded pose
      |       align at bar_pool_room: dx +91.2px
      |   arrived, but 1 node(s) could not be confirmed on the way: ['office_door'] — each is a hole in the reference set
      |   attempt 2/3 at bar_pool_room
      |   verified at bar_pool_room (bar_pool_room 534.000/4.310)
[20] original  ARRIVED in 50s  located=bar_pool_room

  shipped   2/10 arrived  (0 invalid)  median 212.9s
  original  10/10 arrived  (0 invalid)  median 51.6s

  -> /Users/bpatterson/Documents/Claude Cowork Personal/Auto Baseball/overnight/ab_leg1.json
  Report BY CLASS, not just overall: arrival averages several different
  failures, so a change that kills one class moves the total by a third
  of it and looks flat at n=10.
