chain trials: 25 of route_user_1853 (walk cap 180s + setup budget 180s = external ceiling 360s)
  config {'PUSH_MAG': 0.45, 'PUSH_SEC': 0.4, 'MISS_MAX': 3, 'STALL_MAX': 4, 'WINDOW': 3, 'LATERAL_GAIN': 2400.0, 'LATERAL_MAG': 0.3, 'LATERAL_CAP_SEC': 0.3, 'LATERAL_TOL_PX': 35.0, 'TABLE_CHECK_TAIL': None, 'END_PUSH_UNITS': 0.05, 'end_iteration_budget': 1}
  205 waypoints -> >= 204 iterations (k rises by at most 3 each), so the 180s cap allows 0.88s per iteration. An iteration is one turn, one push, three captures and a locate — if that budget looks impossible, the chain is too dense and every trial will TIME OUT for a reason that is not navigation.
      |   pause menu open (selected 'Resume')
      |   selected: Load Last Save
      |   confirmation dialog up (delta 85.0) -> YES
      |   world back after 3.3s, spawn bearing 87 (E)
      |   setup 13.2s (reset 10.6s, Chain.load 2.6s for 205 waypoints) of a 180s budget
      |   chain_walk: 205 waypoints -> plan of 47 targets (41 push, 6 turn-only); the prompt is checked on every iteration; k rises by at most 1 per iteration, so >= 47 iteration(s). The 180s cap allows 3.83s each. At the last waypoint the walk may spend 3 more iteration(s) — 0.540 walk-units of forward push against OPEN-22's measured 0.05 — and then gives up rather than walking on past the table.
      |         turn to 271.3: TURNED to 271.2 (err +0.2) in 2 push(es)
      |         turn to 246.3: TURNED to 249.0 (err -2.7) in 1 push(es)
      |         turn to 296.3: TURNED to 295.1 (err +1.2) in 1 push(es)
      |         turn to 271.3: TURNED to 272.5 (err -1.2) in 1 push(es)
      |     it   1  k=  3 ->   3  turned-looked to 271.3168428039934  (187 inliers at the stop)
      |         chain push: 1 chunk(s) of 0.40s, change 20.0, best 20.0, hazards none — one push, so `best` IS the whole leg's travel
      |     it   2  k=  4 ->   4  advanced-weak   fix={'k': 6, 'k_float': 6.0, 'inliers': 19, 'dx': 14.43231201171875, 'dy': 4.032012939453125, 'scale': 1.1546002842674223, 'second': 18, 'detail': 'k=6 (6.00) inliers=19 second=18 dx=+14 scale=1.155 window=[2,6] fitted=[2, 3, 4, 5, 6]'}
      |         chain push: 1 chunk(s) of 0.40s, change 16.7, best 16.7, hazards none — one push, so `best` IS the whole leg's travel
      |     it   3  k=  7 ->   7  advanced-weak   fix={'k': 7, 'k_float': 7.0, 'inliers': 21, 'dx': -65.75999450683594, 'dy': 14.639984130859375, 'scale': 1.2931925626550567, 'second': 10, 'detail': 'k=7 (7.00) inliers=21 second=10 dx=-66 scale=1.293 window=[3,7] fitted=[3, 4, 5, 6, 7]'}
      |         chain push: 1 chunk(s) of 0.40s, change 13.4, best 13.4, hazards none — one push, so `best` IS the whole leg's travel
      |     it   4  k= 10 ->  10  advanced-weak   fix={'k': 10, 'k_float': 10.0, 'inliers': 22, 'dx': 13.25042724609375, 'dy': 15.755233764648438, 'scale': 1.224111062832096, 'second': 14, 'detail': 'k=10 (10.00) inliers=22 second=14 dx=+13 scale=1.224 window=[6,10] fitted=[6, 7, 8, 9, 10]'}
      |         chain push: 1 chunk(s) of 0.40s, change 10.7, best 10.7, hazards none — one push, so `best` IS the whole leg's travel
      |     it   5  k= 13 ->  13  blind-advance   fix={'k': 12, 'k_float': 12.0, 'inliers': 12, 'dx': 41.8590087890625, 'dy': 3.5021514892578125, 'scale': 1.2812128618439564, 'second': 11, 'detail': 'k=12 (12.00) inliers=12 second=11 dx=+42 scale=1.281 window=[9,13] fitted=[9, 10, 11, 12, 13]'}
      |         chain push: 1 chunk(s) of 0.40s, change 8.2, best 8.2, hazards none — one push, so `best` IS the whole leg's travel
      |     it   6  k= 16 ->  16  blind-advance   fix=None
      |         chain push: 1 chunk(s) of 0.40s, change 6.3, best 6.3, hazards none — one push, so `best` IS the whole leg's travel
      |     it   7  k= 19 ->  19  blind-advance   fix=None
      |         turn to 1.6: TURNED to 0.5 (err +1.1) in 2 push(es)
      |         turn to 336.6: TURNED to 338.4 (err -1.8) in 2 push(es)
      |         turn to 26.6: TURNED to 25.8 (err +0.8) in 2 push(es)
      |         turn to 1.6: TURNED to 2.8 (err -1.2) in 2 push(es)
      |     it   8  k= 19 ->  39  turn-wait: nothing fits head-on or either side; waited 2s for whatever is there to move
      |         turn to 336.6: TURNED to 334.8 (err +1.9) in 2 push(es)
      |         turn to 26.6: TURNED to 28.2 (err -1.6) in 1 push(es)
      |         turn to 1.6: TURNED to 2.3 (err -0.7) in 1 push(es)
      |         turn to 271.3: TURNED to 272.8 (err -1.5) in 2 push(es)
      |         chain push: 1 chunk(s) of 0.40s, change 8.6, best 8.6, hazards none — one push, so `best` IS the whole leg's travel
      |     it   9  k= 19 ->  39  turn-retry 1/3: the stop's frame did not fit (8 inliers); one more push along 271.3
      |         turn to 1.6: TURNED to 359.0 (err +2.6) in 1 push(es)
      |         turn to 336.6: TURNED to 338.1 (err -1.5) in 1 push(es)
      |         turn to 26.6: TURNED to 27.5 (err -0.9) in 3 push(es)
      |         turn to 1.6: TURNED to 0.7 (err +0.9) in 2 push(es)
      |     it  10  k= 39 ->  39  turned-looked to 1.6055901753868653  (67 inliers at the stop)
      |         chain push: 1 chunk(s) of 0.40s, change 18.2, best 18.2, hazards none — one push, so `best` IS the whole leg's travel
      |     it  11  k= 40 ->  40  advanced        fix={'k': 40, 'k_float': 40.0, 'inliers': 38, 'dx': 11.22003173828125, 'dy': 246.9080352783203, 'scale': 1.146005817205875, 'second': 37, 'detail': 'k=40 (40.00) inliers=38 second=37 dx=+11 scale=1.146 window=[38,42] fitted=[38, 39, 40, 41, 42]'}
      |         chain push: 1 chunk(s) of 0.40s, change 24.1, best 24.1, hazards none — one push, so `best` IS the whole leg's travel
      |     it  12  k= 43 ->  43  advanced        fix={'k': 43, 'k_float': 43.0, 'inliers': 44, 'dx': 23.6080322265625, 'dy': 239.68002319335938, 'scale': 1.2159400450405002, 'second': 39, 'detail': 'k=43 (43.00) inliers=44 second=39 dx=+24 scale=1.216 window=[39,43] fitted=[39, 40, 41, 42, 43]'}
      |         chain push: 1 chunk(s) of 0.40s, change 32.8, best 32.8, hazards none — one push, so `best` IS the whole leg's travel
      |     it  13  k= 46 ->  46  advanced        fix={'k': 46, 'k_float': 46.0, 'inliers': 76, 'dx': 17.563995361328125, 'dy': 185.24000549316406, 'scale': 1.2027952880021842, 'second': 65, 'detail': 'k=46 (46.00) inliers=76 second=65 dx=+18 scale=1.203 window=[42,46] fitted=[42, 43, 44, 45, 46]'}
      |         chain push: 1 chunk(s) of 0.40s, change 31.6, best 31.6, hazards none — one push, so `best` IS the whole leg's travel
      |     it  14  k= 49 ->  49  advanced        fix={'k': 49, 'k_float': 49.0, 'inliers': 139, 'dx': 5.97198486328125, 'dy': 170.15997314453125, 'scale': 1.1599945187977785, 'second': 137, 'detail': 'k=49 (49.00) inliers=139 second=137 dx=+6 scale=1.160 window=[45,49] fitted=[45, 46, 47, 48, 49]'}
      |         chain push: 1 chunk(s) of 0.40s, change 19.7, best 19.7, hazards none — one push, so `best` IS the whole leg's travel
      |     it  15  k= 49 ->  52  stalled         fix={'k': 51, 'k_float': 51.0, 'inliers': 171, 'dx': -0.79998779296875, 'dy': 161.56805419921875, 'scale': 1.1631725823445074, 'second': 162, 'detail': 'k=51 (51.00) inliers=171 second=162 dx=-1 scale=1.163 window=[48,52] fitted=[48, 49, 50, 51, 52]'}
      |         chain push: 1 chunk(s) of 0.40s, change 14.3, best 14.3, hazards none — one push, so `best` IS the whole leg's travel
      |     it  16  k= 52 ->  52  advanced        fix={'k': 52, 'k_float': 52.0, 'inliers': 153, 'dx': 24.47998046875, 'dy': 129.14389038085938, 'scale': 1.2761951769753743, 'second': 147, 'detail': 'k=52 (52.00) inliers=153 second=147 dx=+24 scale=1.276 window=[48,52] fitted=[48, 49, 50, 51, 52]'}
      |         chain push: 1 chunk(s) of 0.40s, change 18.0, best 18.0, hazards none — one push, so `best` IS the whole leg's travel
      |     it  17  k= 55 ->  55  advanced        fix={'k': 55, 'k_float': 55.0, 'inliers': 137, 'dx': 0.69122314453125, 'dy': 120.93240356445312, 'scale': 1.2148262241188843, 'second': 117, 'detail': 'k=55 (55.00) inliers=137 second=117 dx=+1 scale=1.215 window=[51,55] fitted=[51, 52, 53, 54, 55]'}
      |         chain push: 1 chunk(s) of 0.40s, change 20.6, best 20.6, hazards none — one push, so `best` IS the whole leg's travel
      |     it  18  k= 58 ->  58  advanced        fix={'k': 58, 'k_float': 58.0, 'inliers': 106, 'dx': -5.0, 'dy': 193.2000274658203, 'scale': 1.015735419462444, 'second': 100, 'detail': 'k=58 (58.00) inliers=106 second=100 dx=-5 scale=1.016 window=[54,58] fitted=[54, 55, 56, 57, 58]'}
      |         chain push: 1 chunk(s) of 0.40s, change 29.6, best 29.6, hazards none — one push, so `best` IS the whole leg's travel
      |     it  19  k= 58 ->  61  stalled         fix={'k': 60, 'k_float': 60.95696140351182, 'inliers': 144, 'dx': -3.600006103515625, 'dy': 197.0, 'scale': 1.0444964605056333, 'second': 116, 'detail': 'k=60 (60.96) inliers=144 second=116 dx=-4 scale=1.044 window=[57,61] fitted=[57, 58, 59, 60, 61]'}
      |         chain push: 1 chunk(s) of 0.40s, change 31.2, best 31.2, hazards none — one push, so `best` IS the whole leg's travel
      |     it  20  k= 61 ->  61  advanced        fix={'k': 61, 'k_float': 61.0, 'inliers': 141, 'dx': -3.45599365234375, 'dy': 202.79998779296875, 'scale': 1.0074269061170047, 'second': 133, 'detail': 'k=61 (61.00) inliers=141 second=133 dx=-3 scale=1.007 window=[57,61] fitted=[57, 58, 59, 60, 61]'}
      |         chain push: 1 chunk(s) of 0.40s, change 29.4, best 29.4, hazards none — one push, so `best` IS the whole leg's travel
      |     it  21  k= 61 ->  64  stalled         fix={'k': 63, 'k_float': 63.0, 'inliers': 143, 'dx': 14.169677734375, 'dy': 197.07501220703125, 'scale': 1.0469492487177199, 'second': 142, 'detail': 'k=63 (63.00) inliers=143 second=142 dx=+14 scale=1.047 window=[60,64] fitted=[60, 61, 62, 63, 64]'}
      |         chain push: 1 chunk(s) of 0.40s, change 16.6, best 16.6, hazards none — one push, so `best` IS the whole leg's travel
      |     it  22  k= 61 ->  64  stalled         fix={'k': 60, 'k_float': 60.0, 'inliers': 146, 'dx': -6.720001220703125, 'dy': 211.80001831054688, 'scale': 1.2344487594051137, 'second': 144, 'detail': 'k=60 (60.00) inliers=146 second=144 dx=-7 scale=1.234 window=[60,64] fitted=[60, 61, 62, 63, 64]'}
      |         chain push: 1 chunk(s) of 0.40s, change 19.8, best 19.8, hazards none — one push, so `best` IS the whole leg's travel
      |     it  23  k= 64 ->  64  advanced        fix={'k': 64, 'k_float': 64.0, 'inliers': 134, 'dx': -0.4888153076171875, 'dy': 185.1920166015625, 'scale': 1.1292839443326348, 'second': 126, 'detail': 'k=64 (64.00) inliers=134 second=126 dx=-0 scale=1.129 window=[60,64] fitted=[60, 61, 62, 63, 64]'}
      |     it  24  k= 88 ->  88  turned (skipped, same heading) to 1.3495539744498237  (103 inliers at the stop)
      |         chain push: 1 chunk(s) of 0.40s, change 16.4, best 16.4, hazards none — one push, so `best` IS the whole leg's travel
      |     it  25  k= 89 ->  89  advanced        fix={'k': 89, 'k_float': 89.0, 'inliers': 76, 'dx': -3.279998779296875, 'dy': -126.69218444824219, 'scale': 1.1701192955401463, 'second': 75, 'detail': 'k=89 (89.00) inliers=76 second=75 dx=-3 scale=1.170 window=[87,91] fitted=[87, 88, 89, 90, 91]'}
      |         chain push: 1 chunk(s) of 0.40s, change 16.4, best 16.4, hazards none — one push, so `best` IS the whole leg's travel
      |     it  26  k= 89 ->  92  stalled         fix={'k': 88, 'k_float': 88.0, 'inliers': 88, 'dx': -10.948562622070312, 'dy': -127.06269836425781, 'scale': 1.3851505080876108, 'second': 86, 'detail': 'k=88 (88.00) inliers=88 second=86 dx=-11 scale=1.385 window=[88,92] fitted=[88, 89, 90, 91, 92]'}
      |         chain push: 1 chunk(s) of 0.40s, change 18.1, best 18.1, hazards none — one push, so `best` IS the whole leg's travel
      |     it  27  k= 89 ->  92  stalled         fix={'k': 91, 'k_float': 91.0, 'inliers': 97, 'dx': -13.27996826171875, 'dy': -129.19677734375, 'scale': 1.437445715557954, 'second': 92, 'detail': 'k=91 (91.00) inliers=97 second=92 dx=-13 scale=1.437 window=[88,92] fitted=[88, 89, 90, 91, 92]'}
      |         chain push: 1 chunk(s) of 0.40s, change 18.8, best 18.8, hazards none — one push, so `best` IS the whole leg's travel
      |     it  28  k= 92 ->  92  advanced        fix={'k': 92, 'k_float': 92.0, 'inliers': 88, 'dx': -20.331985473632812, 'dy': -125.42619323730469, 'scale': 1.5674240980674128, 'second': 68, 'detail': 'k=92 (92.00) inliers=88 second=68 dx=-20 scale=1.567 window=[88,92] fitted=[88, 89, 90, 91, 92]'}
      |         chain push: 1 chunk(s) of 0.40s, change 20.6, best 20.6, hazards none — one push, so `best` IS the whole leg's travel
      |     it  29  k= 94 ->  94  advanced        fix={'k': 95, 'k_float': 95.0, 'inliers': 111, 'dx': -22.406341552734375, 'dy': -94.63677978515625, 'scale': 1.5308212260536584, 'second': 90, 'detail': 'k=95 (95.00) inliers=111 second=90 dx=-22 scale=1.531 window=[91,95] fitted=[91, 92, 93, 94, 95]'}
      |         chain push: 1 chunk(s) of 0.40s, change 25.8, best 25.8, hazards none — one push, so `best` IS the whole leg's travel
      |         chain strafe: 1 chunk(s) of 0.10s, change 12.3, best 12.3, hazards none — one push, so `best` IS the whole leg's travel
      |     it  30  k= 96 ->  96  advanced        fix={'k': 97, 'k_float': 97.0, 'inliers': 95, 'dx': -46.4818115234375, 'dy': -105.50396728515625, 'scale': 1.6691659340382539, 'second': 88, 'detail': 'k=97 (97.00) inliers=95 second=88 dx=-46 scale=1.669 window=[93,97] fitted=[93, 94, 95, 96, 97]'}  strafe left 0.10s
      |         chain push: 1 chunk(s) of 0.40s, change 26.4, best 26.4, hazards none — one push, so `best` IS the whole leg's travel
      |         chain strafe: 1 chunk(s) of 0.10s, change 10.6, best 10.6, hazards none — one push, so `best` IS the whole leg's travel
      |     it  31  k= 98 ->  98  advanced        fix={'k': 99, 'k_float': 99.0, 'inliers': 87, 'dx': -62.044769287109375, 'dy': -116.74559020996094, 'scale': 1.8237084981458969, 'second': 85, 'detail': 'k=99 (99.00) inliers=87 second=85 dx=-62 scale=1.824 window=[95,99] fitted=[95, 96, 97, 98, 99]'}  strafe left 0.10s
      |         chain push: 1 chunk(s) of 0.40s, change 21.1, best 21.1, hazards none — one push, so `best` IS the whole leg's travel
      |     it  32  k=100 -> 100  advanced        fix={'k': 100, 'k_float': 100.0, 'inliers': 112, 'dx': 31.7860107421875, 'dy': -124.07372283935547, 'scale': 2.0665374003082824, 'second': 105, 'detail': 'k=100 (100.00) inliers=112 second=105 dx=+32 scale=2.067 window=[97,101] fitted=[97, 98, 99, 100, 101]'}
      |         chain push: 1 chunk(s) of 0.40s, change 18.7, best 18.7, hazards none — one push, so `best` IS the whole leg's travel
      |     it  33  k=102 -> 102  advanced        fix={'k': 103, 'k_float': 103.0, 'inliers': 104, 'dx': 28.501556396484375, 'dy': -142.0852813720703, 'scale': 2.1388563737156767, 'second': 83, 'detail': 'k=103 (103.00) inliers=104 second=83 dx=+29 scale=2.139 window=[99,103] fitted=[99, 100, 101, 102, 103]'}
      |         chain push: 1 chunk(s) of 0.40s, change 19.9, best 19.9, hazards none — one push, so `best` IS the whole leg's travel
      |     it  34  k=104 -> 104  advanced        fix={'k': 105, 'k_float': 105.0, 'inliers': 63, 'dx': 31.775360107421875, 'dy': -165.2124481201172, 'scale': 2.4169474344346424, 'second': 50, 'detail': 'k=105 (105.00) inliers=63 second=50 dx=+32 scale=2.417 window=[101,105] fitted=[101, 102, 103, 104, 105]'}
      |         chain push: 1 chunk(s) of 0.40s, change 20.9, best 20.9, hazards none — one push, so `best` IS the whole leg's travel
      |     it  35  k=107 -> 107  advanced-weak   fix={'k': 107, 'k_float': 107.0, 'inliers': 26, 'dx': 55.118621826171875, 'dy': -186.58396911621094, 'scale': 2.730060255592321, 'second': 19, 'detail': 'k=107 (107.00) inliers=26 second=19 dx=+55 scale=2.730 window=[103,107] fitted=[103, 104, 105, 106, 107]'}
      |         chain push: 1 chunk(s) of 0.40s, change 29.9, best 29.9, hazards none — one push, so `best` IS the whole leg's travel
      |     it  36  k=109 -> 109  blind-advance   fix={'k': 110, 'k_float': 110.0, 'inliers': 7, 'dx': -241.67454528808594, 'dy': -129.0931854248047, 'scale': 4.373671861036468, 'second': 0, 'detail': 'k=110 (110.00) inliers=7 second=0 dx=-242 scale=4.374 window=[106,110] fitted=[110]'}
      |         chain push: 1 chunk(s) of 0.40s, change 49.9, best 49.9, hazards none — one push, so `best` IS the whole leg's travel
      |     it  37  k=112 -> 112  blind-advance   fix=None
      |         chain push: 1 chunk(s) of 0.40s, change 57.1, best 57.1, hazards none — one push, so `best` IS the whole leg's travel
      |     it  38  k=114 -> 114  blind-advance   fix={'k': 115, 'k_float': 115.0, 'inliers': 11, 'dx': -69.82366943359375, 'dy': -66.26318359375, 'scale': 2.9436059810528805, 'second': 7, 'detail': 'k=115 (115.00) inliers=11 second=7 dx=-70 scale=2.944 window=[111,115] fitted=[113, 114, 115]'}
      |         turn to 303.3: TURNED to 306.2 (err -2.8) in 1 push(es)
      |         turn to 278.3: TURNED to 279.4 (err -1.0) in 1 push(es)
      |         turn to 328.3: TURNED to 325.4 (err +2.9) in 1 push(es)
      |         turn to 303.3: TURNED to 306.2 (err -2.9) in 1 push(es)
      |         chain strafe: 1 chunk(s) of 0.57s, change 44.9, best 44.9, hazards none — one push, so `best` IS the whole leg's travel
      |     it  39  k=129 -> 129  turned-looked to 303.34476843910807  (181 inliers at the stop)
      |         turn to 299.8: TURNED to 301.6 (err -1.9) in 1 push(es)
      |         chain push: 1 chunk(s) of 0.40s, change 12.5, best 12.5, hazards none — one push, so `best` IS the whole leg's travel
      |         chain strafe: 1 chunk(s) of 0.30s, change 7.0, best 7.0, hazards none — one push, so `best` IS the whole leg's travel
      |     it  40  k=130 -> 130  advanced        fix={'k': 132, 'k_float': 132.0, 'inliers': 189, 'dx': -304.12799072265625, 'dy': -142.04161071777344, 'scale': 1.1920106807636315, 'second': 182, 'detail': 'k=132 (132.00) inliers=189 second=182 dx=-304 scale=1.192 window=[128,132] fitted=[128, 129, 130, 131, 132]'}  strafe left 0.30s
      |         turn to 298.3: NO-OP, already inside 4.0 deg (at 301.6, err -3.4) — nothing was sent, the recorded curve was discarded, and the caller's step line will look like a turn that happened
      |         chain push: 1 chunk(s) of 0.40s, change 13.2, best 13.2, hazards none — one push, so `best` IS the whole leg's travel
      |         chain strafe: 1 chunk(s) of 0.30s, change 12.6, best 12.6, hazards none — one push, so `best` IS the whole leg's travel
      |     it  41  k=130 -> 133  stalled         fix={'k': 131, 'k_float': 131.0, 'inliers': 182, 'dx': -331.05999755859375, 'dy': -155.7571258544922, 'scale': 1.4142013290907123, 'second': 179, 'detail': 'k=131 (131.00) inliers=182 second=179 dx=-331 scale=1.414 window=[129,133] fitted=[129, 130, 131, 132, 133]'}  strafe left 0.30s
      |         chain push: 1 chunk(s) of 0.40s, change 14.2, best 14.2, hazards none — one push, so `best` IS the whole leg's travel
      |         chain strafe: 1 chunk(s) of 0.30s, change 23.3, best 23.3, hazards none — one push, so `best` IS the whole leg's travel
      |     it  42  k=130 -> 133  stalled         fix={'k': 131, 'k_float': 131.0, 'inliers': 91, 'dx': -313.6991882324219, 'dy': -184.9631805419922, 'scale': 1.743872722133166, 'second': 90, 'detail': 'k=131 (131.00) inliers=91 second=90 dx=-314 scale=1.744 window=[129,133] fitted=[129, 130, 131, 132, 133]'}  strafe left 0.30s
      |         chain push: 1 chunk(s) of 0.40s, change 24.3, best 24.3, hazards none — one push, so `best` IS the whole leg's travel
      |         chain strafe: 1 chunk(s) of 0.30s, change 25.3, best 25.3, hazards none — one push, so `best` IS the whole leg's travel
      |     it  43  k=130 -> 133  stalled         fix={'k': 132, 'k_float': 132.0, 'inliers': 125, 'dx': -264.61248779296875, 'dy': -192.62718200683594, 'scale': 2.0852126368540613, 'second': 55, 'detail': 'k=132 (132.00) inliers=125 second=55 dx=-265 scale=2.085 window=[129,133] fitted=[129, 130, 131, 132, 133]'}  strafe left 0.30s
      |         chain push: 1 chunk(s) of 0.40s, change 28.8, best 28.8, hazards none — one push, so `best` IS the whole leg's travel
      |         chain strafe: 1 chunk(s) of 0.30s, change 31.1, best 31.1, hazards none — one push, so `best` IS the whole leg's travel
      |     it  44  k=133 -> 133  blind-advance   fix={'k': 130, 'k_float': 130.0, 'inliers': 22, 'dx': -217.24981689453125, 'dy': -203.68673706054688, 'scale': 2.9632515494470657, 'second': 16, 'detail': 'k=130 (130.00) inliers=22 second=16 dx=-217 scale=2.963 window=[129,133] fitted=[129, 130, 131, 132, 133]'}  strafe left 0.30s
      |         chain push: 1 chunk(s) of 0.40s, change 36.4, best 36.4, hazards none — one push, so `best` IS the whole leg's travel
      |     it  45  k=136 -> 136  blind-advance   fix={'k': 136, 'k_float': 136.0, 'inliers': 12, 'dx': 206.28887939453125, 'dy': -189.70834350585938, 'scale': 1.8218622213774798, 'second': 9, 'detail': 'k=136 (136.00) inliers=12 second=9 dx=+206 scale=1.822 window=[132,136] fitted=[132, 133, 134, 135, 136]'}
      |         chain push: 1 chunk(s) of 0.40s, change 41.9, best 41.9, hazards none — one push, so `best` IS the whole leg's travel
      |     it  46  k=137 -> 139  advanced-weak   fix={'k': 137, 'k_float': 137.18623190259146, 'inliers': 17, 'dx': 162.14404296875, 'dy': -156.0, 'scale': 1.0034435796312042, 'second': 15, 'detail': 'k=137 (137.19) inliers=17 second=15 dx=+162 scale=1.003 window=[135,139] fitted=[135, 136, 137, 138, 139]'}
      |         chain push: 1 chunk(s) of 0.40s, change 48.6, best 48.6, hazards none — one push, so `best` IS the whole leg's travel
      |     it  47  k=139 -> 139  advanced-weak   fix={'k': 140, 'k_float': 140.0, 'inliers': 18, 'dx': 80.21609497070312, 'dy': -168.79998779296875, 'scale': 1.5574173154026791, 'second': 17, 'detail': 'k=140 (140.00) inliers=18 second=17 dx=+80 scale=1.557 window=[136,140] fitted=[136, 137, 138, 139, 140]'}
      |         chain push: 1 chunk(s) of 0.40s, change 47.8, best 47.8, hazards none — one push, so `best` IS the whole leg's travel
      |     it  48  k=142 -> 142  advanced        fix={'k': 142, 'k_float': 142.0, 'inliers': 38, 'dx': -13.193572998046875, 'dy': -133.60894775390625, 'scale': 1.4448863352436905, 'second': 29, 'detail': 'k=142 (142.00) inliers=38 second=29 dx=-13 scale=1.445 window=[138,142] fitted=[138, 139, 140, 141, 142]'}
      |         turn to 2.2: TURNED to 5.6 (err -3.3) in 2 push(es)
      |         turn to 337.2: TURNED to 337.9 (err -0.7) in 1 push(es)
      |         turn to 27.2: TURNED to 27.9 (err -0.6) in 1 push(es)
      |         turn to 2.2: TURNED to 3.2 (err -1.0) in 1 push(es)
      |         chain strafe: 1 chunk(s) of 0.32s, change 28.1, best 28.1, hazards none — one push, so `best` IS the whole leg's travel
      |     it  49  k=166 -> 166  turned-looked to 2.2489998976495684  (147 inliers at the stop)
      |         chain push: 1 chunk(s) of 0.40s, change 29.9, best 29.9, hazards none — one push, so `best` IS the whole leg's travel
      |         chain strafe: 1 chunk(s) of 0.24s, change 29.9, best 29.9, hazards none — one push, so `best` IS the whole leg's travel
      |     it  50  k=166 -> 167  stalled         fix={'k': 166, 'k_float': 166.0, 'inliers': 111, 'dx': 175.20001220703125, 'dy': -201.19677734375, 'scale': 1.331281804343011, 'second': 110, 'detail': 'k=166 (166.00) inliers=111 second=110 dx=+175 scale=1.331 window=[165,169] fitted=[165, 166, 167, 168, 169]'}  strafe right 0.24s
      |         chain push: 1 chunk(s) of 0.40s, change 51.3, best 51.3, hazards none — one push, so `best` IS the whole leg's travel
      |         chain strafe: 1 chunk(s) of 0.24s, change 34.1, best 34.1, hazards none — one push, so `best` IS the whole leg's travel
      |     it  51  k=167 -> 167  advanced        fix={'k': 169, 'k_float': 169.0, 'inliers': 84, 'dx': 170.6583251953125, 'dy': -202.7950897216797, 'scale': 1.582959423883371, 'second': 82, 'detail': 'k=169 (169.00) inliers=84 second=82 dx=+171 scale=1.583 window=[165,169] fitted=[165, 166, 167, 168, 169]'}  strafe right 0.24s
      |         turn to 4.3: NO-OP, already inside 4.0 deg (at 3.2, err +1.0) — nothing was sent, the recorded curve was discarded, and the caller's step line will look like a turn that happened
      |         chain push: 1 chunk(s) of 0.40s, change 40.4, best 40.4, hazards none — one push, so `best` IS the whole leg's travel
      |         chain strafe: 1 chunk(s) of 0.15s, change 23.3, best 23.3, hazards none — one push, so `best` IS the whole leg's travel
      |     it  52  k=169 -> 169  advanced        fix={'k': 170, 'k_float': 170.0, 'inliers': 49, 'dx': 106.320556640625, 'dy': -223.09597778320312, 'scale': 1.8157060455097014, 'second': 47, 'detail': 'k=170 (170.00) inliers=49 second=47 dx=+106 scale=1.816 window=[166,170] fitted=[166, 167, 168, 169, 170]'}  strafe right 0.15s
      |         turn to 2.2: NO-OP, already inside 4.0 deg (at 3.2, err -1.0) — nothing was sent, the recorded curve was discarded, and the caller's step line will look like a turn that happened
      |         chain push: 1 chunk(s) of 0.40s, change 30.6, best 30.6, hazards none — one push, so `best` IS the whole leg's travel
      |         chain strafe: 1 chunk(s) of 0.11s, change 18.4, best 18.4, hazards none — one push, so `best` IS the whole leg's travel
      |     it  53  k=171 -> 171  advanced        fix={'k': 172, 'k_float': 172.0, 'inliers': 43, 'dx': -80.04635620117188, 'dy': -252.06878662109375, 'scale': 1.8345367861735902, 'second': 33, 'detail': 'k=172 (172.00) inliers=43 second=33 dx=-80 scale=1.835 window=[168,172] fitted=[168, 169, 170, 171, 172]'}  strafe left 0.11s
      |         chain push: 1 chunk(s) of 0.40s, change 33.1, best 33.1, hazards none — one push, so `best` IS the whole leg's travel
      |     it  54  k=173 -> 173  advanced        fix={'k': 174, 'k_float': 174.0, 'inliers': 42, 'dx': -34.17784118652344, 'dy': -274.0665588378906, 'scale': 2.0559774457308553, 'second': 27, 'detail': 'k=174 (174.00) inliers=42 second=27 dx=-34 scale=2.056 window=[170,174] fitted=[170, 171, 172, 173, 174]'}
      |         chain push: 1 chunk(s) of 0.40s, change 33.9, best 33.9, hazards none — one push, so `best` IS the whole leg's travel
      |     it  55  k=176 -> 176  blind-advance   fix={'k': 174, 'k_float': 175.20233075419043, 'inliers': 6, 'dx': 346.71734619140625, 'dy': 104.36553955078125, 'scale': 0.9396623628108248, 'second': 6, 'detail': 'k=174 (175.20) inliers=6 second=6 dx=+347 scale=0.940 window=[172,176] fitted=[173, 174, 175, 176]'}
      |         turn to 89.5: TURNED to 90.0 (err -0.6) in 2 push(es)
      |         chain strafe: 1 chunk(s) of 0.49s, change 44.3, best 44.3, hazards none — one push, so `best` IS the whole leg's travel
      |     it  56  k=196 -> 196  turned-aligned to 89.491477293153  (127 inliers at the stop)
      |         chain push: 1 chunk(s) of 0.40s, change 38.4, best 38.4, hazards none — one push, so `best` IS the whole leg's travel
      |         chain strafe: 1 chunk(s) of 0.30s, change 33.0, best 33.0, hazards none — one push, so `best` IS the whole leg's travel
      |     it  57  k=197 -> 197  advanced        fix={'k': 199, 'k_float': 199.0, 'inliers': 128, 'dx': 256.32000732421875, 'dy': -169.91998291015625, 'scale': 1.073534054434705, 'second': 124, 'detail': 'k=199 (199.00) inliers=128 second=124 dx=+256 scale=1.074 window=[195,199] fitted=[195, 196, 197, 198, 199]'}  strafe right 0.30s
      |         chain push: 1 chunk(s) of 0.40s, change 42.8, best 42.8, hazards none — one push, so `best` IS the whole leg's travel
      |         chain strafe: 1 chunk(s) of 0.26s, change 32.2, best 32.2, hazards none — one push, so `best` IS the whole leg's travel
      |     it  58  k=200 -> 200  advanced        fix={'k': 200, 'k_float': 200.0, 'inliers': 128, 'dx': 186.00003051757812, 'dy': -139.55328369140625, 'scale': 1.2817922962101653, 'second': 105, 'detail': 'k=200 (200.00) inliers=128 second=105 dx=+186 scale=1.282 window=[196,200] fitted=[196, 197, 198, 199, 200]'}  strafe right 0.26s
      |         chain push: 1 chunk(s) of 0.40s, change 53.5, best 53.5, hazards none — one push, so `best` IS the whole leg's travel
      |         chain strafe: 1 chunk(s) of 0.17s, change 1.7, best 1.7, hazards SHORT — one push, so `best` IS the whole leg's travel
      |     it  59  k=203 -> 203  advanced        fix={'k': 203, 'k_float': 203.0, 'inliers': 126, 'dx': 122.988037109375, 'dy': -126.14398193359375, 'scale': 1.389220101302824, 'second': 115, 'detail': 'k=203 (203.00) inliers=126 second=115 dx=+123 scale=1.389 window=[199,203] fitted=[199, 200, 201, 202, 203]'}  strafe right 0.17s
      |         chain push: 1 chunk(s) of 0.40s, change 50.5, best 50.5, hazards none — one push, so `best` IS the whole leg's travel
      |   chain_walk: ARRIVED at iteration 60, k=203 (target 204 of 204), 53 push(es)
[ 1] ARRIVED   k=203/205  it=60  pushes=53  seconds=124.9 (walk 109.67, setup 13.2)  failure=None
      |   pause menu open (selected 'Resume')
      |   selected: Load Last Save
      |   confirmation dialog up (delta 81.2) -> YES
      |   world back after 5.1s, spawn bearing 87 (E)
      |   setup 15.3s (reset 12.6s, Chain.load 2.6s for 205 waypoints) of a 180s budget
      |   chain_walk: 205 waypoints -> plan of 47 targets (41 push, 6 turn-only); the prompt is checked on every iteration; k rises by at most 1 per iteration, so >= 47 iteration(s). The 180s cap allows 3.83s each. At the last waypoint the walk may spend 3 more iteration(s) — 0.540 walk-units of forward push against OPEN-22's measured 0.05 — and then gives up rather than walking on past the table.
      |         turn to 271.3: TURNED to 272.2 (err -0.9) in 2 push(es)
      |         turn to 246.3: TURNED to 246.1 (err +0.2) in 2 push(es)
      |         turn to 296.3: TURNED to 295.9 (err +0.4) in 1 push(es)
      |         turn to 271.3: TURNED to 267.6 (err +3.7) in 2 push(es)
      |     it   1  k=  3 ->   3  turned-looked to 271.3168428039934  (182 inliers at the stop)
      |         chain push: 1 chunk(s) of 0.40s, change 20.0, best 20.0, hazards none — one push, so `best` IS the whole leg's travel
      |     it   2  k=  4 ->   4  advanced        fix={'k': 6, 'k_float': 6.0, 'inliers': 103, 'dx': 32.5472412109375, 'dy': -24.720001220703125, 'scale': 1.152123826040489, 'second': 99, 'detail': 'k=6 (6.00) inliers=103 second=99 dx=+33 scale=1.152 window=[2,6] fitted=[2, 3, 4, 5, 6]'}
      |         chain push: 1 chunk(s) of 0.40s, change 18.3, best 18.3, hazards none — one push, so `best` IS the whole leg's travel
      |     it   3  k=  7 ->   7  advanced-weak   fix={'k': 7, 'k_float': 7.0, 'inliers': 21, 'dx': 54.604827880859375, 'dy': 10.55999755859375, 'scale': 1.233931474334136, 'second': 15, 'detail': 'k=7 (7.00) inliers=21 second=15 dx=+55 scale=1.234 window=[3,7] fitted=[3, 4, 5, 6, 7]'}
      |         chain push: 1 chunk(s) of 0.40s, change 13.6, best 13.6, hazards none — one push, so `best` IS the whole leg's travel
      |     it   4  k= 10 ->  10  blind-advance   fix={'k': 10, 'k_float': 10.0, 'inliers': 8, 'dx': 31.96527099609375, 'dy': 17.376815795898438, 'scale': 1.2378038022353066, 'second': 8, 'detail': 'k=10 (10.00) inliers=8 second=8 dx=+32 scale=1.238 window=[6,10] fitted=[7, 8, 9, 10]'}
      |         chain push: 1 chunk(s) of 0.40s, change 10.3, best 10.3, hazards none — one push, so `best` IS the whole leg's travel
      |     it   5  k= 13 ->  13  blind-advance   fix={'k': 9, 'k_float': 9.0, 'inliers': 7, 'dx': 8.09283447265625, 'dy': 36.969635009765625, 'scale': 1.603807939050816, 'second': 6, 'detail': 'k=9 (9.00) inliers=7 second=6 dx=+8 scale=1.604 window=[9,13] fitted=[9, 11, 12, 13]'}
      |         chain push: 1 chunk(s) of 0.40s, change 8.5, best 8.5, hazards none — one push, so `best` IS the whole leg's travel
      |     it   6  k= 16 ->  16  blind-advance   fix={'k': 16, 'k_float': 16.0, 'inliers': 9, 'dx': 8.800018310546875, 'dy': 26.87384033203125, 'scale': 1.1925971304078185, 'second': 8, 'detail': 'k=16 (16.00) inliers=9 second=8 dx=+9 scale=1.193 window=[12,16] fitted=[13, 14, 15, 16]'}
      |         chain push: 1 chunk(s) of 0.40s, change 7.8, best 7.8, hazards none — one push, so `best` IS the whole leg's travel
      |     it   7  k= 19 ->  19  blind-advance   fix={'k': 19, 'k_float': 19.0, 'inliers': 7, 'dx': -17.086441040039062, 'dy': 48.66058349609375, 'scale': 1.1434084268411238, 'second': 0, 'detail': 'k=19 (19.00) inliers=7 second=0 dx=-17 scale=1.143 window=[15,19] fitted=[19]'}
      |         turn to 1.6: TURNED to 1.9 (err -0.3) in 2 push(es)
      |         turn to 336.6: TURNED to 337.3 (err -0.7) in 1 push(es)
      |         turn to 26.6: TURNED to 24.7 (err +1.9) in 1 push(es)
      |         turn to 1.6: TURNED to 5.2 (err -3.6) in 1 push(es)
      |         chain strafe: 1 chunk(s) of 0.20s, change 12.0, best 12.0, hazards none — one push, so `best` IS the whole leg's travel
      |     it   8  k= 39 ->  39  turned-looked to 1.6055901753868653  (53 inliers at the stop)
      |         chain push: 1 chunk(s) of 0.40s, change 17.7, best 17.7, hazards none — one push, so `best` IS the whole leg's travel
      |         chain strafe: 1 chunk(s) of 0.10s, change 9.9, best 9.9, hazards none — one push, so `best` IS the whole leg's travel
      |     it   9  k= 40 ->  40  advanced        fix={'k': 41, 'k_float': 41.0, 'inliers': 61, 'dx': -73.72796630859375, 'dy': 263.34722900390625, 'scale': 1.1923428248887906, 'second': 54, 'detail': 'k=41 (41.00) inliers=61 second=54 dx=-74 scale=1.192 window=[38,42] fitted=[38, 39, 40, 41, 42]'}  strafe left 0.10s
      |         chain push: 1 chunk(s) of 0.40s, change 19.6, best 19.6, hazards none — one push, so `best` IS the whole leg's travel
      |     it  10  k= 43 ->  43  blind-advance   fix={'k': 40, 'k_float': 40.0, 'inliers': 22, 'dx': -72.00001525878906, 'dy': 326.0347900390625, 'scale': 1.2190455861867093, 'second': 22, 'detail': 'k=40 (40.00) inliers=22 second=22 dx=-72 scale=1.219 window=[39,43] fitted=[39, 40, 41, 42, 43]'}
      |         chain push: 1 chunk(s) of 0.40s, change 29.7, best 29.7, hazards none — one push, so `best` IS the whole leg's travel
      |         chain strafe: 1 chunk(s) of 0.12s, change 14.6, best 14.6, hazards none — one push, so `best` IS the whole leg's travel
      |     it  11  k= 43 ->  46  stalled         fix={'k': 45, 'k_float': 45.0, 'inliers': 45, 'dx': -85.20001220703125, 'dy': 265.20001220703125, 'scale': 1.1750885819401837, 'second': 40, 'detail': 'k=45 (45.00) inliers=45 second=40 dx=-85 scale=1.175 window=[42,46] fitted=[42, 43, 44, 45, 46]'}  strafe left 0.12s
      |         chain push: 1 chunk(s) of 0.40s, change 27.1, best 27.1, hazards none — one push, so `best` IS the whole leg's travel
      |         chain strafe: 1 chunk(s) of 0.10s, change 14.2, best 14.2, hazards none — one push, so `best` IS the whole leg's travel
      |     it  12  k= 46 ->  46  advanced        fix={'k': 46, 'k_float': 46.0, 'inliers': 45, 'dx': -62.20794677734375, 'dy': 240.12298583984375, 'scale': 1.284473653571575, 'second': 45, 'detail': 'k=46 (46.00) inliers=45 second=45 dx=-62 scale=1.284 window=[42,46] fitted=[42, 43, 44, 45, 46]'}  strafe left 0.10s
      |         chain push: 1 chunk(s) of 0.40s, change 28.6, best 28.6, hazards none — one push, so `best` IS the whole leg's travel
      |         chain strafe: 1 chunk(s) of 0.10s, change 8.3, best 8.3, hazards none — one push, so `best` IS the whole leg's travel
      |     it  13  k= 49 ->  49  advanced        fix={'k': 49, 'k_float': 49.0, 'inliers': 174, 'dx': -50.0400390625, 'dy': 202.7808380126953, 'scale': 1.2688750062773497, 'second': 106, 'detail': 'k=49 (49.00) inliers=174 second=106 dx=-50 scale=1.269 window=[45,49] fitted=[45, 46, 47, 48, 49]'}  strafe left 0.10s
      |         chain push: 1 chunk(s) of 0.40s, change 14.5, best 14.5, hazards none — one push, so `best` IS the whole leg's travel
      |         chain strafe: 1 chunk(s) of 0.10s, change 8.3, best 8.3, hazards none — one push, so `best` IS the whole leg's travel
      |     it  14  k= 52 ->  52  advanced        fix={'k': 52, 'k_float': 52.0, 'inliers': 162, 'dx': -43.89117431640625, 'dy': 196.52757263183594, 'scale': 1.1870132441218206, 'second': 148, 'detail': 'k=52 (52.00) inliers=162 second=148 dx=-44 scale=1.187 window=[48,52] fitted=[48, 49, 50, 51, 52]'}  strafe left 0.10s
      |         chain push: 1 chunk(s) of 0.40s, change 17.3, best 17.3, hazards none — one push, so `best` IS the whole leg's travel
      |     it  15  k= 52 ->  55  stalled         fix={'k': 54, 'k_float': 54.0, 'inliers': 121, 'dx': -14.9759521484375, 'dy': 186.95999145507812, 'scale': 1.1742442123436203, 'second': 107, 'detail': 'k=54 (54.00) inliers=121 second=107 dx=-15 scale=1.174 window=[51,55] fitted=[51, 52, 53, 54, 55]'}
      |         chain push: 1 chunk(s) of 0.40s, change 21.5, best 21.5, hazards none — one push, so `best` IS the whole leg's travel
      |         chain strafe: 1 chunk(s) of 0.10s, change 10.4, best 10.4, hazards none — one push, so `best` IS the whole leg's travel
      |     it  16  k= 55 ->  55  advanced        fix={'k': 55, 'k_float': 55.0, 'inliers': 73, 'dx': 61.5113525390625, 'dy': 84.760009765625, 'scale': 1.3779179342800554, 'second': 55, 'detail': 'k=55 (55.00) inliers=73 second=55 dx=+62 scale=1.378 window=[51,55] fitted=[51, 52, 53, 54, 55]'}  strafe right 0.10s
      |         chain push: 1 chunk(s) of 0.40s, change 28.1, best 28.1, hazards none — one push, so `best` IS the whole leg's travel
      |         chain strafe: 1 chunk(s) of 0.12s, change 21.9, best 21.9, hazards none — one push, so `best` IS the whole leg's travel
      |     it  17  k= 58 ->  58  advanced        fix={'k': 58, 'k_float': 56.83874355288891, 'inliers': 95, 'dx': -86.39999389648438, 'dy': 238.46401977539062, 'scale': 1.0708235503636023, 'second': 81, 'detail': 'k=58 (56.84) inliers=95 second=81 dx=-86 scale=1.071 window=[54,58] fitted=[54, 55, 56, 57, 58]'}  strafe left 0.12s
      |         chain push: 1 chunk(s) of 0.40s, change 31.4, best 31.4, hazards none — one push, so `best` IS the whole leg's travel
      |         chain strafe: 1 chunk(s) of 0.10s, change 21.1, best 21.1, hazards none — one push, so `best` IS the whole leg's travel
      |     it  18  k= 61 ->  61  advanced        fix={'k': 61, 'k_float': 61.0, 'inliers': 142, 'dx': -74.0, 'dy': 263.34722900390625, 'scale': 1.0434118856144703, 'second': 127, 'detail': 'k=61 (61.00) inliers=142 second=127 dx=-74 scale=1.043 window=[57,61] fitted=[57, 58, 59, 60, 61]'}  strafe left 0.10s
      |         chain push: 1 chunk(s) of 0.40s, change 32.0, best 32.0, hazards none — one push, so `best` IS the whole leg's travel
      |         chain strafe: 1 chunk(s) of 0.10s, change 12.3, best 12.3, hazards none — one push, so `best` IS the whole leg's travel
      |     it  19  k= 61 ->  64  stalled         fix={'k': 64, 'k_float': 62.846131505240514, 'inliers': 148, 'dx': -69.6729736328125, 'dy': 259.20001220703125, 'scale': 0.9715802015317826, 'second': 136, 'detail': 'k=64 (62.85) inliers=148 second=136 dx=-70 scale=0.972 window=[60,64] fitted=[60, 61, 62, 63, 64]'}  strafe left 0.10s
      |         chain push: 1 chunk(s) of 0.40s, change 22.3, best 22.3, hazards none — one push, so `best` IS the whole leg's travel
      |         chain strafe: 1 chunk(s) of 0.10s, change 10.2, best 10.2, hazards none — one push, so `best` IS the whole leg's travel
      |     it  20  k= 64 ->  64  advanced        fix={'k': 64, 'k_float': 64.0, 'inliers': 133, 'dx': -67.20001220703125, 'dy': 259.2000427246094, 'scale': 1.0087002818922681, 'second': 128, 'detail': 'k=64 (64.00) inliers=133 second=128 dx=-67 scale=1.009 window=[60,64] fitted=[60, 61, 62, 63, 64]'}  strafe left 0.10s
      |         chain strafe: 1 chunk(s) of 0.10s, change 3.1, best 3.1, hazards none — one push, so `best` IS the whole leg's travel
      |     it  21  k= 88 ->  88  turned-aligned (skipped, same heading) to 1.3495539744498237  (119 inliers at the stop)
      |         chain push: 1 chunk(s) of 0.40s, change 18.0, best 18.0, hazards none — one push, so `best` IS the whole leg's travel
      |         chain strafe: 1 chunk(s) of 0.10s, change 7.4, best 7.4, hazards none — one push, so `best` IS the whole leg's travel
      |     it  22  k= 89 ->  89  advanced        fix={'k': 89, 'k_float': 89.0, 'inliers': 84, 'dx': -56.712005615234375, 'dy': -17.279998779296875, 'scale': 1.0355728586639028, 'second': 84, 'detail': 'k=89 (89.00) inliers=84 second=84 dx=-57 scale=1.036 window=[87,91] fitted=[87, 88, 89, 90, 91]'}  strafe left 0.10s
      |         chain push: 1 chunk(s) of 0.40s, change 18.7, best 18.7, hazards none — one push, so `best` IS the whole leg's travel
      |         chain strafe: 1 chunk(s) of 0.10s, change 8.7, best 8.7, hazards none — one push, so `best` IS the whole leg's travel
      |     it  23  k= 89 ->  92  stalled         fix={'k': 89, 'k_float': 89.0, 'inliers': 104, 'dx': -65.85598754882812, 'dy': -88.58421325683594, 'scale': 1.2645634059321238, 'second': 99, 'detail': 'k=89 (89.00) inliers=104 second=99 dx=-66 scale=1.265 window=[88,92] fitted=[88, 89, 90, 91, 92]'}  strafe left 0.10s
      |         chain push: 1 chunk(s) of 0.40s, change 18.2, best 18.2, hazards none — one push, so `best` IS the whole leg's travel
      |         chain strafe: 1 chunk(s) of 0.10s, change 8.1, best 8.1, hazards none — one push, so `best` IS the whole leg's travel
      |     it  24  k= 92 ->  92  advanced        fix={'k': 92, 'k_float': 92.0, 'inliers': 85, 'dx': -65.39999389648438, 'dy': -73.91998291015625, 'scale': 1.1804921669800188, 'second': 80, 'detail': 'k=92 (92.00) inliers=85 second=80 dx=-65 scale=1.180 window=[88,92] fitted=[88, 89, 90, 91, 92]'}  strafe left 0.10s
      |         chain push: 1 chunk(s) of 0.40s, change 17.5, best 17.5, hazards none — one push, so `best` IS the whole leg's travel
      |         chain strafe: 1 chunk(s) of 0.10s, change 8.4, best 8.4, hazards none — one push, so `best` IS the whole leg's travel
      |     it  25  k= 94 ->  94  advanced        fix={'k': 95, 'k_float': 95.0, 'inliers': 135, 'dx': -65.3759765625, 'dy': -46.0799560546875, 'scale': 1.1493564651685715, 'second': 88, 'detail': 'k=95 (95.00) inliers=135 second=88 dx=-65 scale=1.149 window=[91,95] fitted=[91, 92, 93, 94, 95]'}  strafe left 0.10s
      |         chain push: 1 chunk(s) of 0.40s, change 15.8, best 15.8, hazards none — one push, so `best` IS the whole leg's travel
      |         chain strafe: 1 chunk(s) of 0.10s, change 11.3, best 11.3, hazards none — one push, so `best` IS the whole leg's travel
      |     it  26  k= 94 ->  96  stalled         fix={'k': 95, 'k_float': 95.0, 'inliers': 133, 'dx': -63.647979736328125, 'dy': -42.62396240234375, 'scale': 1.2360490642098236, 'second': 112, 'detail': 'k=95 (95.00) inliers=133 second=112 dx=-64 scale=1.236 window=[93,97] fitted=[93, 94, 95, 96, 97]'}  strafe left 0.10s
      |         chain push: 1 chunk(s) of 0.40s, change 16.0, best 16.0, hazards none — one push, so `best` IS the whole leg's travel
      |         chain strafe: 1 chunk(s) of 0.10s, change 12.3, best 12.3, hazards none — one push, so `best` IS the whole leg's travel
      |     it  27  k= 94 ->  96  stalled         fix={'k': 95, 'k_float': 95.0, 'inliers': 135, 'dx': -48.239990234375, 'dy': -43.545562744140625, 'scale': 1.2988585389106475, 'second': 130, 'detail': 'k=95 (95.00) inliers=135 second=130 dx=-48 scale=1.299 window=[93,97] fitted=[93, 94, 95, 96, 97]'}  strafe left 0.10s
      |         chain push: 1 chunk(s) of 0.40s, change 18.0, best 18.0, hazards none — one push, so `best` IS the whole leg's travel
      |     it  28  k= 94 ->  96  stalled         fix={'k': 95, 'k_float': 95.0, 'inliers': 155, 'dx': -33.260498046875, 'dy': -36.55999755859375, 'scale': 1.435573097872533, 'second': 106, 'detail': 'k=95 (95.00) inliers=155 second=106 dx=-33 scale=1.436 window=[93,97] fitted=[93, 94, 95, 96, 97]'}
      |         chain push: 1 chunk(s) of 0.40s, change 20.8, best 20.8, hazards none — one push, so `best` IS the whole leg's travel
      |         chain strafe: 1 chunk(s) of 0.10s, change 11.2, best 11.2, hazards none — one push, so `best` IS the whole leg's travel
      |     it  29  k= 96 ->  96  advanced        fix={'k': 97, 'k_float': 97.0, 'inliers': 155, 'dx': -38.303985595703125, 'dy': -22.3487548828125, 'scale': 1.4646046840126399, 'second': 131, 'detail': 'k=97 (97.00) inliers=155 second=131 dx=-38 scale=1.465 window=[93,97] fitted=[93, 94, 95, 96, 97]'}  strafe left 0.10s
      |         chain push: 1 chunk(s) of 0.40s, change 25.9, best 25.9, hazards none — one push, so `best` IS the whole leg's travel
      |     it  30  k= 98 ->  98  advanced        fix={'k': 99, 'k_float': 99.0, 'inliers': 99, 'dx': -23.47998046875, 'dy': -40.79998779296875, 'scale': 1.5249881037038804, 'second': 87, 'detail': 'k=99 (99.00) inliers=99 second=87 dx=-23 scale=1.525 window=[95,99] fitted=[95, 96, 97, 98, 99]'}
      |         chain push: 1 chunk(s) of 0.40s, change 26.3, best 26.3, hazards none — one push, so `best` IS the whole leg's travel
      |     it  31  k=100 -> 100  advanced        fix={'k': 101, 'k_float': 101.0, 'inliers': 127, 'dx': -32.79998779296875, 'dy': -47.1199951171875, 'scale': 1.5598817761649701, 'second': 125, 'detail': 'k=101 (101.00) inliers=127 second=125 dx=-33 scale=1.560 window=[97,101] fitted=[97, 98, 99, 100, 101]'}
      |         chain push: 1 chunk(s) of 0.40s, change 21.7, best 21.7, hazards none — one push, so `best` IS the whole leg's travel
      |         chain strafe: 1 chunk(s) of 0.10s, change 10.5, best 10.5, hazards none — one push, so `best` IS the whole leg's travel
      |     it  32  k=102 -> 102  advanced        fix={'k': 102, 'k_float': 102.0, 'inliers': 140, 'dx': -41.70906066894531, 'dy': -47.650726318359375, 'scale': 1.6744367494953356, 'second': 134, 'detail': 'k=102 (102.00) inliers=140 second=134 dx=-42 scale=1.674 window=[99,103] fitted=[99, 100, 101, 102, 103]'}  strafe left 0.10s
      |         chain push: 1 chunk(s) of 0.40s, change 19.6, best 19.6, hazards none — one push, so `best` IS the whole leg's travel
      |     it  33  k=104 -> 104  advanced        fix={'k': 105, 'k_float': 105.0, 'inliers': 156, 'dx': -32.28955078125, 'dy': -58.4063720703125, 'scale': 1.6785464690834406, 'second': 149, 'detail': 'k=105 (105.00) inliers=156 second=149 dx=-32 scale=1.679 window=[101,105] fitted=[101, 102, 103, 104, 105]'}
      |         chain push: 1 chunk(s) of 0.40s, change 19.1, best 19.1, hazards none — one push, so `best` IS the whole leg's travel
      |         chain strafe: 1 chunk(s) of 0.17s, change 14.9, best 14.9, hazards none — one push, so `best` IS the whole leg's travel
      |     it  34  k=107 -> 107  advanced        fix={'k': 107, 'k_float': 107.0, 'inliers': 150, 'dx': -120.68539428710938, 'dy': -67.447265625, 'scale': 1.7646798829574184, 'second': 120, 'detail': 'k=107 (107.00) inliers=150 second=120 dx=-121 scale=1.765 window=[103,107] fitted=[103, 104, 105, 106, 107]'}  strafe left 0.17s
      |         chain push: 1 chunk(s) of 0.40s, change 20.7, best 20.7, hazards none — one push, so `best` IS the whole leg's travel
      |         chain strafe: 1 chunk(s) of 0.13s, change 14.1, best 14.1, hazards none — one push, so `best` IS the whole leg's travel
      |     it  35  k=109 -> 109  advanced        fix={'k': 109, 'k_float': 109.0, 'inliers': 84, 'dx': -96.51431274414062, 'dy': -99.67489624023438, 'scale': 1.9946870061760142, 'second': 79, 'detail': 'k=109 (109.00) inliers=84 second=79 dx=-97 scale=1.995 window=[106,110] fitted=[106, 107, 108, 109, 110]'}  strafe left 0.13s
      |         chain push: 1 chunk(s) of 0.40s, change 22.1, best 22.1, hazards none — one push, so `best` IS the whole leg's travel
      |         chain strafe: 1 chunk(s) of 0.10s, change 17.3, best 17.3, hazards none — one push, so `best` IS the whole leg's travel
      |     it  36  k=112 -> 112  advanced        fix={'k': 112, 'k_float': 112.0, 'inliers': 79, 'dx': 55.56134033203125, 'dy': -58.38751220703125, 'scale': 2.527165968914923, 'second': 69, 'detail': 'k=112 (112.00) inliers=79 second=69 dx=+56 scale=2.527 window=[108,112] fitted=[108, 109, 110, 111, 112]'}  strafe right 0.10s
      |         chain push: 1 chunk(s) of 0.40s, change 42.4, best 42.4, hazards none — one push, so `best` IS the whole leg's travel
      |     it  37  k=114 -> 114  blind-advance   fix={'k': 115, 'k_float': 115.0, 'inliers': 8, 'dx': -36.894775390625, 'dy': 208.26251220703125, 'scale': 3.906246176690773, 'second': 0, 'detail': 'k=115 (115.00) inliers=8 second=0 dx=-37 scale=3.906 window=[111,115] fitted=[115]'}
      |         turn to 303.3: TURNED to 305.9 (err -2.6) in 1 push(es)
      |         turn to 278.3: TURNED to 279.7 (err -1.4) in 2 push(es)
      |         turn to 328.3: TURNED to 325.9 (err +2.5) in 1 push(es)
      |         turn to 303.3: TURNED to 306.1 (err -2.7) in 1 push(es)
      |         chain strafe: 1 chunk(s) of 0.53s, change 17.8, best 17.8, hazards none — one push, so `best` IS the whole leg's travel
      |     it  38  k=129 -> 129  turned-looked to 303.34476843910807  (177 inliers at the stop)
      |         turn to 299.8: TURNED to 300.9 (err -1.1) in 1 push(es)
      |         chain push: 1 chunk(s) of 0.40s, change 13.4, best 13.4, hazards none — one push, so `best` IS the whole leg's travel
      |         chain strafe: 1 chunk(s) of 0.11s, change 8.0, best 8.0, hazards none — one push, so `best` IS the whole leg's travel
      |     it  39  k=129 -> 130  stalled         fix={'k': 128, 'k_float': 128.0, 'inliers': 169, 'dx': -78.43199157714844, 'dy': -66.70079040527344, 'scale': 1.2726665127512373, 'second': 168, 'detail': 'k=128 (128.00) inliers=169 second=168 dx=-78 scale=1.273 window=[128,132] fitted=[128, 129, 130, 131, 132]'}  strafe left 0.11s
      |         chain push: 1 chunk(s) of 0.40s, change 9.9, best 9.9, hazards none — one push, so `best` IS the whole leg's travel
      |         chain strafe: 1 chunk(s) of 0.24s, change 12.1, best 12.1, hazards none — one push, so `best` IS the whole leg's travel
      |     it  40  k=129 -> 130  stalled         fix={'k': 129, 'k_float': 129.0, 'inliers': 151, 'dx': -174.71998596191406, 'dy': -91.99998474121094, 'scale': 1.4031251850431283, 'second': 140, 'detail': 'k=129 (129.00) inliers=151 second=140 dx=-175 scale=1.403 window=[128,132] fitted=[128, 129, 130, 131, 132]'}  strafe left 0.24s
      |         chain push: 1 chunk(s) of 0.40s, change 25.8, best 25.8, hazards none — one push, so `best` IS the whole leg's travel
      |         chain strafe: 1 chunk(s) of 0.14s, change 15.2, best 15.2, hazards none — one push, so `best` IS the whole leg's travel
      |     it  41  k=129 -> 130  stalled         fix={'k': 128, 'k_float': 128.0, 'inliers': 125, 'dx': -99.69868469238281, 'dy': -106.1663818359375, 'scale': 1.9045316690153673, 'second': 123, 'detail': 'k=128 (128.00) inliers=125 second=123 dx=-100 scale=1.905 window=[128,132] fitted=[128, 129, 130, 131, 132]'}  strafe left 0.14s
      |         chain push: 1 chunk(s) of 0.40s, change 29.3, best 29.3, hazards none — one push, so `best` IS the whole leg's travel
      |     it  42  k=130 -> 130  advanced        fix={'k': 130, 'k_float': 130.0, 'inliers': 43, 'dx': 23.31658935546875, 'dy': -77.32797241210938, 'scale': 1.7818204340248676, 'second': 39, 'detail': 'k=130 (130.00) inliers=43 second=39 dx=+23 scale=1.782 window=[128,132] fitted=[128, 129, 130, 131, 132]'}
      |         turn to 298.3: NO-OP, already inside 4.0 deg (at 300.9, err -2.6) — nothing was sent, the recorded curve was discarded, and the caller's step line will look like a turn that happened
      |         chain push: 1 chunk(s) of 0.40s, change 31.9, best 31.9, hazards none — one push, so `best` IS the whole leg's travel
      |     it  43  k=130 -> 133  stalled         fix={'k': 131, 'k_float': 131.0, 'inliers': 52, 'dx': 19.190826416015625, 'dy': -67.54171752929688, 'scale': 2.0580328557973955, 'second': 49, 'detail': 'k=131 (131.00) inliers=52 second=49 dx=+19 scale=2.058 window=[129,133] fitted=[129, 130, 131, 132, 133]'}
      |         chain push: 1 chunk(s) of 0.40s, change 28.4, best 28.4, hazards none — one push, so `best` IS the whole leg's travel
      |     it  44  k=133 -> 133  advanced-weak   fix={'k': 133, 'k_float': 133.0, 'inliers': 24, 'dx': 16.518035888671875, 'dy': -75.44474792480469, 'scale': 2.359626636534594, 'second': 24, 'detail': 'k=133 (133.00) inliers=24 second=24 dx=+17 scale=2.360 window=[129,133] fitted=[129, 130, 131, 132, 133]'}
      |         chain push: 1 chunk(s) of 0.40s, change 16.1, best 16.1, hazards none — one push, so `best` IS the whole leg's travel
      |     it  45  k=136 -> 136  advanced        fix={'k': 136, 'k_float': 136.0, 'inliers': 35, 'dx': 14.90130615234375, 'dy': -88.28558349609375, 'scale': 2.0619508135993327, 'second': 33, 'detail': 'k=136 (136.00) inliers=35 second=33 dx=+15 scale=2.062 window=[132,136] fitted=[132, 133, 134, 135, 136]'}
      |         chain push: 1 chunk(s) of 0.40s, change 3.5, best 3.5, hazards none — one push, so `best` IS the whole leg's travel
      |     it  46  k=139 -> 139  advanced        fix={'k': 139, 'k_float': 139.0, 'inliers': 39, 'dx': -20.639892578125, 'dy': -79.609619140625, 'scale': 1.7848951633344963, 'second': 38, 'detail': 'k=139 (139.00) inliers=39 second=38 dx=-21 scale=1.785 window=[135,139] fitted=[135, 136, 137, 138, 139]'}
      |         chain push: 1 chunk(s) of 0.40s, change 4.4, best 4.4, hazards none — one push, so `best` IS the whole leg's travel
      |     it  47  k=139 -> 142  stalled         fix={'k': 141, 'k_float': 141.0, 'inliers': 58, 'dx': -26.443939208984375, 'dy': -82.5858154296875, 'scale': 1.6290441869223056, 'second': 52, 'detail': 'k=141 (141.00) inliers=58 second=52 dx=-26 scale=1.629 window=[138,142] fitted=[138, 139, 140, 141, 142]'}
      |         chain push: 1 chunk(s) of 0.40s, change 5.5, best 5.5, hazards none — one push, so `best` IS the whole leg's travel
      |     it  48  k=139 -> 142  stalled         fix={'k': 141, 'k_float': 141.0, 'inliers': 67, 'dx': -31.58392333984375, 'dy': -83.1236572265625, 'scale': 1.6287326561670739, 'second': 56, 'detail': 'k=141 (141.00) inliers=67 second=56 dx=-32 scale=1.629 window=[138,142] fitted=[138, 139, 140, 141, 142]'}
      |         chain push: 1 chunk(s) of 0.40s, change 6.2, best 6.2, hazards none — one push, so `best` IS the whole leg's travel
      |         chain strafe: 1 chunk(s) of 0.10s, change 13.5, best 13.5, hazards none — one push, so `best` IS the whole leg's travel
      |     it  49  k=142 -> 142  advanced        fix={'k': 142, 'k_float': 142.0, 'inliers': 63, 'dx': -56.1199951171875, 'dy': -74.19998168945312, 'scale': 1.538696602216296, 'second': 57, 'detail': 'k=142 (142.00) inliers=63 second=57 dx=-56 scale=1.539 window=[138,142] fitted=[138, 139, 140, 141, 142]'}  strafe left 0.10s
      |         turn to 2.2: TURNED to 359.2 (err +3.0) in 1 push(es)
      |         chain strafe: 1 chunk(s) of 0.42s, change 34.9, best 34.9, hazards none — one push, so `best` IS the whole leg's travel
      |     it  50  k=166 -> 166  turned-aligned to 2.2489998976495684  (127 inliers at the stop)
      |         chain push: 1 chunk(s) of 0.40s, change 42.5, best 42.5, hazards none — one push, so `best` IS the whole leg's travel
      |         chain strafe: 1 chunk(s) of 0.30s, change 38.9, best 38.9, hazards none — one push, so `best` IS the whole leg's travel
      |     it  51  k=166 -> 167  stalled         fix={'k': 165, 'k_float': 165.0, 'inliers': 121, 'dx': 277.804931640625, 'dy': -121.47998046875, 'scale': 1.4827252153444288, 'second': 113, 'detail': 'k=165 (165.00) inliers=121 second=113 dx=+278 scale=1.483 window=[165,169] fitted=[165, 166, 167, 168, 169]'}  strafe right 0.30s
      |         chain push: 1 chunk(s) of 0.40s, change 41.0, best 41.0, hazards none — one push, so `best` IS the whole leg's travel
      |         chain strafe: 1 chunk(s) of 0.30s, change 41.6, best 41.6, hazards none — one push, so `best` IS the whole leg's travel
      |     it  52  k=167 -> 167  advanced        fix={'k': 169, 'k_float': 169.0, 'inliers': 113, 'dx': 232.5120849609375, 'dy': -117.23196411132812, 'scale': 1.66116793484999, 'second': 104, 'detail': 'k=169 (169.00) inliers=113 second=104 dx=+233 scale=1.661 window=[165,169] fitted=[165, 166, 167, 168, 169]'}  strafe right 0.30s
      |         turn to 4.3: TURNED to 4.1 (err +0.1) in 1 push(es)
      |         chain push: 1 chunk(s) of 0.40s, change 31.8, best 31.8, hazards none — one push, so `best` IS the whole leg's travel
      |         chain strafe: 1 chunk(s) of 0.10s, change 21.0, best 21.0, hazards none — one push, so `best` IS the whole leg's travel
      |     it  53  k=169 -> 169  advanced        fix={'k': 170, 'k_float': 170.0, 'inliers': 53, 'dx': -60.023956298828125, 'dy': -163.27523803710938, 'scale': 1.7938300384978803, 'second': 53, 'detail': 'k=170 (170.00) inliers=53 second=53 dx=-60 scale=1.794 window=[166,170] fitted=[166, 167, 168, 169, 170]'}  strafe left 0.10s
      |         turn to 2.2: NO-OP, already inside 4.0 deg (at 4.2, err -2.0) — nothing was sent, the recorded curve was discarded, and the caller's step line will look like a turn that happened
      |         chain push: 1 chunk(s) of 0.40s, change 32.7, best 32.7, hazards none — one push, so `best` IS the whole leg's travel
      |         chain strafe: 1 chunk(s) of 0.10s, change 19.9, best 19.9, hazards none — one push, so `best` IS the whole leg's travel
      |     it  54  k=171 -> 171  advanced        fix={'k': 172, 'k_float': 172.0, 'inliers': 38, 'dx': -54.23063659667969, 'dy': -176.419189453125, 'scale': 1.8856369972265872, 'second': 36, 'detail': 'k=172 (172.00) inliers=38 second=36 dx=-54 scale=1.886 window=[168,172] fitted=[168, 169, 170, 171, 172]'}  strafe left 0.10s
      |         chain push: 1 chunk(s) of 0.40s, change 34.6, best 34.6, hazards none — one push, so `best` IS the whole leg's travel
      |     it  55  k=173 -> 173  advanced        fix={'k': 174, 'k_float': 174.0, 'inliers': 42, 'dx': 26.095108032226562, 'dy': -202.8561248779297, 'scale': 2.1739460134201503, 'second': 29, 'detail': 'k=174 (174.00) inliers=42 second=29 dx=+26 scale=2.174 window=[170,174] fitted=[170, 171, 172, 173, 174]'}
      |         chain push: 1 chunk(s) of 0.40s, change 32.5, best 32.5, hazards none — one push, so `best` IS the whole leg's travel
      |     it  56  k=176 -> 176  advanced-weak   fix={'k': 176, 'k_float': 176.0, 'inliers': 23, 'dx': 15.5079345703125, 'dy': -248.93260192871094, 'scale': 2.704935413811531, 'second': 15, 'detail': 'k=176 (176.00) inliers=23 second=15 dx=+16 scale=2.705 window=[172,176] fitted=[173, 174, 175, 176]'}
      |         turn to 89.5: TURNED to 86.7 (err +2.8) in 1 push(es)
      |         chain strafe: 1 chunk(s) of 0.58s, change 46.2, best 46.2, hazards none — one push, so `best` IS the whole leg's travel
      |     it  57  k=196 -> 196  turned-aligned to 89.491477293153  (144 inliers at the stop)
      |         chain push: 1 chunk(s) of 0.40s, change 37.6, best 37.6, hazards none — one push, so `best` IS the whole leg's travel
      |         chain strafe: 1 chunk(s) of 0.30s, change 29.5, best 29.5, hazards none — one push, so `best` IS the whole leg's travel
      |     it  58  k=197 -> 197  advanced        fix={'k': 199, 'k_float': 199.0, 'inliers': 106, 'dx': 322.3824462890625, 'dy': -86.61677551269531, 'scale': 1.070430544312443, 'second': 103, 'detail': 'k=199 (199.00) inliers=106 second=103 dx=+322 scale=1.070 window=[195,199] fitted=[195, 196, 197, 198, 199]'}  strafe right 0.30s
      |         chain push: 1 chunk(s) of 0.40s, change 37.3, best 37.3, hazards none — one push, so `best` IS the whole leg's travel
      |         chain strafe: 1 chunk(s) of 0.30s, change 32.7, best 32.7, hazards none — one push, so `best` IS the whole leg's travel
      |     it  59  k=197 -> 200  stalled         fix={'k': 199, 'k_float': 199.0, 'inliers': 100, 'dx': 257.03204345703125, 'dy': -68.83200073242188, 'scale': 1.3197138891850935, 'second': 98, 'detail': 'k=199 (199.00) inliers=100 second=98 dx=+257 scale=1.320 window=[196,200] fitted=[196, 197, 198, 199, 200]'}  strafe right 0.30s
      |         chain push: 1 chunk(s) of 0.40s, change 48.0, best 48.0, hazards none — one push, so `best` IS the whole leg's travel
      |         chain strafe: 1 chunk(s) of 0.23s, change 38.4, best 38.4, hazards none — one push, so `best` IS the whole leg's travel
      |     it  60  k=200 -> 200  advanced        fix={'k': 200, 'k_float': 200.0, 'inliers': 117, 'dx': 169.10906982421875, 'dy': -26.67999267578125, 'scale': 1.714205349471089, 'second': 106, 'detail': 'k=200 (200.00) inliers=117 second=106 dx=+169 scale=1.714 window=[196,200] fitted=[196, 197, 198, 199, 200]'}  strafe right 0.23s
      |         chain push: 1 chunk(s) of 0.40s, change 50.3, best 50.3, hazards none — one push, so `best` IS the whole leg's travel
      |   chain_walk: ARRIVED at iteration 61, k=200 (target 203 of 204), 55 push(es)
[ 2] ARRIVED   k=200/205  it=61  pushes=55  seconds=119.4 (walk 102.14, setup 15.3)  failure=None
      |   pause menu open (selected 'Resume')
      |   selected: Load Last Save
      |   confirmation dialog up (delta 85.1) -> YES
      |   world back after 3.2s, spawn bearing 87 (E)
      |   setup 13.2s (reset 10.6s, Chain.load 2.6s for 205 waypoints) of a 180s budget
      |   chain_walk: 205 waypoints -> plan of 47 targets (41 push, 6 turn-only); the prompt is checked on every iteration; k rises by at most 1 per iteration, so >= 47 iteration(s). The 180s cap allows 3.83s each. At the last waypoint the walk may spend 3 more iteration(s) — 0.540 walk-units of forward push against OPEN-22's measured 0.05 — and then gives up rather than walking on past the table.
      |         turn to 271.3: TURNED to 274.5 (err -3.2) in 2 push(es)
      |         turn to 246.3: TURNED to 245.5 (err +0.9) in 1 push(es)
      |         turn to 296.3: TURNED to 297.6 (err -1.3) in 1 push(es)
      |         turn to 271.3: TURNED to 273.8 (err -2.5) in 1 push(es)
      |     it   1  k=  3 ->   3  turned-looked to 271.3168428039934  (186 inliers at the stop)
      |         chain push: 1 chunk(s) of 0.40s, change 20.2, best 20.2, hazards none — one push, so `best` IS the whole leg's travel
      |     it   2  k=  4 ->   4  advanced        fix={'k': 6, 'k_float': 6.0, 'inliers': 33, 'dx': -28.3668212890625, 'dy': 1.4000244140625, 'scale': 1.1134188172405675, 'second': 18, 'detail': 'k=6 (6.00) inliers=33 second=18 dx=-28 scale=1.113 window=[2,6] fitted=[2, 3, 4, 5, 6]'}
      |         chain push: 1 chunk(s) of 0.40s, change 18.3, best 18.3, hazards none — one push, so `best` IS the whole leg's travel
      |     it   3  k=  7 ->   7  advanced-weak   fix={'k': 7, 'k_float': 7.0, 'inliers': 28, 'dx': 4.429534912109375, 'dy': 7.9246368408203125, 'scale': 1.2531045950581152, 'second': 15, 'detail': 'k=7 (7.00) inliers=28 second=15 dx=+4 scale=1.253 window=[3,7] fitted=[3, 4, 5, 6, 7]'}
      |         chain push: 1 chunk(s) of 0.40s, change 16.0, best 16.0, hazards none — one push, so `best` IS the whole leg's travel
      |     it   4  k= 10 ->  10  advanced-weak   fix={'k': 10, 'k_float': 10.0, 'inliers': 16, 'dx': -13.5799560546875, 'dy': 14.410873413085938, 'scale': 1.3515217782637776, 'second': 15, 'detail': 'k=10 (10.00) inliers=16 second=15 dx=-14 scale=1.352 window=[6,10] fitted=[6, 7, 8, 9, 10]'}
      |         chain push: 1 chunk(s) of 0.40s, change 10.8, best 10.8, hazards none — one push, so `best` IS the whole leg's travel
      |     it   5  k= 13 ->  13  blind-advance   fix={'k': 13, 'k_float': 13.0, 'inliers': 8, 'dx': -10.07073974609375, 'dy': 28.267349243164062, 'scale': 1.5628906851621698, 'second': 0, 'detail': 'k=13 (13.00) inliers=8 second=0 dx=-10 scale=1.563 window=[9,13] fitted=[13]'}
      |         chain push: 1 chunk(s) of 0.40s, change 10.4, best 10.4, hazards none — one push, so `best` IS the whole leg's travel
      |     it   6  k= 16 ->  16  blind-advance   fix=None
      |         chain push: 1 chunk(s) of 0.40s, change 7.4, best 7.4, hazards none — one push, so `best` IS the whole leg's travel
      |     it   7  k= 19 ->  19  blind-advance   fix=None
      |         turn to 1.6: TURNED to 1.5 (err +0.1) in 2 push(es)
      |         turn to 336.6: TURNED to 337.5 (err -0.9) in 2 push(es)
      |         turn to 26.6: TURNED to 26.2 (err +0.5) in 1 push(es)
      |         turn to 1.6: TURNED to 5.6 (err -4.0) in 1 push(es)
      |         chain strafe: 1 chunk(s) of 0.19s, change 14.6, best 14.6, hazards none — one push, so `best` IS the whole leg's travel
      |     it   8  k= 39 ->  39  turned-looked to 1.6055901753868653  (65 inliers at the stop)
      |         chain push: 1 chunk(s) of 0.40s, change 18.9, best 18.9, hazards none — one push, so `best` IS the whole leg's travel
      |         chain strafe: 1 chunk(s) of 0.10s, change 11.7, best 11.7, hazards none — one push, so `best` IS the whole leg's travel
      |     it   9  k= 39 ->  40  stalled         fix={'k': 39, 'k_float': 39.0, 'inliers': 45, 'dx': -60.134429931640625, 'dy': 323.424072265625, 'scale': 1.1754440040683456, 'second': 35, 'detail': 'k=39 (39.00) inliers=45 second=35 dx=-60 scale=1.175 window=[38,42] fitted=[38, 39, 40, 41, 42]'}  strafe left 0.10s
      |         chain push: 1 chunk(s) of 0.40s, change 30.8, best 30.8, hazards none — one push, so `best` IS the whole leg's travel
      |     it  10  k= 39 ->  40  stalled         fix={'k': 38, 'k_float': 38.0, 'inliers': 52, 'dx': -29.02001953125, 'dy': 323.73052978515625, 'scale': 1.3105698138892121, 'second': 48, 'detail': 'k=38 (38.00) inliers=52 second=48 dx=-29 scale=1.311 window=[38,42] fitted=[38, 39, 40, 41, 42]'}
      |         chain push: 1 chunk(s) of 0.40s, change 31.6, best 31.6, hazards none — one push, so `best` IS the whole leg's travel
      |     it  11  k= 40 ->  40  advanced        fix={'k': 41, 'k_float': 41.0, 'inliers': 44, 'dx': -18.03997802734375, 'dy': 296.5470275878906, 'scale': 1.4573498101398923, 'second': 40, 'detail': 'k=41 (41.00) inliers=44 second=40 dx=-18 scale=1.457 window=[38,42] fitted=[38, 39, 40, 41, 42]'}
      |         chain push: 1 chunk(s) of 0.40s, change 32.8, best 32.8, hazards none — one push, so `best` IS the whole leg's travel
      |     it  12  k= 43 ->  43  advanced        fix={'k': 43, 'k_float': 43.0, 'inliers': 41, 'dx': -9.19012451171875, 'dy': 261.6000671386719, 'scale': 1.5697919802254992, 'second': 39, 'detail': 'k=43 (43.00) inliers=41 second=39 dx=-9 scale=1.570 window=[39,43] fitted=[39, 40, 41, 42, 43]'}
      |         chain push: 1 chunk(s) of 0.40s, change 18.5, best 18.5, hazards none — one push, so `best` IS the whole leg's travel
      |     it  13  k= 46 ->  46  advanced        fix={'k': 46, 'k_float': 46.0, 'inliers': 41, 'dx': -7.96795654296875, 'dy': 190.0960693359375, 'scale': 1.6839445930815062, 'second': 41, 'detail': 'k=46 (46.00) inliers=41 second=41 dx=-8 scale=1.684 window=[42,46] fitted=[42, 43, 44, 45, 46]'}
      |         chain push: 1 chunk(s) of 0.40s, change 16.4, best 16.4, hazards none — one push, so `best` IS the whole leg's travel
      |     it  14  k= 49 ->  49  advanced        fix={'k': 49, 'k_float': 49.0, 'inliers': 85, 'dx': 11.93609619140625, 'dy': 118.67205810546875, 'scale': 1.6382372668200933, 'second': 61, 'detail': 'k=49 (49.00) inliers=85 second=61 dx=+12 scale=1.638 window=[45,49] fitted=[45, 46, 47, 48, 49]'}
      |         chain push: 1 chunk(s) of 0.40s, change 23.0, best 23.0, hazards none — one push, so `best` IS the whole leg's travel
      |         chain strafe: 1 chunk(s) of 0.21s, change 6.6, best 6.6, hazards none — one push, so `best` IS the whole leg's travel
      |     it  15  k= 49 ->  52  stalled         fix={'k': 50, 'k_float': 50.0, 'inliers': 43, 'dx': 150.00994873046875, 'dy': -26.195465087890625, 'scale': 2.19732181088015, 'second': 39, 'detail': 'k=50 (50.00) inliers=43 second=39 dx=+150 scale=2.197 window=[48,52] fitted=[48, 49, 50, 51, 52]'}  strafe right 0.21s
      |         chain push: 1 chunk(s) of 0.40s, change 29.8, best 29.8, hazards none — one push, so `best` IS the whole leg's travel
      |     it  16  k= 52 ->  52  advanced-weak   fix={'k': 52, 'k_float': 52.0, 'inliers': 16, 'dx': -86.49998474121094, 'dy': 194.61363220214844, 'scale': 1.1592445626473376, 'second': 12, 'detail': 'k=52 (52.00) inliers=16 second=12 dx=-86 scale=1.159 window=[48,52] fitted=[49, 50, 51, 52]'}
      |         chain push: 1 chunk(s) of 0.40s, change 27.2, best 27.2, hazards none — one push, so `best` IS the whole leg's travel
      |         chain strafe: 1 chunk(s) of 0.15s, change 18.4, best 18.4, hazards none — one push, so `best` IS the whole leg's travel
      |     it  17  k= 55 ->  55  advanced        fix={'k': 55, 'k_float': 55.0, 'inliers': 57, 'dx': -110.06399536132812, 'dy': 221.47203063964844, 'scale': 1.2510374277446417, 'second': 28, 'detail': 'k=55 (55.00) inliers=57 second=28 dx=-110 scale=1.251 window=[51,55] fitted=[51, 52, 53, 54, 55]'}  strafe left 0.15s
      |         chain push: 1 chunk(s) of 0.40s, change 23.7, best 23.7, hazards none — one push, so `best` IS the whole leg's travel
      |         chain strafe: 1 chunk(s) of 0.14s, change 13.8, best 13.8, hazards none — one push, so `best` IS the whole leg's travel
      |     it  18  k= 58 ->  58  advanced        fix={'k': 58, 'k_float': 58.0, 'inliers': 86, 'dx': -99.09599304199219, 'dy': 254.01605224609375, 'scale': 1.2352066969461208, 'second': 73, 'detail': 'k=58 (58.00) inliers=86 second=73 dx=-99 scale=1.235 window=[54,58] fitted=[54, 55, 56, 57, 58]'}  strafe left 0.14s
      |         chain push: 1 chunk(s) of 0.40s, change 17.1, best 17.1, hazards none — one push, so `best` IS the whole leg's travel
      |         chain strafe: 1 chunk(s) of 0.12s, change 8.6, best 8.6, hazards none — one push, so `best` IS the whole leg's travel
      |     it  19  k= 61 ->  61  advanced        fix={'k': 61, 'k_float': 61.0, 'inliers': 123, 'dx': -84.239990234375, 'dy': 280.55999755859375, 'scale': 1.2401359146085182, 'second': 97, 'detail': 'k=61 (61.00) inliers=123 second=97 dx=-84 scale=1.240 window=[57,61] fitted=[57, 58, 59, 60, 61]'}  strafe left 0.12s
      |         chain push: 1 chunk(s) of 0.40s, change 18.0, best 18.0, hazards none — one push, so `best` IS the whole leg's travel
      |         chain strafe: 1 chunk(s) of 0.10s, change 8.7, best 8.7, hazards none — one push, so `best` IS the whole leg's travel
      |     it  20  k= 61 ->  64  stalled         fix={'k': 62, 'k_float': 62.0, 'inliers': 119, 'dx': -74.64959716796875, 'dy': 264.0000305175781, 'scale': 1.2486119572971914, 'second': 112, 'detail': 'k=62 (62.00) inliers=119 second=112 dx=-75 scale=1.249 window=[60,64] fitted=[60, 61, 62, 63, 64]'}  strafe left 0.10s
      |         chain push: 1 chunk(s) of 0.40s, change 18.1, best 18.1, hazards none — one push, so `best` IS the whole leg's travel
      |         chain strafe: 1 chunk(s) of 0.10s, change 10.2, best 10.2, hazards none — one push, so `best` IS the whole leg's travel
      |     it  21  k= 61 ->  64  stalled         fix={'k': 62, 'k_float': 62.0, 'inliers': 125, 'dx': -72.11517333984375, 'dy': 229.24801635742188, 'scale': 1.3415194503620547, 'second': 125, 'detail': 'k=62 (62.00) inliers=125 second=125 dx=-72 scale=1.342 window=[60,64] fitted=[60, 61, 62, 63, 64]'}  strafe left 0.10s
      |         chain push: 1 chunk(s) of 0.40s, change 19.7, best 19.7, hazards none — one push, so `best` IS the whole leg's travel
      |         chain strafe: 1 chunk(s) of 0.10s, change 11.2, best 11.2, hazards none — one push, so `best` IS the whole leg's travel
      |     it  22  k= 61 ->  64  stalled         fix={'k': 63, 'k_float': 63.0, 'inliers': 126, 'dx': -64.69631958007812, 'dy': 225.2440185546875, 'scale': 1.4918095880527493, 'second': 108, 'detail': 'k=63 (63.00) inliers=126 second=108 dx=-65 scale=1.492 window=[60,64] fitted=[60, 61, 62, 63, 64]'}  strafe left 0.10s
      |         chain push: 1 chunk(s) of 0.40s, change 13.2, best 13.2, hazards none — one push, so `best` IS the whole leg's travel
      |     it  23  k= 61 ->  64  escape:jump     fix={'k': 60, 'k_float': 60.0, 'inliers': 141, 'dx': -54.172760009765625, 'dy': 230.3355712890625, 'scale': 1.6756526419107305, 'second': 94, 'detail': 'k=60 (60.00) inliers=141 second=94 dx=-54 scale=1.676 window=[60,64] fitted=[60, 61, 62, 63, 64]'}
      |         chain push: 1 chunk(s) of 0.40s, change 21.1, best 21.1, hazards none — one push, so `best` IS the whole leg's travel
      |     it  24  k= 64 ->  64  advanced-past   fix={'k': 61, 'k_float': 61.0, 'inliers': 137, 'dx': -58.09393310546875, 'dy': 229.98997497558594, 'scale': 1.8288994576151658, 'second': 113, 'detail': 'k=61 (61.00) inliers=137 second=113 dx=-58 scale=1.829 window=[60,64] fitted=[60, 61, 62, 63, 64]'}
      |     it  25  k=105 ->  88  relocalised past the stop: 192 inliers at 105
      |         chain push: 1 chunk(s) of 0.40s, change 23.2, best 23.2, hazards none — one push, so `best` IS the whole leg's travel
      |         chain strafe: 1 chunk(s) of 0.14s, change 12.1, best 12.1, hazards none — one push, so `best` IS the whole leg's travel
      |     it  26  k=107 -> 107  advanced        fix={'k': 108, 'k_float': 105.04305029930474, 'inliers': 193, 'dx': -101.19174194335938, 'dy': -14.160003662109375, 'scale': 0.8330541211541737, 'second': 188, 'detail': 'k=108 (105.04) inliers=193 second=188 dx=-101 scale=0.833 window=[104,108] fitted=[104, 105, 106, 107, 108]'}  strafe left 0.14s
      |         chain push: 1 chunk(s) of 0.40s, change 23.7, best 23.7, hazards none — one push, so `best` IS the whole leg's travel
      |         chain strafe: 1 chunk(s) of 0.15s, change 15.4, best 15.4, hazards none — one push, so `best` IS the whole leg's travel
      |     it  27  k=109 -> 109  advanced        fix={'k': 110, 'k_float': 106.88309449818759, 'inliers': 168, 'dx': -105.50401306152344, 'dy': -9.4000244140625, 'scale': 0.8110697186080332, 'second': 167, 'detail': 'k=110 (106.88) inliers=168 second=167 dx=-106 scale=0.811 window=[106,110] fitted=[106, 107, 108, 109, 110]'}  strafe left 0.15s
      |         chain push: 1 chunk(s) of 0.40s, change 26.8, best 26.8, hazards none — one push, so `best` IS the whole leg's travel
      |         chain strafe: 1 chunk(s) of 0.12s, change 13.1, best 13.1, hazards none — one push, so `best` IS the whole leg's travel
      |     it  28  k=109 -> 112  stalled         fix={'k': 111, 'k_float': 108.77795515569343, 'inliers': 198, 'dx': -85.91021728515625, 'dy': -16.58880615234375, 'scale': 0.840735691454206, 'second': 181, 'detail': 'k=111 (108.78) inliers=198 second=181 dx=-86 scale=0.841 window=[108,112] fitted=[108, 109, 110, 111, 112]'}  strafe left 0.12s
      |         chain push: 1 chunk(s) of 0.40s, change 22.8, best 22.8, hazards none — one push, so `best` IS the whole leg's travel
      |         chain strafe: 1 chunk(s) of 0.10s, change 8.5, best 8.5, hazards none — one push, so `best` IS the whole leg's travel
      |     it  29  k=109 -> 112  stalled         fix={'k': 111, 'k_float': 110.82537717385839, 'inliers': 167, 'dx': -62.7056884765625, 'dy': -22.3948974609375, 'scale': 0.9865401940230962, 'second': 163, 'detail': 'k=111 (110.83) inliers=167 second=163 dx=-63 scale=0.987 window=[108,112] fitted=[108, 109, 110, 111, 112]'}  strafe left 0.10s
      |         chain push: 1 chunk(s) of 0.40s, change 19.6, best 19.6, hazards none — one push, so `best` IS the whole leg's travel
      |         chain strafe: 1 chunk(s) of 0.10s, change 11.5, best 11.5, hazards none — one push, so `best` IS the whole leg's travel
      |     it  30  k=109 -> 112  stalled         fix={'k': 108, 'k_float': 108.0, 'inliers': 171, 'dx': -63.264007568359375, 'dy': -53.47198486328125, 'scale': 1.4421851696958508, 'second': 162, 'detail': 'k=108 (108.00) inliers=171 second=162 dx=-63 scale=1.442 window=[108,112] fitted=[108, 109, 110, 111, 112]'}  strafe left 0.10s
      |         chain push: 1 chunk(s) of 0.40s, change 20.9, best 20.9, hazards none — one push, so `best` IS the whole leg's travel
      |     it  31  k=112 -> 112  advanced        fix={'k': 112, 'k_float': 112.0, 'inliers': 137, 'dx': -23.79998779296875, 'dy': -18.0, 'scale': 1.3636525919896159, 'second': 115, 'detail': 'k=112 (112.00) inliers=137 second=115 dx=-24 scale=1.364 window=[108,112] fitted=[108, 109, 110, 111, 112]'}
      |         chain push: 1 chunk(s) of 0.40s, change 19.8, best 19.8, hazards none — one push, so `best` IS the whole leg's travel
      |         chain strafe: 1 chunk(s) of 0.13s, change 15.7, best 15.7, hazards none — one push, so `best` IS the whole leg's travel
      |     it  32  k=114 -> 114  advanced        fix={'k': 115, 'k_float': 115.0, 'inliers': 107, 'dx': -93.31201171875, 'dy': -67.96798706054688, 'scale': 1.2288604689372993, 'second': 93, 'detail': 'k=115 (115.00) inliers=107 second=93 dx=-93 scale=1.229 window=[111,115] fitted=[111, 112, 113, 114, 115]'}  strafe left 0.13s
      |         turn to 303.3: TURNED to 304.6 (err -1.2) in 2 push(es)
      |     it  33  k=132 -> 129  relocalised past the stop: 165 inliers at 132
      |         turn to 298.3: TURNED to 296.1 (err +2.2) in 2 push(es)
      |         chain push: 1 chunk(s) of 0.40s, change 14.3, best 14.3, hazards none — one push, so `best` IS the whole leg's travel
      |     it  34  k=133 -> 133  advanced        fix={'k': 133, 'k_float': 133.0, 'inliers': 175, 'dx': 25.63201904296875, 'dy': -73.1519775390625, 'scale': 1.1976614893048034, 'second': 161, 'detail': 'k=133 (133.00) inliers=175 second=161 dx=+26 scale=1.198 window=[131,135] fitted=[131, 132, 133, 134, 135]'}
      |         chain push: 1 chunk(s) of 0.40s, change 19.0, best 19.0, hazards none — one push, so `best` IS the whole leg's travel
      |     it  35  k=133 -> 136  stalled         fix={'k': 133, 'k_float': 133.0, 'inliers': 166, 'dx': 24.000015258789062, 'dy': -93.88796997070312, 'scale': 1.504715232632854, 'second': 131, 'detail': 'k=133 (133.00) inliers=166 second=131 dx=+24 scale=1.505 window=[132,136] fitted=[132, 133, 134, 135, 136]'}
      |         chain push: 1 chunk(s) of 0.40s, change 20.6, best 20.6, hazards none — one push, so `best` IS the whole leg's travel
      |     it  36  k=133 -> 136  stalled         fix={'k': 135, 'k_float': 135.0, 'inliers': 120, 'dx': 32.07177734375, 'dy': -130.1529541015625, 'scale': 1.6795218130719063, 'second': 106, 'detail': 'k=135 (135.00) inliers=120 second=106 dx=+32 scale=1.680 window=[132,136] fitted=[132, 133, 134, 135, 136]'}
      |         chain push: 1 chunk(s) of 0.40s, change 25.1, best 25.1, hazards none — one push, so `best` IS the whole leg's travel
      |     it  37  k=136 -> 136  advanced-past   fix={'k': 133, 'k_float': 133.0, 'inliers': 166, 'dx': 8.123641967773438, 'dy': -148.97384643554688, 'scale': 2.4933388181295943, 'second': 124, 'detail': 'k=133 (133.00) inliers=166 second=124 dx=+8 scale=2.493 window=[132,136] fitted=[132, 133, 134, 135, 136]'}
      |         chain push: 1 chunk(s) of 0.40s, change 38.6, best 38.6, hazards none — one push, so `best` IS the whole leg's travel
      |         chain strafe: 1 chunk(s) of 0.10s, change 32.1, best 32.1, hazards none — one push, so `best` IS the whole leg's travel
      |     it  38  k=136 -> 139  stalled         fix={'k': 137, 'k_float': 137.0, 'inliers': 78, 'dx': -41.471588134765625, 'dy': -155.8899688720703, 'scale': 3.0369321358514068, 'second': 21, 'detail': 'k=137 (137.00) inliers=78 second=21 dx=-41 scale=3.037 window=[135,139] fitted=[135, 136, 137, 138, 139]'}  strafe left 0.10s
      |         chain push: 1 chunk(s) of 0.40s, change 37.2, best 37.2, hazards none — one push, so `best` IS the whole leg's travel
      |         chain strafe: 1 chunk(s) of 0.10s, change 20.8, best 20.8, hazards none — one push, so `best` IS the whole leg's travel
      |     it  39  k=136 -> 139  stalled         fix={'k': 138, 'k_float': 138.0, 'inliers': 68, 'dx': -53.94569396972656, 'dy': -186.72178649902344, 'scale': 2.8881597177158516, 'second': 9, 'detail': 'k=138 (138.00) inliers=68 second=9 dx=-54 scale=2.888 window=[135,139] fitted=[135, 137, 138, 139]'}  strafe left 0.10s
      |         chain push: 1 chunk(s) of 0.40s, change 37.0, best 37.0, hazards none — one push, so `best` IS the whole leg's travel
      |         chain strafe: 1 chunk(s) of 0.14s, change 3.9, best 3.9, hazards none — one push, so `best` IS the whole leg's travel
      |     it  40  k=139 -> 139  advanced-past   fix={'k': 136, 'k_float': 136.0, 'inliers': 48, 'dx': -101.22023010253906, 'dy': -176.34091186523438, 'scale': 3.4588106074156326, 'second': 16, 'detail': 'k=136 (136.00) inliers=48 second=16 dx=-101 scale=3.459 window=[135,139] fitted=[136, 137, 139]'}  strafe left 0.14s
      |         chain push: 1 chunk(s) of 0.40s, change 38.1, best 38.1, hazards none — one push, so `best` IS the whole leg's travel
      |         chain strafe: 1 chunk(s) of 0.21s, change 47.7, best 47.7, hazards none — one push, so `best` IS the whole leg's travel
      |     it  41  k=142 -> 142  advanced        fix={'k': 142, 'k_float': 142.0, 'inliers': 98, 'dx': -151.92288208007812, 'dy': -162.96334838867188, 'scale': 2.2087395982030578, 'second': 30, 'detail': 'k=142 (142.00) inliers=98 second=30 dx=-152 scale=2.209 window=[138,142] fitted=[138, 139, 140, 141, 142]'}  strafe left 0.21s
      |         turn to 2.2: TURNED to 0.8 (err +1.5) in 2 push(es)
      |         chain strafe: 1 chunk(s) of 0.29s, change 28.7, best 28.7, hazards none — one push, so `best` IS the whole leg's travel
      |     it  42  k=166 -> 166  turned-aligned to 2.2489998976495684  (114 inliers at the stop)
      |         chain push: 1 chunk(s) of 0.40s, change 26.9, best 26.9, hazards none — one push, so `best` IS the whole leg's travel
      |         chain strafe: 1 chunk(s) of 0.27s, change 23.4, best 23.4, hazards none — one push, so `best` IS the whole leg's travel
      |     it  43  k=167 -> 167  advanced        fix={'k': 168, 'k_float': 168.0, 'inliers': 120, 'dx': 193.01766967773438, 'dy': -104.57473754882812, 'scale': 1.2107675808391087, 'second': 110, 'detail': 'k=168 (168.00) inliers=120 second=110 dx=+193 scale=1.211 window=[165,169] fitted=[165, 166, 167, 168, 169]'}  strafe right 0.27s
      |         turn to 4.3: NO-OP, already inside 4.0 deg (at 0.7, err +3.6) — nothing was sent, the recorded curve was discarded, and the caller's step line will look like a turn that happened
      |         chain push: 1 chunk(s) of 0.40s, change 27.6, best 27.6, hazards none — one push, so `best` IS the whole leg's travel
      |         chain strafe: 1 chunk(s) of 0.24s, change 24.1, best 24.1, hazards none — one push, so `best` IS the whole leg's travel
      |     it  44  k=167 -> 169  stalled         fix={'k': 167, 'k_float': 167.0, 'inliers': 128, 'dx': 176.02001953125, 'dy': -105.26399230957031, 'scale': 1.4179359269290566, 'second': 123, 'detail': 'k=167 (167.00) inliers=128 second=123 dx=+176 scale=1.418 window=[166,170] fitted=[166, 167, 168, 169, 170]'}  strafe right 0.24s
      |         chain push: 1 chunk(s) of 0.40s, change 30.8, best 30.8, hazards none — one push, so `best` IS the whole leg's travel
      |         chain strafe: 1 chunk(s) of 0.21s, change 27.5, best 27.5, hazards none — one push, so `best` IS the whole leg's travel
      |     it  45  k=169 -> 169  advanced-past   fix={'k': 167, 'k_float': 167.0, 'inliers': 123, 'dx': 154.112060546875, 'dy': -110.50396728515625, 'scale': 1.7103339182257562, 'second': 115, 'detail': 'k=167 (167.00) inliers=123 second=115 dx=+154 scale=1.710 window=[166,170] fitted=[166, 167, 168, 169, 170]'}  strafe right 0.21s
      |         turn to 2.2: NO-OP, already inside 4.0 deg (at 0.8, err +1.4) — nothing was sent, the recorded curve was discarded, and the caller's step line will look like a turn that happened
      |         chain push: 1 chunk(s) of 0.40s, change 32.8, best 32.8, hazards none — one push, so `best` IS the whole leg's travel
      |     it  46  k=171 -> 171  advanced        fix={'k': 171, 'k_float': 171.0, 'inliers': 58, 'dx': -28.946807861328125, 'dy': -136.94052124023438, 'scale': 1.7105158105877851, 'second': 55, 'detail': 'k=171 (171.00) inliers=58 second=55 dx=-29 scale=1.711 window=[168,172] fitted=[168, 169, 170, 171, 172]'}
      |         chain push: 1 chunk(s) of 0.40s, change 37.3, best 37.3, hazards none — one push, so `best` IS the whole leg's travel
      |         chain strafe: 1 chunk(s) of 0.10s, change 22.2, best 22.2, hazards none — one push, so `best` IS the whole leg's travel
      |     it  47  k=173 -> 173  advanced        fix={'k': 174, 'k_float': 174.0, 'inliers': 50, 'dx': -49.395965576171875, 'dy': -155.78033447265625, 'scale': 1.6509015266066993, 'second': 50, 'detail': 'k=174 (174.00) inliers=50 second=50 dx=-49 scale=1.651 window=[170,174] fitted=[170, 171, 172, 173, 174]'}  strafe left 0.10s
      |         chain push: 1 chunk(s) of 0.40s, change 42.2, best 42.2, hazards none — one push, so `best` IS the whole leg's travel
      |         chain strafe: 1 chunk(s) of 0.10s, change 20.0, best 20.0, hazards none — one push, so `best` IS the whole leg's travel
      |     it  48  k=176 -> 176  advanced        fix={'k': 176, 'k_float': 176.0, 'inliers': 53, 'dx': 36.37567138671875, 'dy': -187.017578125, 'scale': 2.0377061935824976, 'second': 31, 'detail': 'k=176 (176.00) inliers=53 second=31 dx=+36 scale=2.038 window=[172,176] fitted=[172, 173, 174, 175, 176]'}  strafe right 0.10s
      |         turn to 89.5: TURNED to 88.2 (err +1.3) in 1 push(es)
      |         chain strafe: 1 chunk(s) of 0.38s, change 30.2, best 30.2, hazards none — one push, so `best` IS the whole leg's travel
      |     it  49  k=196 -> 196  turned-aligned to 89.491477293153  (139 inliers at the stop)
      |         chain push: 1 chunk(s) of 0.40s, change 30.5, best 30.5, hazards none — one push, so `best` IS the whole leg's travel
      |         chain strafe: 1 chunk(s) of 0.28s, change 28.0, best 28.0, hazards none — one push, so `best` IS the whole leg's travel
      |     it  50  k=197 -> 197  advanced        fix={'k': 197, 'k_float': 197.0, 'inliers': 124, 'dx': 201.4000244140625, 'dy': -49.56797790527344, 'scale': 1.2610895301868579, 'second': 99, 'detail': 'k=197 (197.00) inliers=124 second=99 dx=+201 scale=1.261 window=[195,199] fitted=[195, 196, 197, 198, 199]'}  strafe right 0.28s
      |         chain push: 1 chunk(s) of 0.40s, change 38.4, best 38.4, hazards none — one push, so `best` IS the whole leg's travel
      |         chain strafe: 1 chunk(s) of 0.16s, change 26.1, best 26.1, hazards none — one push, so `best` IS the whole leg's travel
      |     it  51  k=197 -> 200  stalled         fix={'k': 199, 'k_float': 199.0, 'inliers': 105, 'dx': 112.11270141601562, 'dy': -51.494354248046875, 'scale': 1.4351985963051261, 'second': 87, 'detail': 'k=199 (199.00) inliers=105 second=87 dx=+112 scale=1.435 window=[196,200] fitted=[196, 197, 198, 199, 200]'}  strafe right 0.16s
      |         chain push: 1 chunk(s) of 0.40s, change 49.8, best 49.8, hazards none — one push, so `best` IS the whole leg's travel
      |   chain_walk: ARRIVED at iteration 52, k=197 (target 200 of 204), 46 push(es)
[ 3] ARRIVED   k=197/205  it=52  pushes=46  seconds=99.2 (walk 84.38, setup 13.2)  failure=None
      |   pause menu open (selected 'Resume')
      |   selected: Load Last Save
      |   confirmation dialog up (delta 85.0) -> YES
      |   world back after 3.3s, spawn bearing 87 (E)
      |   setup 13.3s (reset 10.8s, Chain.load 2.5s for 205 waypoints) of a 180s budget
      |   chain_walk: 205 waypoints -> plan of 47 targets (41 push, 6 turn-only); the prompt is checked on every iteration; k rises by at most 1 per iteration, so >= 47 iteration(s). The 180s cap allows 3.83s each. At the last waypoint the walk may spend 3 more iteration(s) — 0.540 walk-units of forward push against OPEN-22's measured 0.05 — and then gives up rather than walking on past the table.
      |         turn to 271.3: TURNED to 271.5 (err -0.2) in 2 push(es)
      |     it   1  k=  5 ->   3  relocalised past the stop: 191 inliers at 5
      |         chain push: 1 chunk(s) of 0.40s, change 20.3, best 20.3, hazards none — one push, so `best` IS the whole leg's travel
      |     it   2  k=  7 ->   7  advanced        fix={'k': 8, 'k_float': 8.0, 'inliers': 44, 'dx': 8.7091064453125, 'dy': 26.873886108398438, 'scale': 1.0789334076813726, 'second': 22, 'detail': 'k=8 (8.00) inliers=44 second=22 dx=+9 scale=1.079 window=[4,8] fitted=[4, 5, 6, 7, 8]'}
      |         chain push: 1 chunk(s) of 0.40s, change 16.9, best 16.9, hazards none — one push, so `best` IS the whole leg's travel
      |     it   3  k= 10 ->  10  advanced        fix={'k': 10, 'k_float': 10.0, 'inliers': 114, 'dx': 22.80963134765625, 'dy': 34.8182373046875, 'scale': 1.0834025097887305, 'second': 71, 'detail': 'k=10 (10.00) inliers=114 second=71 dx=+23 scale=1.083 window=[6,10] fitted=[6, 7, 8, 9, 10]'}
      |         chain push: 1 chunk(s) of 0.40s, change 12.7, best 12.7, hazards none — one push, so `best` IS the whole leg's travel
      |     it   4  k= 12 ->  13  advanced-weak   fix={'k': 12, 'k_float': 12.0, 'inliers': 17, 'dx': 22.84808349609375, 'dy': 12.441619873046875, 'scale': 1.1808559720991405, 'second': 16, 'detail': 'k=12 (12.00) inliers=17 second=16 dx=+23 scale=1.181 window=[9,13] fitted=[9, 10, 11, 12, 13]'}
      |         chain push: 1 chunk(s) of 0.40s, change 12.1, best 12.1, hazards none — one push, so `best` IS the whole leg's travel
      |     it   5  k= 13 ->  13  blind-advance   fix={'k': 15, 'k_float': 15.0, 'inliers': 10, 'dx': -153.68911743164062, 'dy': 25.950454711914062, 'scale': 1.1896914974099957, 'second': 0, 'detail': 'k=15 (15.00) inliers=10 second=0 dx=-154 scale=1.190 window=[11,15] fitted=[15]'}
      |         chain push: 1 chunk(s) of 0.40s, change 7.7, best 7.7, hazards none — one push, so `best` IS the whole leg's travel
      |     it   6  k= 16 ->  16  blind-advance   fix=None
      |         chain push: 1 chunk(s) of 0.40s, change 9.3, best 9.3, hazards none — one push, so `best` IS the whole leg's travel
      |     it   7  k= 19 ->  19  blind-advance   fix=None
      |         turn to 1.6: TURNED to 2.6 (err -1.0) in 1 push(es)
      |         turn to 336.6: TURNED to 339.3 (err -2.7) in 1 push(es)
      |         turn to 26.6: TURNED to 25.5 (err +1.1) in 1 push(es)
      |         turn to 1.6: TURNED to 3.1 (err -1.5) in 2 push(es)
      |         chain strafe: 1 chunk(s) of 0.18s, change 11.5, best 11.5, hazards none — one push, so `best` IS the whole leg's travel
      |     it   8  k= 39 ->  39  turned-looked to 1.6055901753868653  (101 inliers at the stop)
      |         chain push: 1 chunk(s) of 0.40s, change 15.4, best 15.4, hazards none — one push, so `best` IS the whole leg's travel
      |     it   9  k= 40 ->  40  advanced        fix={'k': 42, 'k_float': 42.0, 'inliers': 46, 'dx': -14.929931640625, 'dy': 306.8796691894531, 'scale': 1.097403134248793, 'second': 44, 'detail': 'k=42 (42.00) inliers=46 second=44 dx=-15 scale=1.097 window=[38,42] fitted=[38, 39, 40, 41, 42]'}
      |         chain push: 1 chunk(s) of 0.40s, change 23.4, best 23.4, hazards none — one push, so `best` IS the whole leg's travel
      |     it  10  k= 43 ->  43  advanced        fix={'k': 43, 'k_float': 43.0, 'inliers': 42, 'dx': -5.501922607421875, 'dy': 319.83905029296875, 'scale': 1.19629311395334, 'second': 42, 'detail': 'k=43 (43.00) inliers=42 second=42 dx=-6 scale=1.196 window=[39,43] fitted=[39, 40, 41, 42, 43]'}
      |         chain push: 1 chunk(s) of 0.40s, change 39.9, best 39.9, hazards none — one push, so `best` IS the whole leg's travel
      |     it  11  k= 46 ->  46  advanced        fix={'k': 46, 'k_float': 46.0, 'inliers': 57, 'dx': -4.91998291015625, 'dy': 252.72000122070312, 'scale': 1.2786781349143628, 'second': 46, 'detail': 'k=46 (46.00) inliers=57 second=46 dx=-5 scale=1.279 window=[42,46] fitted=[42, 43, 44, 45, 46]'}
      |         chain push: 1 chunk(s) of 0.40s, change 31.0, best 31.0, hazards none — one push, so `best` IS the whole leg's travel
      |     it  12  k= 49 ->  49  advanced        fix={'k': 49, 'k_float': 49.0, 'inliers': 169, 'dx': -5.0, 'dy': 224.800048828125, 'scale': 1.2764578804885605, 'second': 107, 'detail': 'k=49 (49.00) inliers=169 second=107 dx=-5 scale=1.276 window=[45,49] fitted=[45, 46, 47, 48, 49]'}
      |         chain push: 1 chunk(s) of 0.40s, change 14.1, best 14.1, hazards none — one push, so `best` IS the whole leg's travel
      |         chain strafe: 1 chunk(s) of 0.10s, change 5.2, best 5.2, hazards none — one push, so `best` IS the whole leg's travel
      |     it  13  k= 52 ->  52  advanced        fix={'k': 52, 'k_float': 52.0, 'inliers': 179, 'dx': -41.47198486328125, 'dy': 227.75997924804688, 'scale': 1.1845377014442469, 'second': 156, 'detail': 'k=52 (52.00) inliers=179 second=156 dx=-41 scale=1.185 window=[48,52] fitted=[48, 49, 50, 51, 52]'}  strafe left 0.10s
      |         chain push: 1 chunk(s) of 0.40s, change 16.7, best 16.7, hazards none — one push, so `best` IS the whole leg's travel
      |     it  14  k= 52 ->  55  stalled         fix={'k': 54, 'k_float': 54.0, 'inliers': 141, 'dx': -29.52001953125, 'dy': 216.0, 'scale': 1.1880176741025443, 'second': 128, 'detail': 'k=54 (54.00) inliers=141 second=128 dx=-30 scale=1.188 window=[51,55] fitted=[51, 52, 53, 54, 55]'}
      |         chain push: 1 chunk(s) of 0.40s, change 19.2, best 19.2, hazards none — one push, so `best` IS the whole leg's travel
      |         chain strafe: 1 chunk(s) of 0.10s, change 8.7, best 8.7, hazards none — one push, so `best` IS the whole leg's travel
      |     it  15  k= 52 ->  55  stalled         fix={'k': 54, 'k_float': 54.0, 'inliers': 100, 'dx': 50.68408203125, 'dy': 136.09202575683594, 'scale': 1.4628631715275748, 'second': 89, 'detail': 'k=54 (54.00) inliers=100 second=89 dx=+51 scale=1.463 window=[51,55] fitted=[51, 52, 53, 54, 55]'}  strafe right 0.10s
      |         chain push: 1 chunk(s) of 0.40s, change 25.7, best 25.7, hazards none — one push, so `best` IS the whole leg's travel
      |         chain strafe: 1 chunk(s) of 0.10s, change 14.2, best 14.2, hazards none — one push, so `best` IS the whole leg's travel
      |     it  16  k= 55 ->  55  advanced        fix={'k': 55, 'k_float': 55.0, 'inliers': 35, 'dx': -52.991973876953125, 'dy': 229.00003051757812, 'scale': 1.0874302237460791, 'second': 32, 'detail': 'k=55 (55.00) inliers=35 second=32 dx=-53 scale=1.087 window=[51,55] fitted=[51, 52, 53, 54, 55]'}  strafe left 0.10s
      |         chain push: 1 chunk(s) of 0.40s, change 29.2, best 29.2, hazards none — one push, so `best` IS the whole leg's travel
      |         chain strafe: 1 chunk(s) of 0.10s, change 20.0, best 20.0, hazards none — one push, so `best` IS the whole leg's travel
      |     it  17  k= 58 ->  58  advanced        fix={'k': 58, 'k_float': 58.0, 'inliers': 117, 'dx': -46.79998779296875, 'dy': 261.4000244140625, 'scale': 1.0812081496314752, 'second': 102, 'detail': 'k=58 (58.00) inliers=117 second=102 dx=-47 scale=1.081 window=[54,58] fitted=[54, 55, 56, 57, 58]'}  strafe left 0.10s
      |         chain push: 1 chunk(s) of 0.40s, change 30.0, best 30.0, hazards none — one push, so `best` IS the whole leg's travel
      |         chain strafe: 1 chunk(s) of 0.10s, change 16.2, best 16.2, hazards none — one push, so `best` IS the whole leg's travel
      |     it  18  k= 61 ->  61  advanced        fix={'k': 61, 'k_float': 61.0, 'inliers': 131, 'dx': -36.0, 'dy': 286.1568603515625, 'scale': 1.0936125068907856, 'second': 115, 'detail': 'k=61 (61.00) inliers=131 second=115 dx=-36 scale=1.094 window=[57,61] fitted=[57, 58, 59, 60, 61]'}  strafe left 0.10s
      |         chain push: 1 chunk(s) of 0.40s, change 24.6, best 24.6, hazards none — one push, so `best` IS the whole leg's travel
      |     it  19  k= 61 ->  64  stalled         fix={'k': 63, 'k_float': 63.908130661043124, 'inliers': 121, 'dx': -26.956817626953125, 'dy': 281.18023681640625, 'scale': 1.01799696446167, 'second': 117, 'detail': 'k=63 (63.91) inliers=121 second=117 dx=-27 scale=1.018 window=[60,64] fitted=[60, 61, 62, 63, 64]'}
      |         chain push: 1 chunk(s) of 0.40s, change 21.3, best 21.3, hazards none — one push, so `best` IS the whole leg's travel
      |     it  20  k= 64 ->  64  advanced        fix={'k': 64, 'k_float': 64.0, 'inliers': 121, 'dx': -15.0, 'dy': 279.0, 'scale': 1.037743689245617, 'second': 121, 'detail': 'k=64 (64.00) inliers=121 second=121 dx=-15 scale=1.038 window=[60,64] fitted=[60, 61, 62, 63, 64]'}
      |     it  21  k= 88 ->  88  turned (skipped, same heading) to 1.3495539744498237  (114 inliers at the stop)
      |         chain push: 1 chunk(s) of 0.40s, change 16.0, best 16.0, hazards none — one push, so `best` IS the whole leg's travel
      |         chain strafe: 1 chunk(s) of 0.10s, change 8.3, best 8.3, hazards none — one push, so `best` IS the whole leg's travel
      |     it  22  k= 88 ->  89  stalled         fix={'k': 87, 'k_float': 87.0, 'inliers': 119, 'dx': -38.361602783203125, 'dy': -31.79998779296875, 'scale': 1.179431815060331, 'second': 106, 'detail': 'k=87 (87.00) inliers=119 second=106 dx=-38 scale=1.179 window=[87,91] fitted=[87, 88, 89, 90, 91]'}  strafe left 0.10s
      |         chain push: 1 chunk(s) of 0.40s, change 18.4, best 18.4, hazards none — one push, so `best` IS the whole leg's travel
      |     it  23  k= 88 ->  89  stalled         fix={'k': 88, 'k_float': 88.0, 'inliers': 75, 'dx': -31.93341064453125, 'dy': -38.59197998046875, 'scale': 1.2241717317848062, 'second': 66, 'detail': 'k=88 (88.00) inliers=75 second=66 dx=-32 scale=1.224 window=[87,91] fitted=[87, 88, 89, 90, 91]'}
      |         chain push: 1 chunk(s) of 0.40s, change 14.7, best 14.7, hazards none — one push, so `best` IS the whole leg's travel
      |         chain strafe: 1 chunk(s) of 0.10s, change 2.6, best 2.6, hazards SHORT — one push, so `best` IS the whole leg's travel
      |     it  24  k= 89 ->  89  advanced        fix={'k': 89, 'k_float': 89.0, 'inliers': 59, 'dx': -37.199981689453125, 'dy': -46.03997802734375, 'scale': 1.310144692929315, 'second': 47, 'detail': 'k=89 (89.00) inliers=59 second=47 dx=-37 scale=1.310 window=[87,91] fitted=[87, 88, 89, 90, 91]'}  strafe left 0.10s
      |         chain push: 1 chunk(s) of 0.40s, change 17.7, best 17.7, hazards none — one push, so `best` IS the whole leg's travel
      |         chain strafe: 1 chunk(s) of 0.10s, change 4.0, best 4.0, hazards none — one push, so `best` IS the whole leg's travel
      |     it  25  k= 89 ->  92  stalled         fix={'k': 89, 'k_float': 89.0, 'inliers': 81, 'dx': -40.55035400390625, 'dy': -42.3935546875, 'scale': 1.4111013240190133, 'second': 78, 'detail': 'k=89 (89.00) inliers=81 second=78 dx=-41 scale=1.411 window=[88,92] fitted=[88, 89, 90, 91, 92]'}  strafe left 0.10s
      |         chain push: 1 chunk(s) of 0.40s, change 18.3, best 18.3, hazards none — one push, so `best` IS the whole leg's travel
      |         chain strafe: 1 chunk(s) of 0.10s, change 10.3, best 10.3, hazards none — one push, so `best` IS the whole leg's travel
      |     it  26  k= 89 ->  92  stalled         fix={'k': 89, 'k_float': 89.0, 'inliers': 76, 'dx': -46.18235778808594, 'dy': -39.21403503417969, 'scale': 1.5583158351517488, 'second': 74, 'detail': 'k=89 (89.00) inliers=76 second=74 dx=-46 scale=1.558 window=[88,92] fitted=[88, 89, 90, 91, 92]'}  strafe left 0.10s
      |         chain push: 1 chunk(s) of 0.40s, change 17.0, best 17.0, hazards none — one push, so `best` IS the whole leg's travel
      |     it  27  k= 89 ->  92  stalled         fix={'k': 91, 'k_float': 91.0, 'inliers': 81, 'dx': -34.089569091796875, 'dy': -40.959991455078125, 'scale': 1.6718643350006088, 'second': 72, 'detail': 'k=91 (91.00) inliers=81 second=72 dx=-34 scale=1.672 window=[88,92] fitted=[88, 89, 90, 91, 92]'}
      |         chain push: 1 chunk(s) of 0.40s, change 21.4, best 21.4, hazards none — one push, so `best` IS the whole leg's travel
      |     it  28  k= 89 ->  92  escape:jump     fix={'k': 91, 'k_float': 91.0, 'inliers': 87, 'dx': -41.38397216796875, 'dy': -36.10821533203125, 'scale': 1.8525288475746329, 'second': 57, 'detail': 'k=91 (91.00) inliers=87 second=57 dx=-41 scale=1.853 window=[88,92] fitted=[88, 89, 90, 91, 92]'}
      |         chain push: 1 chunk(s) of 0.40s, change 29.3, best 29.3, hazards none — one push, so `best` IS the whole leg's travel
      |     it  29  k= 92 ->  92  blind-advance   fix={'k': 92, 'k_float': 92.0, 'inliers': 13, 'dx': -36.092071533203125, 'dy': -26.02874755859375, 'scale': 1.8925099789070197, 'second': 11, 'detail': 'k=92 (92.00) inliers=13 second=11 dx=-36 scale=1.893 window=[88,92] fitted=[88, 89, 90, 91, 92]'}
      |         chain push: 1 chunk(s) of 0.40s, change 26.0, best 26.0, hazards none — one push, so `best` IS the whole leg's travel
      |         chain strafe: 1 chunk(s) of 0.10s, change 15.5, best 15.5, hazards none — one push, so `best` IS the whole leg's travel
      |     it  30  k= 94 ->  94  advanced        fix={'k': 95, 'k_float': 95.0, 'inliers': 38, 'dx': -50.67912292480469, 'dy': -39.91737365722656, 'scale': 2.107941782670032, 'second': 12, 'detail': 'k=95 (95.00) inliers=38 second=12 dx=-51 scale=2.108 window=[91,95] fitted=[91, 92, 93, 94, 95]'}  strafe left 0.10s
      |         chain push: 1 chunk(s) of 0.40s, change 23.0, best 23.0, hazards none — one push, so `best` IS the whole leg's travel
      |     it  31  k= 96 ->  96  advanced        fix={'k': 97, 'k_float': 97.0, 'inliers': 55, 'dx': -12.86865234375, 'dy': -45.769561767578125, 'scale': 2.2805179014811485, 'second': 53, 'detail': 'k=97 (97.00) inliers=55 second=53 dx=-13 scale=2.281 window=[93,97] fitted=[93, 94, 95, 96, 97]'}
      |         chain push: 1 chunk(s) of 0.40s, change 19.8, best 19.8, hazards none — one push, so `best` IS the whole leg's travel
      |         chain strafe: 1 chunk(s) of 0.10s, change 11.9, best 11.9, hazards none — one push, so `best` IS the whole leg's travel
      |     it  32  k= 98 ->  98  advanced        fix={'k': 99, 'k_float': 99.0, 'inliers': 65, 'dx': -41.892059326171875, 'dy': -57.471832275390625, 'scale': 2.4730405883211497, 'second': 53, 'detail': 'k=99 (99.00) inliers=65 second=53 dx=-42 scale=2.473 window=[95,99] fitted=[95, 96, 97, 98, 99]'}  strafe left 0.10s
      |         chain push: 1 chunk(s) of 0.40s, change 20.3, best 20.3, hazards none — one push, so `best` IS the whole leg's travel
      |     it  33  k=100 -> 100  advanced        fix={'k': 101, 'k_float': 101.0, 'inliers': 32, 'dx': -1.4959259033203125, 'dy': -94.11000061035156, 'scale': 2.9325101029645095, 'second': 30, 'detail': 'k=101 (101.00) inliers=32 second=30 dx=-1 scale=2.933 window=[97,101] fitted=[97, 98, 99, 100, 101]'}
      |         chain push: 1 chunk(s) of 0.40s, change 20.6, best 20.6, hazards none — one push, so `best` IS the whole leg's travel
      |     it  34  k=102 -> 102  advanced-weak   fix={'k': 103, 'k_float': 103.0, 'inliers': 18, 'dx': -91.08372497558594, 'dy': -135.0773468017578, 'scale': 3.3612691100923735, 'second': 16, 'detail': 'k=103 (103.00) inliers=18 second=16 dx=-91 scale=3.361 window=[99,103] fitted=[99, 100, 101, 102, 103]'}
      |         chain push: 1 chunk(s) of 0.40s, change 27.1, best 27.1, hazards none — one push, so `best` IS the whole leg's travel
      |     it  35  k=104 -> 104  blind-advance   fix=None
      |         chain push: 1 chunk(s) of 0.40s, change 50.4, best 50.4, hazards none — one push, so `best` IS the whole leg's travel
      |     it  36  k=107 -> 107  blind-advance   fix={'k': 107, 'k_float': 107.0, 'inliers': 6, 'dx': -536.9579467773438, 'dy': 162.13919067382812, 'scale': 0.38430308448272216, 'second': 6, 'detail': 'k=107 (107.00) inliers=6 second=6 dx=-537 scale=0.384 window=[103,107] fitted=[106, 107]'}
      |         chain push: 1 chunk(s) of 0.40s, change 48.0, best 48.0, hazards none — one push, so `best` IS the whole leg's travel
      |     it  37  k=109 -> 109  blind-advance   fix={'k': 106, 'k_float': 106.0, 'inliers': 6, 'dx': -537.6000366210938, 'dy': 121.89999389648438, 'scale': 0.10342033482755253, 'second': 6, 'detail': 'k=106 (106.00) inliers=6 second=6 dx=-538 scale=0.103 window=[106,110] fitted=[106, 109]'}
      |         chain push: 1 chunk(s) of 0.40s, change 38.3, best 38.3, hazards none — one push, so `best` IS the whole leg's travel
      |     it  38  k=112 -> 112  blind-advance   fix=None
      |         chain push: 1 chunk(s) of 0.40s, change 24.3, best 24.3, hazards none — one push, so `best` IS the whole leg's travel
      |     it  39  k=114 -> 114  blind-advance   fix=None
      |         turn to 303.3: TURNED to 302.7 (err +0.7) in 1 push(es)
      |         turn to 278.3: TURNED to 277.5 (err +0.8) in 2 push(es)
      |         turn to 328.3: TURNED to 329.8 (err -1.4) in 1 push(es)
      |         turn to 303.3: TURNED to 304.9 (err -1.6) in 1 push(es)
      |     it  40  k=114 -> 129  turn-wait: nothing fits head-on or either side; waited 2s for whatever is there to move
      |         turn to 278.3: TURNED to 278.0 (err +0.3) in 1 push(es)
      |         turn to 328.3: TURNED to 330.2 (err -1.9) in 1 push(es)
      |         turn to 303.3: TURNED to 299.5 (err +3.9) in 2 push(es)
      |         turn to 1.3: TURNED to 0.1 (err +1.2) in 1 push(es)
      |         chain push: 1 chunk(s) of 0.40s, change 11.9, best 11.9, hazards none — one push, so `best` IS the whole leg's travel
      |     it  41  k=114 -> 129  turn-retry 1/3: the stop's frame did not fit (0 inliers); one more push along 1.3
      |         turn to 303.3: TURNED to 306.7 (err -3.4) in 1 push(es)
      |         turn to 278.3: TURNED to 279.3 (err -1.0) in 1 push(es)
      |         turn to 328.3: TURNED to 331.5 (err -3.1) in 1 push(es)
      |         turn to 303.3: TURNED to 304.7 (err -1.3) in 1 push(es)
      |         turn to 1.3: TURNED to 1.7 (err -0.4) in 2 push(es)
      |         chain push: 1 chunk(s) of 0.40s, change 6.9, best 6.9, hazards none — one push, so `best` IS the whole leg's travel
      |     it  42  k=114 -> 129  turn-retry 2/3: the stop's frame did not fit (0 inliers); one more push along 1.3
      |         turn to 303.3: TURNED to 306.0 (err -2.6) in 1 push(es)
      |         turn to 278.3: TURNED to 281.9 (err -3.5) in 1 push(es)
      |         turn to 328.3: TURNED to 328.8 (err -0.5) in 3 push(es)
      |         turn to 303.3: TURNED to 307.0 (err -3.7) in 1 push(es)
      |         turn to 1.3: TURNED to 359.3 (err +2.0) in 1 push(es)
      |         chain push: 1 chunk(s) of 0.40s, change 4.4, best 4.4, hazards none — one push, so `best` IS the whole leg's travel
      |     it  43  k=114 -> 129  turn-retry 3/3: the stop's frame did not fit (0 inliers); one more push along 1.3
      |         turn to 303.3: TURNED to 306.0 (err -2.6) in 1 push(es)
      |         turn to 278.3: TURNED to 279.8 (err -1.4) in 1 push(es)
      |         turn to 328.3: TURNED to 327.7 (err +0.7) in 3 push(es)
      |         turn to 303.3: TURNED to 306.2 (err -2.8) in 1 push(es)
      |     it  44  k=129 -> 129  turned-unverified to 303.34476843910807  (0 inliers at the stop)
      |         turn to 299.8: TURNED to 303.0 (err -3.2) in 1 push(es)
      |         chain push: 1 chunk(s) of 0.40s, change 20.2, best 20.2, hazards none — one push, so `best` IS the whole leg's travel
      |     it  45  k=129 -> 130  miss            fix=None
      |         chain push: 1 chunk(s) of 0.40s, change 1.4, best 1.4, hazards SHORT — one push, so `best` IS the whole leg's travel
      |     it  46  k=129 -> 130  miss            fix=None
      |         chain push: 1 chunk(s) of 0.40s, change 1.7, best 1.7, hazards SHORT — one push, so `best` IS the whole leg's travel
      |         chain strafe: 1 chunk(s) of 0.30s, change 16.1, best 16.1, hazards none — one push, so `best` IS the whole leg's travel
      |     it  47  k=129 -> 130  escape:left     fix=None
      |         chain push: 1 chunk(s) of 0.40s, change 16.7, best 16.7, hazards none — one push, so `best` IS the whole leg's travel
      |     it  48  k=129 -> 130  miss            fix=None
      |         chain push: 1 chunk(s) of 0.40s, change 3.8, best 3.8, hazards none — one push, so `best` IS the whole leg's travel
      |     it  49  k=129 -> 130  miss            fix=None
      |         chain push: 1 chunk(s) of 0.40s, change 3.7, best 3.7, hazards none — one push, so `best` IS the whole leg's travel
      |         chain strafe: 1 chunk(s) of 0.30s, change 19.7, best 19.7, hazards none — one push, so `best` IS the whole leg's travel
      |     it  50  k=129 -> 130  escape:right    fix=None
      |         chain push: 1 chunk(s) of 0.40s, change 19.4, best 19.4, hazards none — one push, so `best` IS the whole leg's travel
      |     it  51  k=129 -> 130  miss            fix=None
      |         chain push: 1 chunk(s) of 0.40s, change 2.1, best 2.1, hazards SHORT — one push, so `best` IS the whole leg's travel
      |     it  52  k=129 -> 130  miss            fix=None
      |         chain push: 1 chunk(s) of 0.40s, change 1.9, best 1.9, hazards SHORT — one push, so `best` IS the whole leg's travel
      |   chain_walk: LOST — 9 iterations with nothing credible after the blind budget at k=129 of 204
[ 4] FAILED    k=129/205  it=53  pushes=48  seconds=113.8 (walk 98.68, setup 13.3)  failure=lost at k=129 of 204: 9 iterations with no credible fix after 6 blind advances
      |   pause menu open (selected 'Resume')
      |   selected: Load Last Save
      |   confirmation dialog up (delta 80.6) -> YES
      |   world back after 3.2s, spawn bearing 87 (E)
      |   setup 13.2s (reset 10.6s, Chain.load 2.6s for 205 waypoints) of a 180s budget
      |   chain_walk: 205 waypoints -> plan of 47 targets (41 push, 6 turn-only); the prompt is checked on every iteration; k rises by at most 1 per iteration, so >= 47 iteration(s). The 180s cap allows 3.83s each. At the last waypoint the walk may spend 3 more iteration(s) — 0.540 walk-units of forward push against OPEN-22's measured 0.05 — and then gives up rather than walking on past the table.
      |         turn to 271.3: TURNED to 270.2 (err +1.1) in 2 push(es)
      |     it   1  k=  4 ->   3  relocalised past the stop: 194 inliers at 4
      |         chain push: 1 chunk(s) of 0.40s, change 20.5, best 20.5, hazards none — one push, so `best` IS the whole leg's travel
      |     it   2  k=  7 ->   7  advanced        fix={'k': 7, 'k_float': 7.0, 'inliers': 81, 'dx': -2.4191970825195312, 'dy': 4.0, 'scale': 1.0684356010263254, 'second': 40, 'detail': 'k=7 (7.00) inliers=81 second=40 dx=-2 scale=1.068 window=[3,7] fitted=[3, 4, 5, 6, 7]'}
      |         chain push: 1 chunk(s) of 0.40s, change 18.3, best 18.3, hazards none — one push, so `best` IS the whole leg's travel
      |     it   3  k= 10 ->  10  advanced        fix={'k': 10, 'k_float': 10.0, 'inliers': 134, 'dx': 7.199951171875, 'dy': 23.0, 'scale': 1.016180928039932, 'second': 121, 'detail': 'k=10 (10.00) inliers=134 second=121 dx=+7 scale=1.016 window=[6,10] fitted=[6, 7, 8, 9, 10]'}
      |         chain push: 1 chunk(s) of 0.40s, change 14.2, best 14.2, hazards none — one push, so `best` IS the whole leg's travel
      |         chain strafe: 1 chunk(s) of 0.10s, change 7.1, best 7.1, hazards none — one push, so `best` IS the whole leg's travel
      |     it   4  k= 10 ->  13  stalled         fix={'k': 11, 'k_float': 12.34572759507752, 'inliers': 29, 'dx': 39.7440185546875, 'dy': 25.000030517578125, 'scale': 1.2180337746318224, 'second': 22, 'detail': 'k=11 (12.35) inliers=29 second=22 dx=+40 scale=1.218 window=[9,13] fitted=[9, 10, 11, 12, 13]'}  strafe right 0.10s
      |         chain push: 1 chunk(s) of 0.40s, change 13.6, best 13.6, hazards none — one push, so `best` IS the whole leg's travel
      |     it   5  k= 13 ->  13  blind-advance   fix={'k': 13, 'k_float': 13.0, 'inliers': 8, 'dx': -124.2080078125, 'dy': 41.49391174316406, 'scale': 1.2554711649048016, 'second': 8, 'detail': 'k=13 (13.00) inliers=8 second=8 dx=-124 scale=1.255 window=[9,13] fitted=[9, 11, 12, 13]'}
      |         chain push: 1 chunk(s) of 0.40s, change 7.4, best 7.4, hazards none — one push, so `best` IS the whole leg's travel
      |     it   6  k= 16 ->  16  blind-advance   fix=None
      |         chain push: 1 chunk(s) of 0.40s, change 8.6, best 8.6, hazards none — one push, so `best` IS the whole leg's travel
      |     it   7  k= 19 ->  19  blind-advance   fix=None
      |         turn to 1.6: TURNED to 358.8 (err +2.8) in 1 push(es)
      |         chain strafe: 1 chunk(s) of 0.12s, change 9.7, best 9.7, hazards none — one push, so `best` IS the whole leg's travel
      |     it   8  k= 39 ->  39  turned-aligned to 1.6055901753868653  (31 inliers at the stop)
      |         chain push: 1 chunk(s) of 0.40s, change 21.6, best 21.6, hazards none — one push, so `best` IS the whole leg's travel
      |     it   9  k= 40 ->  40  advanced-weak   fix={'k': 41, 'k_float': 41.0, 'inliers': 17, 'dx': 23.224365234375, 'dy': 360.28802490234375, 'scale': 1.1945663837948644, 'second': 17, 'detail': 'k=41 (41.00) inliers=17 second=17 dx=+23 scale=1.195 window=[38,42] fitted=[38, 39, 40, 41, 42]'}
      |         chain push: 1 chunk(s) of 0.40s, change 39.7, best 39.7, hazards none — one push, so `best` IS the whole leg's travel
      |         chain strafe: 1 chunk(s) of 0.10s, change 10.0, best 10.0, hazards none — one push, so `best` IS the whole leg's travel
      |     it  10  k= 43 ->  43  advanced        fix={'k': 43, 'k_float': 43.0, 'inliers': 37, 'dx': 62.30401611328125, 'dy': 322.9288024902344, 'scale': 1.3677139711694406, 'second': 33, 'detail': 'k=43 (43.00) inliers=37 second=33 dx=+62 scale=1.368 window=[39,43] fitted=[39, 40, 41, 42, 43]'}  strafe right 0.10s
      |         chain push: 1 chunk(s) of 0.40s, change 32.2, best 32.2, hazards none — one push, so `best` IS the whole leg's travel
      |         chain strafe: 1 chunk(s) of 0.10s, change 1.5, best 1.5, hazards SHORT — one push, so `best` IS the whole leg's travel
      |     it  11  k= 46 ->  46  advanced        fix={'k': 46, 'k_float': 46.0, 'inliers': 47, 'dx': 59.3856201171875, 'dy': 260.7898864746094, 'scale': 1.4248630133050997, 'second': 36, 'detail': 'k=46 (46.00) inliers=47 second=36 dx=+59 scale=1.425 window=[42,46] fitted=[42, 43, 44, 45, 46]'}  strafe right 0.10s
      |         chain push: 1 chunk(s) of 0.40s, change 21.2, best 21.2, hazards none — one push, so `best` IS the whole leg's travel
      |         chain strafe: 1 chunk(s) of 0.12s, change 2.8, best 2.8, hazards SHORT — one push, so `best` IS the whole leg's travel
      |     it  12  k= 49 ->  49  advanced        fix={'k': 49, 'k_float': 49.0, 'inliers': 158, 'dx': 85.5120849609375, 'dy': 217.70001220703125, 'scale': 1.456597036428481, 'second': 104, 'detail': 'k=49 (49.00) inliers=158 second=104 dx=+86 scale=1.457 window=[45,49] fitted=[45, 46, 47, 48, 49]'}  strafe right 0.12s
      |         chain push: 1 chunk(s) of 0.40s, change 16.8, best 16.8, hazards none — one push, so `best` IS the whole leg's travel
      |         chain strafe: 1 chunk(s) of 0.10s, change 1.7, best 1.7, hazards SHORT — one push, so `best` IS the whole leg's travel
      |     it  13  k= 52 ->  52  advanced        fix={'k': 52, 'k_float': 52.0, 'inliers': 126, 'dx': 69.780029296875, 'dy': 200.3193359375, 'scale': 1.3998805010106212, 'second': 95, 'detail': 'k=52 (52.00) inliers=126 second=95 dx=+70 scale=1.400 window=[48,52] fitted=[48, 49, 50, 51, 52]'}  strafe right 0.10s
      |         chain push: 1 chunk(s) of 0.40s, change 20.8, best 20.8, hazards none — one push, so `best` IS the whole leg's travel
      |         chain strafe: 1 chunk(s) of 0.11s, change 3.5, best 3.5, hazards none — one push, so `best` IS the whole leg's travel
      |     it  14  k= 55 ->  55  advanced        fix={'k': 55, 'k_float': 55.0, 'inliers': 83, 'dx': 81.800048828125, 'dy': 157.968017578125, 'scale': 1.4120606149679424, 'second': 69, 'detail': 'k=55 (55.00) inliers=83 second=69 dx=+82 scale=1.412 window=[51,55] fitted=[51, 52, 53, 54, 55]'}  strafe right 0.11s
      |         chain push: 1 chunk(s) of 0.40s, change 25.9, best 25.9, hazards none — one push, so `best` IS the whole leg's travel
      |     it  15  k= 58 ->  58  advanced        fix={'k': 58, 'k_float': 58.0, 'inliers': 111, 'dx': 29.85986328125, 'dy': 276.0, 'scale': 1.036754228215203, 'second': 99, 'detail': 'k=58 (58.00) inliers=111 second=99 dx=+30 scale=1.037 window=[54,58] fitted=[54, 55, 56, 57, 58]'}
      |         chain push: 1 chunk(s) of 0.40s, change 31.6, best 31.6, hazards none — one push, so `best` IS the whole leg's travel
      |     it  16  k= 61 ->  61  advanced        fix={'k': 61, 'k_float': 61.0, 'inliers': 158, 'dx': 34.800018310546875, 'dy': 298.8000183105469, 'scale': 1.0386857082101997, 'second': 128, 'detail': 'k=61 (61.00) inliers=158 second=128 dx=+35 scale=1.039 window=[57,61] fitted=[57, 58, 59, 60, 61]'}
      |         chain push: 1 chunk(s) of 0.40s, change 31.8, best 31.8, hazards none — one push, so `best` IS the whole leg's travel
      |         chain strafe: 1 chunk(s) of 0.10s, change 21.5, best 21.5, hazards none — one push, so `best` IS the whole leg's travel
      |     it  17  k= 61 ->  64  stalled         fix={'k': 63, 'k_float': 63.0, 'inliers': 145, 'dx': 39.813140869140625, 'dy': 294.45123291015625, 'scale': 1.0291395571872586, 'second': 120, 'detail': 'k=63 (63.00) inliers=145 second=120 dx=+40 scale=1.029 window=[60,64] fitted=[60, 61, 62, 63, 64]'}  strafe right 0.10s
      |         chain push: 1 chunk(s) of 0.40s, change 24.8, best 24.8, hazards none — one push, so `best` IS the whole leg's travel
      |         chain strafe: 1 chunk(s) of 0.10s, change 12.8, best 12.8, hazards none — one push, so `best` IS the whole leg's travel
      |     it  18  k= 61 ->  64  stalled         fix={'k': 63, 'k_float': 63.0, 'inliers': 144, 'dx': 39.7440185546875, 'dy': 300.3207092285156, 'scale': 1.1026538113612498, 'second': 137, 'detail': 'k=63 (63.00) inliers=144 second=137 dx=+40 scale=1.103 window=[60,64] fitted=[60, 61, 62, 63, 64]'}  strafe right 0.10s
      |         chain push: 1 chunk(s) of 0.40s, change 7.6, best 7.6, hazards none — one push, so `best` IS the whole leg's travel
      |     it  19  k= 61 ->  64  stalled         fix={'k': 63, 'k_float': 63.0, 'inliers': 136, 'dx': 13.235549926757812, 'dy': 310.0896301269531, 'scale': 1.1305831054627913, 'second': 129, 'detail': 'k=63 (63.00) inliers=136 second=129 dx=+13 scale=1.131 window=[60,64] fitted=[60, 61, 62, 63, 64]'}
      |         chain push: 1 chunk(s) of 0.40s, change 5.6, best 5.6, hazards none — one push, so `best` IS the whole leg's travel
      |     it  20  k= 64 ->  64  advanced        fix={'k': 64, 'k_float': 64.0, 'inliers': 131, 'dx': 13.4783935546875, 'dy': 311.3856201171875, 'scale': 1.1056910134608278, 'second': 121, 'detail': 'k=64 (64.00) inliers=131 second=121 dx=+13 scale=1.106 window=[60,64] fitted=[60, 61, 62, 63, 64]'}
      |         turn to 336.3: TURNED to 338.1 (err -1.8) in 1 push(es)
      |         turn to 26.3: TURNED to 25.6 (err +0.8) in 1 push(es)
      |         turn to 1.3: TURNED to 2.3 (err -0.9) in 1 push(es)
      |         chain strafe: 1 chunk(s) of 0.14s, change 12.5, best 12.5, hazards none — one push, so `best` IS the whole leg's travel
      |     it  21  k= 88 ->  88  turned-looked (skipped, same heading) to 1.3495539744498237  (102 inliers at the stop)
      |         chain push: 1 chunk(s) of 0.40s, change 17.6, best 17.6, hazards none — one push, so `best` IS the whole leg's travel
      |         chain strafe: 1 chunk(s) of 0.10s, change 9.1, best 9.1, hazards none — one push, so `best` IS the whole leg's travel
      |     it  22  k= 88 ->  89  stalled         fix={'k': 88, 'k_float': 88.0, 'inliers': 90, 'dx': -64.12605285644531, 'dy': -65.19999694824219, 'scale': 1.2480484901417588, 'second': 88, 'detail': 'k=88 (88.00) inliers=90 second=88 dx=-64 scale=1.248 window=[87,91] fitted=[87, 88, 89, 90, 91]'}  strafe left 0.10s
      |         chain push: 1 chunk(s) of 0.40s, change 20.1, best 20.1, hazards none — one push, so `best` IS the whole leg's travel
      |         chain strafe: 1 chunk(s) of 0.10s, change 10.4, best 10.4, hazards none — one push, so `best` IS the whole leg's travel
      |     it  23  k= 89 ->  89  advanced        fix={'k': 91, 'k_float': 91.0, 'inliers': 76, 'dx': -35.325592041015625, 'dy': -51.45597839355469, 'scale': 1.1266213892176875, 'second': 74, 'detail': 'k=91 (91.00) inliers=76 second=74 dx=-35 scale=1.127 window=[87,91] fitted=[87, 88, 89, 90, 91]'}  strafe left 0.10s
      |         chain push: 1 chunk(s) of 0.40s, change 16.4, best 16.4, hazards none — one push, so `best` IS the whole leg's travel
      |     it  24  k= 89 ->  92  stalled         fix={'k': 90, 'k_float': 90.0, 'inliers': 78, 'dx': -24.691177368164062, 'dy': -44.16706848144531, 'scale': 1.3934985321611513, 'second': 68, 'detail': 'k=90 (90.00) inliers=78 second=68 dx=-25 scale=1.393 window=[88,92] fitted=[88, 89, 90, 91, 92]'}
      |         chain push: 1 chunk(s) of 0.40s, change 17.8, best 17.8, hazards none — one push, so `best` IS the whole leg's travel
      |     it  25  k= 89 ->  92  stalled         fix={'k': 88, 'k_float': 88.0, 'inliers': 85, 'dx': -27.952056884765625, 'dy': -39.315399169921875, 'scale': 1.5716696626338225, 'second': 84, 'detail': 'k=88 (88.00) inliers=85 second=84 dx=-28 scale=1.572 window=[88,92] fitted=[88, 89, 90, 91, 92]'}
      |         chain push: 1 chunk(s) of 0.40s, change 18.1, best 18.1, hazards none — one push, so `best` IS the whole leg's travel
      |     it  26  k= 92 ->  92  advanced        fix={'k': 92, 'k_float': 92.0, 'inliers': 80, 'dx': -30.75836181640625, 'dy': -39.95997619628906, 'scale': 1.5779658259345823, 'second': 77, 'detail': 'k=92 (92.00) inliers=80 second=77 dx=-31 scale=1.578 window=[88,92] fitted=[88, 89, 90, 91, 92]'}
      |         chain push: 1 chunk(s) of 0.40s, change 21.6, best 21.6, hazards none — one push, so `best` IS the whole leg's travel
      |         chain strafe: 1 chunk(s) of 0.10s, change 12.5, best 12.5, hazards none — one push, so `best` IS the whole leg's travel
      |     it  27  k= 94 ->  94  advanced        fix={'k': 95, 'k_float': 95.0, 'inliers': 135, 'dx': -44.4786376953125, 'dy': -10.511932373046875, 'scale': 1.6153775987487808, 'second': 82, 'detail': 'k=95 (95.00) inliers=135 second=82 dx=-44 scale=1.615 window=[91,95] fitted=[91, 92, 93, 94, 95]'}  strafe left 0.10s
      |         chain push: 1 chunk(s) of 0.40s, change 24.3, best 24.3, hazards none — one push, so `best` IS the whole leg's travel
      |     it  28  k= 96 ->  96  advanced        fix={'k': 97, 'k_float': 97.0, 'inliers': 98, 'dx': -17.262664794921875, 'dy': -19.918792724609375, 'scale': 1.65002102724137, 'second': 82, 'detail': 'k=97 (97.00) inliers=98 second=82 dx=-17 scale=1.650 window=[93,97] fitted=[93, 94, 95, 96, 97]'}
      |         chain push: 1 chunk(s) of 0.40s, change 26.6, best 26.6, hazards none — one push, so `best` IS the whole leg's travel
      |     it  29  k= 98 ->  98  advanced        fix={'k': 99, 'k_float': 99.0, 'inliers': 127, 'dx': -21.815948486328125, 'dy': -27.687957763671875, 'scale': 1.7022695680828535, 'second': 102, 'detail': 'k=99 (99.00) inliers=127 second=102 dx=-22 scale=1.702 window=[95,99] fitted=[95, 96, 97, 98, 99]'}
      |         chain push: 1 chunk(s) of 0.40s, change 25.1, best 25.1, hazards none — one push, so `best` IS the whole leg's travel
      |     it  30  k=100 -> 100  advanced        fix={'k': 101, 'k_float': 101.0, 'inliers': 117, 'dx': -22.9822998046875, 'dy': -38.5191650390625, 'scale': 1.795039706819292, 'second': 91, 'detail': 'k=101 (101.00) inliers=117 second=91 dx=-23 scale=1.795 window=[97,101] fitted=[97, 98, 99, 100, 101]'}
      |         chain push: 1 chunk(s) of 0.40s, change 22.5, best 22.5, hazards none — one push, so `best` IS the whole leg's travel
      |     it  31  k=102 -> 102  advanced        fix={'k': 103, 'k_float': 103.0, 'inliers': 106, 'dx': -33.3642578125, 'dy': -53.7470703125, 'scale': 1.989316675190053, 'second': 103, 'detail': 'k=103 (103.00) inliers=106 second=103 dx=-33 scale=1.989 window=[99,103] fitted=[99, 100, 101, 102, 103]'}
      |         chain push: 1 chunk(s) of 0.40s, change 22.0, best 22.0, hazards none — one push, so `best` IS the whole leg's travel
      |         chain strafe: 1 chunk(s) of 0.16s, change 13.4, best 13.4, hazards none — one push, so `best` IS the whole leg's travel
      |     it  32  k=104 -> 104  advanced        fix={'k': 105, 'k_float': 105.0, 'inliers': 62, 'dx': -116.97830200195312, 'dy': -91.05581665039062, 'scale': 2.503781939679967, 'second': 49, 'detail': 'k=105 (105.00) inliers=62 second=49 dx=-117 scale=2.504 window=[101,105] fitted=[101, 102, 103, 104, 105]'}  strafe left 0.16s
      |         chain push: 1 chunk(s) of 0.40s, change 23.9, best 23.9, hazards none — one push, so `best` IS the whole leg's travel
      |     it  33  k=107 -> 107  blind-advance   fix={'k': 107, 'k_float': 107.0, 'inliers': 12, 'dx': 51.08477783203125, 'dy': -137.30587768554688, 'scale': 3.2193236853964944, 'second': 8, 'detail': 'k=107 (107.00) inliers=12 second=8 dx=+51 scale=3.219 window=[103,107] fitted=[104, 105, 106, 107]'}
      |         chain push: 1 chunk(s) of 0.40s, change 45.6, best 45.6, hazards none — one push, so `best` IS the whole leg's travel
      |     it  34  k=109 -> 109  blind-advance   fix={'k': 107, 'k_float': 107.0, 'inliers': 6, 'dx': -473.61602783203125, 'dy': -125.8600082397461, 'scale': 0.35990636217469024, 'second': 0, 'detail': 'k=107 (107.00) inliers=6 second=0 dx=-474 scale=0.360 window=[106,110] fitted=[107]'}
      |         chain push: 1 chunk(s) of 0.40s, change 43.5, best 43.5, hazards none — one push, so `best` IS the whole leg's travel
      |     it  35  k=112 -> 112  blind-advance   fix={'k': 112, 'k_float': 112.0, 'inliers': 6, 'dx': 30.933441162109375, 'dy': -176.54750061035156, 'scale': 4.014616655860428, 'second': 0, 'detail': 'k=112 (112.00) inliers=6 second=0 dx=+31 scale=4.015 window=[108,112] fitted=[112]'}
      |         chain push: 1 chunk(s) of 0.40s, change 47.4, best 47.4, hazards none — one push, so `best` IS the whole leg's travel
      |     it  36  k=114 -> 114  blind-advance   fix={'k': 115, 'k_float': 115.0, 'inliers': 14, 'dx': -119.31063842773438, 'dy': -73.11602020263672, 'scale': 2.949127050998102, 'second': 8, 'detail': 'k=115 (115.00) inliers=14 second=8 dx=-119 scale=2.949 window=[111,115] fitted=[111, 113, 114, 115]'}
      |         turn to 303.3: TURNED to 304.1 (err -0.8) in 1 push(es)
      |         turn to 278.3: TURNED to 279.9 (err -1.6) in 1 push(es)
      |         turn to 328.3: TURNED to 326.1 (err +2.2) in 1 push(es)
      |         turn to 303.3: TURNED to 306.2 (err -2.9) in 1 push(es)
      |         chain strafe: 1 chunk(s) of 0.59s, change 44.6, best 44.6, hazards none — one push, so `best` IS the whole leg's travel
      |     it  37  k=129 -> 129  turned-looked to 303.34476843910807  (160 inliers at the stop)
      |         turn to 299.8: TURNED to 300.3 (err -0.5) in 1 push(es)
      |         chain push: 1 chunk(s) of 0.40s, change 13.7, best 13.7, hazards none — one push, so `best` IS the whole leg's travel
      |         chain strafe: 1 chunk(s) of 0.30s, change 12.5, best 12.5, hazards none — one push, so `best` IS the whole leg's travel
      |     it  38  k=130 -> 130  advanced        fix={'k': 130, 'k_float': 130.0, 'inliers': 148, 'dx': -276.05377197265625, 'dy': -61.739990234375, 'scale': 1.291891608968671, 'second': 142, 'detail': 'k=130 (130.00) inliers=148 second=142 dx=-276 scale=1.292 window=[128,132] fitted=[128, 129, 130, 131, 132]'}  strafe left 0.30s
      |         turn to 298.3: NO-OP, already inside 4.0 deg (at 300.4, err -2.1) — nothing was sent, the recorded curve was discarded, and the caller's step line will look like a turn that happened
      |         chain push: 1 chunk(s) of 0.40s, change 14.0, best 14.0, hazards none — one push, so `best` IS the whole leg's travel
      |         chain strafe: 1 chunk(s) of 0.30s, change 14.4, best 14.4, hazards none — one push, so `best` IS the whole leg's travel
      |     it  39  k=130 -> 133  stalled         fix={'k': 130, 'k_float': 130.0, 'inliers': 147, 'dx': -256.50433349609375, 'dy': -76.24214172363281, 'scale': 1.5541126147405073, 'second': 146, 'detail': 'k=130 (130.00) inliers=147 second=146 dx=-257 scale=1.554 window=[129,133] fitted=[129, 130, 131, 132, 133]'}  strafe left 0.30s
      |         chain push: 1 chunk(s) of 0.40s, change 25.9, best 25.9, hazards none — one push, so `best` IS the whole leg's travel
      |         chain strafe: 1 chunk(s) of 0.30s, change 24.6, best 24.6, hazards none — one push, so `best` IS the whole leg's travel
      |     it  40  k=130 -> 133  stalled         fix={'k': 132, 'k_float': 132.0, 'inliers': 107, 'dx': -275.9423828125, 'dy': -124.58106994628906, 'scale': 2.106328788620278, 'second': 83, 'detail': 'k=132 (132.00) inliers=107 second=83 dx=-276 scale=2.106 window=[129,133] fitted=[129, 130, 131, 132, 133]'}  strafe left 0.30s
      |         chain push: 1 chunk(s) of 0.40s, change 28.0, best 28.0, hazards none — one push, so `best` IS the whole leg's travel
      |         chain strafe: 1 chunk(s) of 0.29s, change 31.2, best 31.2, hazards none — one push, so `best` IS the whole leg's travel
      |     it  41  k=130 -> 133  stalled         fix={'k': 131, 'k_float': 131.0, 'inliers': 42, 'dx': -212.15933227539062, 'dy': -189.33489990234375, 'scale': 2.9574008578788944, 'second': 41, 'detail': 'k=131 (131.00) inliers=42 second=41 dx=-212 scale=2.957 window=[129,133] fitted=[129, 130, 131, 132, 133]'}  strafe left 0.29s
      |         chain push: 1 chunk(s) of 0.40s, change 34.7, best 34.7, hazards none — one push, so `best` IS the whole leg's travel
      |         chain strafe: 1 chunk(s) of 0.29s, change 41.4, best 41.4, hazards none — one push, so `best` IS the whole leg's travel
      |     it  42  k=133 -> 133  advanced-weak   fix={'k': 133, 'k_float': 133.0, 'inliers': 16, 'dx': -182.30068969726562, 'dy': -202.42318725585938, 'scale': 4.159652707722462, 'second': 10, 'detail': 'k=133 (133.00) inliers=16 second=10 dx=-182 scale=4.160 window=[129,133] fitted=[129, 131, 133]'}  strafe left 0.29s
      |         chain push: 1 chunk(s) of 0.40s, change 38.0, best 38.0, hazards none — one push, so `best` IS the whole leg's travel
      |         chain strafe: 1 chunk(s) of 0.10s, change 31.1, best 31.1, hazards none — one push, so `best` IS the whole leg's travel
      |     it  43  k=136 -> 136  advanced        fix={'k': 136, 'k_float': 136.0, 'inliers': 52, 'dx': -71.06178283691406, 'dy': -169.56332397460938, 'scale': 3.3177012894927254, 'second': 12, 'detail': 'k=136 (136.00) inliers=52 second=12 dx=-71 scale=3.318 window=[132,136] fitted=[132, 133, 135, 136]'}  strafe left 0.10s
      |         chain push: 1 chunk(s) of 0.40s, change 39.6, best 39.6, hazards none — one push, so `best` IS the whole leg's travel
      |         chain strafe: 1 chunk(s) of 0.18s, change 40.2, best 40.2, hazards none — one push, so `best` IS the whole leg's travel
      |     it  44  k=136 -> 139  stalled         fix={'k': 138, 'k_float': 138.0, 'inliers': 63, 'dx': -131.0931854248047, 'dy': -185.523193359375, 'scale': 2.9583842763887946, 'second': 10, 'detail': 'k=138 (138.00) inliers=63 second=10 dx=-131 scale=2.958 window=[135,139] fitted=[138, 139]'}  strafe left 0.18s
      |         chain push: 1 chunk(s) of 0.40s, change 37.0, best 37.0, hazards none — one push, so `best` IS the whole leg's travel
      |         chain strafe: 1 chunk(s) of 0.21s, change 37.8, best 37.8, hazards none — one push, so `best` IS the whole leg's travel
      |     it  45  k=139 -> 139  advanced-past   fix={'k': 136, 'k_float': 136.0, 'inliers': 53, 'dx': -151.99508666992188, 'dy': -163.5081787109375, 'scale': 3.3890685215489365, 'second': 24, 'detail': 'k=136 (136.00) inliers=53 second=24 dx=-152 scale=3.389 window=[135,139] fitted=[135, 136, 137, 139]'}  strafe left 0.21s
      |         chain push: 1 chunk(s) of 0.40s, change 38.5, best 38.5, hazards none — one push, so `best` IS the whole leg's travel
      |         chain strafe: 1 chunk(s) of 0.12s, change 29.7, best 29.7, hazards none — one push, so `best` IS the whole leg's travel
      |     it  46  k=142 -> 142  advanced        fix={'k': 142, 'k_float': 142.0, 'inliers': 54, 'dx': -85.43035125732422, 'dy': -132.8502197265625, 'scale': 2.0664768251686443, 'second': 25, 'detail': 'k=142 (142.00) inliers=54 second=25 dx=-85 scale=2.066 window=[138,142] fitted=[138, 139, 140, 141, 142]'}  strafe left 0.12s
      |         turn to 2.2: TURNED to 0.5 (err +1.8) in 2 push(es)
      |         chain strafe: 1 chunk(s) of 0.29s, change 29.3, best 29.3, hazards none — one push, so `best` IS the whole leg's travel
      |     it  47  k=166 -> 166  turned-aligned to 2.2489998976495684  (115 inliers at the stop)
      |         chain push: 1 chunk(s) of 0.40s, change 29.8, best 29.8, hazards none — one push, so `best` IS the whole leg's travel
      |         chain strafe: 1 chunk(s) of 0.30s, change 31.4, best 31.4, hazards none — one push, so `best` IS the whole leg's travel
      |     it  48  k=167 -> 167  advanced        fix={'k': 168, 'k_float': 168.0, 'inliers': 110, 'dx': 215.03997802734375, 'dy': -97.32958984375, 'scale': 1.227846588109433, 'second': 105, 'detail': 'k=168 (168.00) inliers=110 second=105 dx=+215 scale=1.228 window=[165,169] fitted=[165, 166, 167, 168, 169]'}  strafe right 0.30s
      |         turn to 4.3: NO-OP, already inside 4.0 deg (at 0.6, err +3.6) — nothing was sent, the recorded curve was discarded, and the caller's step line will look like a turn that happened
      |         chain push: 1 chunk(s) of 0.40s, change 36.2, best 36.2, hazards none — one push, so `best` IS the whole leg's travel
      |         chain strafe: 1 chunk(s) of 0.25s, change 31.9, best 31.9, hazards none — one push, so `best` IS the whole leg's travel
      |     it  49  k=169 -> 169  advanced        fix={'k': 169, 'k_float': 169.0, 'inliers': 120, 'dx': 182.84002685546875, 'dy': -92.90780639648438, 'scale': 1.4043366071723142, 'second': 119, 'detail': 'k=169 (169.00) inliers=120 second=119 dx=+183 scale=1.404 window=[166,170] fitted=[166, 167, 168, 169, 170]'}  strafe right 0.25s
      |         turn to 2.2: NO-OP, already inside 4.0 deg (at 0.6, err +1.6) — nothing was sent, the recorded curve was discarded, and the caller's step line will look like a turn that happened
      |         chain push: 1 chunk(s) of 0.40s, change 39.3, best 39.3, hazards none — one push, so `best` IS the whole leg's travel
      |         chain strafe: 1 chunk(s) of 0.24s, change 32.0, best 32.0, hazards none — one push, so `best` IS the whole leg's travel
      |     it  50  k=171 -> 171  advanced-past   fix={'k': 169, 'k_float': 169.0, 'inliers': 116, 'dx': 174.42678833007812, 'dy': -100.75384521484375, 'scale': 1.685359743697074, 'second': 102, 'detail': 'k=169 (169.00) inliers=116 second=102 dx=+174 scale=1.685 window=[168,172] fitted=[168, 169, 170, 171, 172]'}  strafe right 0.24s
      |         chain push: 1 chunk(s) of 0.40s, change 32.6, best 32.6, hazards none — one push, so `best` IS the whole leg's travel
      |     it  51  k=173 -> 173  advanced        fix={'k': 173, 'k_float': 173.0, 'inliers': 67, 'dx': -19.325897216796875, 'dy': -126.3743896484375, 'scale': 1.5085838187985574, 'second': 62, 'detail': 'k=173 (173.00) inliers=67 second=62 dx=-19 scale=1.509 window=[170,174] fitted=[170, 171, 172, 173, 174]'}
      |         chain push: 1 chunk(s) of 0.40s, change 33.9, best 33.9, hazards none — one push, so `best` IS the whole leg's travel
      |     it  52  k=176 -> 176  advanced        fix={'k': 176, 'k_float': 176.0, 'inliers': 77, 'dx': -7.79998779296875, 'dy': -137.20318603515625, 'scale': 1.464302870233547, 'second': 60, 'detail': 'k=176 (176.00) inliers=77 second=60 dx=-8 scale=1.464 window=[172,176] fitted=[172, 173, 174, 175, 176]'}
      |         turn to 89.5: TURNED to 86.8 (err +2.7) in 1 push(es)
      |         turn to 64.5: TURNED to 68.3 (err -3.8) in 1 push(es)
      |         turn to 114.5: TURNED to 115.7 (err -1.2) in 1 push(es)
      |         turn to 89.5: TURNED to 92.2 (err -2.7) in 2 push(es)
      |     it  53  k=196 -> 196  turned-looked to 89.491477293153  (117 inliers at the stop)
      |         chain push: 1 chunk(s) of 0.40s, change 33.5, best 33.5, hazards none — one push, so `best` IS the whole leg's travel
      |     it  54  k=196 -> 197  stalled         fix={'k': 195, 'k_float': 195.0, 'inliers': 91, 'dx': -13.399993896484375, 'dy': -61.171173095703125, 'scale': 1.2128813275107244, 'second': 90, 'detail': 'k=195 (195.00) inliers=91 second=90 dx=-13 scale=1.213 window=[195,199] fitted=[195, 196, 197, 198, 199]'}
      |         chain push: 1 chunk(s) of 0.40s, change 43.0, best 43.0, hazards none — one push, so `best` IS the whole leg's travel
      |     it  55  k=196 -> 197  stalled         fix={'k': 196, 'k_float': 196.0, 'inliers': 80, 'dx': -26.62762451171875, 'dy': -40.581573486328125, 'scale': 1.5713652830107532, 'second': 75, 'detail': 'k=196 (196.00) inliers=80 second=75 dx=-27 scale=1.571 window=[195,199] fitted=[195, 196, 197, 198, 199]'}
      |         chain push: 1 chunk(s) of 0.40s, change 52.3, best 52.3, hazards none — one push, so `best` IS the whole leg's travel
      |   chain_walk: ARRIVED at iteration 56, k=196 (target 197 of 204), 50 push(es)
[ 5] ARRIVED   k=196/205  it=56  pushes=50  seconds=106.3 (walk 91.23, setup 13.2)  failure=None
      |   pause menu open (selected 'Resume')
      |   selected: Load Last Save
      |   confirmation dialog up (delta 82.7) -> YES
      |   world back after 3.2s, spawn bearing 87 (E)
      |   setup 13.1s (reset 10.5s, Chain.load 2.6s for 205 waypoints) of a 180s budget
      |   chain_walk: 205 waypoints -> plan of 47 targets (41 push, 6 turn-only); the prompt is checked on every iteration; k rises by at most 1 per iteration, so >= 47 iteration(s). The 180s cap allows 3.83s each. At the last waypoint the walk may spend 3 more iteration(s) — 0.540 walk-units of forward push against OPEN-22's measured 0.05 — and then gives up rather than walking on past the table.
      |         turn to 271.3: TURNED to 270.8 (err +0.5) in 2 push(es)
      |     it   1  k=  4 ->   3  relocalised past the stop: 197 inliers at 4
      |         chain push: 1 chunk(s) of 0.40s, change 20.4, best 20.4, hazards none — one push, so `best` IS the whole leg's travel
      |     it   2  k=  7 ->   7  advanced        fix={'k': 7, 'k_float': 7.0, 'inliers': 59, 'dx': -14.51519775390625, 'dy': 5.4000244140625, 'scale': 1.0687700876111839, 'second': 27, 'detail': 'k=7 (7.00) inliers=59 second=27 dx=-15 scale=1.069 window=[3,7] fitted=[3, 4, 5, 6, 7]'}
      |         chain push: 1 chunk(s) of 0.40s, change 19.0, best 19.0, hazards none — one push, so `best` IS the whole leg's travel
      |     it   3  k= 10 ->  10  advanced        fix={'k': 10, 'k_float': 10.0, 'inliers': 152, 'dx': -1.199951171875, 'dy': 24.8831787109375, 'scale': 1.0665433431609237, 'second': 108, 'detail': 'k=10 (10.00) inliers=152 second=108 dx=-1 scale=1.067 window=[6,10] fitted=[6, 7, 8, 9, 10]'}
      |         chain push: 1 chunk(s) of 0.40s, change 13.9, best 13.9, hazards none — one push, so `best` IS the whole leg's travel
      |     it   4  k= 12 ->  13  advanced-weak   fix={'k': 12, 'k_float': 12.56614959956977, 'inliers': 23, 'dx': -34.83648681640625, 'dy': 5.183990478515625, 'scale': 1.1156864490271197, 'second': 20, 'detail': 'k=12 (12.57) inliers=23 second=20 dx=-35 scale=1.116 window=[9,13] fitted=[9, 10, 11, 12, 13]'}
      |         chain push: 1 chunk(s) of 0.40s, change 13.0, best 13.0, hazards none — one push, so `best` IS the whole leg's travel
      |     it   5  k= 13 ->  13  advanced-weak   fix={'k': 15, 'k_float': 14.720494021733655, 'inliers': 15, 'dx': -87.0, 'dy': 11.4000244140625, 'scale': 0.9530721237989831, 'second': 10, 'detail': 'k=15 (14.72) inliers=15 second=10 dx=-87 scale=0.953 window=[11,15] fitted=[11, 13, 14, 15]'}
      |         chain push: 1 chunk(s) of 0.40s, change 7.8, best 7.8, hazards none — one push, so `best` IS the whole leg's travel
      |     it   6  k= 16 ->  16  blind-advance   fix=None
      |         chain push: 1 chunk(s) of 0.40s, change 8.3, best 8.3, hazards none — one push, so `best` IS the whole leg's travel
      |     it   7  k= 19 ->  19  blind-advance   fix=None
      |         turn to 1.6: TURNED to 358.1 (err +3.5) in 1 push(es)
      |         turn to 336.6: TURNED to 335.3 (err +1.3) in 2 push(es)
      |         turn to 26.6: TURNED to 26.2 (err +0.4) in 1 push(es)
      |         turn to 1.6: TURNED to 3.3 (err -1.7) in 1 push(es)
      |     it   8  k= 19 ->  39  turn-wait: nothing fits head-on or either side; waited 2s for whatever is there to move
      |         turn to 336.6: TURNED to 338.4 (err -1.8) in 1 push(es)
      |         turn to 26.6: TURNED to 26.9 (err -0.3) in 1 push(es)
      |         turn to 1.6: TURNED to 1.5 (err +0.1) in 1 push(es)
      |         turn to 271.3: TURNED to 271.0 (err +0.3) in 2 push(es)
      |         chain push: 1 chunk(s) of 0.40s, change 8.8, best 8.8, hazards none — one push, so `best` IS the whole leg's travel
      |     it   9  k= 19 ->  39  turn-retry 1/3: the stop's frame did not fit (15 inliers); one more push along 271.3
      |         turn to 1.6: TURNED to 2.1 (err -0.5) in 1 push(es)
      |         turn to 336.6: TURNED to 335.8 (err +0.8) in 2 push(es)
      |         turn to 26.6: TURNED to 24.4 (err +2.2) in 1 push(es)
      |         turn to 1.6: TURNED to 3.0 (err -1.3) in 1 push(es)
      |     it  10  k= 39 ->  39  turned-looked to 1.6055901753868653  (71 inliers at the stop)
      |         chain push: 1 chunk(s) of 0.40s, change 16.2, best 16.2, hazards none — one push, so `best` IS the whole leg's travel
      |     it  11  k= 40 ->  40  advanced        fix={'k': 42, 'k_float': 42.0, 'inliers': 80, 'dx': -9.503982543945312, 'dy': 293.58001708984375, 'scale': 1.3146593897388938, 'second': 64, 'detail': 'k=42 (42.00) inliers=80 second=64 dx=-10 scale=1.315 window=[38,42] fitted=[38, 39, 40, 41, 42]'}
      |         chain push: 1 chunk(s) of 0.40s, change 23.1, best 23.1, hazards none — one push, so `best` IS the whole leg's travel
      |         chain strafe: 1 chunk(s) of 0.10s, change 14.4, best 14.4, hazards none — one push, so `best` IS the whole leg's travel
      |     it  12  k= 40 ->  43  stalled         fix={'k': 39, 'k_float': 39.0, 'inliers': 54, 'dx': 45.1199951171875, 'dy': 284.44903564453125, 'scale': 1.2486865561834328, 'second': 49, 'detail': 'k=39 (39.00) inliers=54 second=49 dx=+45 scale=1.249 window=[39,43] fitted=[39, 40, 41, 42, 43]'}  strafe right 0.10s
      |         chain push: 1 chunk(s) of 0.40s, change 38.1, best 38.1, hazards none — one push, so `best` IS the whole leg's travel
      |         chain strafe: 1 chunk(s) of 0.10s, change 12.5, best 12.5, hazards none — one push, so `best` IS the whole leg's travel
      |     it  13  k= 43 ->  43  advanced        fix={'k': 43, 'k_float': 43.0, 'inliers': 50, 'dx': 35.9549560546875, 'dy': 235.59999084472656, 'scale': 1.3287175662004376, 'second': 50, 'detail': 'k=43 (43.00) inliers=50 second=50 dx=+36 scale=1.329 window=[39,43] fitted=[39, 40, 41, 42, 43]'}  strafe right 0.10s
      |         chain push: 1 chunk(s) of 0.40s, change 32.3, best 32.3, hazards none — one push, so `best` IS the whole leg's travel
      |     it  14  k= 46 ->  46  advanced        fix={'k': 46, 'k_float': 46.0, 'inliers': 55, 'dx': 21.7037353515625, 'dy': 183.760009765625, 'scale': 1.3570264105973437, 'second': 52, 'detail': 'k=46 (46.00) inliers=55 second=52 dx=+22 scale=1.357 window=[42,46] fitted=[42, 43, 44, 45, 46]'}
      |         chain push: 1 chunk(s) of 0.40s, change 15.4, best 15.4, hazards none — one push, so `best` IS the whole leg's travel
      |     it  15  k= 49 ->  49  advanced        fix={'k': 49, 'k_float': 49.0, 'inliers': 151, 'dx': -1.39996337890625, 'dy': 174.87362670898438, 'scale': 1.2055807752261576, 'second': 125, 'detail': 'k=49 (49.00) inliers=151 second=125 dx=-1 scale=1.206 window=[45,49] fitted=[45, 46, 47, 48, 49]'}
      |         chain push: 1 chunk(s) of 0.40s, change 16.6, best 16.6, hazards none — one push, so `best` IS the whole leg's travel
      |         chain strafe: 1 chunk(s) of 0.10s, change 6.8, best 6.8, hazards none — one push, so `best` IS the whole leg's travel
      |     it  16  k= 52 ->  52  advanced        fix={'k': 52, 'k_float': 52.0, 'inliers': 154, 'dx': -36.45269775390625, 'dy': 179.6400146484375, 'scale': 1.1235583792295851, 'second': 148, 'detail': 'k=52 (52.00) inliers=154 second=148 dx=-36 scale=1.124 window=[48,52] fitted=[48, 49, 50, 51, 52]'}  strafe left 0.10s
      |         chain push: 1 chunk(s) of 0.40s, change 17.4, best 17.4, hazards none — one push, so `best` IS the whole leg's travel
      |     it  17  k= 55 ->  55  advanced        fix={'k': 55, 'k_float': 55.0, 'inliers': 122, 'dx': -3.45599365234375, 'dy': 141.9835968017578, 'scale': 1.1691927678741616, 'second': 105, 'detail': 'k=55 (55.00) inliers=122 second=105 dx=-3 scale=1.169 window=[51,55] fitted=[51, 52, 53, 54, 55]'}
      |         chain push: 1 chunk(s) of 0.40s, change 21.8, best 21.8, hazards none — one push, so `best` IS the whole leg's travel
      |         chain strafe: 1 chunk(s) of 0.10s, change 12.6, best 12.6, hazards none — one push, so `best` IS the whole leg's travel
      |     it  18  k= 55 ->  58  stalled         fix={'k': 58, 'k_float': 57.986585491586, 'inliers': 90, 'dx': -39.0, 'dy': 207.36001586914062, 'scale': 0.9995812261158099, 'second': 90, 'detail': 'k=58 (57.99) inliers=90 second=90 dx=-39 scale=1.000 window=[54,58] fitted=[54, 55, 56, 57, 58]'}  strafe left 0.10s
      |         chain push: 1 chunk(s) of 0.40s, change 28.9, best 28.9, hazards none — one push, so `best` IS the whole leg's travel
      |     it  19  k= 55 ->  58  stalled         fix={'k': 57, 'k_float': 57.0, 'inliers': 108, 'dx': -33.3800048828125, 'dy': 186.6240234375, 'scale': 1.0973798769581986, 'second': 92, 'detail': 'k=57 (57.00) inliers=108 second=92 dx=-33 scale=1.097 window=[54,58] fitted=[54, 55, 56, 57, 58]'}
      |         chain push: 1 chunk(s) of 0.40s, change 31.7, best 31.7, hazards none — one push, so `best` IS the whole leg's travel
      |     it  20  k= 58 ->  58  advanced        fix={'k': 58, 'k_float': 58.0, 'inliers': 121, 'dx': -34.836456298828125, 'dy': 199.68002319335938, 'scale': 1.1369769159517225, 'second': 93, 'detail': 'k=58 (58.00) inliers=121 second=93 dx=-35 scale=1.137 window=[54,58] fitted=[54, 55, 56, 57, 58]'}
      |         chain push: 1 chunk(s) of 0.40s, change 30.5, best 30.5, hazards none — one push, so `best` IS the whole leg's travel
      |         chain strafe: 1 chunk(s) of 0.10s, change 15.5, best 15.5, hazards none — one push, so `best` IS the whole leg's travel
      |     it  21  k= 58 ->  61  stalled         fix={'k': 60, 'k_float': 60.0, 'inliers': 148, 'dx': -35.02000427246094, 'dy': 223.8624267578125, 'scale': 1.1414350241859899, 'second': 122, 'detail': 'k=60 (60.00) inliers=148 second=122 dx=-35 scale=1.141 window=[57,61] fitted=[57, 58, 59, 60, 61]'}  strafe left 0.10s
      |         chain push: 1 chunk(s) of 0.40s, change 19.8, best 19.8, hazards none — one push, so `best` IS the whole leg's travel
      |     it  22  k= 58 ->  61  stalled         fix={'k': 60, 'k_float': 60.0, 'inliers': 140, 'dx': -29.5999755859375, 'dy': 228.88002014160156, 'scale': 1.1962221540983748, 'second': 100, 'detail': 'k=60 (60.00) inliers=140 second=100 dx=-30 scale=1.196 window=[57,61] fitted=[57, 58, 59, 60, 61]'}
      |         chain push: 1 chunk(s) of 0.40s, change 16.1, best 16.1, hazards none — one push, so `best` IS the whole leg's travel
      |     it  23  k= 61 ->  61  advanced        fix={'k': 61, 'k_float': 61.0, 'inliers': 132, 'dx': -31.199996948242188, 'dy': 235.34780883789062, 'scale': 1.2367976510279894, 'second': 117, 'detail': 'k=61 (61.00) inliers=132 second=117 dx=-31 scale=1.237 window=[57,61] fitted=[57, 58, 59, 60, 61]'}
      |         chain push: 1 chunk(s) of 0.40s, change 16.0, best 16.0, hazards none — one push, so `best` IS the whole leg's travel
      |     it  24  k= 61 ->  64  stalled         fix={'k': 61, 'k_float': 61.0, 'inliers': 133, 'dx': -34.421722412109375, 'dy': 201.20001220703125, 'scale': 1.335724056073012, 'second': 113, 'detail': 'k=61 (61.00) inliers=133 second=113 dx=-34 scale=1.336 window=[60,64] fitted=[60, 61, 62, 63, 64]'}
      |         chain push: 1 chunk(s) of 0.40s, change 14.4, best 14.4, hazards none — one push, so `best` IS the whole leg's travel
      |         chain strafe: 1 chunk(s) of 0.10s, change 7.8, best 7.8, hazards none — one push, so `best` IS the whole leg's travel
      |     it  25  k= 61 ->  64  stalled         fix={'k': 60, 'k_float': 60.0, 'inliers': 134, 'dx': -40.739990234375, 'dy': 180.2208251953125, 'scale': 1.5021185887916835, 'second': 122, 'detail': 'k=60 (60.00) inliers=134 second=122 dx=-41 scale=1.502 window=[60,64] fitted=[60, 61, 62, 63, 64]'}  strafe left 0.10s
      |         chain push: 1 chunk(s) of 0.40s, change 15.6, best 15.6, hazards none — one push, so `best` IS the whole leg's travel
      |         chain strafe: 1 chunk(s) of 0.10s, change 9.0, best 9.0, hazards none — one push, so `best` IS the whole leg's travel
      |     it  26  k= 61 ->  64  stalled         fix={'k': 60, 'k_float': 60.0, 'inliers': 125, 'dx': -35.015960693359375, 'dy': 182.92001342773438, 'scale': 1.6267857744221543, 'second': 117, 'detail': 'k=60 (60.00) inliers=125 second=117 dx=-35 scale=1.627 window=[60,64] fitted=[60, 61, 62, 63, 64]'}  strafe left 0.10s
      |         chain push: 1 chunk(s) of 0.40s, change 15.6, best 15.6, hazards none — one push, so `best` IS the whole leg's travel
      |     it  27  k= 61 ->  64  escape:jump     fix={'k': 60, 'k_float': 60.0, 'inliers': 129, 'dx': -24.180389404296875, 'dy': 186.69320678710938, 'scale': 1.7533417777589113, 'second': 104, 'detail': 'k=60 (60.00) inliers=129 second=104 dx=-24 scale=1.753 window=[60,64] fitted=[60, 61, 62, 63, 64]'}
      |         chain push: 1 chunk(s) of 0.40s, change 22.2, best 22.2, hazards none — one push, so `best` IS the whole leg's travel
      |     it  28  k= 64 ->  64  advanced-past   fix={'k': 61, 'k_float': 61.0, 'inliers': 116, 'dx': -25.440032958984375, 'dy': 184.40164184570312, 'scale': 1.9103174298830568, 'second': 102, 'detail': 'k=61 (61.00) inliers=116 second=102 dx=-25 scale=1.910 window=[60,64] fitted=[60, 61, 62, 63, 64]'}
      |     it  29  k= 88 ->  88  turned (skipped, same heading) to 1.3495539744498237  (88 inliers at the stop)
      |         chain push: 1 chunk(s) of 0.40s, change 18.4, best 18.4, hazards none — one push, so `best` IS the whole leg's travel
      |     it  30  k= 89 ->  89  advanced        fix={'k': 91, 'k_float': 91.0, 'inliers': 71, 'dx': -31.142364501953125, 'dy': -98.93597412109375, 'scale': 1.7719073819530942, 'second': 66, 'detail': 'k=91 (91.00) inliers=71 second=66 dx=-31 scale=1.772 window=[87,91] fitted=[87, 88, 89, 90, 91]'}
      |         chain push: 1 chunk(s) of 0.40s, change 23.4, best 23.4, hazards none — one push, so `best` IS the whole leg's travel
      |     it  31  k= 92 ->  92  advanced-weak   fix={'k': 92, 'k_float': 92.0, 'inliers': 16, 'dx': -26.327133178710938, 'dy': -81.54769897460938, 'scale': 1.840577083701868, 'second': 15, 'detail': 'k=92 (92.00) inliers=16 second=15 dx=-26 scale=1.841 window=[88,92] fitted=[88, 89, 90, 91, 92]'}
      |         chain push: 1 chunk(s) of 0.40s, change 26.6, best 26.6, hazards none — one push, so `best` IS the whole leg's travel
      |     it  32  k= 94 ->  94  advanced        fix={'k': 95, 'k_float': 95.0, 'inliers': 41, 'dx': -29.297210693359375, 'dy': -108.99642944335938, 'scale': 2.0489125418455356, 'second': 13, 'detail': 'k=95 (95.00) inliers=41 second=13 dx=-29 scale=2.049 window=[91,95] fitted=[91, 92, 93, 94, 95]'}
      ! Traceback (most recent call last):
      !   File "/Users/bpatterson/Documents/Claude Cowork Personal/Auto Baseball/overnight/chain_trials.py", line 461, in <module>
      !     print(json.dumps(one_trial(sys.argv[2])), flush=True)
      !                      ~~~~~~~~~^^^^^^^^^^^^^
      !   File "/Users/bpatterson/Documents/Claude Cowork Personal/Auto Baseball/overnight/chain_trials.py", line 231, in one_trial
      !     res = chain_walk.walk(ch, compass.fast_capture, ws.read_heading, log=log,
      !                           time_cap=TIME_CAP, shots=shots_dir, journal=journal,
      !                           end_iterations=END_ITERATIONS)
      !   File "/Users/bpatterson/Documents/Claude Cowork Personal/Auto Baseball/chain_walk.py", line 740, in walk
      !     push(PUSH_MAG, PUSH_SEC)
      !     ~~~~^^^^^^^^^^^^^^^^^^^^
      !   File "/Users/bpatterson/Documents/Claude Cowork Personal/Auto Baseball/chain_walk.py", line 544, in push
      !     return _st.walk_leg(0.0, -abs(mag), secs, capture, read_heading,
      !            ~~~~~~~~~~~~^^^^^^^^^^^^^^^^^^^^^^^^^^^^^^^^^^^^^^^^^^^^^
      !                         label="chain push", log=log, step_sec=secs)
      !                         ^^^^^^^^^^^^^^^^^^^^^^^^^^^^^^^^^^^^^^^^^^^
      !   File "/Users/bpatterson/Documents/Claude Cowork Personal/Auto Baseball/slow_traverse.py", line 98, in walk_leg
      !     now = _grey(capture())
      !                 ~~~~~~~^^
      !   File "/Users/bpatterson/Documents/Claude Cowork Personal/Auto Baseball/compass.py", line 153, in fast_capture
      !     raise NoGameWindow(
      !     ...<2 lines>...
      !         "got spent reading the Claude window.")
      ! compass.NoGameWindow: no chiaki game window found — is chiaki running and streaming? Refusing to capture the desktop instead, which is how a session got spent reading the Claude window.
[ 6] INVALID   k=94/--  it=32  pushes=32  seconds=70.5 (walk --, setup --)  failure=None  [rows RECOVERED from the journal]
      |   pause menu open (selected 'Resume')
      |   selected: Load Last Save
      |   confirmation dialog up (delta 82.8) -> YES
      |   world back after 3.2s, spawn bearing 87 (E)
      |   setup 13.0s (reset 10.4s, Chain.load 2.6s for 205 waypoints) of a 180s budget
      |   chain_walk: 205 waypoints -> plan of 47 targets (41 push, 6 turn-only); the prompt is checked on every iteration; k rises by at most 1 per iteration, so >= 47 iteration(s). The 180s cap allows 3.83s each. At the last waypoint the walk may spend 3 more iteration(s) — 0.540 walk-units of forward push against OPEN-22's measured 0.05 — and then gives up rather than walking on past the table.
      |         turn to 271.3: TURNED to 274.3 (err -3.0) in 2 push(es)
      |         turn to 246.3: TURNED to 246.1 (err +0.2) in 2 push(es)
      |         turn to 296.3: TURNED to 294.7 (err +1.7) in 1 push(es)
      |         turn to 271.3: TURNED to 272.6 (err -1.3) in 1 push(es)
      |     it   1  k=  3 ->   3  turned-looked to 271.3168428039934  (185 inliers at the stop)
      |         chain push: 1 chunk(s) of 0.40s, change 20.0, best 20.0, hazards none — one push, so `best` IS the whole leg's travel
      |     it   2  k=  4 ->   4  advanced        fix={'k': 6, 'k_float': 6.0, 'inliers': 29, 'dx': 3.58319091796875, 'dy': -2.8800048828125, 'scale': 1.1274026979238172, 'second': 19, 'detail': 'k=6 (6.00) inliers=29 second=19 dx=+4 scale=1.127 window=[2,6] fitted=[2, 3, 4, 5, 6]'}
      |         chain push: 1 chunk(s) of 0.40s, change 19.0, best 19.0, hazards none — one push, so `best` IS the whole leg's travel
      |     it   3  k=  7 ->   7  advanced-weak   fix={'k': 7, 'k_float': 7.0, 'inliers': 19, 'dx': 72.8720703125, 'dy': 6.2208251953125, 'scale': 1.3638382127227975, 'second': 12, 'detail': 'k=7 (7.00) inliers=19 second=12 dx=+73 scale=1.364 window=[3,7] fitted=[3, 4, 5, 6, 7]'}
      |         chain push: 1 chunk(s) of 0.40s, change 14.0, best 14.0, hazards none — one push, so `best` IS the whole leg's travel
      |     it   4  k= 10 ->  10  blind-advance   fix={'k': 9, 'k_float': 9.645713164738135, 'inliers': 10, 'dx': -132.2611083984375, 'dy': 17.45977783203125, 'scale': 1.5300143374214954, 'second': 8, 'detail': 'k=9 (9.65) inliers=10 second=8 dx=-132 scale=1.530 window=[6,10] fitted=[7, 8, 9, 10]'}
      |         chain push: 1 chunk(s) of 0.40s, change 12.2, best 12.2, hazards none — one push, so `best` IS the whole leg's travel
      |     it   5  k= 13 ->  13  blind-advance   fix=None
      |         chain push: 1 chunk(s) of 0.40s, change 7.6, best 7.6, hazards none — one push, so `best` IS the whole leg's travel
      |     it   6  k= 16 ->  16  blind-advance   fix=None
      |         chain push: 1 chunk(s) of 0.40s, change 8.4, best 8.4, hazards none — one push, so `best` IS the whole leg's travel
      |     it   7  k= 19 ->  19  blind-advance   fix=None
      |         turn to 1.6: TURNED to 1.4 (err +0.2) in 4 push(es)
      |         turn to 336.6: TURNED to 339.3 (err -2.7) in 1 push(es)
      |         turn to 26.6: TURNED to 24.3 (err +2.3) in 1 push(es)
      |         turn to 1.6: TURNED to 1.2 (err +0.4) in 1 push(es)
      |     it   8  k= 39 ->  39  turned-looked to 1.6055901753868653  (67 inliers at the stop)
      |         chain push: 1 chunk(s) of 0.40s, change 18.5, best 18.5, hazards none — one push, so `best` IS the whole leg's travel
      |         chain strafe: 1 chunk(s) of 0.11s, change 10.9, best 10.9, hazards none — one push, so `best` IS the whole leg's travel
      |     it   9  k= 40 ->  40  advanced        fix={'k': 40, 'k_float': 40.0, 'inliers': 47, 'dx': 79.14239501953125, 'dy': 324.20001220703125, 'scale': 1.18969380155697, 'second': 46, 'detail': 'k=40 (40.00) inliers=47 second=46 dx=+79 scale=1.190 window=[38,42] fitted=[38, 39, 40, 41, 42]'}  strafe right 0.11s
      |         chain push: 1 chunk(s) of 0.40s, change 43.6, best 43.6, hazards none — one push, so `best` IS the whole leg's travel
      |         chain strafe: 1 chunk(s) of 0.12s, change 19.7, best 19.7, hazards none — one push, so `best` IS the whole leg's travel
      |     it  10  k= 43 ->  43  advanced        fix={'k': 43, 'k_float': 43.0, 'inliers': 51, 'dx': 87.84002685546875, 'dy': 287.7120666503906, 'scale': 1.3242312406214254, 'second': 49, 'detail': 'k=43 (43.00) inliers=51 second=49 dx=+88 scale=1.324 window=[39,43] fitted=[39, 40, 41, 42, 43]'}  strafe right 0.12s
      |         chain push: 1 chunk(s) of 0.40s, change 24.0, best 24.0, hazards none — one push, so `best` IS the whole leg's travel
      |         chain strafe: 1 chunk(s) of 0.10s, change 14.0, best 14.0, hazards none — one push, so `best` IS the whole leg's travel
      |     it  11  k= 46 ->  46  advanced        fix={'k': 46, 'k_float': 46.0, 'inliers': 60, 'dx': 51.309722900390625, 'dy': 239.0048370361328, 'scale': 1.2688684524821208, 'second': 47, 'detail': 'k=46 (46.00) inliers=60 second=47 dx=+51 scale=1.269 window=[42,46] fitted=[42, 43, 44, 45, 46]'}  strafe right 0.10s
      |         chain push: 1 chunk(s) of 0.40s, change 33.5, best 33.5, hazards none — one push, so `best` IS the whole leg's travel
      |     it  12  k= 49 ->  49  advanced        fix={'k': 49, 'k_float': 49.0, 'inliers': 171, 'dx': 29.37603759765625, 'dy': 218.592041015625, 'scale': 1.2276597648204015, 'second': 134, 'detail': 'k=49 (49.00) inliers=171 second=134 dx=+29 scale=1.228 window=[45,49] fitted=[45, 46, 47, 48, 49]'}
      |         chain push: 1 chunk(s) of 0.40s, change 17.6, best 17.6, hazards none — one push, so `best` IS the whole leg's travel
      |     it  13  k= 52 ->  52  advanced        fix={'k': 52, 'k_float': 52.0, 'inliers': 179, 'dx': 12.47998046875, 'dy': 210.20001220703125, 'scale': 1.1923143766371624, 'second': 159, 'detail': 'k=52 (52.00) inliers=179 second=159 dx=+12 scale=1.192 window=[48,52] fitted=[48, 49, 50, 51, 52]'}
      |         chain push: 1 chunk(s) of 0.40s, change 15.9, best 15.9, hazards none — one push, so `best` IS the whole leg's travel
      |         chain strafe: 1 chunk(s) of 0.10s, change 7.0, best 7.0, hazards none — one push, so `best` IS the whole leg's travel
      |     it  14  k= 52 ->  55  stalled         fix={'k': 52, 'k_float': 52.0, 'inliers': 147, 'dx': 71.65447998046875, 'dy': 155.86569213867188, 'scale': 1.3916667363400401, 'second': 140, 'detail': 'k=52 (52.00) inliers=147 second=140 dx=+72 scale=1.392 window=[51,55] fitted=[51, 52, 53, 54, 55]'}  strafe right 0.10s
      |         chain push: 1 chunk(s) of 0.40s, change 20.7, best 20.7, hazards none — one push, so `best` IS the whole leg's travel
      |         chain strafe: 1 chunk(s) of 0.10s, change 7.2, best 7.2, hazards none — one push, so `best` IS the whole leg's travel
      |     it  15  k= 55 ->  55  advanced        fix={'k': 55, 'k_float': 55.0, 'inliers': 93, 'dx': 44.58251953125, 'dy': 118.74267578125, 'scale': 1.3846281310602444, 'second': 60, 'detail': 'k=55 (55.00) inliers=93 second=60 dx=+45 scale=1.385 window=[51,55] fitted=[51, 52, 53, 54, 55]'}  strafe right 0.10s
      |         chain push: 1 chunk(s) of 0.40s, change 27.1, best 27.1, hazards none — one push, so `best` IS the whole leg's travel
      |     it  16  k= 58 ->  58  advanced        fix={'k': 58, 'k_float': 58.0, 'inliers': 107, 'dx': -14.332733154296875, 'dy': 237.6000213623047, 'scale': 1.0476467668359337, 'second': 89, 'detail': 'k=58 (58.00) inliers=107 second=89 dx=-14 scale=1.048 window=[54,58] fitted=[54, 55, 56, 57, 58]'}
      |         chain push: 1 chunk(s) of 0.40s, change 29.0, best 29.0, hazards none — one push, so `best` IS the whole leg's travel
      |     it  17  k= 58 ->  61  stalled         fix={'k': 60, 'k_float': 60.81422274011533, 'inliers': 134, 'dx': -13.0, 'dy': 262.76666259765625, 'scale': 1.104491191721281, 'second': 118, 'detail': 'k=60 (60.81) inliers=134 second=118 dx=-13 scale=1.104 window=[57,61] fitted=[57, 58, 59, 60, 61]'}
      |         chain push: 1 chunk(s) of 0.40s, change 29.8, best 29.8, hazards none — one push, so `best` IS the whole leg's travel
      |     it  18  k= 61 ->  61  advanced        fix={'k': 61, 'k_float': 61.0, 'inliers': 128, 'dx': -13.0, 'dy': 268.0000305175781, 'scale': 1.0716288717355704, 'second': 125, 'detail': 'k=61 (61.00) inliers=128 second=125 dx=-13 scale=1.072 window=[57,61] fitted=[57, 58, 59, 60, 61]'}
      |         chain push: 1 chunk(s) of 0.40s, change 19.9, best 19.9, hazards none — one push, so `best` IS the whole leg's travel
      |     it  19  k= 64 ->  64  advanced        fix={'k': 64, 'k_float': 64.0, 'inliers': 142, 'dx': 5.8800048828125, 'dy': 259.78070068359375, 'scale': 1.045550976144999, 'second': 141, 'detail': 'k=64 (64.00) inliers=142 second=141 dx=+6 scale=1.046 window=[60,64] fitted=[60, 61, 62, 63, 64]'}
      |         turn to 336.3: TURNED to 337.1 (err -0.7) in 2 push(es)
      |         turn to 26.3: TURNED to 25.6 (err +0.7) in 1 push(es)
      |         turn to 1.3: TURNED to 0.1 (err +1.3) in 2 push(es)
      |     it  20  k= 88 ->  88  turned-looked (skipped, same heading) to 1.3495539744498237  (98 inliers at the stop)
      |         chain push: 1 chunk(s) of 0.40s, change 16.7, best 16.7, hazards none — one push, so `best` IS the whole leg's travel
      |     it  21  k= 88 ->  89  stalled         fix={'k': 87, 'k_float': 87.0, 'inliers': 98, 'dx': -3.4799957275390625, 'dy': -49.53599548339844, 'scale': 1.1453437729562923, 'second': 96, 'detail': 'k=87 (87.00) inliers=98 second=96 dx=-3 scale=1.145 window=[87,91] fitted=[87, 88, 89, 90, 91]'}
      |         chain push: 1 chunk(s) of 0.40s, change 19.5, best 19.5, hazards none — one push, so `best` IS the whole leg's travel
      |     it  22  k= 88 ->  89  stalled         fix={'k': 88, 'k_float': 88.0, 'inliers': 108, 'dx': 6.2208251953125, 'dy': -60.22868347167969, 'scale': 1.1317365282420644, 'second': 86, 'detail': 'k=88 (88.00) inliers=108 second=86 dx=+6 scale=1.132 window=[87,91] fitted=[87, 88, 89, 90, 91]'}
      |         chain push: 1 chunk(s) of 0.40s, change 16.9, best 16.9, hazards none — one push, so `best` IS the whole leg's travel
      |     it  23  k= 89 ->  89  advanced        fix={'k': 89, 'k_float': 89.0, 'inliers': 81, 'dx': 2.83203125, 'dy': -84.20477294921875, 'scale': 1.2691967148698124, 'second': 64, 'detail': 'k=89 (89.00) inliers=81 second=64 dx=+3 scale=1.269 window=[87,91] fitted=[87, 88, 89, 90, 91]'}
      |         chain push: 1 chunk(s) of 0.40s, change 17.1, best 17.1, hazards none — one push, so `best` IS the whole leg's travel
      |     it  24  k= 89 ->  92  stalled         fix={'k': 90, 'k_float': 90.0, 'inliers': 87, 'dx': 1.907745361328125, 'dy': -81.61688232421875, 'scale': 1.3937503712368309, 'second': 83, 'detail': 'k=90 (90.00) inliers=87 second=83 dx=+2 scale=1.394 window=[88,92] fitted=[88, 89, 90, 91, 92]'}
      |         chain push: 1 chunk(s) of 0.40s, change 15.9, best 15.9, hazards none — one push, so `best` IS the whole leg's travel
      |     it  25  k= 89 ->  92  stalled         fix={'k': 91, 'k_float': 91.0, 'inliers': 92, 'dx': 1.2595672607421875, 'dy': -84.34017944335938, 'scale': 1.4338416234494855, 'second': 86, 'detail': 'k=91 (91.00) inliers=92 second=86 dx=+1 scale=1.434 window=[88,92] fitted=[88, 89, 90, 91, 92]'}
      |         chain push: 1 chunk(s) of 0.40s, change 21.2, best 21.2, hazards none — one push, so `best` IS the whole leg's travel
      |     it  26  k= 92 ->  92  advanced        fix={'k': 92, 'k_float': 92.0, 'inliers': 93, 'dx': -4.732757568359375, 'dy': -79.01242065429688, 'scale': 1.614463036641088, 'second': 79, 'detail': 'k=92 (92.00) inliers=93 second=79 dx=-5 scale=1.614 window=[88,92] fitted=[88, 89, 90, 91, 92]'}
      |         chain push: 1 chunk(s) of 0.40s, change 14.8, best 14.8, hazards none — one push, so `best` IS the whole leg's travel
      |     it  27  k= 94 ->  94  advanced        fix={'k': 95, 'k_float': 95.0, 'inliers': 114, 'dx': -4.92828369140625, 'dy': -56.983673095703125, 'scale': 1.478003918603165, 'second': 102, 'detail': 'k=95 (95.00) inliers=114 second=102 dx=-5 scale=1.478 window=[91,95] fitted=[91, 92, 93, 94, 95]'}
      |         chain push: 1 chunk(s) of 0.40s, change 22.4, best 22.4, hazards none — one push, so `best` IS the whole leg's travel
      |     it  28  k= 96 ->  96  advanced        fix={'k': 97, 'k_float': 97.0, 'inliers': 102, 'dx': -3.9036407470703125, 'dy': -51.56349182128906, 'scale': 1.528636161802266, 'second': 79, 'detail': 'k=97 (97.00) inliers=102 second=79 dx=-4 scale=1.529 window=[93,97] fitted=[93, 94, 95, 96, 97]'}
      |         chain push: 1 chunk(s) of 0.40s, change 25.7, best 25.7, hazards none — one push, so `best` IS the whole leg's travel
      |     it  29  k= 98 ->  98  advanced        fix={'k': 98, 'k_float': 98.0, 'inliers': 107, 'dx': -1.117340087890625, 'dy': -65.23199462890625, 'scale': 1.6668886058636436, 'second': 104, 'detail': 'k=98 (98.00) inliers=107 second=104 dx=-1 scale=1.667 window=[95,99] fitted=[95, 96, 97, 98, 99]'}
      |         chain push: 1 chunk(s) of 0.40s, change 24.9, best 24.9, hazards none — one push, so `best` IS the whole leg's travel
      |     it  30  k=100 -> 100  advanced        fix={'k': 101, 'k_float': 101.0, 'inliers': 145, 'dx': -7.26904296875, 'dy': -70.88796997070312, 'scale': 1.697019420002138, 'second': 115, 'detail': 'k=101 (101.00) inliers=145 second=115 dx=-7 scale=1.697 window=[97,101] fitted=[97, 98, 99, 100, 101]'}
      |         chain push: 1 chunk(s) of 0.40s, change 22.0, best 22.0, hazards none — one push, so `best` IS the whole leg's travel
      |     it  31  k=102 -> 102  advanced        fix={'k': 103, 'k_float': 103.0, 'inliers': 120, 'dx': -14.433685302734375, 'dy': -80.8687744140625, 'scale': 1.802034545337709, 'second': 116, 'detail': 'k=103 (103.00) inliers=120 second=116 dx=-14 scale=1.802 window=[99,103] fitted=[99, 100, 101, 102, 103]'}
      |         chain push: 1 chunk(s) of 0.40s, change 19.7, best 19.7, hazards none — one push, so `best` IS the whole leg's travel
      |     it  32  k=104 -> 104  advanced        fix={'k': 104, 'k_float': 104.0, 'inliers': 120, 'dx': -18.045730590820312, 'dy': -93.95120239257812, 'scale': 2.0921099377474226, 'second': 108, 'detail': 'k=104 (104.00) inliers=120 second=108 dx=-18 scale=2.092 window=[101,105] fitted=[101, 102, 103, 104, 105]'}
      |         chain push: 1 chunk(s) of 0.40s, change 20.1, best 20.1, hazards none — one push, so `best` IS the whole leg's travel
      |     it  33  k=104 -> 107  stalled         fix={'k': 105, 'k_float': 105.0, 'inliers': 53, 'dx': -10.7073974609375, 'dy': -132.86427307128906, 'scale': 2.609580608321854, 'second': 51, 'detail': 'k=105 (105.00) inliers=53 second=51 dx=-11 scale=2.610 window=[103,107] fitted=[103, 104, 105, 106, 107]'}
      |         chain push: 1 chunk(s) of 0.40s, change 24.6, best 24.6, hazards none — one push, so `best` IS the whole leg's travel
      |     it  34  k=107 -> 107  blind-advance   fix={'k': 107, 'k_float': 107.0, 'inliers': 7, 'dx': 33.64361572265625, 'dy': -184.58863830566406, 'scale': 3.398072108643502, 'second': 6, 'detail': 'k=107 (107.00) inliers=7 second=6 dx=+34 scale=3.398 window=[103,107] fitted=[104, 107]'}
      |         chain push: 1 chunk(s) of 0.40s, change 44.7, best 44.7, hazards none — one push, so `best` IS the whole leg's travel
      |     it  35  k=109 -> 109  blind-advance   fix={'k': 107, 'k_float': 107.0, 'inliers': 6, 'dx': -203.31027221679688, 'dy': -117.82275390625, 'scale': 0.0008744197440104557, 'second': 0, 'detail': 'k=107 (107.00) inliers=6 second=0 dx=-203 scale=0.001 window=[106,110] fitted=[107]'}
      |         chain push: 1 chunk(s) of 0.40s, change 44.5, best 44.5, hazards none — one push, so `best` IS the whole leg's travel
      |     it  36  k=112 -> 112  blind-advance   fix=None
      |         chain push: 1 chunk(s) of 0.40s, change 27.1, best 27.1, hazards none — one push, so `best` IS the whole leg's travel
      |     it  37  k=114 -> 114  blind-advance   fix=None
      |         turn to 303.3: TURNED to 304.4 (err -1.1) in 1 push(es)
      |         turn to 278.3: TURNED to 279.1 (err -0.8) in 1 push(es)
      |         turn to 328.3: TURNED to 326.6 (err +1.8) in 1 push(es)
      |         turn to 303.3: TURNED to 307.0 (err -3.6) in 1 push(es)
      |     it  38  k=114 -> 129  turn-wait: nothing fits head-on or either side; waited 2s for whatever is there to move
      |         turn to 278.3: TURNED to 277.1 (err +1.2) in 2 push(es)
      |         turn to 328.3: TURNED to 329.3 (err -1.0) in 1 push(es)
      |         turn to 303.3: TURNED to 306.7 (err -3.3) in 2 push(es)
      |         turn to 1.3: TURNED to 358.8 (err +2.4) in 1 push(es)
      |         chain push: 1 chunk(s) of 0.40s, change 17.5, best 17.5, hazards none — one push, so `best` IS the whole leg's travel
      |     it  39  k=114 -> 129  turn-retry 1/3: the stop's frame did not fit (0 inliers); one more push along 1.3
      |         turn to 303.3: TURNED to 304.3 (err -0.9) in 1 push(es)
      |         turn to 278.3: TURNED to 279.1 (err -0.8) in 1 push(es)
      |         turn to 328.3: TURNED to 329.2 (err -0.9) in 2 push(es)
      |         turn to 303.3: TURNED to 303.9 (err -0.6) in 2 push(es)
      |         turn to 1.3: TURNED to 0.4 (err +0.9) in 3 push(es)
      |         chain push: 1 chunk(s) of 0.40s, change 7.6, best 7.6, hazards none — one push, so `best` IS the whole leg's travel
      |     it  40  k=114 -> 129  turn-retry 2/3: the stop's frame did not fit (0 inliers); one more push along 1.3
      |         turn to 303.3: TURNED to 307.1 (err -3.7) in 1 push(es)
      |         turn to 278.3: TURNED to 278.0 (err +0.3) in 3 push(es)
      |         turn to 328.3: TURNED to 325.4 (err +3.0) in 1 push(es)
      |         turn to 303.3: TURNED to 305.2 (err -1.9) in 3 push(es)
      |         turn to 1.3: TURNED to 358.7 (err +2.6) in 1 push(es)
      |         chain push: 1 chunk(s) of 0.40s, change 4.4, best 4.4, hazards none — one push, so `best` IS the whole leg's travel
      |     it  41  k=114 -> 129  turn-retry 3/3: the stop's frame did not fit (0 inliers); one more push along 1.3
      |         turn to 303.3: TURNED to 303.1 (err +0.3) in 2 push(es)
      |         turn to 278.3: TURNED to 279.1 (err -0.8) in 1 push(es)
      |         turn to 328.3: TURNED to 327.7 (err +0.6) in 1 push(es)
      |         turn to 303.3: TURNED to 305.3 (err -2.0) in 1 push(es)
      |     it  42  k=129 -> 129  turned-unverified to 303.34476843910807  (0 inliers at the stop)
      |         turn to 299.8: TURNED to 300.6 (err -0.8) in 1 push(es)
      |         chain push: 1 chunk(s) of 0.40s, change 19.3, best 19.3, hazards none — one push, so `best` IS the whole leg's travel
      |     it  43  k=129 -> 130  miss            fix=None
      |         chain push: 1 chunk(s) of 0.40s, change 3.6, best 3.6, hazards none — one push, so `best` IS the whole leg's travel
      |     it  44  k=129 -> 130  miss            fix=None
      |         chain push: 1 chunk(s) of 0.40s, change 3.6, best 3.6, hazards none — one push, so `best` IS the whole leg's travel
      |     it  45  k=129 -> 130  escape:jump     fix=None
      |         chain push: 1 chunk(s) of 0.40s, change 33.1, best 33.1, hazards none — one push, so `best` IS the whole leg's travel
      |     it  46  k=129 -> 130  miss            fix=None
      |         chain push: 1 chunk(s) of 0.40s, change 15.5, best 15.5, hazards none — one push, so `best` IS the whole leg's travel
      |     it  47  k=129 -> 130  miss            fix=None
      |         chain push: 1 chunk(s) of 0.40s, change 18.9, best 18.9, hazards none — one push, so `best` IS the whole leg's travel
      |         chain strafe: 1 chunk(s) of 0.30s, change 23.5, best 23.5, hazards none — one push, so `best` IS the whole leg's travel
      |     it  48  k=129 -> 130  escape:left     fix=None
      |         chain push: 1 chunk(s) of 0.40s, change 11.5, best 11.5, hazards none — one push, so `best` IS the whole leg's travel
      |     it  49  k=129 -> 130  miss            fix=None
      |         chain push: 1 chunk(s) of 0.40s, change 6.0, best 6.0, hazards none — one push, so `best` IS the whole leg's travel
      |     it  50  k=129 -> 130  miss            fix=None
      |         chain push: 1 chunk(s) of 0.40s, change 3.6, best 3.6, hazards none — one push, so `best` IS the whole leg's travel
      |         chain strafe: 1 chunk(s) of 0.30s, change 6.2, best 6.2, hazards none — one push, so `best` IS the whole leg's travel
      |   chain_walk: LOST — 9 iterations with nothing credible after the blind budget at k=129 of 204
[ 7] FAILED    k=129/205  it=51  pushes=46  seconds=118.8 (walk 104.23, setup 13.0)  failure=lost at k=129 of 204: 9 iterations with no credible fix after 6 blind advances
      |   pause menu open (selected 'Resume')
      |   selected: Load Last Save
      |   confirmation dialog up (delta 78.4) -> YES
      |   world back after 3.2s, spawn bearing 87 (E)
      |   setup 13.4s (reset 10.7s, Chain.load 2.7s for 205 waypoints) of a 180s budget
      |   chain_walk: 205 waypoints -> plan of 47 targets (41 push, 6 turn-only); the prompt is checked on every iteration; k rises by at most 1 per iteration, so >= 47 iteration(s). The 180s cap allows 3.83s each. At the last waypoint the walk may spend 3 more iteration(s) — 0.540 walk-units of forward push against OPEN-22's measured 0.05 — and then gives up rather than walking on past the table.
      |         turn to 271.3: TURNED to 273.4 (err -2.1) in 2 push(es)
      |         turn to 246.3: TURNED to 247.3 (err -1.0) in 2 push(es)
      |         turn to 296.3: TURNED to 297.1 (err -0.8) in 2 push(es)
      |         turn to 271.3: TURNED to 272.9 (err -1.6) in 1 push(es)
      |     it   1  k=  3 ->   3  turned-looked to 271.3168428039934  (192 inliers at the stop)
      |         chain push: 1 chunk(s) of 0.40s, change 20.2, best 20.2, hazards none — one push, so `best` IS the whole leg's travel
      |     it   2  k=  4 ->   4  advanced        fix={'k': 6, 'k_float': 6.0, 'inliers': 32, 'dx': -9.16986083984375, 'dy': 0.6336212158203125, 'scale': 1.1065568083829975, 'second': 20, 'detail': 'k=6 (6.00) inliers=32 second=20 dx=-9 scale=1.107 window=[2,6] fitted=[2, 3, 4, 5, 6]'}
      |         chain push: 1 chunk(s) of 0.40s, change 18.6, best 18.6, hazards none — one push, so `best` IS the whole leg's travel
      |     it   3  k=  7 ->   7  advanced-weak   fix={'k': 7, 'k_float': 7.0, 'inliers': 19, 'dx': -77.41439819335938, 'dy': 13.43695068359375, 'scale': 1.302083537968257, 'second': 13, 'detail': 'k=7 (7.00) inliers=19 second=13 dx=-77 scale=1.302 window=[3,7] fitted=[3, 4, 5, 6, 7]'}
      |         chain push: 1 chunk(s) of 0.40s, change 14.3, best 14.3, hazards none — one push, so `best` IS the whole leg's travel
      |     it   4  k= 10 ->  10  blind-advance   fix={'k': 8, 'k_float': 8.0, 'inliers': 13, 'dx': -127.05601501464844, 'dy': 30.827606201171875, 'scale': 1.5422321110710226, 'second': 10, 'detail': 'k=8 (8.00) inliers=13 second=10 dx=-127 scale=1.542 window=[6,10] fitted=[6, 7, 8, 9, 10]'}
      |         chain push: 1 chunk(s) of 0.40s, change 10.7, best 10.7, hazards none — one push, so `best` IS the whole leg's travel
      |     it   5  k= 13 ->  13  blind-advance   fix={'k': 13, 'k_float': 13.0, 'inliers': 6, 'dx': -20.57196044921875, 'dy': 19.903228759765625, 'scale': 1.2142299491379613, 'second': 0, 'detail': 'k=13 (13.00) inliers=6 second=0 dx=-21 scale=1.214 window=[9,13] fitted=[13]'}
      |         chain push: 1 chunk(s) of 0.40s, change 7.4, best 7.4, hazards none — one push, so `best` IS the whole leg's travel
      |     it   6  k= 16 ->  16  blind-advance   fix=None
      |         chain push: 1 chunk(s) of 0.40s, change 6.9, best 6.9, hazards none — one push, so `best` IS the whole leg's travel
      |     it   7  k= 19 ->  19  blind-advance   fix=None
      |         turn to 1.6: TURNED to 359.1 (err +2.5) in 1 push(es)
      |         turn to 336.6: TURNED to 336.8 (err -0.2) in 1 push(es)
      |         turn to 26.6: TURNED to 25.0 (err +1.6) in 2 push(es)
      |         turn to 1.6: TURNED to 5.6 (err -3.9) in 1 push(es)
      |         chain strafe: 1 chunk(s) of 0.17s, change 10.0, best 10.0, hazards none — one push, so `best` IS the whole leg's travel
      |     it   8  k= 39 ->  39  turned-looked to 1.6055901753868653  (66 inliers at the stop)
      |         chain push: 1 chunk(s) of 0.40s, change 16.6, best 16.6, hazards none — one push, so `best` IS the whole leg's travel
      |         chain strafe: 1 chunk(s) of 0.10s, change 10.0, best 10.0, hazards none — one push, so `best` IS the whole leg's travel
      |     it   9  k= 40 ->  40  advanced        fix={'k': 42, 'k_float': 42.0, 'inliers': 44, 'dx': -37.05999755859375, 'dy': 261.6883850097656, 'scale': 1.2555927979078079, 'second': 37, 'detail': 'k=42 (42.00) inliers=44 second=37 dx=-37 scale=1.256 window=[38,42] fitted=[38, 39, 40, 41, 42]'}  strafe left 0.10s
      |         chain push: 1 chunk(s) of 0.40s, change 18.3, best 18.3, hazards none — one push, so `best` IS the whole leg's travel
      |         chain strafe: 1 chunk(s) of 0.10s, change 13.0, best 13.0, hazards none — one push, so `best` IS the whole leg's travel
      |     it  10  k= 40 ->  43  stalled         fix={'k': 41, 'k_float': 41.0, 'inliers': 30, 'dx': -59.79998779296875, 'dy': 327.9109191894531, 'scale': 1.2025615213101852, 'second': 29, 'detail': 'k=41 (41.00) inliers=30 second=29 dx=-60 scale=1.203 window=[39,43] fitted=[39, 40, 41, 42, 43]'}  strafe left 0.10s
      |         chain push: 1 chunk(s) of 0.40s, change 37.7, best 37.7, hazards none — one push, so `best` IS the whole leg's travel
      |     it  11  k= 40 ->  43  stalled         fix={'k': 39, 'k_float': 39.0, 'inliers': 47, 'dx': -21.69598388671875, 'dy': 299.8080749511719, 'scale': 1.488018025033003, 'second': 47, 'detail': 'k=39 (39.00) inliers=47 second=47 dx=-22 scale=1.488 window=[39,43] fitted=[39, 40, 41, 42, 43]'}
      |         chain push: 1 chunk(s) of 0.40s, change 29.8, best 29.8, hazards none — one push, so `best` IS the whole leg's travel
      |     it  12  k= 40 ->  43  stalled         fix={'k': 39, 'k_float': 39.0, 'inliers': 42, 'dx': -5.039764404296875, 'dy': 278.78924560546875, 'scale': 1.7176842069497296, 'second': 40, 'detail': 'k=39 (39.00) inliers=42 second=40 dx=-5 scale=1.718 window=[39,43] fitted=[39, 40, 41, 42, 43]'}
      |         chain push: 1 chunk(s) of 0.40s, change 17.8, best 17.8, hazards none — one push, so `best` IS the whole leg's travel
      |     it  13  k= 43 ->  43  advanced        fix={'k': 43, 'k_float': 43.0, 'inliers': 36, 'dx': 12.48095703125, 'dy': 222.19334411621094, 'scale': 1.9567639731990127, 'second': 32, 'detail': 'k=43 (43.00) inliers=36 second=32 dx=+12 scale=1.957 window=[39,43] fitted=[39, 40, 41, 42, 43]'}
      |         chain push: 1 chunk(s) of 0.40s, change 17.2, best 17.2, hazards none — one push, so `best` IS the whole leg's travel
      |     it  14  k= 45 ->  46  advanced-weak   fix={'k': 45, 'k_float': 45.0, 'inliers': 25, 'dx': 53.1326904296875, 'dy': 129.57708740234375, 'scale': 2.18920499657757, 'second': 23, 'detail': 'k=45 (45.00) inliers=25 second=23 dx=+53 scale=2.189 window=[42,46] fitted=[42, 43, 44, 45, 46]'}
      |         chain push: 1 chunk(s) of 0.40s, change 22.0, best 22.0, hazards none — one push, so `best` IS the whole leg's travel
      |         chain strafe: 1 chunk(s) of 0.24s, change 6.3, best 6.3, hazards none — one push, so `best` IS the whole leg's travel
      |     it  15  k= 46 ->  46  advanced        fix={'k': 48, 'k_float': 48.0, 'inliers': 33, 'dx': 172.5406494140625, 'dy': -32.310302734375, 'scale': 2.477989025224412, 'second': 15, 'detail': 'k=48 (48.00) inliers=33 second=15 dx=+173 scale=2.478 window=[44,48] fitted=[44, 45, 46, 47, 48]'}  strafe right 0.24s
      |         chain push: 1 chunk(s) of 0.40s, change 24.7, best 24.7, hazards none — one push, so `best` IS the whole leg's travel
      |         chain strafe: 1 chunk(s) of 0.24s, change 6.2, best 6.2, hazards none — one push, so `best` IS the whole leg's travel
      |     it  16  k= 48 ->  49  advanced-weak   fix={'k': 48, 'k_float': 48.0, 'inliers': 21, 'dx': 320.5413818359375, 'dy': -170.34365844726562, 'scale': 2.8691399235392074, 'second': 11, 'detail': 'k=48 (48.00) inliers=21 second=11 dx=+321 scale=2.869 window=[45,49] fitted=[47, 48, 49]'}  strafe right 0.24s
      |         chain push: 1 chunk(s) of 0.40s, change 28.6, best 28.6, hazards none — one push, so `best` IS the whole leg's travel
      |     it  17  k= 49 ->  49  blind-advance   fix={'k': 51, 'k_float': 51.0, 'inliers': 9, 'dx': -80.06396484375, 'dy': 192.24005126953125, 'scale': 1.4649152906319065, 'second': 9, 'detail': 'k=51 (51.00) inliers=9 second=9 dx=-80 scale=1.465 window=[47,51] fitted=[47, 49, 50, 51]'}
      |         chain push: 1 chunk(s) of 0.40s, change 21.4, best 21.4, hazards none — one push, so `best` IS the whole leg's travel
      |         chain strafe: 1 chunk(s) of 0.17s, change 17.4, best 17.4, hazards none — one push, so `best` IS the whole leg's travel
      |     it  18  k=103 ->  52  relocalised     fix={'k': 103, 'k_float': 63.55372747546711, 'inliers': 168, 'dx': -124.94601440429688, 'dy': 10.849563598632812, 'scale': 0.5506367581918539, 'second': 156, 'detail': 'k=103 (63.55) inliers=168 second=156 dx=-125 scale=0.551 window=[49,110] fitted=[49, 50, 51, 52, 53, 54, 55, 56, 57, 58, 59, 60, 61, 62, 63, 64, 65, 66, 67, 68, 69, 70, 71, 72, 73, 74, 75, 76, 77, 78, 79, 80, 81, 82, 83, 84, 85, 86, 87, 88, 89, 90, 91, 92, 93, 94, 95, 96, 97, 98, 99, 100, 101, 102, 103, 104, 105, 106, 107, 108, 109, 110]'}  strafe left 0.17s
      |         chain push: 1 chunk(s) of 0.40s, change 25.3, best 25.3, hazards none — one push, so `best` IS the whole leg's travel
      |         chain strafe: 1 chunk(s) of 0.17s, change 16.7, best 16.7, hazards none — one push, so `best` IS the whole leg's travel
      |     it  19  k=103 -> 104  stalled         fix={'k': 104, 'k_float': 104.0, 'inliers': 121, 'dx': -125.31845092773438, 'dy': 14.985565185546875, 'scale': 0.5503758165187356, 'second': 111, 'detail': 'k=104 (104.00) inliers=121 second=111 dx=-125 scale=0.550 window=[102,106] fitted=[102, 103, 104, 105, 106]'}  strafe left 0.17s
      |         chain push: 1 chunk(s) of 0.40s, change 20.8, best 20.8, hazards none — one push, so `best` IS the whole leg's travel
      |         chain strafe: 1 chunk(s) of 0.16s, change 9.6, best 9.6, hazards none — one push, so `best` IS the whole leg's travel
      |     it  20  k=103 -> 104  stalled         fix={'k': 103, 'k_float': 103.0, 'inliers': 96, 'dx': -111.82470703125, 'dy': 17.488922119140625, 'scale': 0.6161133282095437, 'second': 95, 'detail': 'k=103 (103.00) inliers=96 second=95 dx=-112 scale=0.616 window=[102,106] fitted=[102, 103, 104, 105, 106]'}  strafe left 0.15s
      |         chain push: 1 chunk(s) of 0.40s, change 16.0, best 16.0, hazards none — one push, so `best` IS the whole leg's travel
      |         chain strafe: 1 chunk(s) of 0.16s, change 10.6, best 10.6, hazards none — one push, so `best` IS the whole leg's travel
      |     it  21  k=104 -> 104  advanced        fix={'k': 105, 'k_float': 105.0, 'inliers': 135, 'dx': -112.64266967773438, 'dy': 20.7647705078125, 'scale': 0.5837932657137535, 'second': 122, 'detail': 'k=105 (105.00) inliers=135 second=122 dx=-113 scale=0.584 window=[102,106] fitted=[102, 103, 104, 105, 106]'}  strafe left 0.16s
      |         chain push: 1 chunk(s) of 0.40s, change 15.1, best 15.1, hazards none — one push, so `best` IS the whole leg's travel
      |         chain strafe: 1 chunk(s) of 0.13s, change 8.6, best 8.6, hazards none — one push, so `best` IS the whole leg's travel
      |     it  22  k=104 -> 107  stalled         fix={'k': 103, 'k_float': 103.0, 'inliers': 160, 'dx': -90.69723510742188, 'dy': 8.507980346679688, 'scale': 0.6818432873145466, 'second': 144, 'detail': 'k=103 (103.00) inliers=160 second=144 dx=-91 scale=0.682 window=[103,107] fitted=[103, 104, 105, 106, 107]'}  strafe left 0.13s
      |         chain push: 1 chunk(s) of 0.40s, change 17.8, best 17.8, hazards none — one push, so `best` IS the whole leg's travel
      |         chain strafe: 1 chunk(s) of 0.12s, change 8.1, best 8.1, hazards none — one push, so `best` IS the whole leg's travel
      |     it  23  k=104 -> 107  stalled         fix={'k': 103, 'k_float': 103.0, 'inliers': 177, 'dx': -88.35845947265625, 'dy': -13.305633544921875, 'scale': 0.7215720991565399, 'second': 173, 'detail': 'k=103 (103.00) inliers=177 second=173 dx=-88 scale=0.722 window=[103,107] fitted=[103, 104, 105, 106, 107]'}  strafe left 0.12s
      |         chain push: 1 chunk(s) of 0.40s, change 18.1, best 18.1, hazards none — one push, so `best` IS the whole leg's travel
      |         chain strafe: 1 chunk(s) of 0.12s, change 11.6, best 11.6, hazards none — one push, so `best` IS the whole leg's travel
      |     it  24  k=104 -> 107  stalled         fix={'k': 105, 'k_float': 105.0, 'inliers': 197, 'dx': -87.88751220703125, 'dy': -14.63134765625, 'scale': 0.7074397912643429, 'second': 174, 'detail': 'k=105 (105.00) inliers=197 second=174 dx=-88 scale=0.707 window=[103,107] fitted=[103, 104, 105, 106, 107]'}  strafe left 0.12s
      |         chain push: 1 chunk(s) of 0.40s, change 16.2, best 16.2, hazards none — one push, so `best` IS the whole leg's travel
      |     it  25  k=104 -> 107  escape:jump     fix={'k': 105, 'k_float': 105.0, 'inliers': 181, 'dx': -74.60000610351562, 'dy': -14.929931640625, 'scale': 0.7648319921637603, 'second': 172, 'detail': 'k=105 (105.00) inliers=181 second=172 dx=-75 scale=0.765 window=[103,107] fitted=[103, 104, 105, 106, 107]'}
      |         chain push: 1 chunk(s) of 0.40s, change 23.6, best 23.6, hazards none — one push, so `best` IS the whole leg's travel
      |     it  26  k=104 -> 107  stalled         fix={'k': 106, 'k_float': 106.0, 'inliers': 189, 'dx': -88.75015258789062, 'dy': -19.44000244140625, 'scale': 0.8130395736471219, 'second': 171, 'detail': 'k=106 (106.00) inliers=189 second=171 dx=-89 scale=0.813 window=[103,107] fitted=[103, 104, 105, 106, 107]'}
      |         chain push: 1 chunk(s) of 0.40s, change 18.8, best 18.8, hazards none — one push, so `best` IS the whole leg's travel
      |         chain strafe: 1 chunk(s) of 0.12s, change 10.3, best 10.3, hazards none — one push, so `best` IS the whole leg's travel
      |     it  27  k=104 -> 107  stalled         fix={'k': 105, 'k_float': 104.08478138527917, 'inliers': 187, 'dx': -89.57955932617188, 'dy': -18.0, 'scale': 0.9499460542324922, 'second': 185, 'detail': 'k=105 (104.08) inliers=187 second=185 dx=-90 scale=0.950 window=[103,107] fitted=[103, 104, 105, 106, 107]'}  strafe left 0.12s
      |         chain push: 1 chunk(s) of 0.40s, change 23.8, best 23.8, hazards none — one push, so `best` IS the whole leg's travel
      |         chain strafe: 1 chunk(s) of 0.12s, change 11.6, best 11.6, hazards none — one push, so `best` IS the whole leg's travel
      |     it  28  k=104 -> 107  stalled         fix={'k': 107, 'k_float': 106.25707776588473, 'inliers': 190, 'dx': -88.90000915527344, 'dy': -14.4000244140625, 'scale': 0.96006089832076, 'second': 160, 'detail': 'k=107 (106.26) inliers=190 second=160 dx=-89 scale=0.960 window=[103,107] fitted=[103, 104, 105, 106, 107]'}  strafe left 0.12s
      |         chain push: 1 chunk(s) of 0.40s, change 21.7, best 21.7, hazards none — one push, so `best` IS the whole leg's travel
      |         chain strafe: 1 chunk(s) of 0.30s, change 21.7, best 21.7, hazards none — one push, so `best` IS the whole leg's travel
      |     it  29  k=104 -> 107  escape:left     fix={'k': 105, 'k_float': 105.0, 'inliers': 186, 'dx': -80.39999389648438, 'dy': -28.271987915039062, 'scale': 1.192820374516106, 'second': 181, 'detail': 'k=105 (105.00) inliers=186 second=181 dx=-80 scale=1.193 window=[103,107] fitted=[103, 104, 105, 106, 107]'}
      |         chain push: 1 chunk(s) of 0.40s, change 25.9, best 25.9, hazards none — one push, so `best` IS the whole leg's travel
      |     it  30  k=104 -> 107  stalled         fix={'k': 105, 'k_float': 105.0, 'inliers': 172, 'dx': -20.159942626953125, 'dy': -38.37998962402344, 'scale': 1.3829666578897712, 'second': 170, 'detail': 'k=105 (105.00) inliers=172 second=170 dx=-20 scale=1.383 window=[103,107] fitted=[103, 104, 105, 106, 107]'}
      |         chain push: 1 chunk(s) of 0.40s, change 21.2, best 21.2, hazards none — one push, so `best` IS the whole leg's travel
      |         chain strafe: 1 chunk(s) of 0.10s, change 11.2, best 11.2, hazards none — one push, so `best` IS the whole leg's travel
      |     it  31  k=107 -> 107  advanced        fix={'k': 107, 'k_float': 107.0, 'inliers': 142, 'dx': -42.269866943359375, 'dy': -52.963157653808594, 'scale': 1.606988574655816, 'second': 119, 'detail': 'k=107 (107.00) inliers=142 second=119 dx=-42 scale=1.607 window=[103,107] fitted=[103, 104, 105, 106, 107]'}  strafe left 0.10s
      |         chain push: 1 chunk(s) of 0.40s, change 20.3, best 20.3, hazards none — one push, so `best` IS the whole leg's travel
      |     it  32  k=109 -> 109  advanced        fix={'k': 109, 'k_float': 109.0, 'inliers': 113, 'dx': -32.9439697265625, 'dy': -80.18397521972656, 'scale': 1.7700723994976828, 'second': 100, 'detail': 'k=109 (109.00) inliers=113 second=100 dx=-33 scale=1.770 window=[106,110] fitted=[106, 107, 108, 109, 110]'}
      |         chain push: 1 chunk(s) of 0.40s, change 25.5, best 25.5, hazards none — one push, so `best` IS the whole leg's travel
      |         chain strafe: 1 chunk(s) of 0.10s, change 16.1, best 16.1, hazards none — one push, so `best` IS the whole leg's travel
      |     it  33  k=109 -> 112  stalled         fix={'k': 110, 'k_float': 110.0, 'inliers': 41, 'dx': 56.64544677734375, 'dy': -62.595916748046875, 'scale': 3.231643565738304, 'second': 37, 'detail': 'k=110 (110.00) inliers=41 second=37 dx=+57 scale=3.232 window=[108,112] fitted=[108, 109, 110, 111, 112]'}  strafe right 0.10s
      |         chain push: 1 chunk(s) of 0.40s, change 42.3, best 42.3, hazards none — one push, so `best` IS the whole leg's travel
      |     it  34  k=112 -> 112  blind-advance   fix=None
      |         chain push: 1 chunk(s) of 0.40s, change 27.4, best 27.4, hazards none — one push, so `best` IS the whole leg's travel
      |     it  35  k=114 -> 114  blind-advance   fix=None
      |         turn to 303.3: TURNED to 302.7 (err +0.7) in 3 push(es)
      |         chain strafe: 1 chunk(s) of 0.26s, change 17.7, best 17.7, hazards none — one push, so `best` IS the whole leg's travel
      |     it  36  k=129 -> 129  turned-aligned to 303.34476843910807  (79 inliers at the stop)
      |         turn to 299.8: NO-OP, already inside 4.0 deg (at 302.7, err -2.9) — nothing was sent, the recorded curve was discarded, and the caller's step line will look like a turn that happened
      |         chain push: 1 chunk(s) of 0.40s, change 13.8, best 13.8, hazards none — one push, so `best` IS the whole leg's travel
      |         chain strafe: 1 chunk(s) of 0.30s, change 12.4, best 12.4, hazards none — one push, so `best` IS the whole leg's travel
      |     it  37  k=130 -> 130  advanced        fix={'k': 130, 'k_float': 130.0, 'inliers': 142, 'dx': -324.81597900390625, 'dy': -70.66365814208984, 'scale': 1.3608585696166475, 'second': 78, 'detail': 'k=130 (130.00) inliers=142 second=78 dx=-325 scale=1.361 window=[128,132] fitted=[128, 129, 130, 131, 132]'}  strafe left 0.30s
      |         turn to 298.3: TURNED to 298.1 (err +0.2) in 1 push(es)
      |         chain push: 1 chunk(s) of 0.40s, change 13.3, best 13.3, hazards none — one push, so `best` IS the whole leg's travel
      |         chain strafe: 1 chunk(s) of 0.30s, change 14.1, best 14.1, hazards none — one push, so `best` IS the whole leg's travel
      |     it  38  k=133 -> 133  advanced        fix={'k': 133, 'k_float': 133.0, 'inliers': 183, 'dx': -224.87998962402344, 'dy': -86.814697265625, 'scale': 1.4325368548505684, 'second': 175, 'detail': 'k=133 (133.00) inliers=183 second=175 dx=-225 scale=1.433 window=[129,133] fitted=[129, 130, 131, 132, 133]'}  strafe left 0.30s
      |         chain push: 1 chunk(s) of 0.40s, change 19.9, best 19.9, hazards none — one push, so `best` IS the whole leg's travel
      |         chain strafe: 1 chunk(s) of 0.26s, change 18.5, best 18.5, hazards none — one push, so `best` IS the whole leg's travel
      |     it  39  k=133 -> 136  stalled         fix={'k': 135, 'k_float': 135.0, 'inliers': 120, 'dx': -184.6199951171875, 'dy': -112.9059066772461, 'scale': 1.5471470462501093, 'second': 117, 'detail': 'k=135 (135.00) inliers=120 second=117 dx=-185 scale=1.547 window=[132,136] fitted=[132, 133, 134, 135, 136]'}  strafe left 0.26s
      |         chain push: 1 chunk(s) of 0.40s, change 24.0, best 24.0, hazards none — one push, so `best` IS the whole leg's travel
      |         chain strafe: 1 chunk(s) of 0.21s, change 25.0, best 25.0, hazards none — one push, so `best` IS the whole leg's travel
      |     it  40  k=136 -> 136  advanced        fix={'k': 136, 'k_float': 136.0, 'inliers': 114, 'dx': -147.66958618164062, 'dy': -137.29226684570312, 'scale': 1.9070486037076235, 'second': 86, 'detail': 'k=136 (136.00) inliers=114 second=86 dx=-148 scale=1.907 window=[132,136] fitted=[132, 133, 134, 135, 136]'}  strafe left 0.20s
      |         chain push: 1 chunk(s) of 0.40s, change 29.9, best 29.9, hazards none — one push, so `best` IS the whole leg's travel
      |         chain strafe: 1 chunk(s) of 0.10s, change 32.1, best 32.1, hazards none — one push, so `best` IS the whole leg's travel
      |     it  41  k=136 -> 139  stalled         fix={'k': 138, 'k_float': 138.0, 'inliers': 110, 'dx': -69.92315673828125, 'dy': -162.8543701171875, 'scale': 2.3239457710999956, 'second': 36, 'detail': 'k=138 (138.00) inliers=110 second=36 dx=-70 scale=2.324 window=[135,139] fitted=[135, 136, 137, 138, 139]'}  strafe left 0.10s
      |         chain push: 1 chunk(s) of 0.40s, change 34.0, best 34.0, hazards none — one push, so `best` IS the whole leg's travel
      |         chain strafe: 1 chunk(s) of 0.23s, change 43.4, best 43.4, hazards none — one push, so `best` IS the whole leg's travel
      |     it  42  k=136 -> 139  stalled         fix={'k': 137, 'k_float': 137.0, 'inliers': 49, 'dx': -162.85772705078125, 'dy': -157.8689422607422, 'scale': 3.2289736723900906, 'second': 23, 'detail': 'k=137 (137.00) inliers=49 second=23 dx=-163 scale=3.229 window=[135,139] fitted=[135, 136, 137, 139]'}  strafe left 0.23s
      |         chain push: 1 chunk(s) of 0.40s, change 36.6, best 36.6, hazards none — one push, so `best` IS the whole leg's travel
      |     it  43  k=136 -> 139  stalled         fix={'k': 138, 'k_float': 138.0, 'inliers': 79, 'dx': -9.61175537109375, 'dy': -181.75682067871094, 'scale': 2.796702628954726, 'second': 8, 'detail': 'k=138 (138.00) inliers=79 second=8 dx=-10 scale=2.797 window=[135,139] fitted=[135, 138, 139]'}
      |         chain push: 1 chunk(s) of 0.40s, change 36.7, best 36.7, hazards none — one push, so `best` IS the whole leg's travel
      |     it  44  k=138 -> 139  advanced-weak   fix={'k': 138, 'k_float': 138.0, 'inliers': 19, 'dx': -181.87274169921875, 'dy': -148.99508666992188, 'scale': 2.9600112491369526, 'second': 17, 'detail': 'k=138 (138.00) inliers=19 second=17 dx=-182 scale=2.960 window=[135,139] fitted=[137, 138, 139]'}
      |         chain push: 1 chunk(s) of 0.40s, change 43.2, best 43.2, hazards none — one push, so `best` IS the whole leg's travel
      |     it  45  k=139 -> 139  advanced-weak   fix={'k': 141, 'k_float': 141.0, 'inliers': 21, 'dx': 165.12005615234375, 'dy': -97.43998718261719, 'scale': 1.47760247012379, 'second': 19, 'detail': 'k=141 (141.00) inliers=21 second=19 dx=+165 scale=1.478 window=[137,141] fitted=[137, 138, 139, 140, 141]'}
      |         chain push: 1 chunk(s) of 0.40s, change 44.2, best 44.2, hazards none — one push, so `best` IS the whole leg's travel
      |     it  46  k=141 -> 142  advanced-weak   fix={'k': 141, 'k_float': 141.0, 'inliers': 27, 'dx': 116.3291015625, 'dy': -64.76797485351562, 'scale': 1.482760754535194, 'second': 25, 'detail': 'k=141 (141.00) inliers=27 second=25 dx=+116 scale=1.483 window=[138,142] fitted=[138, 139, 140, 141, 142]'}
      |         chain push: 1 chunk(s) of 0.40s, change 51.2, best 51.2, hazards none — one push, so `best` IS the whole leg's travel
      |         chain strafe: 1 chunk(s) of 0.10s, change 30.4, best 30.4, hazards none — one push, so `best` IS the whole leg's travel
      |     it  47  k=142 -> 142  advanced        fix={'k': 143, 'k_float': 143.0, 'inliers': 64, 'dx': 43.716033935546875, 'dy': -56.791229248046875, 'scale': 1.4081468858234332, 'second': 56, 'detail': 'k=143 (143.00) inliers=64 second=56 dx=+44 scale=1.408 window=[140,144] fitted=[140, 141, 142, 143, 144]'}  strafe right 0.10s
      |         turn to 2.2: TURNED to 2.4 (err -0.2) in 1 push(es)
      |         turn to 337.2: TURNED to 340.3 (err -3.0) in 1 push(es)
      |         turn to 27.2: NO compass reading, abandoned BEFORE turning — the caller's 'got --' is an unread heading, not a heading that was reached
      |         turn to 2.2: NO compass reading, abandoned BEFORE turning — the caller's 'got --' is an unread heading, not a heading that was reached
      |     it  48  k=166 -> 166  turned-looked to 2.2489998976495684  (66 inliers at the stop)
      |         chain push: 1 chunk(s) of 0.40s, change 27.5, best 27.5, hazards none — one push, so `best` IS the whole leg's travel
      |         chain strafe: 1 chunk(s) of 0.30s, change 21.3, best 21.3, hazards none — one push, so `best` IS the whole leg's travel
      |     it  49  k=166 -> 167  stalled         fix={'k': 166, 'k_float': 166.0, 'inliers': 30, 'dx': -289.81732177734375, 'dy': -136.79998779296875, 'scale': 1.2089258105060028, 'second': 28, 'detail': 'k=166 (166.00) inliers=30 second=28 dx=-290 scale=1.209 window=[165,169] fitted=[165, 166, 167, 168, 169]'}  strafe left 0.30s
      |         chain push: 1 chunk(s) of 0.40s, change 29.1, best 29.1, hazards none — one push, so `best` IS the whole leg's travel
      |     it  50  k=167 -> 167  blind-advance   fix={'k': 165, 'k_float': 165.0, 'inliers': 16, 'dx': -256.517578125, 'dy': -154.06849670410156, 'scale': 1.3777707039283669, 'second': 15, 'detail': 'k=165 (165.00) inliers=16 second=15 dx=-257 scale=1.378 window=[165,169] fitted=[165, 166, 167, 168, 169]'}
      |         turn to 4.3: TURNED to 3.9 (err +0.3) in 1 push(es)
      |         chain push: 1 chunk(s) of 0.40s, change 30.5, best 30.5, hazards none — one push, so `best` IS the whole leg's travel
      |         chain strafe: 1 chunk(s) of 0.10s, change 21.6, best 21.6, hazards none — one push, so `best` IS the whole leg's travel
      |     it  51  k=167 -> 169  stalled         fix={'k': 167, 'k_float': 167.0, 'inliers': 42, 'dx': -58.191993713378906, 'dy': -161.8502197265625, 'scale': 1.5373645100863518, 'second': 42, 'detail': 'k=167 (167.00) inliers=42 second=42 dx=-58 scale=1.537 window=[166,170] fitted=[166, 167, 168, 169, 170]'}  strafe left 0.10s
      |         chain push: 1 chunk(s) of 0.40s, change 31.8, best 31.8, hazards none — one push, so `best` IS the whole leg's travel
      |         chain strafe: 1 chunk(s) of 0.10s, change 14.8, best 14.8, hazards none — one push, so `best` IS the whole leg's travel
      |     it  52  k=169 -> 169  advanced-past   fix={'k': 167, 'k_float': 167.0, 'inliers': 43, 'dx': -68.55999755859375, 'dy': -176.93614196777344, 'scale': 1.7108211161828013, 'second': 41, 'detail': 'k=167 (167.00) inliers=43 second=41 dx=-69 scale=1.711 window=[166,170] fitted=[166, 167, 168, 169, 170]'}  strafe left 0.10s
      |         turn to 2.2: NO-OP, already inside 4.0 deg (at 3.8, err -1.6) — nothing was sent, the recorded curve was discarded, and the caller's step line will look like a turn that happened
      |         chain push: 1 chunk(s) of 0.40s, change 29.5, best 29.5, hazards none — one push, so `best` IS the whole leg's travel
      |         chain strafe: 1 chunk(s) of 0.12s, change 15.5, best 15.5, hazards none — one push, so `best` IS the whole leg's travel
      |     it  53  k=171 -> 171  advanced        fix={'k': 171, 'k_float': 171.0, 'inliers': 41, 'dx': -86.09587097167969, 'dy': -190.9359893798828, 'scale': 1.7774846182495967, 'second': 36, 'detail': 'k=171 (171.00) inliers=41 second=36 dx=-86 scale=1.777 window=[168,172] fitted=[168, 169, 170, 171, 172]'}  strafe left 0.12s
      |         chain push: 1 chunk(s) of 0.40s, change 22.8, best 22.8, hazards none — one push, so `best` IS the whole leg's travel
      |         chain strafe: 1 chunk(s) of 0.10s, change 10.5, best 10.5, hazards none — one push, so `best` IS the whole leg's travel
      |     it  54  k=173 -> 173  advanced        fix={'k': 174, 'k_float': 174.0, 'inliers': 46, 'dx': -68.29053497314453, 'dy': -209.65614318847656, 'scale': 1.8211177416121662, 'second': 37, 'detail': 'k=174 (174.00) inliers=46 second=37 dx=-68 scale=1.821 window=[170,174] fitted=[170, 171, 172, 173, 174]'}  strafe left 0.10s
      |         chain push: 1 chunk(s) of 0.40s, change 17.6, best 17.6, hazards none — one push, so `best` IS the whole leg's travel
      |         chain strafe: 1 chunk(s) of 0.10s, change 12.4, best 12.4, hazards none — one push, so `best` IS the whole leg's travel
      |     it  55  k=175 -> 176  advanced-weak   fix={'k': 175, 'k_float': 175.0, 'inliers': 16, 'dx': -50.922061920166016, 'dy': -223.37838745117188, 'scale': 2.0375631512259007, 'second': 15, 'detail': 'k=175 (175.00) inliers=16 second=15 dx=-51 scale=2.038 window=[172,176] fitted=[173, 174, 175, 176]'}  strafe left 0.10s
      |         chain push: 1 chunk(s) of 0.40s, change 17.8, best 17.8, hazards none — one push, so `best` IS the whole leg's travel
      |     it  56  k=176 -> 176  blind-advance   fix=None
      |         turn to 89.5: TURNED to 86.5 (err +3.0) in 1 push(es)
      |         turn to 64.5: TURNED to 65.6 (err -1.1) in 1 push(es)
      |         turn to 114.5: TURNED to 116.6 (err -2.1) in 1 push(es)
      |         turn to 89.5: TURNED to 92.1 (err -2.6) in 1 push(es)
      |         turn to 2.3: TURNED to 3.4 (err -1.1) in 2 push(es)
      |         chain push: 1 chunk(s) of 0.40s, change 20.4, best 20.4, hazards none — one push, so `best` IS the whole leg's travel
      |     it  57  k=176 -> 196  turn-retry 1/3: the stop's frame did not fit (11 inliers); one more push along 2.3
      |         turn to 89.5: TURNED to 88.2 (err +1.3) in 3 push(es)
      |         turn to 64.5: TURNED to 66.1 (err -1.7) in 2 push(es)
      |         turn to 114.5: TURNED to 114.7 (err -0.2) in 1 push(es)
      |         turn to 89.5: TURNED to 93.0 (err -3.5) in 1 push(es)
      |         turn to 2.3: TURNED to 2.9 (err -0.7) in 1 push(es)
      |         chain push: 1 chunk(s) of 0.40s, change 20.9, best 20.9, hazards none — one push, so `best` IS the whole leg's travel
      |     it  58  k=176 -> 196  turn-retry 2/3: the stop's frame did not fit (0 inliers); one more push along 2.3
      |         turn to 89.5: TURNED to 91.0 (err -1.5) in 2 push(es)
      |         turn to 64.5: TURNED to 67.1 (err -2.6) in 1 push(es)
      |         turn to 114.5: NO compass reading, abandoned BEFORE turning — the caller's 'got --' is an unread heading, not a heading that was reached
      |         turn to 89.5: TURNED to 92.7 (err -3.2) in 1 push(es)
      |         turn to 2.3: TURNED to 5.0 (err -2.7) in 1 push(es)
      |         chain push: 1 chunk(s) of 0.40s, change 23.3, best 23.3, hazards none — one push, so `best` IS the whole leg's travel
      |     it  59  k=176 -> 196  turn-retry 3/3: the stop's frame did not fit (0 inliers); one more push along 2.3
      |         turn to 89.5: TURNED to 87.5 (err +2.0) in 1 push(es)
      |         turn to 64.5: TURNED to 67.2 (err -2.7) in 2 push(es)
      |         turn to 114.5: NO compass reading, abandoned BEFORE turning — the caller's 'got --' is an unread heading, not a heading that was reached
      |         turn to 89.5: NO compass reading, abandoned BEFORE turning — the caller's 'got --' is an unread heading, not a heading that was reached
      |     it  60  k=196 -> 196  turned-unverified to 89.491477293153  (13 inliers at the stop)
      |         chain push: 1 chunk(s) of 0.40s, change 14.2, best 14.2, hazards none — one push, so `best` IS the whole leg's travel
      |     it  61  k=197 -> 197  blind-advance   fix=None
      |         chain push: 1 chunk(s) of 0.40s, change 9.2, best 9.2, hazards none — one push, so `best` IS the whole leg's travel
      |     it  62  k=197 -> 200  miss            fix=None
      |         chain push: 1 chunk(s) of 0.40s, change 3.6, best 3.6, hazards none — one push, so `best` IS the whole leg's travel
      |     it  63  k=197 -> 200  miss            fix=None
      |         chain push: 1 chunk(s) of 0.40s, change 6.3, best 6.3, hazards none — one push, so `best` IS the whole leg's travel
      |         chain strafe: 1 chunk(s) of 0.30s, change 13.5, best 13.5, hazards none — one push, so `best` IS the whole leg's travel
      |     it  64  k=197 -> 200  escape:right    fix=None
      |         chain push: 1 chunk(s) of 0.40s, change 7.6, best 7.6, hazards none — one push, so `best` IS the whole leg's travel
      |     it  65  k=197 -> 200  miss            fix=None
      |         chain push: 1 chunk(s) of 0.40s, change 4.2, best 4.2, hazards none — one push, so `best` IS the whole leg's travel
      |     it  66  k=197 -> 200  miss            fix=None
      |         chain push: 1 chunk(s) of 0.40s, change 1.5, best 1.5, hazards SHORT — one push, so `best` IS the whole leg's travel
      |     it  67  k=197 -> 200  escape:jump     fix=None
      |         chain push: 1 chunk(s) of 0.40s, change 11.2, best 11.2, hazards none — one push, so `best` IS the whole leg's travel
      |     it  68  k=197 -> 200  miss            fix=None
      |         chain push: 1 chunk(s) of 0.40s, change 4.4, best 4.4, hazards none — one push, so `best` IS the whole leg's travel
      |     it  69  k=197 -> 200  miss            fix=None
      |         chain push: 1 chunk(s) of 0.40s, change 2.9, best 2.9, hazards SHORT — one push, so `best` IS the whole leg's travel
      |         chain strafe: 1 chunk(s) of 0.30s, change 12.1, best 12.1, hazards none — one push, so `best` IS the whole leg's travel
      |   chain_walk: LOST — 9 iterations with nothing credible after the blind budget at k=197 of 204
[ 8] FAILED    k=197/205  it=70  pushes=65  seconds=164.2 (walk 148.85, setup 13.4)  failure=lost at k=197 of 204: 9 iterations with no credible fix after 6 blind advances
