chain trials: 10 of route_user_1853 (walk cap 400s + setup budget 180s = external ceiling 580s)
  config {'PUSH_MAG': 0.45, 'PUSH_SEC': 0.4, 'MISS_MAX': 3, 'STALL_MAX': 4, 'WINDOW': 3, 'LATERAL_GAIN': 2400.0, 'LATERAL_MAG': 0.3, 'LATERAL_CAP_SEC': 0.3, 'LATERAL_TOL_PX': 35.0, 'TABLE_CHECK_TAIL': None, 'END_PUSH_UNITS': 0.05, 'end_iteration_budget': 1}
  205 waypoints -> >= 204 iterations (k rises by at most 3 each), so the 400s cap allows 1.96s per iteration. An iteration is one turn, one push, three captures and a locate — if that budget looks impossible, the chain is too dense and every trial will TIME OUT for a reason that is not navigation.
      |   pause menu open (selected 'Resume')
      |   selected: Load Last Save
      |   confirmation dialog up (delta 84.2) -> YES
      |   world back after 3.2s, spawn bearing 87 (E)
      |   setup 13.3s (reset 10.7s, Chain.load 2.6s for 205 waypoints) of a 180s budget
      |   chain_walk: 205 waypoints -> plan of 47 targets (41 push, 6 turn-only); the prompt is checked on every iteration; k rises by at most 1 per iteration, so >= 204 iteration(s). The 400s cap allows 1.96s each. At the last waypoint the walk may spend 3 more iteration(s) — 0.540 walk-units of forward push against OPEN-22's measured 0.05 — and then gives up rather than walking on past the table.
      |         turn to 271.3: TURNED to 271.6 (err -0.3) in 2 push(es)
      |     it   1  k=  3 ->   3  turned to 271.3168428039934  (196 inliers at the stop)
      |         chain push: 1 chunk(s) of 0.40s, change 20.7, best 20.7, hazards none — one push, so `best` IS the whole leg's travel
      |     it   2  k=  4 ->   4  advanced-weak   fix={'k': 6, 'k_float': 6.0, 'inliers': 22, 'dx': 33.044342041015625, 'dy': 19.059173583984375, 'scale': 1.1501880371559472, 'second': 19, 'detail': 'k=6 (6.00) inliers=22 second=19 dx=+33 scale=1.150 window=[2,6] fitted=[2, 3, 4, 5, 6]'}
      |         chain push: 1 chunk(s) of 0.40s, change 19.1, best 19.1, hazards none — one push, so `best` IS the whole leg's travel
      |     it   3  k=  7 ->   7  blind-advance   fix={'k': 7, 'k_float': 7.0, 'inliers': 13, 'dx': -48.52223205566406, 'dy': 31.6800537109375, 'scale': 1.2621726009983643, 'second': 13, 'detail': 'k=7 (7.00) inliers=13 second=13 dx=-49 scale=1.262 window=[3,7] fitted=[3, 4, 5, 6, 7]'}
      |         chain push: 1 chunk(s) of 0.40s, change 14.6, best 14.6, hazards none — one push, so `best` IS the whole leg's travel
      |     it   4  k= 10 ->  10  blind-advance   fix={'k': 9, 'k_float': 9.0, 'inliers': 10, 'dx': -99.66411590576172, 'dy': 38.112823486328125, 'scale': 1.6575200561233865, 'second': 6, 'detail': 'k=9 (9.00) inliers=10 second=6 dx=-100 scale=1.658 window=[6,10] fitted=[7, 8, 9]'}
      |         chain push: 1 chunk(s) of 0.40s, change 9.1, best 9.1, hazards none — one push, so `best` IS the whole leg's travel
      |     it   5  k= 13 ->  13  blind-advance   fix={'k': 13, 'k_float': 13.0, 'inliers': 10, 'dx': -136.61279296875, 'dy': 41.38542175292969, 'scale': 1.3239918117543932, 'second': 10, 'detail': 'k=13 (13.00) inliers=10 second=10 dx=-137 scale=1.324 window=[9,13] fitted=[9, 11, 13]'}
      |         chain push: 1 chunk(s) of 0.40s, change 7.5, best 7.5, hazards none — one push, so `best` IS the whole leg's travel
      |     it   6  k= 16 ->  16  blind-advance   fix=None
      |         chain push: 1 chunk(s) of 0.40s, change 7.5, best 7.5, hazards none — one push, so `best` IS the whole leg's travel
      |     it   7  k= 19 ->  19  blind-advance   fix=None
      |         turn to 1.6: TURNED to 0.9 (err +0.7) in 2 push(es)
      |         turn to 271.3: TURNED to 272.0 (err -0.7) in 2 push(es)
      |         chain push: 1 chunk(s) of 0.40s, change 9.1, best 9.1, hazards none — one push, so `best` IS the whole leg's travel
      |     it   8  k= 19 ->  39  turn-retry 1/3: the stop's frame did not fit (0 inliers); one more push along 271.3
      |         turn to 1.6: TURNED to 0.6 (err +1.0) in 1 push(es)
      |     it   9  k= 39 ->  39  turned to 1.6055901753868653  (163 inliers at the stop)
      |         chain push: 1 chunk(s) of 0.40s, change 15.0, best 15.0, hazards none — one push, so `best` IS the whole leg's travel
      |         chain strafe: 1 chunk(s) of 0.10s, change 12.4, best 12.4, hazards none — one push, so `best` IS the whole leg's travel
      |     it  10  k= 40 ->  40  advanced        fix={'k': 42, 'k_float': 42.0, 'inliers': 44, 'dx': -57.939998626708984, 'dy': 330.42498779296875, 'scale': 1.2796014237518707, 'second': 42, 'detail': 'k=42 (42.00) inliers=44 second=42 dx=-58 scale=1.280 window=[38,42] fitted=[38, 39, 40, 41, 42]'}  strafe left 0.10s
      |         chain push: 1 chunk(s) of 0.40s, change 20.2, best 20.2, hazards none — one push, so `best` IS the whole leg's travel
      |         chain strafe: 1 chunk(s) of 0.10s, change 11.0, best 11.0, hazards none — one push, so `best` IS the whole leg's travel
      |     it  11  k= 40 ->  43  stalled         fix={'k': 40, 'k_float': 40.0, 'inliers': 47, 'dx': 73.20001220703125, 'dy': 330.20001220703125, 'scale': 1.239705973293278, 'second': 47, 'detail': 'k=40 (40.00) inliers=47 second=47 dx=+73 scale=1.240 window=[39,43] fitted=[39, 40, 41, 42, 43]'}  strafe right 0.10s
      |         chain push: 1 chunk(s) of 0.40s, change 37.2, best 37.2, hazards none — one push, so `best` IS the whole leg's travel
      |         chain strafe: 1 chunk(s) of 0.11s, change 12.8, best 12.8, hazards none — one push, so `best` IS the whole leg's travel
      |     it  12  k= 40 ->  43  stalled         fix={'k': 40, 'k_float': 40.0, 'inliers': 48, 'dx': 80.12802124023438, 'dy': 310.248046875, 'scale': 1.3867477265281687, 'second': 46, 'detail': 'k=40 (40.00) inliers=48 second=46 dx=+80 scale=1.387 window=[39,43] fitted=[39, 40, 41, 42, 43]'}  strafe right 0.11s
      |         chain push: 1 chunk(s) of 0.40s, change 32.0, best 32.0, hazards none — one push, so `best` IS the whole leg's travel
      |         chain strafe: 1 chunk(s) of 0.13s, change 10.5, best 10.5, hazards none — one push, so `best` IS the whole leg's travel
      |     it  13  k= 43 ->  43  advanced        fix={'k': 43, 'k_float': 43.0, 'inliers': 43, 'dx': 92.08453369140625, 'dy': 266.24005126953125, 'scale': 1.5212471149604785, 'second': 36, 'detail': 'k=43 (43.00) inliers=43 second=36 dx=+92 scale=1.521 window=[39,43] fitted=[39, 40, 41, 42, 43]'}  strafe right 0.13s
      |         chain push: 1 chunk(s) of 0.40s, change 22.5, best 22.5, hazards none — one push, so `best` IS the whole leg's travel
      |         chain strafe: 1 chunk(s) of 0.10s, change 6.2, best 6.2, hazards none — one push, so `best` IS the whole leg's travel
      |     it  14  k= 46 ->  46  advanced        fix={'k': 46, 'k_float': 46.0, 'inliers': 41, 'dx': 71.52001953125, 'dy': 206.54452514648438, 'scale': 1.5909594606050375, 'second': 35, 'detail': 'k=46 (46.00) inliers=41 second=35 dx=+72 scale=1.591 window=[42,46] fitted=[42, 43, 44, 45, 46]'}  strafe right 0.10s
      |         chain push: 1 chunk(s) of 0.40s, change 14.8, best 14.8, hazards none — one push, so `best` IS the whole leg's travel
      |         chain strafe: 1 chunk(s) of 0.11s, change 1.4, best 1.4, hazards SHORT — one push, so `best` IS the whole leg's travel
      |     it  15  k= 49 ->  49  advanced        fix={'k': 49, 'k_float': 49.0, 'inliers': 113, 'dx': 82.2760009765625, 'dy': 150.77606201171875, 'scale': 1.6060569415919117, 'second': 95, 'detail': 'k=49 (49.00) inliers=113 second=95 dx=+82 scale=1.606 window=[45,49] fitted=[45, 46, 47, 48, 49]'}  strafe right 0.11s
      |         chain push: 1 chunk(s) of 0.40s, change 18.7, best 18.7, hazards none — one push, so `best` IS the whole leg's travel
      |         chain strafe: 1 chunk(s) of 0.17s, change 3.4, best 3.4, hazards none — one push, so `best` IS the whole leg's travel
      |     it  16  k= 49 ->  52  stalled         fix={'k': 51, 'k_float': 51.0, 'inliers': 66, 'dx': 120.7451171875, 'dy': 98.63142395019531, 'scale': 1.7239160200219332, 'second': 57, 'detail': 'k=51 (51.00) inliers=66 second=57 dx=+121 scale=1.724 window=[48,52] fitted=[48, 49, 50, 51, 52]'}  strafe right 0.17s
      |         chain push: 1 chunk(s) of 0.40s, change 23.7, best 23.7, hazards none — one push, so `best` IS the whole leg's travel
      |     it  17  k= 52 ->  52  advanced-weak   fix={'k': 52, 'k_float': 52.0, 'inliers': 23, 'dx': 248.790771484375, 'dy': -33.9599609375, 'scale': 2.0465650834385984, 'second': 17, 'detail': 'k=52 (52.00) inliers=23 second=17 dx=+249 scale=2.047 window=[48,52] fitted=[48, 49, 50, 51, 52]'}
      |         chain push: 1 chunk(s) of 0.40s, change 27.0, best 27.0, hazards none — one push, so `best` IS the whole leg's travel
      |     it  18  k= 55 ->  55  advanced        fix={'k': 55, 'k_float': 55.0, 'inliers': 40, 'dx': -7.399993896484375, 'dy': 216.9293212890625, 'scale': 1.1756273843620066, 'second': 18, 'detail': 'k=55 (55.00) inliers=40 second=18 dx=-7 scale=1.176 window=[51,55] fitted=[51, 52, 53, 54, 55]'}
      |         chain push: 1 chunk(s) of 0.40s, change 18.9, best 18.9, hazards none — one push, so `best` IS the whole leg's travel
      |     it  19  k= 58 ->  58  advanced        fix={'k': 58, 'k_float': 58.0, 'inliers': 96, 'dx': -4.97662353515625, 'dy': 246.56002807617188, 'scale': 1.0763105136814752, 'second': 90, 'detail': 'k=58 (58.00) inliers=96 second=90 dx=-5 scale=1.076 window=[54,58] fitted=[54, 55, 56, 57, 58]'}
      |         chain push: 1 chunk(s) of 0.40s, change 32.0, best 32.0, hazards none — one push, so `best` IS the whole leg's travel
      |     it  20  k= 58 ->  61  stalled         fix={'k': 60, 'k_float': 60.0, 'inliers': 122, 'dx': -3.5999908447265625, 'dy': 274.55999755859375, 'scale': 1.1179258943492572, 'second': 112, 'detail': 'k=60 (60.00) inliers=122 second=112 dx=-4 scale=1.118 window=[57,61] fitted=[57, 58, 59, 60, 61]'}
      |         chain push: 1 chunk(s) of 0.40s, change 20.4, best 20.4, hazards none — one push, so `best` IS the whole leg's travel
      |     it  21  k= 61 ->  61  advanced        fix={'k': 61, 'k_float': 61.0, 'inliers': 120, 'dx': -2.9859771728515625, 'dy': 279.5213623046875, 'scale': 1.1456034849142462, 'second': 105, 'detail': 'k=61 (61.00) inliers=120 second=105 dx=-3 scale=1.146 window=[57,61] fitted=[57, 58, 59, 60, 61]'}
      |         chain push: 1 chunk(s) of 0.40s, change 12.4, best 12.4, hazards none — one push, so `best` IS the whole leg's travel
      |     it  22  k= 64 ->  64  advanced        fix={'k': 64, 'k_float': 64.0, 'inliers': 125, 'dx': 20.0, 'dy': 267.84002685546875, 'scale': 1.0644610643579884, 'second': 125, 'detail': 'k=64 (64.00) inliers=125 second=125 dx=+20 scale=1.064 window=[60,64] fitted=[60, 61, 62, 63, 64]'}
      |     it  23  k= 88 ->  88  turned (skipped, same heading) to 1.3495539744498237  (116 inliers at the stop)
      |         chain push: 1 chunk(s) of 0.40s, change 15.1, best 15.1, hazards none — one push, so `best` IS the whole leg's travel
      |     it  24  k= 88 ->  89  stalled         fix={'k': 87, 'k_float': 87.0, 'inliers': 100, 'dx': -14.5999755859375, 'dy': -63.65049743652344, 'scale': 1.2080498104411617, 'second': 98, 'detail': 'k=87 (87.00) inliers=100 second=98 dx=-15 scale=1.208 window=[87,91] fitted=[87, 88, 89, 90, 91]'}
      |         chain push: 1 chunk(s) of 0.40s, change 16.8, best 16.8, hazards none — one push, so `best` IS the whole leg's travel
      |     it  25  k= 89 ->  89  advanced        fix={'k': 89, 'k_float': 89.0, 'inliers': 82, 'dx': -1.0759735107421875, 'dy': -52.77117919921875, 'scale': 1.1501046955587264, 'second': 73, 'detail': 'k=89 (89.00) inliers=82 second=73 dx=-1 scale=1.150 window=[87,91] fitted=[87, 88, 89, 90, 91]'}
      |         chain push: 1 chunk(s) of 0.40s, change 13.7, best 13.7, hazards none — one push, so `best` IS the whole leg's travel
      |     it  26  k= 92 ->  92  advanced        fix={'k': 92, 'k_float': 92.0, 'inliers': 79, 'dx': -4.079986572265625, 'dy': -62.10845947265625, 'scale': 1.1624790126410798, 'second': 70, 'detail': 'k=92 (92.00) inliers=79 second=70 dx=-4 scale=1.162 window=[88,92] fitted=[88, 89, 90, 91, 92]'}
      |         chain push: 1 chunk(s) of 0.40s, change 15.4, best 15.4, hazards none — one push, so `best` IS the whole leg's travel
      |     it  27  k= 94 ->  94  advanced        fix={'k': 95, 'k_float': 95.0, 'inliers': 114, 'dx': -10.1839599609375, 'dy': -32.762847900390625, 'scale': 1.1519982307856305, 'second': 97, 'detail': 'k=95 (95.00) inliers=114 second=97 dx=-10 scale=1.152 window=[91,95] fitted=[91, 92, 93, 94, 95]'}
      |         chain push: 1 chunk(s) of 0.40s, change 19.8, best 19.8, hazards none — one push, so `best` IS the whole leg's travel
      |     it  28  k= 96 ->  96  advanced        fix={'k': 96, 'k_float': 96.0, 'inliers': 145, 'dx': -20.652984619140625, 'dy': -27.1199951171875, 'scale': 1.3803338375214282, 'second': 128, 'detail': 'k=96 (96.00) inliers=145 second=128 dx=-21 scale=1.380 window=[93,97] fitted=[93, 94, 95, 96, 97]'}
      |         chain push: 1 chunk(s) of 0.40s, change 20.8, best 20.8, hazards none — one push, so `best` IS the whole leg's travel
      |     it  29  k= 98 ->  98  advanced        fix={'k': 99, 'k_float': 99.0, 'inliers': 127, 'dx': -31.034820556640625, 'dy': -25.20001220703125, 'scale': 1.3540937083949525, 'second': 124, 'detail': 'k=99 (99.00) inliers=127 second=124 dx=-31 scale=1.354 window=[95,99] fitted=[95, 96, 97, 98, 99]'}
      |         chain push: 1 chunk(s) of 0.40s, change 24.4, best 24.4, hazards none — one push, so `best` IS the whole leg's travel
      |         chain strafe: 1 chunk(s) of 0.10s, change 11.9, best 11.9, hazards none — one push, so `best` IS the whole leg's travel
      |     it  30  k=100 -> 100  advanced        fix={'k': 101, 'k_float': 101.0, 'inliers': 154, 'dx': -37.06028747558594, 'dy': -36.17756652832031, 'scale': 1.4174049518953613, 'second': 120, 'detail': 'k=101 (101.00) inliers=154 second=120 dx=-37 scale=1.417 window=[97,101] fitted=[97, 98, 99, 100, 101]'}  strafe left 0.10s
      |         chain push: 1 chunk(s) of 0.40s, change 25.3, best 25.3, hazards none — one push, so `best` IS the whole leg's travel
      |     it  31  k=102 -> 102  advanced        fix={'k': 103, 'k_float': 103.0, 'inliers': 179, 'dx': -19.27996826171875, 'dy': -38.154205322265625, 'scale': 1.4332783589825877, 'second': 149, 'detail': 'k=103 (103.00) inliers=179 second=149 dx=-19 scale=1.433 window=[99,103] fitted=[99, 100, 101, 102, 103]'}
      |         chain push: 1 chunk(s) of 0.40s, change 22.2, best 22.2, hazards none — one push, so `best` IS the whole leg's travel
      |     it  32  k=104 -> 104  advanced        fix={'k': 105, 'k_float': 105.0, 'inliers': 173, 'dx': -18.67999267578125, 'dy': -40.377593994140625, 'scale': 1.4615488921857633, 'second': 143, 'detail': 'k=105 (105.00) inliers=173 second=143 dx=-19 scale=1.462 window=[101,105] fitted=[101, 102, 103, 104, 105]'}
      |         chain push: 1 chunk(s) of 0.40s, change 18.6, best 18.6, hazards none — one push, so `best` IS the whole leg's travel
      |         chain strafe: 1 chunk(s) of 0.11s, change 12.9, best 12.9, hazards none — one push, so `best` IS the whole leg's travel
      |     it  33  k=107 -> 107  advanced        fix={'k': 107, 'k_float': 107.0, 'inliers': 171, 'dx': -81.56155395507812, 'dy': -42.47998046875, 'scale': 1.4765796129266398, 'second': 161, 'detail': 'k=107 (107.00) inliers=171 second=161 dx=-82 scale=1.477 window=[103,107] fitted=[103, 104, 105, 106, 107]'}  strafe left 0.11s
      |         chain push: 1 chunk(s) of 0.40s, change 19.4, best 19.4, hazards none — one push, so `best` IS the whole leg's travel
      |         chain strafe: 1 chunk(s) of 0.10s, change 13.5, best 13.5, hazards none — one push, so `best` IS the whole leg's travel
      |     it  34  k=109 -> 109  advanced        fix={'k': 110, 'k_float': 110.0, 'inliers': 161, 'dx': -60.364776611328125, 'dy': -54.75999450683594, 'scale': 1.441955180708983, 'second': 154, 'detail': 'k=110 (110.00) inliers=161 second=154 dx=-60 scale=1.442 window=[106,110] fitted=[106, 107, 108, 109, 110]'}  strafe left 0.10s
      |         chain push: 1 chunk(s) of 0.40s, change 19.1, best 19.1, hazards none — one push, so `best` IS the whole leg's travel
      |     it  35  k=112 -> 112  advanced        fix={'k': 112, 'k_float': 112.0, 'inliers': 164, 'dx': 13.92803955078125, 'dy': -24.993743896484375, 'scale': 1.6985818050615504, 'second': 120, 'detail': 'k=112 (112.00) inliers=164 second=120 dx=+14 scale=1.699 window=[108,112] fitted=[108, 109, 110, 111, 112]'}
      |         chain push: 1 chunk(s) of 0.40s, change 26.3, best 26.3, hazards none — one push, so `best` IS the whole leg's travel
      |     it  36  k=114 -> 114  advanced        fix={'k': 114, 'k_float': 114.0, 'inliers': 84, 'dx': 17.627349853515625, 'dy': -52.62232971191406, 'scale': 2.377481021433582, 'second': 53, 'detail': 'k=114 (114.00) inliers=84 second=53 dx=+18 scale=2.377 window=[111,115] fitted=[111, 112, 113, 114, 115]'}
      |         turn to 303.3: TURNED to 301.3 (err +2.0) in 1 push(es)
      |     it  37  k=129 -> 129  turned to 303.34476843910807  (170 inliers at the stop)
      |         turn to 299.8: NO-OP, already inside 4.0 deg (at 301.3, err -1.6) — nothing was sent, the recorded curve was discarded, and the caller's step line will look like a turn that happened
      |         chain push: 1 chunk(s) of 0.40s, change 13.6, best 13.6, hazards none — one push, so `best` IS the whole leg's travel
      |         chain strafe: 1 chunk(s) of 0.10s, change 9.1, best 9.1, hazards none — one push, so `best` IS the whole leg's travel
      |     it  38  k=129 -> 130  stalled         fix={'k': 128, 'k_float': 128.0, 'inliers': 184, 'dx': -68.41439819335938, 'dy': -41.16319274902344, 'scale': 1.1977199817920967, 'second': 166, 'detail': 'k=128 (128.00) inliers=184 second=166 dx=-68 scale=1.198 window=[128,132] fitted=[128, 129, 130, 131, 132]'}  strafe left 0.10s
      |         chain push: 1 chunk(s) of 0.40s, change 13.0, best 13.0, hazards none — one push, so `best` IS the whole leg's travel
      |         chain strafe: 1 chunk(s) of 0.30s, change 14.9, best 14.9, hazards none — one push, so `best` IS the whole leg's travel
      |     it  39  k=130 -> 130  advanced        fix={'k': 130, 'k_float': 130.0, 'inliers': 142, 'dx': -254.43838500976562, 'dy': -76.10685729980469, 'scale': 1.5135294805609074, 'second': 136, 'detail': 'k=130 (130.00) inliers=142 second=136 dx=-254 scale=1.514 window=[128,132] fitted=[128, 129, 130, 131, 132]'}  strafe left 0.30s
      |         turn to 298.3: NO-OP, already inside 4.0 deg (at 301.3, err -3.1) — nothing was sent, the recorded curve was discarded, and the caller's step line will look like a turn that happened
      |         chain push: 1 chunk(s) of 0.40s, change 22.1, best 22.1, hazards none — one push, so `best` IS the whole leg's travel
      |         chain strafe: 1 chunk(s) of 0.30s, change 21.7, best 21.7, hazards none — one push, so `best` IS the whole leg's travel
      |     it  40  k=130 -> 133  stalled         fix={'k': 132, 'k_float': 132.0, 'inliers': 136, 'dx': -229.04879760742188, 'dy': -98.40959167480469, 'scale': 1.762034603924752, 'second': 69, 'detail': 'k=132 (132.00) inliers=136 second=69 dx=-229 scale=1.762 window=[129,133] fitted=[129, 130, 131, 132, 133]'}  strafe left 0.30s
      |         chain push: 1 chunk(s) of 0.40s, change 25.4, best 25.4, hazards none — one push, so `best` IS the whole leg's travel
      |         chain strafe: 1 chunk(s) of 0.26s, change 26.4, best 26.4, hazards none — one push, so `best` IS the whole leg's travel
      |     it  41  k=133 -> 133  advanced        fix={'k': 133, 'k_float': 133.0, 'inliers': 81, 'dx': -183.9628448486328, 'dy': -153.6825408935547, 'scale': 2.1275764523293716, 'second': 63, 'detail': 'k=133 (133.00) inliers=81 second=63 dx=-184 scale=2.128 window=[129,133] fitted=[129, 130, 131, 132, 133]'}  strafe left 0.26s
      |         chain push: 1 chunk(s) of 0.40s, change 32.9, best 32.9, hazards none — one push, so `best` IS the whole leg's travel
      |         chain strafe: 1 chunk(s) of 0.21s, change 34.9, best 34.9, hazards none — one push, so `best` IS the whole leg's travel
      |     it  42  k=133 -> 136  stalled         fix={'k': 135, 'k_float': 135.0, 'inliers': 75, 'dx': -151.0931854248047, 'dy': -146.967041015625, 'scale': 2.924494210533636, 'second': 45, 'detail': 'k=135 (135.00) inliers=75 second=45 dx=-151 scale=2.924 window=[132,136] fitted=[132, 133, 134, 135, 136]'}  strafe left 0.21s
      |         chain push: 1 chunk(s) of 0.40s, change 33.9, best 33.9, hazards none — one push, so `best` IS the whole leg's travel
      |         chain strafe: 1 chunk(s) of 0.24s, change 41.4, best 41.4, hazards none — one push, so `best` IS the whole leg's travel
      |     it  43  k=133 -> 136  stalled         fix={'k': 135, 'k_float': 135.0, 'inliers': 32, 'dx': -170.55023193359375, 'dy': -178.49046325683594, 'scale': 3.6120061360642337, 'second': 28, 'detail': 'k=135 (135.00) inliers=32 second=28 dx=-171 scale=3.612 window=[132,136] fitted=[133, 134, 135, 136]'}  strafe left 0.24s
      |         chain push: 1 chunk(s) of 0.40s, change 39.4, best 39.4, hazards none — one push, so `best` IS the whole leg's travel
      |     it  44  k=136 -> 136  advanced-weak   fix={'k': 134, 'k_float': 134.0, 'inliers': 15, 'dx': -134.7604522705078, 'dy': -161.67454528808594, 'scale': 3.74820157121645, 'second': 6, 'detail': 'k=134 (134.00) inliers=15 second=6 dx=-135 scale=3.748 window=[132,136] fitted=[134, 135, 136]'}
      |         chain push: 1 chunk(s) of 0.40s, change 38.4, best 38.4, hazards none — one push, so `best` IS the whole leg's travel
      |     it  45  k=139 -> 139  advanced-weak   fix={'k': 138, 'k_float': 138.98128237696733, 'inliers': 17, 'dx': -196.4745635986328, 'dy': -156.67454528808594, 'scale': 3.046712636968594, 'second': 16, 'detail': 'k=138 (138.98) inliers=17 second=16 dx=-196 scale=3.047 window=[135,139] fitted=[135, 136, 137, 138, 139]'}
      |         chain push: 1 chunk(s) of 0.40s, change 40.7, best 40.7, hazards none — one push, so `best` IS the whole leg's travel
      |     it  46  k=142 -> 142  advanced-weak   fix={'k': 142, 'k_float': 142.0, 'inliers': 26, 'dx': 58.5360107421875, 'dy': -61.35749816894531, 'scale': 1.0448464224892497, 'second': 24, 'detail': 'k=142 (142.00) inliers=26 second=24 dx=+59 scale=1.045 window=[138,142] fitted=[138, 139, 140, 141, 142]'}
      |         turn to 2.2: TURNED to 4.0 (err -1.7) in 2 push(es)
      |     it  47  k=166 -> 166  turned to 2.2489998976495684  (133 inliers at the stop)
      |         chain push: 1 chunk(s) of 0.40s, change 38.7, best 38.7, hazards none — one push, so `best` IS the whole leg's travel
      |         chain strafe: 1 chunk(s) of 0.27s, change 47.3, best 47.3, hazards none — one push, so `best` IS the whole leg's travel
      |     it  48  k=167 -> 167  advanced        fix={'k': 169, 'k_float': 169.0, 'inliers': 153, 'dx': 196.0, 'dy': -97.05596923828125, 'scale': 1.207181663704478, 'second': 149, 'detail': 'k=169 (169.00) inliers=153 second=149 dx=+196 scale=1.207 window=[165,169] fitted=[165, 166, 167, 168, 169]'}  strafe right 0.27s
      |         turn to 4.3: NO-OP, already inside 4.0 deg (at 3.9, err +0.4) — nothing was sent, the recorded curve was discarded, and the caller's step line will look like a turn that happened
      |         chain push: 1 chunk(s) of 0.40s, change 33.1, best 33.1, hazards none — one push, so `best` IS the whole leg's travel
      |         chain strafe: 1 chunk(s) of 0.10s, change 21.2, best 21.2, hazards none — one push, so `best` IS the whole leg's travel
      |     it  49  k=169 -> 169  advanced        fix={'k': 170, 'k_float': 170.0, 'inliers': 95, 'dx': 50.8800048828125, 'dy': -107.51998901367188, 'scale': 1.2450555909556074, 'second': 92, 'detail': 'k=170 (170.00) inliers=95 second=92 dx=+51 scale=1.245 window=[166,170] fitted=[166, 167, 168, 169, 170]'}  strafe right 0.10s
      |         turn to 2.2: NO-OP, already inside 4.0 deg (at 3.9, err -1.7) — nothing was sent, the recorded curve was discarded, and the caller's step line will look like a turn that happened
      |         chain push: 1 chunk(s) of 0.40s, change 30.6, best 30.6, hazards none — one push, so `best` IS the whole leg's travel
      |         chain strafe: 1 chunk(s) of 0.13s, change 27.1, best 27.1, hazards none — one push, so `best` IS the whole leg's travel
      |     it  50  k=169 -> 171  stalled         fix={'k': 169, 'k_float': 169.0, 'inliers': 111, 'dx': 96.44000244140625, 'dy': -95.27999877929688, 'scale': 1.5318859872241382, 'second': 102, 'detail': 'k=169 (169.00) inliers=111 second=102 dx=+96 scale=1.532 window=[168,172] fitted=[168, 169, 170, 171, 172]'}  strafe right 0.13s
      |         chain push: 1 chunk(s) of 0.40s, change 21.7, best 21.7, hazards none — one push, so `best` IS the whole leg's travel
      |         chain strafe: 1 chunk(s) of 0.10s, change 21.0, best 21.0, hazards none — one push, so `best` IS the whole leg's travel
      |     it  51  k=171 -> 171  advanced        fix={'k': 172, 'k_float': 172.0, 'inliers': 105, 'dx': -39.5999755859375, 'dy': -123.42071533203125, 'scale': 1.2937554020899182, 'second': 88, 'detail': 'k=172 (172.00) inliers=105 second=88 dx=-40 scale=1.294 window=[168,172] fitted=[168, 169, 170, 171, 172]'}  strafe left 0.10s
      |         chain push: 1 chunk(s) of 0.40s, change 26.7, best 26.7, hazards none — one push, so `best` IS the whole leg's travel
      |         chain strafe: 1 chunk(s) of 0.10s, change 17.3, best 17.3, hazards none — one push, so `best` IS the whole leg's travel
      |     it  52  k=173 -> 173  advanced        fix={'k': 173, 'k_float': 173.0, 'inliers': 76, 'dx': -74.86077880859375, 'dy': -123.37598419189453, 'scale': 1.3730625415505362, 'second': 72, 'detail': 'k=173 (173.00) inliers=76 second=72 dx=-75 scale=1.373 window=[170,174] fitted=[170, 171, 172, 173, 174]'}  strafe left 0.10s
      |         chain push: 1 chunk(s) of 0.40s, change 28.2, best 28.2, hazards none — one push, so `best` IS the whole leg's travel
      |     it  53  k=176 -> 176  advanced        fix={'k': 176, 'k_float': 176.0, 'inliers': 83, 'dx': -19.199981689453125, 'dy': -124.39999389648438, 'scale': 1.3287290076307732, 'second': 82, 'detail': 'k=176 (176.00) inliers=83 second=82 dx=-19 scale=1.329 window=[172,176] fitted=[172, 173, 174, 175, 176]'}
      |         turn to 89.5: TURNED to 91.3 (err -1.8) in 1 push(es)
      |     it  54  k=196 -> 196  turned to 89.491477293153  (156 inliers at the stop)
      |         chain push: 1 chunk(s) of 0.40s, change 35.6, best 35.6, hazards none — one push, so `best` IS the whole leg's travel
      |         chain strafe: 1 chunk(s) of 0.11s, change 22.3, best 22.3, hazards none — one push, so `best` IS the whole leg's travel
      |     it  55  k=197 -> 197  advanced        fix={'k': 198, 'k_float': 198.0, 'inliers': 120, 'dx': -77.61778259277344, 'dy': -49.0999755859375, 'scale': 1.1515621596930614, 'second': 112, 'detail': 'k=198 (198.00) inliers=120 second=112 dx=-78 scale=1.152 window=[195,199] fitted=[195, 196, 197, 198, 199]'}  strafe left 0.11s
      |         chain push: 1 chunk(s) of 0.40s, change 45.8, best 45.8, hazards none — one push, so `best` IS the whole leg's travel
      |         chain strafe: 1 chunk(s) of 0.10s, change 23.7, best 23.7, hazards none — one push, so `best` IS the whole leg's travel
      |     it  56  k=197 -> 200  stalled         fix={'k': 197, 'k_float': 197.0, 'inliers': 117, 'dx': -58.63677978515625, 'dy': -23.135986328125, 'scale': 1.617883608323212, 'second': 100, 'detail': 'k=197 (197.00) inliers=117 second=100 dx=-59 scale=1.618 window=[196,200] fitted=[196, 197, 198, 199, 200]'}  strafe left 0.10s
      |         chain push: 1 chunk(s) of 0.40s, change 48.6, best 48.6, hazards none — one push, so `best` IS the whole leg's travel
      |   chain_walk: ARRIVED at iteration 57, k=197 (target 200 of 204), 51 push(es)
[ 1] ARRIVED   k=197/205  it=57  pushes=51  seconds=95.7 (walk 80.49, setup 13.3)  failure=None
      |   pause menu open (selected 'Resume')
      |   selected: Load Last Save
      |   confirmation dialog up (delta 82.1) -> YES
      |   world back after 3.3s, spawn bearing 87 (E)
      |   setup 19.4s (reset 16.8s, Chain.load 2.6s for 205 waypoints) of a 180s budget
      |   chain_walk: 205 waypoints -> plan of 47 targets (41 push, 6 turn-only); the prompt is checked on every iteration; k rises by at most 1 per iteration, so >= 204 iteration(s). The 400s cap allows 1.96s each. At the last waypoint the walk may spend 3 more iteration(s) — 0.540 walk-units of forward push against OPEN-22's measured 0.05 — and then gives up rather than walking on past the table.
      |         turn to 271.3: TURNED to 270.1 (err +1.3) in 3 push(es)
      |     it   1  k=  3 ->   3  turned to 271.3168428039934  (193 inliers at the stop)
      |         chain push: 1 chunk(s) of 0.40s, change 21.8, best 21.8, hazards none — one push, so `best` IS the whole leg's travel
      |     it   2  k=  4 ->   4  advanced-weak   fix={'k': 6, 'k_float': 6.0, 'inliers': 22, 'dx': -32.374080657958984, 'dy': -13.899986267089844, 'scale': 1.187405126424663, 'second': 15, 'detail': 'k=6 (6.00) inliers=22 second=15 dx=-32 scale=1.187 window=[2,6] fitted=[2, 3, 4, 5, 6]'}
      |         chain push: 1 chunk(s) of 0.40s, change 18.2, best 18.2, hazards none — one push, so `best` IS the whole leg's travel
      |     it   3  k=  7 ->   7  blind-advance   fix={'k': 3, 'k_float': 3.0, 'inliers': 14, 'dx': -18.403167724609375, 'dy': 39.9571533203125, 'scale': 1.5180409827279273, 'second': 13, 'detail': 'k=3 (3.00) inliers=14 second=13 dx=-18 scale=1.518 window=[3,7] fitted=[3, 4, 5, 6, 7]'}
      |         chain push: 1 chunk(s) of 0.40s, change 14.0, best 14.0, hazards none — one push, so `best` IS the whole leg's travel
      |     it   4  k= 10 ->  10  blind-advance   fix={'k': 10, 'k_float': 10.0, 'inliers': 13, 'dx': -41.886688232421875, 'dy': 34.836517333984375, 'scale': 1.3797882655647251, 'second': 11, 'detail': 'k=10 (10.00) inliers=13 second=11 dx=-42 scale=1.380 window=[6,10] fitted=[6, 7, 8, 9, 10]'}
      |         chain push: 1 chunk(s) of 0.40s, change 10.8, best 10.8, hazards none — one push, so `best` IS the whole leg's travel
      |     it   5  k= 13 ->  13  blind-advance   fix={'k': 13, 'k_float': 13.0, 'inliers': 7, 'dx': -86.57278442382812, 'dy': 44.1600341796875, 'scale': 1.3954393015402884, 'second': 0, 'detail': 'k=13 (13.00) inliers=7 second=0 dx=-87 scale=1.395 window=[9,13] fitted=[13]'}
      |         chain push: 1 chunk(s) of 0.40s, change 8.7, best 8.7, hazards none — one push, so `best` IS the whole leg's travel
      |     it   6  k= 16 ->  16  blind-advance   fix=None
      |         chain push: 1 chunk(s) of 0.40s, change 8.2, best 8.2, hazards none — one push, so `best` IS the whole leg's travel
      |     it   7  k= 19 ->  19  blind-advance   fix=None
      |         turn to 1.6: TURNED to 359.9 (err +1.7) in 1 push(es)
      |     it   8  k= 39 ->  39  turned to 1.6055901753868653  (159 inliers at the stop)
      |         chain push: 1 chunk(s) of 0.40s, change 15.6, best 15.6, hazards none — one push, so `best` IS the whole leg's travel
      |     it   9  k= 40 ->  40  advanced        fix={'k': 42, 'k_float': 42.0, 'inliers': 70, 'dx': -19.975669860839844, 'dy': 354.0960388183594, 'scale': 1.2706994509207576, 'second': 60, 'detail': 'k=42 (42.00) inliers=70 second=60 dx=-20 scale=1.271 window=[38,42] fitted=[38, 39, 40, 41, 42]'}
      |         chain push: 1 chunk(s) of 0.40s, change 20.6, best 20.6, hazards none — one push, so `best` IS the whole leg's travel
      |         chain strafe: 1 chunk(s) of 0.10s, change 6.5, best 6.5, hazards none — one push, so `best` IS the whole leg's travel
      |     it  10  k= 43 ->  43  advanced        fix={'k': 43, 'k_float': 43.0, 'inliers': 37, 'dx': 66.355224609375, 'dy': 338.34246826171875, 'scale': 1.1825382587799933, 'second': 36, 'detail': 'k=43 (43.00) inliers=37 second=36 dx=+66 scale=1.183 window=[39,43] fitted=[39, 40, 41, 42, 43]'}  strafe right 0.10s
      |         chain push: 1 chunk(s) of 0.40s, change 39.0, best 39.0, hazards none — one push, so `best` IS the whole leg's travel
      |         chain strafe: 1 chunk(s) of 0.10s, change 15.0, best 15.0, hazards none — one push, so `best` IS the whole leg's travel
      |     it  11  k= 46 ->  46  advanced        fix={'k': 46, 'k_float': 46.0, 'inliers': 62, 'dx': 59.859832763671875, 'dy': 281.1802673339844, 'scale': 1.1910937027535637, 'second': 47, 'detail': 'k=46 (46.00) inliers=62 second=47 dx=+60 scale=1.191 window=[42,46] fitted=[42, 43, 44, 45, 46]'}  strafe right 0.10s
      |         chain push: 1 chunk(s) of 0.40s, change 38.1, best 38.1, hazards none — one push, so `best` IS the whole leg's travel
      |         chain strafe: 1 chunk(s) of 0.10s, change 6.6, best 6.6, hazards none — one push, so `best` IS the whole leg's travel
      |     it  12  k= 49 ->  49  advanced        fix={'k': 49, 'k_float': 49.0, 'inliers': 161, 'dx': 59.0400390625, 'dy': 251.20001220703125, 'scale': 1.2533426711897941, 'second': 129, 'detail': 'k=49 (49.00) inliers=161 second=129 dx=+59 scale=1.253 window=[45,49] fitted=[45, 46, 47, 48, 49]'}  strafe right 0.10s
      |         chain push: 1 chunk(s) of 0.40s, change 19.3, best 19.3, hazards none — one push, so `best` IS the whole leg's travel
      |         chain strafe: 1 chunk(s) of 0.12s, change 6.7, best 6.7, hazards none — one push, so `best` IS the whole leg's travel
      |     it  13  k= 49 ->  52  stalled         fix={'k': 51, 'k_float': 51.0, 'inliers': 145, 'dx': 89.4000244140625, 'dy': 193.72805786132812, 'scale': 1.4422830701153038, 'second': 128, 'detail': 'k=51 (51.00) inliers=145 second=128 dx=+89 scale=1.442 window=[48,52] fitted=[48, 49, 50, 51, 52]'}  strafe right 0.12s
      |         chain push: 1 chunk(s) of 0.40s, change 20.0, best 20.0, hazards none — one push, so `best` IS the whole leg's travel
      |         chain strafe: 1 chunk(s) of 0.19s, change 2.5, best 2.5, hazards SHORT — one push, so `best` IS the whole leg's travel
      |     it  14  k= 52 ->  52  advanced        fix={'k': 52, 'k_float': 52.0, 'inliers': 64, 'dx': 133.41769409179688, 'dy': 118.78080749511719, 'scale': 1.7604742966928029, 'second': 55, 'detail': 'k=52 (52.00) inliers=64 second=55 dx=+133 scale=1.760 window=[48,52] fitted=[48, 49, 50, 51, 52]'}  strafe right 0.18s
      |         chain push: 1 chunk(s) of 0.40s, change 22.0, best 22.0, hazards none — one push, so `best` IS the whole leg's travel
      |         chain strafe: 1 chunk(s) of 0.20s, change 5.5, best 5.5, hazards none — one push, so `best` IS the whole leg's travel
      |     it  15  k= 55 ->  55  advanced        fix={'k': 55, 'k_float': 55.0, 'inliers': 43, 'dx': 146.83868408203125, 'dy': 66.43820190429688, 'scale': 1.6390685421511413, 'second': 37, 'detail': 'k=55 (55.00) inliers=43 second=37 dx=+147 scale=1.639 window=[51,55] fitted=[51, 52, 53, 54, 55]'}  strafe right 0.20s
      |         chain push: 1 chunk(s) of 0.40s, change 25.5, best 25.5, hazards none — one push, so `best` IS the whole leg's travel
      |     it  16  k= 55 ->  58  stalled         fix={'k': 58, 'k_float': 57.91123222137277, 'inliers': 81, 'dx': 8.639984130859375, 'dy': 271.64166259765625, 'scale': 0.9905750770097483, 'second': 73, 'detail': 'k=58 (57.91) inliers=81 second=73 dx=+9 scale=0.991 window=[54,58] fitted=[54, 55, 56, 57, 58]'}
      |         chain push: 1 chunk(s) of 0.40s, change 28.2, best 28.2, hazards none — one push, so `best` IS the whole leg's travel
      |     it  17  k= 58 ->  58  advanced        fix={'k': 58, 'k_float': 58.0, 'inliers': 98, 'dx': 8.9718017578125, 'dy': 276.0672302246094, 'scale': 1.0886311250422043, 'second': 90, 'detail': 'k=58 (58.00) inliers=98 second=90 dx=+9 scale=1.089 window=[54,58] fitted=[54, 55, 56, 57, 58]'}
      |         chain push: 1 chunk(s) of 0.40s, change 31.6, best 31.6, hazards none — one push, so `best` IS the whole leg's travel
      |     it  18  k= 61 ->  61  advanced        fix={'k': 61, 'k_float': 61.0, 'inliers': 106, 'dx': 12.96002197265625, 'dy': 302.4000244140625, 'scale': 1.0730818665547117, 'second': 104, 'detail': 'k=61 (61.00) inliers=106 second=104 dx=+13 scale=1.073 window=[57,61] fitted=[57, 58, 59, 60, 61]'}
      |         chain push: 1 chunk(s) of 0.40s, change 21.6, best 21.6, hazards none — one push, so `best` IS the whole leg's travel
      |         chain strafe: 1 chunk(s) of 0.10s, change 7.2, best 7.2, hazards none — one push, so `best` IS the whole leg's travel
      |     it  19  k= 64 ->  64  advanced        fix={'k': 64, 'k_float': 64.0, 'inliers': 119, 'dx': 38.6400146484375, 'dy': 293.4144287109375, 'scale': 1.0508749589641748, 'second': 119, 'detail': 'k=64 (64.00) inliers=119 second=119 dx=+39 scale=1.051 window=[60,64] fitted=[60, 61, 62, 63, 64]'}  strafe right 0.10s
      |     it  20  k= 88 ->  88  turned (skipped, same heading) to 1.3495539744498237  (120 inliers at the stop)
      |         chain push: 1 chunk(s) of 0.40s, change 15.7, best 15.7, hazards none — one push, so `best` IS the whole leg's travel
      |     it  21  k= 88 ->  89  stalled         fix={'k': 87, 'k_float': 87.0, 'inliers': 91, 'dx': 9.45562744140625, 'dy': -8.294403076171875, 'scale': 1.1616868591880478, 'second': 91, 'detail': 'k=87 (87.00) inliers=91 second=91 dx=+9 scale=1.162 window=[87,91] fitted=[87, 88, 89, 90, 91]'}
      |         chain push: 1 chunk(s) of 0.40s, change 18.8, best 18.8, hazards none — one push, so `best` IS the whole leg's travel
      |     it  22  k= 88 ->  89  stalled         fix={'k': 88, 'k_float': 88.0, 'inliers': 95, 'dx': 12.672027587890625, 'dy': -8.360748291015625, 'scale': 1.1307649411762826, 'second': 92, 'detail': 'k=88 (88.00) inliers=95 second=92 dx=+13 scale=1.131 window=[87,91] fitted=[87, 88, 89, 90, 91]'}
      |         chain push: 1 chunk(s) of 0.40s, change 14.4, best 14.4, hazards none — one push, so `best` IS the whole leg's travel
      |     it  23  k= 89 ->  89  advanced        fix={'k': 89, 'k_float': 89.0, 'inliers': 87, 'dx': 9.000030517578125, 'dy': -23.279998779296875, 'scale': 1.1499097869193353, 'second': 72, 'detail': 'k=89 (89.00) inliers=87 second=72 dx=+9 scale=1.150 window=[87,91] fitted=[87, 88, 89, 90, 91]'}
      |         chain push: 1 chunk(s) of 0.40s, change 14.8, best 14.8, hazards none — one push, so `best` IS the whole leg's travel
      |     it  24  k= 89 ->  92  stalled         fix={'k': 91, 'k_float': 91.0, 'inliers': 84, 'dx': 7.7280120849609375, 'dy': -38.35198974609375, 'scale': 1.2673444417435518, 'second': 83, 'detail': 'k=91 (91.00) inliers=84 second=83 dx=+8 scale=1.267 window=[88,92] fitted=[88, 89, 90, 91, 92]'}
      |         chain push: 1 chunk(s) of 0.40s, change 17.0, best 17.0, hazards none — one push, so `best` IS the whole leg's travel
      |     it  25  k= 92 ->  92  advanced        fix={'k': 92, 'k_float': 92.0, 'inliers': 85, 'dx': 6.912078857421875, 'dy': -33.407989501953125, 'scale': 1.3571216033205493, 'second': 78, 'detail': 'k=92 (92.00) inliers=85 second=78 dx=+7 scale=1.357 window=[88,92] fitted=[88, 89, 90, 91, 92]'}
      |         chain push: 1 chunk(s) of 0.40s, change 18.3, best 18.3, hazards none — one push, so `best` IS the whole leg's travel
      |     it  26  k= 94 ->  94  advanced        fix={'k': 95, 'k_float': 95.0, 'inliers': 140, 'dx': 0.920013427734375, 'dy': -7.228759765625, 'scale': 1.3280277285273678, 'second': 104, 'detail': 'k=95 (95.00) inliers=140 second=104 dx=+1 scale=1.328 window=[91,95] fitted=[91, 92, 93, 94, 95]'}
      |         chain push: 1 chunk(s) of 0.40s, change 20.5, best 20.5, hazards none — one push, so `best` IS the whole leg's travel
      |     it  27  k= 96 ->  96  advanced        fix={'k': 97, 'k_float': 97.0, 'inliers': 174, 'dx': -4.561859130859375, 'dy': 12.048416137695312, 'scale': 1.371004969900965, 'second': 145, 'detail': 'k=97 (97.00) inliers=174 second=145 dx=-5 scale=1.371 window=[93,97] fitted=[93, 94, 95, 96, 97]'}
      |         chain push: 1 chunk(s) of 0.40s, change 23.1, best 23.1, hazards none — one push, so `best` IS the whole leg's travel
      |     it  28  k= 98 ->  98  advanced        fix={'k': 99, 'k_float': 99.0, 'inliers': 140, 'dx': -6.035797119140625, 'dy': 0.17974853515625, 'scale': 1.4036246642729324, 'second': 130, 'detail': 'k=99 (99.00) inliers=140 second=130 dx=-6 scale=1.404 window=[95,99] fitted=[95, 96, 97, 98, 99]'}
      |         chain push: 1 chunk(s) of 0.40s, change 25.2, best 25.2, hazards none — one push, so `best` IS the whole leg's travel
      |     it  29  k=100 -> 100  advanced        fix={'k': 101, 'k_float': 101.0, 'inliers': 154, 'dx': -2.43182373046875, 'dy': -9.192001342773438, 'scale': 1.4366706725541556, 'second': 131, 'detail': 'k=101 (101.00) inliers=154 second=131 dx=-2 scale=1.437 window=[97,101] fitted=[97, 98, 99, 100, 101]'}
      |         chain push: 1 chunk(s) of 0.40s, change 26.0, best 26.0, hazards none — one push, so `best` IS the whole leg's travel
      |     it  30  k=102 -> 102  advanced        fix={'k': 103, 'k_float': 103.0, 'inliers': 152, 'dx': -7.8639678955078125, 'dy': -13.903976440429688, 'scale': 1.4994992764418489, 'second': 131, 'detail': 'k=103 (103.00) inliers=152 second=131 dx=-8 scale=1.499 window=[99,103] fitted=[99, 100, 101, 102, 103]'}
      |         chain push: 1 chunk(s) of 0.40s, change 23.7, best 23.7, hazards none — one push, so `best` IS the whole leg's travel
      |     it  31  k=104 -> 104  advanced        fix={'k': 104, 'k_float': 104.0, 'inliers': 144, 'dx': -12.686874389648438, 'dy': -20.191177368164062, 'scale': 1.6526978763209497, 'second': 140, 'detail': 'k=104 (104.00) inliers=144 second=140 dx=-13 scale=1.653 window=[101,105] fitted=[101, 102, 103, 104, 105]'}
      |         chain push: 1 chunk(s) of 0.40s, change 21.8, best 21.8, hazards none — one push, so `best` IS the whole leg's travel
      |         chain strafe: 1 chunk(s) of 0.13s, change 12.8, best 12.8, hazards none — one push, so `best` IS the whole leg's travel
      |     it  32  k=107 -> 107  advanced        fix={'k': 107, 'k_float': 107.0, 'inliers': 130, 'dx': -96.32173156738281, 'dy': -30.908111572265625, 'scale': 1.7059830380931806, 'second': 119, 'detail': 'k=107 (107.00) inliers=130 second=119 dx=-96 scale=1.706 window=[103,107] fitted=[103, 104, 105, 106, 107]'}  strafe left 0.13s
      |         chain push: 1 chunk(s) of 0.40s, change 19.0, best 19.0, hazards none — one push, so `best` IS the whole leg's travel
      |         chain strafe: 1 chunk(s) of 0.12s, change 12.5, best 12.5, hazards none — one push, so `best` IS the whole leg's travel
      |     it  33  k=107 -> 109  stalled         fix={'k': 108, 'k_float': 108.0, 'inliers': 96, 'dx': -88.86750793457031, 'dy': -67.9598159790039, 'scale': 2.023858821684384, 'second': 84, 'detail': 'k=108 (108.00) inliers=96 second=84 dx=-89 scale=2.024 window=[106,110] fitted=[106, 107, 108, 109, 110]'}  strafe left 0.12s
      |         chain push: 1 chunk(s) of 0.40s, change 15.8, best 15.8, hazards none — one push, so `best` IS the whole leg's travel
      |     it  34  k=109 -> 109  advanced        fix={'k': 110, 'k_float': 110.0, 'inliers': 80, 'dx': 15.808929443359375, 'dy': -4.945709228515625, 'scale': 2.2889907755168593, 'second': 67, 'detail': 'k=110 (110.00) inliers=80 second=67 dx=+16 scale=2.289 window=[106,110] fitted=[106, 107, 108, 109, 110]'}
      |         chain push: 1 chunk(s) of 0.40s, change 38.3, best 38.3, hazards none — one push, so `best` IS the whole leg's travel
      |     it  35  k=112 -> 112  blind-advance   fix=None
      |         chain push: 1 chunk(s) of 0.40s, change 37.0, best 37.0, hazards none — one push, so `best` IS the whole leg's travel
      |     it  36  k=114 -> 114  blind-advance   fix={'k': 115, 'k_float': 115.0, 'inliers': 6, 'dx': -67.69999694824219, 'dy': 168.11997985839844, 'scale': 0.7082062473450125, 'second': 0, 'detail': 'k=115 (115.00) inliers=6 second=0 dx=-68 scale=0.708 window=[111,115] fitted=[115]'}
      |         turn to 303.3: TURNED to 301.8 (err +1.5) in 1 push(es)
      |     it  37  k=129 -> 129  turned to 303.34476843910807  (158 inliers at the stop)
      |         turn to 299.8: NO-OP, already inside 4.0 deg (at 301.8, err -2.0) — nothing was sent, the recorded curve was discarded, and the caller's step line will look like a turn that happened
      |         chain push: 1 chunk(s) of 0.40s, change 15.1, best 15.1, hazards none — one push, so `best` IS the whole leg's travel
      |     it  38  k=130 -> 130  blind-advance   fix=None
      |         turn to 298.3: NO-OP, already inside 4.0 deg (at 301.8, err -3.6) — nothing was sent, the recorded curve was discarded, and the caller's step line will look like a turn that happened
      |         chain push: 1 chunk(s) of 0.40s, change 11.0, best 11.0, hazards none — one push, so `best` IS the whole leg's travel
      |     it  39  k=133 -> 133  blind-advance   fix=None
      |         chain push: 1 chunk(s) of 0.40s, change 3.7, best 3.7, hazards none — one push, so `best` IS the whole leg's travel
      |     it  40  k=136 -> 136  blind-advance   fix=None
      |         chain push: 1 chunk(s) of 0.40s, change 3.9, best 3.9, hazards none — one push, so `best` IS the whole leg's travel
      |     it  41  k=139 -> 139  blind-advance   fix=None
      |         chain push: 1 chunk(s) of 0.40s, change 3.6, best 3.6, hazards none — one push, so `best` IS the whole leg's travel
      |     it  42  k=139 -> 142  miss            fix=None
      |         chain push: 1 chunk(s) of 0.40s, change 3.6, best 3.6, hazards none — one push, so `best` IS the whole leg's travel
      |     it  43  k=139 -> 142  miss            fix=None
      |         chain push: 1 chunk(s) of 0.40s, change 3.3, best 3.3, hazards none — one push, so `best` IS the whole leg's travel
      |     it  44  k=139 -> 142  escape:jump     fix=None
      |         chain push: 1 chunk(s) of 0.40s, change 8.5, best 8.5, hazards none — one push, so `best` IS the whole leg's travel
      |     it  45  k=139 -> 142  miss            fix=None
      |         chain push: 1 chunk(s) of 0.40s, change 7.9, best 7.9, hazards none — one push, so `best` IS the whole leg's travel
      |     it  46  k=139 -> 142  miss            fix=None
      |         chain push: 1 chunk(s) of 0.40s, change 8.1, best 8.1, hazards none — one push, so `best` IS the whole leg's travel
      |         chain strafe: 1 chunk(s) of 0.30s, change 12.6, best 12.6, hazards none — one push, so `best` IS the whole leg's travel
      |     it  47  k=139 -> 142  escape:left     fix=None
      |         chain push: 1 chunk(s) of 0.40s, change 4.5, best 4.5, hazards none — one push, so `best` IS the whole leg's travel
      |         chain strafe: 1 chunk(s) of 0.30s, change 14.3, best 14.3, hazards none — one push, so `best` IS the whole leg's travel
      |     it  48  k=139 -> 142  stalled         fix={'k': 140, 'k_float': 139.26379747035398, 'inliers': 52, 'dx': -335.0, 'dy': 140.27999877929688, 'scale': 0.9291254003879472, 'second': 37, 'detail': 'k=140 (139.26) inliers=52 second=37 dx=-335 scale=0.929 window=[138,142] fitted=[138, 139, 140, 141, 142]'}  strafe left 0.30s
      |         chain push: 1 chunk(s) of 0.40s, change 20.9, best 20.9, hazards none — one push, so `best` IS the whole leg's travel
      |         chain strafe: 1 chunk(s) of 0.30s, change 21.2, best 21.2, hazards none — one push, so `best` IS the whole leg's travel
      |     it  49  k=139 -> 142  stalled         fix={'k': 142, 'k_float': 140.80879177749154, 'inliers': 151, 'dx': -243.0, 'dy': -0.41473388671875, 'scale': 0.8938878940626126, 'second': 123, 'detail': 'k=142 (140.81) inliers=151 second=123 dx=-243 scale=0.894 window=[138,142] fitted=[138, 139, 140, 141, 142]'}  strafe left 0.30s
      |         chain push: 1 chunk(s) of 0.40s, change 25.5, best 25.5, hazards none — one push, so `best` IS the whole leg's travel
      |         chain strafe: 1 chunk(s) of 0.30s, change 26.9, best 26.9, hazards none — one push, so `best` IS the whole leg's travel
      |     it  50  k=139 -> 142  stalled         fix={'k': 140, 'k_float': 140.0, 'inliers': 86, 'dx': -252.0576171875, 'dy': -80.14078521728516, 'scale': 1.4755990427235224, 'second': 84, 'detail': 'k=140 (140.00) inliers=86 second=84 dx=-252 scale=1.476 window=[138,142] fitted=[138, 139, 140, 141, 142]'}  strafe left 0.30s
      |         chain push: 1 chunk(s) of 0.40s, change 38.8, best 38.8, hazards none — one push, so `best` IS the whole leg's travel
      |         chain strafe: 1 chunk(s) of 0.30s, change 44.4, best 44.4, hazards none — one push, so `best` IS the whole leg's travel
      |     it  51  k=139 -> 142  escape:right    fix={'k': 141, 'k_float': 141.0, 'inliers': 51, 'dx': -244.04893493652344, 'dy': -181.11900329589844, 'scale': 2.4182335210204515, 'second': 20, 'detail': 'k=141 (141.00) inliers=51 second=20 dx=-244 scale=2.418 window=[138,142] fitted=[138, 139, 140, 141, 142]'}
      |         chain push: 1 chunk(s) of 0.40s, change 29.0, best 29.0, hazards none — one push, so `best` IS the whole leg's travel
      |         chain strafe: 1 chunk(s) of 0.10s, change 16.0, best 16.0, hazards none — one push, so `best` IS the whole leg's travel
      |     it  52  k=139 -> 142  stalled         fix={'k': 141, 'k_float': 141.0, 'inliers': 66, 'dx': -49.06072998046875, 'dy': -31.837387084960938, 'scale': 1.6227056444699581, 'second': 56, 'detail': 'k=141 (141.00) inliers=66 second=56 dx=-49 scale=1.623 window=[138,142] fitted=[138, 139, 140, 141, 142]'}  strafe left 0.10s
      |         chain push: 1 chunk(s) of 0.40s, change 14.4, best 14.4, hazards none — one push, so `best` IS the whole leg's travel
      |         chain strafe: 1 chunk(s) of 0.10s, change 14.0, best 14.0, hazards none — one push, so `best` IS the whole leg's travel
      |     it  53  k=139 -> 142  stalled         fix={'k': 141, 'k_float': 141.0, 'inliers': 53, 'dx': -54.12091064453125, 'dy': -29.951934814453125, 'scale': 1.609352380971962, 'second': 49, 'detail': 'k=141 (141.00) inliers=53 second=49 dx=-54 scale=1.609 window=[138,142] fitted=[138, 139, 140, 141, 142]'}  strafe left 0.10s
      |         chain push: 1 chunk(s) of 0.40s, change 16.0, best 16.0, hazards none — one push, so `best` IS the whole leg's travel
      |         chain strafe: 1 chunk(s) of 0.10s, change 18.4, best 18.4, hazards none — one push, so `best` IS the whole leg's travel
      |     it  54  k=139 -> 142  stalled         fix={'k': 141, 'k_float': 141.0, 'inliers': 67, 'dx': -51.199951171875, 'dy': -32.048553466796875, 'scale': 1.626960892688607, 'second': 57, 'detail': 'k=141 (141.00) inliers=67 second=57 dx=-51 scale=1.627 window=[138,142] fitted=[138, 139, 140, 141, 142]'}  strafe left 0.10s
      |         chain push: 1 chunk(s) of 0.40s, change 19.2, best 19.2, hazards none — one push, so `best` IS the whole leg's travel
      |         chain strafe: 1 chunk(s) of 0.30s, change 34.8, best 34.8, hazards none — one push, so `best` IS the whole leg's travel
      |     it  55  k=139 -> 142  escape:left     fix={'k': 141, 'k_float': 141.0, 'inliers': 58, 'dx': -51.199951171875, 'dy': -23.431961059570312, 'scale': 1.613642513371441, 'second': 55, 'detail': 'k=141 (141.00) inliers=58 second=55 dx=-51 scale=1.614 window=[138,142] fitted=[138, 139, 140, 141, 142]'}
      |         chain push: 1 chunk(s) of 0.40s, change 36.7, best 36.7, hazards none — one push, so `best` IS the whole leg's travel
      |         chain strafe: 1 chunk(s) of 0.10s, change 24.5, best 24.5, hazards none — one push, so `best` IS the whole leg's travel
      |     it  56  k=142 -> 142  advanced        fix={'k': 142, 'k_float': 142.0, 'inliers': 53, 'dx': -41.87994384765625, 'dy': -22.049224853515625, 'scale': 1.469408209534414, 'second': 44, 'detail': 'k=142 (142.00) inliers=53 second=44 dx=-42 scale=1.469 window=[138,142] fitted=[138, 139, 140, 141, 142]'}  strafe left 0.10s
      |         turn to 2.2: TURNED to 360.0 (err +2.2) in 1 push(es)
      |     it  57  k=166 -> 166  turned to 2.2489998976495684  (67 inliers at the stop)
      |         chain push: 1 chunk(s) of 0.40s, change 17.9, best 17.9, hazards none — one push, so `best` IS the whole leg's travel
      |         chain strafe: 1 chunk(s) of 0.20s, change 22.2, best 22.2, hazards none — one push, so `best` IS the whole leg's travel
      |     it  58  k=166 -> 167  stalled         fix={'k': 166, 'k_float': 166.0, 'inliers': 62, 'dx': 143.0, 'dy': -79.19998168945312, 'scale': 1.142141651738361, 'second': 57, 'detail': 'k=166 (166.00) inliers=62 second=57 dx=+143 scale=1.142 window=[165,169] fitted=[165, 166, 167, 168, 169]'}  strafe right 0.20s
      |         chain push: 1 chunk(s) of 0.40s, change 32.8, best 32.8, hazards none — one push, so `best` IS the whole leg's travel
      |         chain strafe: 1 chunk(s) of 0.14s, change 27.5, best 27.5, hazards none — one push, so `best` IS the whole leg's travel
      |     it  59  k=167 -> 167  advanced        fix={'k': 169, 'k_float': 169.0, 'inliers': 53, 'dx': 97.2960205078125, 'dy': -57.64605712890625, 'scale': 1.2748351636984345, 'second': 51, 'detail': 'k=169 (169.00) inliers=53 second=51 dx=+97 scale=1.275 window=[165,169] fitted=[165, 166, 167, 168, 169]'}  strafe right 0.14s
      |         turn to 4.3: TURNED to 5.7 (err -1.4) in 1 push(es)
      |         chain push: 1 chunk(s) of 0.40s, change 29.5, best 29.5, hazards none — one push, so `best` IS the whole leg's travel
      |         chain strafe: 1 chunk(s) of 0.10s, change 17.2, best 17.2, hazards none — one push, so `best` IS the whole leg's travel
      |     it  60  k=169 -> 169  advanced        fix={'k': 169, 'k_float': 169.0, 'inliers': 58, 'dx': -60.431610107421875, 'dy': -104.89199829101562, 'scale': 1.4522061465036205, 'second': 53, 'detail': 'k=169 (169.00) inliers=58 second=53 dx=-60 scale=1.452 window=[166,170] fitted=[166, 167, 168, 169, 170]'}  strafe left 0.10s
      |         turn to 2.2: NO-OP, already inside 4.0 deg (at 5.6, err -3.4) — nothing was sent, the recorded curve was discarded, and the caller's step line will look like a turn that happened
      |         chain push: 1 chunk(s) of 0.40s, change 30.6, best 30.6, hazards none — one push, so `best` IS the whole leg's travel
      |         chain strafe: 1 chunk(s) of 0.10s, change 19.6, best 19.6, hazards none — one push, so `best` IS the whole leg's travel
      |     it  61  k=171 -> 171  advanced        fix={'k': 172, 'k_float': 172.0, 'inliers': 53, 'dx': -64.87998962402344, 'dy': -111.74398803710938, 'scale': 1.3846728987496908, 'second': 52, 'detail': 'k=172 (172.00) inliers=53 second=52 dx=-65 scale=1.385 window=[168,172] fitted=[168, 169, 170, 171, 172]'}  strafe left 0.10s
      |         chain push: 1 chunk(s) of 0.40s, change 36.6, best 36.6, hazards none — one push, so `best` IS the whole leg's travel
      |         chain strafe: 1 chunk(s) of 0.10s, change 15.9, best 15.9, hazards none — one push, so `best` IS the whole leg's travel
      |     it  62  k=173 -> 173  advanced        fix={'k': 174, 'k_float': 174.0, 'inliers': 48, 'dx': -54.39743423461914, 'dy': -120.25438690185547, 'scale': 1.4422342315369474, 'second': 42, 'detail': 'k=174 (174.00) inliers=48 second=42 dx=-54 scale=1.442 window=[170,174] fitted=[170, 171, 172, 173, 174]'}  strafe left 0.10s
      |         chain push: 1 chunk(s) of 0.40s, change 23.9, best 23.9, hazards none — one push, so `best` IS the whole leg's travel
      |     it  63  k=176 -> 176  advanced        fix={'k': 176, 'k_float': 176.0, 'inliers': 54, 'dx': -14.812789916992188, 'dy': -117.32398986816406, 'scale': 1.4046574856111846, 'second': 51, 'detail': 'k=176 (176.00) inliers=54 second=51 dx=-15 scale=1.405 window=[172,176] fitted=[172, 173, 174, 175, 176]'}
      |         turn to 89.5: TURNED to 89.5 (err +0.0) in 1 push(es)
      |     it  64  k=196 -> 196  turned to 89.491477293153  (109 inliers at the stop)
      |         chain push: 1 chunk(s) of 0.40s, change 33.3, best 33.3, hazards none — one push, so `best` IS the whole leg's travel
      |         chain strafe: 1 chunk(s) of 0.29s, change 27.1, best 27.1, hazards none — one push, so `best` IS the whole leg's travel
      |     it  65  k=197 -> 197  advanced        fix={'k': 199, 'k_float': 197.16232633270477, 'inliers': 94, 'dx': 211.1999969482422, 'dy': -49.536041259765625, 'scale': 0.8621948861066117, 'second': 92, 'detail': 'k=199 (197.16) inliers=94 second=92 dx=+211 scale=0.862 window=[195,199] fitted=[195, 196, 197, 198, 199]'}  strafe right 0.29s
      |         chain push: 1 chunk(s) of 0.40s, change 27.9, best 27.9, hazards none — one push, so `best` IS the whole leg's travel
      |         chain strafe: 1 chunk(s) of 0.20s, change 18.8, best 18.8, hazards none — one push, so `best` IS the whole leg's travel
      |     it  66  k=197 -> 200  stalled         fix={'k': 199, 'k_float': 199.2802270631555, 'inliers': 118, 'dx': 144.00003051757812, 'dy': -39.25920104980469, 'scale': 1.020049313328283, 'second': 96, 'detail': 'k=199 (199.28) inliers=118 second=96 dx=+144 scale=1.020 window=[196,200] fitted=[196, 197, 198, 199, 200]'}  strafe right 0.20s
      |         chain push: 1 chunk(s) of 0.40s, change 37.4, best 37.4, hazards none — one push, so `best` IS the whole leg's travel
      |         chain strafe: 1 chunk(s) of 0.16s, change 24.1, best 24.1, hazards none — one push, so `best` IS the whole leg's travel
      |     it  67  k=197 -> 200  stalled         fix={'k': 197, 'k_float': 197.0, 'inliers': 126, 'dx': 114.46963500976562, 'dy': 0.536895751953125, 'scale': 1.522238439894529, 'second': 118, 'detail': 'k=197 (197.00) inliers=126 second=118 dx=+114 scale=1.522 window=[196,200] fitted=[196, 197, 198, 199, 200]'}  strafe right 0.16s
      |         chain push: 1 chunk(s) of 0.40s, change 49.2, best 49.2, hazards none — one push, so `best` IS the whole leg's travel
      |   chain_walk: ARRIVED at iteration 68, k=197 (target 200 of 204), 62 push(es)
[ 2] ARRIVED   k=197/205  it=68  pushes=62  seconds=112.8 (walk 91.59, setup 19.4)  failure=None
      |   pause menu open (selected 'Resume')
      |   selected: Load Last Save
      |   confirmation dialog up (delta 81.4) -> YES
      |   world back after 3.2s, spawn bearing 87 (E)
      |   setup 13.4s (reset 10.8s, Chain.load 2.6s for 205 waypoints) of a 180s budget
      |   chain_walk: 205 waypoints -> plan of 47 targets (41 push, 6 turn-only); the prompt is checked on every iteration; k rises by at most 1 per iteration, so >= 204 iteration(s). The 400s cap allows 1.96s each. At the last waypoint the walk may spend 3 more iteration(s) — 0.540 walk-units of forward push against OPEN-22's measured 0.05 — and then gives up rather than walking on past the table.
      |         turn to 271.3: TURNED to 272.8 (err -1.4) in 3 push(es)
      |     it   1  k=  3 ->   3  turned to 271.3168428039934  (192 inliers at the stop)
      |         chain push: 1 chunk(s) of 0.40s, change 20.6, best 20.6, hazards none — one push, so `best` IS the whole leg's travel
      |     it   2  k=  4 ->   4  advanced-weak   fix={'k': 6, 'k_float': 6.0, 'inliers': 23, 'dx': 0.0, 'dy': 19.008026123046875, 'scale': 1.1216753051718331, 'second': 17, 'detail': 'k=6 (6.00) inliers=23 second=17 dx=+0 scale=1.122 window=[2,6] fitted=[2, 3, 4, 5, 6]'}
      |         chain push: 1 chunk(s) of 0.40s, change 19.3, best 19.3, hazards none — one push, so `best` IS the whole leg's travel
      |     it   3  k=  7 ->   7  advanced-weak   fix={'k': 7, 'k_float': 7.0, 'inliers': 17, 'dx': -72.95999145507812, 'dy': 30.357513427734375, 'scale': 1.3052891256366854, 'second': 13, 'detail': 'k=7 (7.00) inliers=17 second=13 dx=-73 scale=1.305 window=[3,7] fitted=[3, 4, 5, 6, 7]'}
      |         chain push: 1 chunk(s) of 0.40s, change 16.0, best 16.0, hazards none — one push, so `best` IS the whole leg's travel
      |     it   4  k= 10 ->  10  blind-advance   fix={'k': 10, 'k_float': 10.0, 'inliers': 11, 'dx': -158.85438537597656, 'dy': 47.974853515625, 'scale': 1.4124801858609197, 'second': 9, 'detail': 'k=10 (10.00) inliers=11 second=9 dx=-159 scale=1.412 window=[6,10] fitted=[7, 8, 9, 10]'}
      |         chain push: 1 chunk(s) of 0.40s, change 8.6, best 8.6, hazards none — one push, so `best` IS the whole leg's travel
      |     it   5  k= 13 ->  13  blind-advance   fix=None
      |         chain push: 1 chunk(s) of 0.40s, change 5.1, best 5.1, hazards none — one push, so `best` IS the whole leg's travel
      |     it   6  k= 16 ->  16  blind-advance   fix=None
      |         chain push: 1 chunk(s) of 0.40s, change 7.7, best 7.7, hazards none — one push, so `best` IS the whole leg's travel
      |     it   7  k= 19 ->  19  blind-advance   fix=None
      |         turn to 1.6: TURNED to 2.6 (err -1.0) in 1 push(es)
      |     it   8  k= 39 ->  39  turned to 1.6055901753868653  (116 inliers at the stop)
      |         chain push: 1 chunk(s) of 0.40s, change 18.6, best 18.6, hazards none — one push, so `best` IS the whole leg's travel
      |     it   9  k= 39 ->  40  stalled         fix={'k': 39, 'k_float': 39.0, 'inliers': 40, 'dx': 0.0, 'dy': 352.1600036621094, 'scale': 1.1564705744005177, 'second': 39, 'detail': 'k=39 (39.00) inliers=40 second=39 dx=+0 scale=1.156 window=[38,42] fitted=[38, 39, 40, 41, 42]'}
      |         chain push: 1 chunk(s) of 0.40s, change 29.6, best 29.6, hazards none — one push, so `best` IS the whole leg's travel
      |     it  10  k= 39 ->  40  stalled         fix={'k': 39, 'k_float': 39.0, 'inliers': 43, 'dx': 15.840087890625, 'dy': 356.5265808105469, 'scale': 1.2976922736485625, 'second': 39, 'detail': 'k=39 (39.00) inliers=43 second=39 dx=+16 scale=1.298 window=[38,42] fitted=[38, 39, 40, 41, 42]'}
      |         chain push: 1 chunk(s) of 0.40s, change 36.8, best 36.8, hazards none — one push, so `best` IS the whole leg's travel
      |         chain strafe: 1 chunk(s) of 0.10s, change 17.1, best 17.1, hazards none — one push, so `best` IS the whole leg's travel
      |     it  11  k= 40 ->  40  advanced        fix={'k': 40, 'k_float': 40.0, 'inliers': 48, 'dx': 36.08880615234375, 'dy': 326.43365478515625, 'scale': 1.4755971925898905, 'second': 42, 'detail': 'k=40 (40.00) inliers=48 second=42 dx=+36 scale=1.476 window=[38,42] fitted=[38, 39, 40, 41, 42]'}  strafe right 0.10s
      |         chain push: 1 chunk(s) of 0.40s, change 31.8, best 31.8, hazards none — one push, so `best` IS the whole leg's travel
      |     it  12  k= 40 ->  43  stalled         fix={'k': 39, 'k_float': 39.0, 'inliers': 39, 'dx': 31.60003662109375, 'dy': 313.08001708984375, 'scale': 1.6860455756170314, 'second': 38, 'detail': 'k=39 (39.00) inliers=39 second=38 dx=+32 scale=1.686 window=[39,43] fitted=[39, 40, 41, 42, 43]'}
      |         chain push: 1 chunk(s) of 0.40s, change 18.5, best 18.5, hazards none — one push, so `best` IS the whole leg's travel
      |         chain strafe: 1 chunk(s) of 0.10s, change 1.9, best 1.9, hazards SHORT — one push, so `best` IS the whole leg's travel
      |     it  13  k= 40 ->  43  stalled         fix={'k': 41, 'k_float': 41.0, 'inliers': 30, 'dx': 61.298431396484375, 'dy': 271.55078125, 'scale': 1.9705247144810554, 'second': 29, 'detail': 'k=41 (41.00) inliers=30 second=29 dx=+61 scale=1.971 window=[39,43] fitted=[39, 40, 41, 42, 43]'}  strafe right 0.10s
      |         chain push: 1 chunk(s) of 0.40s, change 17.7, best 17.7, hazards none — one push, so `best` IS the whole leg's travel
      |     it  14  k= 43 ->  43  advanced-weak   fix={'k': 41, 'k_float': 41.0, 'inliers': 18, 'dx': 119.5224609375, 'dy': 230.02137756347656, 'scale': 2.4050917513418635, 'second': 18, 'detail': 'k=41 (41.00) inliers=18 second=18 dx=+120 scale=2.405 window=[39,43] fitted=[39, 40, 41, 42, 43]'}
      |         chain push: 1 chunk(s) of 0.40s, change 24.0, best 24.0, hazards none — one push, so `best` IS the whole leg's travel
      |     it  15  k= 46 ->  46  blind-advance   fix={'k': 45, 'k_float': 45.0, 'inliers': 6, 'dx': -683.1600952148438, 'dy': 73.80001068115234, 'scale': 0.011425640257648704, 'second': 0, 'detail': 'k=45 (45.00) inliers=6 second=0 dx=-683 scale=0.011 window=[42,46] fitted=[45]'}
      |         chain push: 1 chunk(s) of 0.40s, change 27.9, best 27.9, hazards none — one push, so `best` IS the whole leg's travel
      |     it  16  k= 62 ->  49  relocalised     fix={'k': 62, 'k_float': 61.039822258250815, 'inliers': 165, 'dx': -26.873870849609375, 'dy': 288.2304382324219, 'scale': 0.9568139875259924, 'second': 157, 'detail': 'k=62 (61.04) inliers=165 second=157 dx=-27 scale=0.957 window=[46,107] fitted=[49, 50, 51, 52, 53, 54, 55, 56, 57, 58, 59, 60, 61, 62, 63, 64, 65, 66, 67, 68, 69, 70, 71, 72, 73, 74, 75, 76, 77, 78, 79, 80, 81, 82, 83, 84, 85, 86, 87, 88, 89, 90, 91, 92, 93, 94, 95, 96, 97, 98, 99, 100, 101, 102, 103, 104, 105, 106, 107]'}
      |         chain push: 1 chunk(s) of 0.40s, change 29.2, best 29.2, hazards none — one push, so `best` IS the whole leg's travel
      |         chain strafe: 1 chunk(s) of 0.10s, change 20.8, best 20.8, hazards none — one push, so `best` IS the whole leg's travel
      |     it  17  k= 62 ->  64  stalled         fix={'k': 64, 'k_float': 63.28213132393041, 'inliers': 156, 'dx': -36.287994384765625, 'dy': 295.0, 'scale': 0.9656450971324368, 'second': 150, 'detail': 'k=64 (63.28) inliers=156 second=150 dx=-36 scale=0.966 window=[61,65] fitted=[61, 62, 63, 64, 65]'}  strafe left 0.10s
      |         chain push: 1 chunk(s) of 0.40s, change 26.7, best 26.7, hazards none — one push, so `best` IS the whole leg's travel
      |     it  18  k= 64 ->  64  advanced        fix={'k': 64, 'k_float': 64.0, 'inliers': 135, 'dx': -27.360015869140625, 'dy': 297.21600341796875, 'scale': 1.0059606998450017, 'second': 126, 'detail': 'k=64 (64.00) inliers=135 second=126 dx=-27 scale=1.006 window=[61,65] fitted=[61, 62, 63, 64, 65]'}
      |     it  19  k= 88 ->  88  turned (skipped, same heading) to 1.3495539744498237  (150 inliers at the stop)
      |         chain push: 1 chunk(s) of 0.40s, change 13.9, best 13.9, hazards none — one push, so `best` IS the whole leg's travel
      |         chain strafe: 1 chunk(s) of 0.10s, change 10.6, best 10.6, hazards none — one push, so `best` IS the whole leg's travel
      |     it  20  k= 89 ->  89  advanced        fix={'k': 89, 'k_float': 90.3110835095698, 'inliers': 141, 'dx': -35.831817626953125, 'dy': 16.58880615234375, 'scale': 1.0151017732585428, 'second': 134, 'detail': 'k=89 (90.31) inliers=141 second=134 dx=-36 scale=1.015 window=[87,91] fitted=[87, 88, 89, 90, 91]'}  strafe left 0.10s
      |         chain push: 1 chunk(s) of 0.40s, change 18.2, best 18.2, hazards none — one push, so `best` IS the whole leg's travel
      |     it  21  k= 92 ->  92  advanced        fix={'k': 92, 'k_float': 92.0, 'inliers': 110, 'dx': -23.88787841796875, 'dy': 17.279998779296875, 'scale': 1.0085457940892097, 'second': 107, 'detail': 'k=92 (92.00) inliers=110 second=107 dx=-24 scale=1.009 window=[88,92] fitted=[88, 89, 90, 91, 92]'}
      |         chain push: 1 chunk(s) of 0.40s, change 15.8, best 15.8, hazards none — one push, so `best` IS the whole leg's travel
      |     it  22  k= 94 ->  94  advanced        fix={'k': 94, 'k_float': 94.32516120235807, 'inliers': 105, 'dx': -35.0, 'dy': -3.58319091796875, 'scale': 1.0215018410015135, 'second': 88, 'detail': 'k=94 (94.33) inliers=105 second=88 dx=-35 scale=1.022 window=[91,95] fitted=[91, 92, 93, 94, 95]'}
      |         chain push: 1 chunk(s) of 0.40s, change 18.3, best 18.3, hazards none — one push, so `best` IS the whole leg's travel
      |         chain strafe: 1 chunk(s) of 0.10s, change 6.6, best 6.6, hazards none — one push, so `best` IS the whole leg's travel
      |     it  23  k= 96 ->  96  advanced        fix={'k': 97, 'k_float': 96.17199688345887, 'inliers': 109, 'dx': -41.47198486328125, 'dy': 26.956787109375, 'scale': 0.9808531121623705, 'second': 106, 'detail': 'k=97 (96.17) inliers=109 second=106 dx=-41 scale=0.981 window=[93,97] fitted=[93, 94, 95, 96, 97]'}  strafe left 0.10s
      |         chain push: 1 chunk(s) of 0.40s, change 16.5, best 16.5, hazards none — one push, so `best` IS the whole leg's travel
      |         chain strafe: 1 chunk(s) of 0.10s, change 9.5, best 9.5, hazards none — one push, so `best` IS the whole leg's travel
      |     it  24  k= 96 ->  98  stalled         fix={'k': 97, 'k_float': 97.73268108332937, 'inliers': 145, 'dx': -35.831817626953125, 'dy': 15.839996337890625, 'scale': 1.017560215405524, 'second': 139, 'detail': 'k=97 (97.73) inliers=145 second=139 dx=-36 scale=1.018 window=[95,99] fitted=[95, 96, 97, 98, 99]'}  strafe left 0.10s
      |         chain push: 1 chunk(s) of 0.40s, change 16.4, best 16.4, hazards none — one push, so `best` IS the whole leg's travel
      |     it  25  k= 98 ->  98  advanced        fix={'k': 99, 'k_float': 99.0, 'inliers': 139, 'dx': -25.920013427734375, 'dy': 14.929931640625, 'scale': 1.005585078692182, 'second': 110, 'detail': 'k=99 (99.00) inliers=139 second=110 dx=-26 scale=1.006 window=[95,99] fitted=[95, 96, 97, 98, 99]'}
      |         chain push: 1 chunk(s) of 0.40s, change 20.3, best 20.3, hazards none — one push, so `best` IS the whole leg's travel
      |     it  26  k= 98 -> 100  stalled         fix={'k': 99, 'k_float': 99.0, 'inliers': 172, 'dx': -31.276397705078125, 'dy': 12.441619873046875, 'scale': 1.1745078169770506, 'second': 159, 'detail': 'k=99 (99.00) inliers=172 second=159 dx=-31 scale=1.175 window=[97,101] fitted=[97, 98, 99, 100, 101]'}
      |         chain push: 1 chunk(s) of 0.40s, change 24.5, best 24.5, hazards none — one push, so `best` IS the whole leg's travel
      |         chain strafe: 1 chunk(s) of 0.10s, change 12.5, best 12.5, hazards none — one push, so `best` IS the whole leg's travel
      |     it  27  k=100 -> 100  advanced        fix={'k': 101, 'k_float': 101.0, 'inliers': 153, 'dx': -36.5782470703125, 'dy': 3.0, 'scale': 1.2713852105536458, 'second': 143, 'detail': 'k=101 (101.00) inliers=153 second=143 dx=-37 scale=1.271 window=[97,101] fitted=[97, 98, 99, 100, 101]'}  strafe left 0.10s
      |         chain push: 1 chunk(s) of 0.40s, change 26.8, best 26.8, hazards none — one push, so `best` IS the whole leg's travel
      |     it  28  k=102 -> 102  advanced        fix={'k': 102, 'k_float': 102.0, 'inliers': 165, 'dx': -21.1199951171875, 'dy': 1.3824462890625, 'scale': 1.3891125606618633, 'second': 157, 'detail': 'k=102 (102.00) inliers=165 second=157 dx=-21 scale=1.389 window=[99,103] fitted=[99, 100, 101, 102, 103]'}
      |         chain push: 1 chunk(s) of 0.40s, change 25.0, best 25.0, hazards none — one push, so `best` IS the whole leg's travel
      |     it  29  k=104 -> 104  advanced        fix={'k': 104, 'k_float': 104.0, 'inliers': 187, 'dx': -23.27996826171875, 'dy': -5.59869384765625, 'scale': 1.4349553513769702, 'second': 160, 'detail': 'k=104 (104.00) inliers=187 second=160 dx=-23 scale=1.435 window=[101,105] fitted=[101, 102, 103, 104, 105]'}
      |         chain push: 1 chunk(s) of 0.40s, change 25.7, best 25.7, hazards none — one push, so `best` IS the whole leg's travel
      |         chain strafe: 1 chunk(s) of 0.13s, change 12.9, best 12.9, hazards none — one push, so `best` IS the whole leg's travel
      |     it  30  k=104 -> 107  stalled         fix={'k': 106, 'k_float': 106.0, 'inliers': 157, 'dx': -96.09597778320312, 'dy': -26.967987060546875, 'scale': 1.6717822733063519, 'second': 152, 'detail': 'k=106 (106.00) inliers=157 second=152 dx=-96 scale=1.672 window=[103,107] fitted=[103, 104, 105, 106, 107]'}  strafe left 0.13s
      |         chain push: 1 chunk(s) of 0.40s, change 19.9, best 19.9, hazards none — one push, so `best` IS the whole leg's travel
      |         chain strafe: 1 chunk(s) of 0.12s, change 13.9, best 13.9, hazards none — one push, so `best` IS the whole leg's travel
      |     it  31  k=107 -> 107  advanced        fix={'k': 107, 'k_float': 107.0, 'inliers': 111, 'dx': -85.40151977539062, 'dy': -43.65277099609375, 'scale': 1.9513668418373324, 'second': 95, 'detail': 'k=107 (107.00) inliers=111 second=95 dx=-85 scale=1.951 window=[103,107] fitted=[103, 104, 105, 106, 107]'}  strafe left 0.12s
      |         chain push: 1 chunk(s) of 0.40s, change 19.4, best 19.4, hazards none — one push, so `best` IS the whole leg's travel
      |     it  32  k=109 -> 109  advanced        fix={'k': 110, 'k_float': 110.0, 'inliers': 103, 'dx': 19.38555908203125, 'dy': 15.204864501953125, 'scale': 2.287735586382457, 'second': 54, 'detail': 'k=110 (110.00) inliers=103 second=54 dx=+19 scale=2.288 window=[106,110] fitted=[106, 107, 108, 109, 110]'}
      |         chain push: 1 chunk(s) of 0.40s, change 24.9, best 24.9, hazards none — one push, so `best` IS the whole leg's travel
      |     it  33  k=109 -> 112  stalled         fix={'k': 111, 'k_float': 111.0, 'inliers': 50, 'dx': 23.063186645507812, 'dy': -16.056594848632812, 'scale': 3.3819482238318517, 'second': 42, 'detail': 'k=111 (111.00) inliers=50 second=42 dx=+23 scale=3.382 window=[108,112] fitted=[108, 109, 110, 111, 112]'}
      |         chain push: 1 chunk(s) of 0.40s, change 43.5, best 43.5, hazards none — one push, so `best` IS the whole leg's travel
      |     it  34  k=112 -> 112  blind-advance   fix=None
      |         chain push: 1 chunk(s) of 0.40s, change 12.1, best 12.1, hazards none — one push, so `best` IS the whole leg's travel
      |     it  35  k=114 -> 114  blind-advance   fix={'k': 111, 'k_float': 111.0, 'inliers': 6, 'dx': 118.91606140136719, 'dy': -141.45309448242188, 'scale': 0.02409857364803189, 'second': 0, 'detail': 'k=111 (111.00) inliers=6 second=0 dx=+119 scale=0.024 window=[111,115] fitted=[111]'}
      |         turn to 303.3: TURNED to 299.8 (err +3.5) in 1 push(es)
      |     it  36  k=129 -> 129  turned to 303.34476843910807  (191 inliers at the stop)
      |         turn to 299.8: NO-OP, already inside 4.0 deg (at 299.8, err -0.0) — nothing was sent, the recorded curve was discarded, and the caller's step line will look like a turn that happened
      |         chain push: 1 chunk(s) of 0.40s, change 15.5, best 15.5, hazards none — one push, so `best` IS the whole leg's travel
      |     it  37  k=130 -> 130  blind-advance   fix=None
      |         turn to 298.3: NO-OP, already inside 4.0 deg (at 299.8, err -1.6) — nothing was sent, the recorded curve was discarded, and the caller's step line will look like a turn that happened
      |         chain push: 1 chunk(s) of 0.40s, change 11.8, best 11.8, hazards none — one push, so `best` IS the whole leg's travel
      |     it  38  k=133 -> 133  blind-advance   fix=None
      |         chain push: 1 chunk(s) of 0.40s, change 6.1, best 6.1, hazards none — one push, so `best` IS the whole leg's travel
      |     it  39  k=136 -> 136  blind-advance   fix=None
      |         chain push: 1 chunk(s) of 0.40s, change 4.0, best 4.0, hazards none — one push, so `best` IS the whole leg's travel
      |     it  40  k=139 -> 139  blind-advance   fix=None
      |         chain push: 1 chunk(s) of 0.40s, change 4.0, best 4.0, hazards none — one push, so `best` IS the whole leg's travel
      |     it  41  k=139 -> 142  miss            fix=None
      |         chain push: 1 chunk(s) of 0.40s, change 3.6, best 3.6, hazards none — one push, so `best` IS the whole leg's travel
      |     it  42  k=139 -> 142  miss            fix=None
      |         chain push: 1 chunk(s) of 0.40s, change 3.2, best 3.2, hazards none — one push, so `best` IS the whole leg's travel
      |     it  43  k=139 -> 142  escape:jump     fix=None
      |         chain push: 1 chunk(s) of 0.40s, change 11.8, best 11.8, hazards none — one push, so `best` IS the whole leg's travel
      |     it  44  k=139 -> 142  miss            fix=None
      |         chain push: 1 chunk(s) of 0.40s, change 7.3, best 7.3, hazards none — one push, so `best` IS the whole leg's travel
      |     it  45  k=139 -> 142  miss            fix=None
      |         chain push: 1 chunk(s) of 0.40s, change 5.9, best 5.9, hazards none — one push, so `best` IS the whole leg's travel
      |         chain strafe: 1 chunk(s) of 0.30s, change 21.1, best 21.1, hazards none — one push, so `best` IS the whole leg's travel
      |     it  46  k=139 -> 142  escape:left     fix=None
      |         chain push: 1 chunk(s) of 0.40s, change 23.1, best 23.1, hazards none — one push, so `best` IS the whole leg's travel
      |         chain strafe: 1 chunk(s) of 0.30s, change 24.0, best 24.0, hazards none — one push, so `best` IS the whole leg's travel
      |     it  47  k=139 -> 142  stalled         fix={'k': 141, 'k_float': 140.66057510712633, 'inliers': 172, 'dx': -220.96287536621094, 'dy': -24.883209228515625, 'scale': 0.9715352159110822, 'second': 136, 'detail': 'k=141 (140.66) inliers=172 second=136 dx=-221 scale=0.972 window=[138,142] fitted=[138, 139, 140, 141, 142]'}  strafe left 0.30s
      |         chain push: 1 chunk(s) of 0.40s, change 30.6, best 30.6, hazards none — one push, so `best` IS the whole leg's travel
      |         chain strafe: 1 chunk(s) of 0.26s, change 31.9, best 31.9, hazards none — one push, so `best` IS the whole leg's travel
      |     it  48  k=142 -> 142  advanced        fix={'k': 142, 'k_float': 142.0, 'inliers': 168, 'dx': -184.1678466796875, 'dy': -40.055992126464844, 'scale': 1.1794813411897591, 'second': 135, 'detail': 'k=142 (142.00) inliers=168 second=135 dx=-184 scale=1.179 window=[138,142] fitted=[138, 139, 140, 141, 142]'}  strafe left 0.26s
      |         turn to 2.2: TURNED to 3.1 (err -0.8) in 1 push(es)
      |     it  49  k=166 -> 166  turned to 2.2489998976495684  (151 inliers at the stop)
      |         chain push: 1 chunk(s) of 0.40s, change 31.5, best 31.5, hazards none — one push, so `best` IS the whole leg's travel
      |     it  50  k=167 -> 167  advanced        fix={'k': 169, 'k_float': 169.0, 'inliers': 161, 'dx': 8.0, 'dy': -70.9171142578125, 'scale': 1.0985112569621336, 'second': 160, 'detail': 'k=169 (169.00) inliers=161 second=160 dx=+8 scale=1.099 window=[165,169] fitted=[165, 166, 167, 168, 169]'}
      |         turn to 4.3: NO-OP, already inside 4.0 deg (at 2.9, err +1.3) — nothing was sent, the recorded curve was discarded, and the caller's step line will look like a turn that happened
      |         chain push: 1 chunk(s) of 0.40s, change 34.0, best 34.0, hazards none — one push, so `best` IS the whole leg's travel
      |     it  51  k=169 -> 169  advanced        fix={'k': 170, 'k_float': 170.0, 'inliers': 110, 'dx': 7.788055419921875, 'dy': -81.91999816894531, 'scale': 1.220187471932278, 'second': 108, 'detail': 'k=170 (170.00) inliers=110 second=108 dx=+8 scale=1.220 window=[166,170] fitted=[166, 167, 168, 169, 170]'}
      |         turn to 2.2: NO-OP, already inside 4.0 deg (at 3.0, err -0.8) — nothing was sent, the recorded curve was discarded, and the caller's step line will look like a turn that happened
      |         chain push: 1 chunk(s) of 0.40s, change 18.8, best 18.8, hazards none — one push, so `best` IS the whole leg's travel
      |     it  52  k=171 -> 171  advanced        fix={'k': 171, 'k_float': 171.0, 'inliers': 130, 'dx': -11.23870849609375, 'dy': -71.23681640625, 'scale': 1.1948001869392564, 'second': 123, 'detail': 'k=171 (171.00) inliers=130 second=123 dx=-11 scale=1.195 window=[168,172] fitted=[168, 169, 170, 171, 172]'}
      |         chain push: 1 chunk(s) of 0.40s, change 26.2, best 26.2, hazards none — one push, so `best` IS the whole leg's travel
      |     it  53  k=171 -> 173  stalled         fix={'k': 171, 'k_float': 171.0, 'inliers': 128, 'dx': 15.717987060546875, 'dy': -76.19900512695312, 'scale': 1.4238353610960865, 'second': 123, 'detail': 'k=171 (171.00) inliers=128 second=123 dx=+16 scale=1.424 window=[170,174] fitted=[170, 171, 172, 173, 174]'}
      |         chain push: 1 chunk(s) of 0.40s, change 29.9, best 29.9, hazards none — one push, so `best` IS the whole leg's travel
      |         chain strafe: 1 chunk(s) of 0.10s, change 16.4, best 16.4, hazards none — one push, so `best` IS the whole leg's travel
      |     it  54  k=173 -> 173  advanced        fix={'k': 173, 'k_float': 173.0, 'inliers': 68, 'dx': -47.29437255859375, 'dy': -96.33596801757812, 'scale': 1.5452388341367433, 'second': 67, 'detail': 'k=173 (173.00) inliers=68 second=67 dx=-47 scale=1.545 window=[170,174] fitted=[170, 171, 172, 173, 174]'}  strafe left 0.10s
      |         chain push: 1 chunk(s) of 0.40s, change 32.4, best 32.4, hazards none — one push, so `best` IS the whole leg's travel
      |     it  55  k=176 -> 176  advanced        fix={'k': 176, 'k_float': 176.0, 'inliers': 72, 'dx': 3.64801025390625, 'dy': -108.1199951171875, 'scale': 1.5034653447763366, 'second': 59, 'detail': 'k=176 (176.00) inliers=72 second=59 dx=+4 scale=1.503 window=[172,176] fitted=[172, 173, 174, 175, 176]'}
      |         turn to 89.5: TURNED to 87.9 (err +1.6) in 1 push(es)
      |     it  56  k=196 -> 196  turned to 89.491477293153  (113 inliers at the stop)
      |         chain push: 1 chunk(s) of 0.40s, change 29.4, best 29.4, hazards none — one push, so `best` IS the whole leg's travel
      |         chain strafe: 1 chunk(s) of 0.14s, change 20.2, best 20.2, hazards none — one push, so `best` IS the whole leg's travel
      |     it  57  k=197 -> 197  advanced        fix={'k': 197, 'k_float': 197.0, 'inliers': 112, 'dx': 104.20001220703125, 'dy': -15.311981201171875, 'scale': 1.1815463900140664, 'second': 96, 'detail': 'k=197 (197.00) inliers=112 second=96 dx=+104 scale=1.182 window=[195,199] fitted=[195, 196, 197, 198, 199]'}  strafe right 0.14s
      |         chain push: 1 chunk(s) of 0.40s, change 37.8, best 37.8, hazards none — one push, so `best` IS the whole leg's travel
      |         chain strafe: 1 chunk(s) of 0.10s, change 20.8, best 20.8, hazards none — one push, so `best` IS the whole leg's travel
      |     it  58  k=197 -> 200  stalled         fix={'k': 199, 'k_float': 199.0, 'inliers': 106, 'dx': 70.76641845703125, 'dy': -12.969558715820312, 'scale': 1.3579689361350107, 'second': 98, 'detail': 'k=199 (199.00) inliers=106 second=98 dx=+71 scale=1.358 window=[196,200] fitted=[196, 197, 198, 199, 200]'}  strafe right 0.10s
      |         chain push: 1 chunk(s) of 0.40s, change 48.0, best 48.0, hazards none — one push, so `best` IS the whole leg's travel
      |   chain_walk: ARRIVED at iteration 59, k=197 (target 200 of 204), 53 push(es)
[ 3] ARRIVED   k=197/205  it=59  pushes=53  seconds=89.7 (walk 74.18, setup 13.4)  failure=None
      |   pause menu open (selected 'Resume')
      |   selected: Load Last Save
      |   confirmation dialog up (delta 82.4) -> YES
      |   world back after 3.3s, spawn bearing 87 (E)
      |   setup 13.4s (reset 10.8s, Chain.load 2.6s for 205 waypoints) of a 180s budget
      |   chain_walk: 205 waypoints -> plan of 47 targets (41 push, 6 turn-only); the prompt is checked on every iteration; k rises by at most 1 per iteration, so >= 204 iteration(s). The 400s cap allows 1.96s each. At the last waypoint the walk may spend 3 more iteration(s) — 0.540 walk-units of forward push against OPEN-22's measured 0.05 — and then gives up rather than walking on past the table.
      |         turn to 271.3: TURNED to 271.5 (err -0.2) in 2 push(es)
      |     it   1  k=  3 ->   3  turned to 271.3168428039934  (193 inliers at the stop)
      |         chain push: 1 chunk(s) of 0.40s, change 20.9, best 20.9, hazards none — one push, so `best` IS the whole leg's travel
      |     it   2  k=  4 ->   4  advanced-weak   fix={'k': 6, 'k_float': 6.0, 'inliers': 27, 'dx': 20.15997314453125, 'dy': 19.439971923828125, 'scale': 1.1095507999506882, 'second': 19, 'detail': 'k=6 (6.00) inliers=27 second=19 dx=+20 scale=1.110 window=[2,6] fitted=[2, 3, 4, 5, 6]'}
      |         chain push: 1 chunk(s) of 0.40s, change 19.2, best 19.2, hazards none — one push, so `best` IS the whole leg's travel
      |     it   3  k=  7 ->   7  advanced-weak   fix={'k': 7, 'k_float': 7.0, 'inliers': 16, 'dx': 14.506607055664062, 'dy': 25.007659912109375, 'scale': 1.2369988003652015, 'second': 12, 'detail': 'k=7 (7.00) inliers=16 second=12 dx=+15 scale=1.237 window=[3,7] fitted=[3, 4, 5, 6, 7]'}
      |         chain push: 1 chunk(s) of 0.40s, change 15.6, best 15.6, hazards none — one push, so `best` IS the whole leg's travel
      |         chain strafe: 1 chunk(s) of 0.10s, change 7.2, best 7.2, hazards none — one push, so `best` IS the whole leg's travel
      |     it   4  k= 10 ->  10  advanced        fix={'k': 10, 'k_float': 10.0, 'inliers': 56, 'dx': 44.5, 'dy': 40.600006103515625, 'scale': 1.0908423505388265, 'second': 29, 'detail': 'k=10 (10.00) inliers=56 second=29 dx=+44 scale=1.091 window=[6,10] fitted=[6, 7, 8, 9, 10]'}  strafe right 0.10s
      |         chain push: 1 chunk(s) of 0.40s, change 12.8, best 12.8, hazards none — one push, so `best` IS the whole leg's travel
      |     it   5  k= 13 ->  13  blind-advance   fix={'k': 12, 'k_float': 12.0, 'inliers': 12, 'dx': 35.878753662109375, 'dy': 19.102294921875, 'scale': 1.5391838184584712, 'second': 10, 'detail': 'k=12 (12.00) inliers=12 second=10 dx=+36 scale=1.539 window=[9,13] fitted=[9, 10, 11, 12, 13]'}
      |         chain push: 1 chunk(s) of 0.40s, change 8.9, best 8.9, hazards none — one push, so `best` IS the whole leg's travel
      |     it   6  k= 16 ->  16  blind-advance   fix=None
      |         chain push: 1 chunk(s) of 0.40s, change 6.6, best 6.6, hazards none — one push, so `best` IS the whole leg's travel
      |     it   7  k= 19 ->  19  blind-advance   fix=None
      |         turn to 1.6: TURNED to 2.0 (err -0.4) in 2 push(es)
      |         turn to 271.3: TURNED to 271.9 (err -0.6) in 1 push(es)
      |         chain push: 1 chunk(s) of 0.40s, change 6.6, best 6.6, hazards none — one push, so `best` IS the whole leg's travel
      |     it   8  k= 19 ->  39  turn-retry 1/3: the stop's frame did not fit (0 inliers); one more push along 271.3
      |         turn to 1.6: TURNED to 359.3 (err +2.3) in 1 push(es)
      |     it   9  k= 39 ->  39  turned to 1.6055901753868653  (49 inliers at the stop)
      |         chain push: 1 chunk(s) of 0.40s, change 19.1, best 19.1, hazards none — one push, so `best` IS the whole leg's travel
      |         chain strafe: 1 chunk(s) of 0.10s, change 3.7, best 3.7, hazards none — one push, so `best` IS the whole leg's travel
      |     it  10  k= 40 ->  40  advanced        fix={'k': 42, 'k_float': 42.0, 'inliers': 53, 'dx': 74.0400390625, 'dy': 272.73602294921875, 'scale': 1.3607384498172288, 'second': 40, 'detail': 'k=42 (42.00) inliers=53 second=40 dx=+74 scale=1.361 window=[38,42] fitted=[38, 39, 40, 41, 42]'}  strafe right 0.10s
      |         chain push: 1 chunk(s) of 0.40s, change 22.0, best 22.0, hazards none — one push, so `best` IS the whole leg's travel
      |     it  11  k= 43 ->  43  advanced-weak   fix={'k': 43, 'k_float': 43.0, 'inliers': 27, 'dx': 27.1199951171875, 'dy': 311.0400695800781, 'scale': 1.2055478333056913, 'second': 27, 'detail': 'k=43 (43.00) inliers=27 second=27 dx=+27 scale=1.206 window=[39,43] fitted=[39, 40, 41, 42, 43]'}
      |         chain push: 1 chunk(s) of 0.40s, change 37.5, best 37.5, hazards none — one push, so `best` IS the whole leg's travel
      |         chain strafe: 1 chunk(s) of 0.10s, change 8.3, best 8.3, hazards none — one push, so `best` IS the whole leg's travel
      |     it  12  k= 46 ->  46  advanced        fix={'k': 46, 'k_float': 46.0, 'inliers': 46, 'dx': 37.733795166015625, 'dy': 245.69679260253906, 'scale': 1.2934225674425848, 'second': 44, 'detail': 'k=46 (46.00) inliers=46 second=44 dx=+38 scale=1.293 window=[42,46] fitted=[42, 43, 44, 45, 46]'}  strafe right 0.10s
      |         chain push: 1 chunk(s) of 0.40s, change 28.8, best 28.8, hazards none — one push, so `best` IS the whole leg's travel
      |     it  13  k= 49 ->  49  advanced        fix={'k': 49, 'k_float': 49.0, 'inliers': 162, 'dx': 27.385833740234375, 'dy': 222.56643676757812, 'scale': 1.2671841861763338, 'second': 139, 'detail': 'k=49 (49.00) inliers=162 second=139 dx=+27 scale=1.267 window=[45,49] fitted=[45, 46, 47, 48, 49]'}
      |         chain push: 1 chunk(s) of 0.40s, change 18.5, best 18.5, hazards none — one push, so `best` IS the whole leg's travel
      |         chain strafe: 1 chunk(s) of 0.10s, change 1.6, best 1.6, hazards SHORT — one push, so `best` IS the whole leg's travel
      |     it  14  k= 49 ->  52  stalled         fix={'k': 50, 'k_float': 50.0, 'inliers': 179, 'dx': 68.35205078125, 'dy': 177.31201171875, 'scale': 1.4359546311096199, 'second': 156, 'detail': 'k=50 (50.00) inliers=179 second=156 dx=+68 scale=1.436 window=[48,52] fitted=[48, 49, 50, 51, 52]'}  strafe right 0.10s
      |         chain push: 1 chunk(s) of 0.40s, change 19.4, best 19.4, hazards none — one push, so `best` IS the whole leg's travel
      |         chain strafe: 1 chunk(s) of 0.19s, change 2.4, best 2.4, hazards SHORT — one push, so `best` IS the whole leg's travel
      |     it  15  k= 52 ->  52  advanced        fix={'k': 52, 'k_float': 52.0, 'inliers': 63, 'dx': 140.112060546875, 'dy': 97.55203247070312, 'scale': 1.7170245485695166, 'second': 47, 'detail': 'k=52 (52.00) inliers=63 second=47 dx=+140 scale=1.717 window=[48,52] fitted=[48, 49, 50, 51, 52]'}  strafe right 0.20s
      |         chain push: 1 chunk(s) of 0.40s, change 23.9, best 23.9, hazards none — one push, so `best` IS the whole leg's travel
      |     it  16  k= 52 ->  55  stalled         fix={'k': 55, 'k_float': 53.97646878607676, 'inliers': 42, 'dx': 17.0, 'dy': 222.0, 'scale': 0.977095534513362, 'second': 23, 'detail': 'k=55 (53.98) inliers=42 second=23 dx=+17 scale=0.977 window=[51,55] fitted=[51, 52, 53, 54, 55]'}
      |         chain push: 1 chunk(s) of 0.40s, change 29.9, best 29.9, hazards none — one push, so `best` IS the whole leg's travel
      |     it  17  k= 55 ->  55  advanced        fix={'k': 55, 'k_float': 55.0, 'inliers': 32, 'dx': 17.900009155273438, 'dy': 218.1168212890625, 'scale': 1.1680541415647425, 'second': 14, 'detail': 'k=55 (55.00) inliers=32 second=14 dx=+18 scale=1.168 window=[51,55] fitted=[51, 52, 53, 54, 55]'}
      |         chain push: 1 chunk(s) of 0.40s, change 32.8, best 32.8, hazards none — one push, so `best` IS the whole leg's travel
      |     it  18  k= 58 ->  58  advanced        fix={'k': 58, 'k_float': 58.0, 'inliers': 101, 'dx': 21.800018310546875, 'dy': 254.63816833496094, 'scale': 1.1970593510899918, 'second': 90, 'detail': 'k=58 (58.00) inliers=101 second=90 dx=+22 scale=1.197 window=[54,58] fitted=[54, 55, 56, 57, 58]'}
      |         chain push: 1 chunk(s) of 0.40s, change 23.2, best 23.2, hazards none — one push, so `best` IS the whole leg's travel
      |     it  19  k= 61 ->  61  advanced        fix={'k': 61, 'k_float': 61.0, 'inliers': 139, 'dx': 26.95684814453125, 'dy': 281.594970703125, 'scale': 1.200599597852371, 'second': 116, 'detail': 'k=61 (61.00) inliers=139 second=116 dx=+27 scale=1.201 window=[57,61] fitted=[57, 58, 59, 60, 61]'}
      |         chain push: 1 chunk(s) of 0.40s, change 15.3, best 15.3, hazards none — one push, so `best` IS the whole leg's travel
      |         chain strafe: 1 chunk(s) of 0.12s, change 3.4, best 3.4, hazards none — one push, so `best` IS the whole leg's travel
      |     it  20  k= 61 ->  64  stalled         fix={'k': 63, 'k_float': 63.0, 'inliers': 125, 'dx': 84.0, 'dy': 266.68804931640625, 'scale': 1.1278265533591294, 'second': 118, 'detail': 'k=63 (63.00) inliers=125 second=118 dx=+84 scale=1.128 window=[60,64] fitted=[60, 61, 62, 63, 64]'}  strafe right 0.12s
      |         chain push: 1 chunk(s) of 0.40s, change 17.7, best 17.7, hazards none — one push, so `best` IS the whole leg's travel
      |     it  21  k= 61 ->  64  stalled         fix={'k': 60, 'k_float': 60.0, 'inliers': 122, 'dx': 27.52947998046875, 'dy': 244.02017211914062, 'scale': 1.3985564732729054, 'second': 93, 'detail': 'k=60 (60.00) inliers=122 second=93 dx=+28 scale=1.399 window=[60,64] fitted=[60, 61, 62, 63, 64]'}
      |         chain push: 1 chunk(s) of 0.40s, change 14.1, best 14.1, hazards none — one push, so `best` IS the whole leg's travel
      |     it  22  k= 61 ->  64  stalled         fix={'k': 61, 'k_float': 61.0, 'inliers': 121, 'dx': 30.480010986328125, 'dy': 235.15203857421875, 'scale': 1.4742380268534936, 'second': 96, 'detail': 'k=61 (61.00) inliers=121 second=96 dx=+30 scale=1.474 window=[60,64] fitted=[60, 61, 62, 63, 64]'}
      |         chain push: 1 chunk(s) of 0.40s, change 9.7, best 9.7, hazards none — one push, so `best` IS the whole leg's travel
      |     it  23  k= 61 ->  64  escape:jump     fix={'k': 62, 'k_float': 62.0, 'inliers': 110, 'dx': 30.540985107421875, 'dy': 228.265625, 'scale': 1.464900305282973, 'second': 100, 'detail': 'k=62 (62.00) inliers=110 second=100 dx=+31 scale=1.465 window=[60,64] fitted=[60, 61, 62, 63, 64]'}
      |         chain push: 1 chunk(s) of 0.40s, change 21.7, best 21.7, hazards none — one push, so `best` IS the whole leg's travel
      |     it  24  k= 61 ->  64  stalled         fix={'k': 61, 'k_float': 61.0, 'inliers': 106, 'dx': 30.540557861328125, 'dy': 226.84902954101562, 'scale': 1.5739007842711443, 'second': 92, 'detail': 'k=61 (61.00) inliers=106 second=92 dx=+31 scale=1.574 window=[60,64] fitted=[60, 61, 62, 63, 64]'}
      |         chain push: 1 chunk(s) of 0.40s, change 18.0, best 18.0, hazards none — one push, so `best` IS the whole leg's travel
      |         chain strafe: 1 chunk(s) of 0.10s, change 11.6, best 11.6, hazards none — one push, so `best` IS the whole leg's travel
      |     it  25  k= 61 ->  64  stalled         fix={'k': 63, 'k_float': 63.0, 'inliers': 106, 'dx': 35.64042663574219, 'dy': 232.3156280517578, 'scale': 1.6559109923562088, 'second': 97, 'detail': 'k=63 (63.00) inliers=106 second=97 dx=+36 scale=1.656 window=[60,64] fitted=[60, 61, 62, 63, 64]'}  strafe right 0.10s
      |         chain push: 1 chunk(s) of 0.40s, change 20.6, best 20.6, hazards none — one push, so `best` IS the whole leg's travel
      |     it  26  k= 61 ->  64  stalled         fix={'k': 62, 'k_float': 62.0, 'inliers': 73, 'dx': 14.803253173828125, 'dy': 238.499267578125, 'scale': 1.9141492702135734, 'second': 72, 'detail': 'k=62 (62.00) inliers=73 second=72 dx=+15 scale=1.914 window=[60,64] fitted=[60, 61, 62, 63, 64]'}
      |         chain push: 1 chunk(s) of 0.40s, change 21.9, best 21.9, hazards none — one push, so `best` IS the whole leg's travel
      |         chain strafe: 1 chunk(s) of 0.30s, change 23.4, best 23.4, hazards none — one push, so `best` IS the whole leg's travel
      |     it  27  k= 61 ->  64  escape:left     fix={'k': 63, 'k_float': 63.0, 'inliers': 39, 'dx': 6.037872314453125, 'dy': 247.12344360351562, 'scale': 1.9949913032980622, 'second': 37, 'detail': 'k=63 (63.00) inliers=39 second=37 dx=+6 scale=1.995 window=[60,64] fitted=[60, 61, 62, 63, 64]'}
      |         chain push: 1 chunk(s) of 0.40s, change 23.8, best 23.8, hazards none — one push, so `best` IS the whole leg's travel
      |     it  28  k= 64 ->  64  advanced-weak   fix={'k': 61, 'k_float': 61.0, 'inliers': 20, 'dx': 105.44477844238281, 'dy': 216.26901245117188, 'scale': 2.321734135427026, 'second': 19, 'detail': 'k=61 (61.00) inliers=20 second=19 dx=+105 scale=2.322 window=[60,64] fitted=[60, 61, 62, 63, 64]'}
      |     it  29  k=110 ->  88  relocalised past the stop: 192 inliers at 110
      |         chain push: 1 chunk(s) of 0.40s, change 26.9, best 26.9, hazards none — one push, so `best` IS the whole leg's travel
      |         chain strafe: 1 chunk(s) of 0.10s, change 10.0, best 10.0, hazards none — one push, so `best` IS the whole leg's travel
      |     it  30  k=110 -> 112  stalled         fix={'k': 111, 'k_float': 111.0, 'inliers': 194, 'dx': 53.049591064453125, 'dy': -12.167999267578125, 'scale': 0.834310763648065, 'second': 180, 'detail': 'k=111 (111.00) inliers=194 second=180 dx=+53 scale=0.834 window=[109,113] fitted=[109, 110, 111, 112, 113]'}  strafe right 0.10s
      |         chain push: 1 chunk(s) of 0.40s, change 23.5, best 23.5, hazards none — one push, so `best` IS the whole leg's travel
      |     it  31  k=112 -> 112  advanced        fix={'k': 113, 'k_float': 110.8038911605372, 'inliers': 193, 'dx': 33.02398681640625, 'dy': -7.464996337890625, 'scale': 0.8034267700936093, 'second': 178, 'detail': 'k=113 (110.80) inliers=193 second=178 dx=+33 scale=0.803 window=[109,113] fitted=[109, 110, 111, 112, 113]'}
      |         chain push: 1 chunk(s) of 0.40s, change 21.3, best 21.3, hazards none — one push, so `best` IS the whole leg's travel
      |         chain strafe: 1 chunk(s) of 0.10s, change 10.2, best 10.2, hazards none — one push, so `best` IS the whole leg's travel
      |     it  32  k=112 -> 114  stalled         fix={'k': 114, 'k_float': 112.51918451387009, 'inliers': 185, 'dx': 35.6658935546875, 'dy': 1.1519775390625, 'scale': 0.838835138553223, 'second': 175, 'detail': 'k=114 (112.52) inliers=185 second=175 dx=+36 scale=0.839 window=[111,115] fitted=[111, 112, 113, 114, 115]'}  strafe right 0.10s
      |         chain push: 1 chunk(s) of 0.40s, change 21.4, best 21.4, hazards none — one push, so `best` IS the whole leg's travel
      |     it  33  k=112 -> 114  stalled         fix={'k': 113, 'k_float': 114.67001969262375, 'inliers': 184, 'dx': 12.75360107421875, 'dy': -49.58366394042969, 'scale': 1.2277234174358775, 'second': 166, 'detail': 'k=113 (114.67) inliers=184 second=166 dx=+13 scale=1.228 window=[111,115] fitted=[111, 112, 113, 114, 115]'}
      |         chain push: 1 chunk(s) of 0.40s, change 20.6, best 20.6, hazards none — one push, so `best` IS the whole leg's travel
      |         chain strafe: 1 chunk(s) of 0.10s, change 16.0, best 16.0, hazards none — one push, so `best` IS the whole leg's travel
      |     it  34  k=114 -> 114  advanced        fix={'k': 115, 'k_float': 115.0, 'inliers': 123, 'dx': 37.076019287109375, 'dy': -27.786224365234375, 'scale': 1.3486787437024235, 'second': 122, 'detail': 'k=115 (115.00) inliers=123 second=122 dx=+37 scale=1.349 window=[111,115] fitted=[111, 112, 113, 114, 115]'}  strafe right 0.10s
      |         turn to 303.3: TURNED to 304.5 (err -1.1) in 2 push(es)
      |     it  35  k=129 -> 129  turned to 303.34476843910807  (118 inliers at the stop)
      |         turn to 299.8: TURNED to 301.5 (err -1.7) in 1 push(es)
      |         chain push: 1 chunk(s) of 0.40s, change 13.0, best 13.0, hazards none — one push, so `best` IS the whole leg's travel
      |         chain strafe: 1 chunk(s) of 0.10s, change 10.2, best 10.2, hazards none — one push, so `best` IS the whole leg's travel
      |     it  36  k=129 -> 130  stalled         fix={'k': 129, 'k_float': 129.0, 'inliers': 141, 'dx': -41.52001953125, 'dy': -41.79998779296875, 'scale': 1.123760621857447, 'second': 135, 'detail': 'k=129 (129.00) inliers=141 second=135 dx=-42 scale=1.124 window=[128,132] fitted=[128, 129, 130, 131, 132]'}  strafe left 0.10s
      |         chain push: 1 chunk(s) of 0.40s, change 14.6, best 14.6, hazards none — one push, so `best` IS the whole leg's travel
      |     it  37  k=129 -> 130  stalled         fix={'k': 129, 'k_float': 129.0, 'inliers': 155, 'dx': -32.83197021484375, 'dy': -51.407989501953125, 'scale': 1.2866709317090008, 'second': 152, 'detail': 'k=129 (129.00) inliers=155 second=152 dx=-33 scale=1.287 window=[128,132] fitted=[128, 129, 130, 131, 132]'}
      |         chain push: 1 chunk(s) of 0.40s, change 19.2, best 19.2, hazards none — one push, so `best` IS the whole leg's travel
      |         chain strafe: 1 chunk(s) of 0.10s, change 14.4, best 14.4, hazards none — one push, so `best` IS the whole leg's travel
      |     it  38  k=129 -> 130  stalled         fix={'k': 129, 'k_float': 129.0, 'inliers': 168, 'dx': -61.737586975097656, 'dy': -70.1925048828125, 'scale': 1.5337035998770305, 'second': 166, 'detail': 'k=129 (129.00) inliers=168 second=166 dx=-62 scale=1.534 window=[128,132] fitted=[128, 129, 130, 131, 132]'}  strafe left 0.10s
      |         chain push: 1 chunk(s) of 0.40s, change 25.1, best 25.1, hazards none — one push, so `best` IS the whole leg's travel
      |         chain strafe: 1 chunk(s) of 0.30s, change 25.1, best 25.1, hazards none — one push, so `best` IS the whole leg's travel
      |     it  39  k=129 -> 130  escape:right    fix={'k': 129, 'k_float': 129.0, 'inliers': 136, 'dx': -66.71197509765625, 'dy': -90.14637756347656, 'scale': 1.918981550099469, 'second': 122, 'detail': 'k=129 (129.00) inliers=136 second=122 dx=-67 scale=1.919 window=[128,132] fitted=[128, 129, 130, 131, 132]'}
      |         chain push: 1 chunk(s) of 0.40s, change 31.2, best 31.2, hazards none — one push, so `best` IS the whole leg's travel
      |     it  40  k=130 -> 130  blind-advance   fix={'k': 129, 'k_float': 129.0, 'inliers': 11, 'dx': 114.6103515625, 'dy': -92.586181640625, 'scale': 1.9441876865064511, 'second': 10, 'detail': 'k=129 (129.00) inliers=11 second=10 dx=+115 scale=1.944 window=[128,132] fitted=[128, 129, 130, 131, 132]'}
      |         turn to 298.3: NO-OP, already inside 4.0 deg (at 301.5, err -3.2) — nothing was sent, the recorded curve was discarded, and the caller's step line will look like a turn that happened
      |         chain push: 1 chunk(s) of 0.40s, change 31.7, best 31.7, hazards none — one push, so `best` IS the whole leg's travel
      |     it  41  k=133 -> 133  advanced-weak   fix={'k': 133, 'k_float': 133.0, 'inliers': 28, 'dx': 26.5009765625, 'dy': -55.4007568359375, 'scale': 2.147662799210777, 'second': 28, 'detail': 'k=133 (133.00) inliers=28 second=28 dx=+27 scale=2.148 window=[129,133] fitted=[129, 130, 131, 132, 133]'}
      |         chain push: 1 chunk(s) of 0.40s, change 18.9, best 18.9, hazards none — one push, so `best` IS the whole leg's travel
      |     it  42  k=136 -> 136  advanced        fix={'k': 136, 'k_float': 136.0, 'inliers': 33, 'dx': 6.42828369140625, 'dy': -58.965057373046875, 'scale': 2.086212603275753, 'second': 32, 'detail': 'k=136 (136.00) inliers=33 second=32 dx=+6 scale=2.086 window=[132,136] fitted=[132, 133, 134, 135, 136]'}
      |         chain push: 1 chunk(s) of 0.40s, change 4.1, best 4.1, hazards none — one push, so `best` IS the whole leg's travel
      |     it  43  k=136 -> 139  stalled         fix={'k': 137, 'k_float': 137.0, 'inliers': 40, 'dx': 11.96844482421875, 'dy': -88.46156311035156, 'scale': 1.978386805920082, 'second': 39, 'detail': 'k=137 (137.00) inliers=40 second=39 dx=+12 scale=1.978 window=[135,139] fitted=[135, 136, 137, 138, 139]'}
      |         chain push: 1 chunk(s) of 0.40s, change 3.6, best 3.6, hazards none — one push, so `best` IS the whole leg's travel
      |     it  44  k=139 -> 139  advanced        fix={'k': 139, 'k_float': 139.0, 'inliers': 45, 'dx': -22.59832763671875, 'dy': -63.775970458984375, 'scale': 1.788333293913052, 'second': 40, 'detail': 'k=139 (139.00) inliers=45 second=40 dx=-23 scale=1.788 window=[135,139] fitted=[135, 136, 137, 138, 139]'}
      |         chain push: 1 chunk(s) of 0.40s, change 3.2, best 3.2, hazards none — one push, so `best` IS the whole leg's travel
      |         chain strafe: 1 chunk(s) of 0.10s, change 12.8, best 12.8, hazards none — one push, so `best` IS the whole leg's travel
      |     it  45  k=139 -> 142  stalled         fix={'k': 141, 'k_float': 141.0, 'inliers': 66, 'dx': -42.42230224609375, 'dy': -57.587982177734375, 'scale': 1.632615543733856, 'second': 59, 'detail': 'k=141 (141.00) inliers=66 second=59 dx=-42 scale=1.633 window=[138,142] fitted=[138, 139, 140, 141, 142]'}  strafe left 0.10s
      |         chain push: 1 chunk(s) of 0.40s, change 14.5, best 14.5, hazards none — one push, so `best` IS the whole leg's travel
      |         chain strafe: 1 chunk(s) of 0.10s, change 14.3, best 14.3, hazards none — one push, so `best` IS the whole leg's travel
      |     it  46  k=139 -> 142  stalled         fix={'k': 141, 'k_float': 141.0, 'inliers': 67, 'dx': -46.65594482421875, 'dy': -58.29296875, 'scale': 1.6283741640477798, 'second': 46, 'detail': 'k=141 (141.00) inliers=67 second=46 dx=-47 scale=1.628 window=[138,142] fitted=[138, 139, 140, 141, 142]'}  strafe left 0.10s
      |         chain push: 1 chunk(s) of 0.40s, change 13.8, best 13.8, hazards none — one push, so `best` IS the whole leg's travel
      |         chain strafe: 1 chunk(s) of 0.10s, change 14.2, best 14.2, hazards none — one push, so `best` IS the whole leg's travel
      |     it  47  k=139 -> 142  stalled         fix={'k': 141, 'k_float': 141.0, 'inliers': 60, 'dx': -44.0, 'dy': -58.074462890625, 'scale': 1.630654713027574, 'second': 59, 'detail': 'k=141 (141.00) inliers=60 second=59 dx=-44 scale=1.631 window=[138,142] fitted=[138, 139, 140, 141, 142]'}  strafe left 0.10s
      |         chain push: 1 chunk(s) of 0.40s, change 15.3, best 15.3, hazards none — one push, so `best` IS the whole leg's travel
      |         chain strafe: 1 chunk(s) of 0.30s, change 29.3, best 29.3, hazards none — one push, so `best` IS the whole leg's travel
      |     it  48  k=139 -> 142  escape:left     fix={'k': 141, 'k_float': 141.0, 'inliers': 69, 'dx': -42.50872802734375, 'dy': -57.455963134765625, 'scale': 1.6310436074906487, 'second': 56, 'detail': 'k=141 (141.00) inliers=69 second=56 dx=-43 scale=1.631 window=[138,142] fitted=[138, 139, 140, 141, 142]'}
      |         chain push: 1 chunk(s) of 0.40s, change 27.0, best 27.0, hazards none — one push, so `best` IS the whole leg's travel
      |     it  49  k=139 -> 142  stalled         fix={'k': 141, 'k_float': 141.0, 'inliers': 62, 'dx': -28.698822021484375, 'dy': -49.207977294921875, 'scale': 1.6018735738550074, 'second': 56, 'detail': 'k=141 (141.00) inliers=62 second=56 dx=-29 scale=1.602 window=[138,142] fitted=[138, 139, 140, 141, 142]'}
      |         chain push: 1 chunk(s) of 0.40s, change 13.4, best 13.4, hazards none — one push, so `best` IS the whole leg's travel
      |         chain strafe: 1 chunk(s) of 0.10s, change 13.9, best 13.9, hazards none — one push, so `best` IS the whole leg's travel
      |     it  50  k=139 -> 142  stalled         fix={'k': 141, 'k_float': 141.0, 'inliers': 62, 'dx': -47.211944580078125, 'dy': -57.78797912597656, 'scale': 1.6334669635597407, 'second': 54, 'detail': 'k=141 (141.00) inliers=62 second=54 dx=-47 scale=1.633 window=[138,142] fitted=[138, 139, 140, 141, 142]'}  strafe left 0.10s
      |         chain push: 1 chunk(s) of 0.40s, change 15.5, best 15.5, hazards none — one push, so `best` IS the whole leg's travel
      |         chain strafe: 1 chunk(s) of 0.10s, change 16.3, best 16.3, hazards none — one push, so `best` IS the whole leg's travel
      |     it  51  k=139 -> 142  stalled         fix={'k': 141, 'k_float': 141.0, 'inliers': 73, 'dx': -44.0, 'dy': -59.420074462890625, 'scale': 1.6313968688380103, 'second': 62, 'detail': 'k=141 (141.00) inliers=73 second=62 dx=-44 scale=1.631 window=[138,142] fitted=[138, 139, 140, 141, 142]'}  strafe left 0.10s
      |         chain push: 1 chunk(s) of 0.40s, change 16.0, best 16.0, hazards none — one push, so `best` IS the whole leg's travel
      |         chain strafe: 1 chunk(s) of 0.30s, change 27.7, best 27.7, hazards none — one push, so `best` IS the whole leg's travel
      |     it  52  k=139 -> 142  escape:right    fix={'k': 141, 'k_float': 141.0, 'inliers': 74, 'dx': -46.20794677734375, 'dy': -59.50201416015625, 'scale': 1.6288841784747599, 'second': 49, 'detail': 'k=141 (141.00) inliers=74 second=49 dx=-46 scale=1.629 window=[138,142] fitted=[138, 139, 140, 141, 142]'}
      |         chain push: 1 chunk(s) of 0.40s, change 20.6, best 20.6, hazards none — one push, so `best` IS the whole leg's travel
      |     it  53  k=139 -> 142  stalled         fix={'k': 141, 'k_float': 141.0, 'inliers': 38, 'dx': 14.4576416015625, 'dy': -29.59417724609375, 'scale': 1.2822265429021873, 'second': 36, 'detail': 'k=141 (141.00) inliers=38 second=36 dx=+14 scale=1.282 window=[138,142] fitted=[138, 139, 140, 141, 142]'}
      |         chain push: 1 chunk(s) of 0.40s, change 4.3, best 4.3, hazards none — one push, so `best` IS the whole leg's travel
      |     it  54  k=139 -> 142  stalled         fix={'k': 141, 'k_float': 141.0, 'inliers': 35, 'dx': 13.5841064453125, 'dy': -29.063568115234375, 'scale': 1.2811002465155936, 'second': 35, 'detail': 'k=141 (141.00) inliers=35 second=35 dx=+14 scale=1.281 window=[138,142] fitted=[138, 139, 140, 141, 142]'}
      |         chain push: 1 chunk(s) of 0.40s, change 4.1, best 4.1, hazards none — one push, so `best` IS the whole leg's travel
      |     it  55  k=142 -> 142  advanced        fix={'k': 142, 'k_float': 142.0, 'inliers': 36, 'dx': -13.45758056640625, 'dy': -20.59197998046875, 'scale': 1.2846946356561846, 'second': 32, 'detail': 'k=142 (142.00) inliers=36 second=32 dx=-13 scale=1.285 window=[138,142] fitted=[138, 139, 140, 141, 142]'}
      |         turn to 2.2: TURNED to 0.0 (err +2.2) in 2 push(es)
      |     it  56  k=166 -> 166  turned to 2.2489998976495684  (97 inliers at the stop)
      |         chain push: 1 chunk(s) of 0.40s, change 9.7, best 9.7, hazards none — one push, so `best` IS the whole leg's travel
      |         chain strafe: 1 chunk(s) of 0.30s, change 45.7, best 45.7, hazards none — one push, so `best` IS the whole leg's travel
      |     it  57  k=166 -> 167  stalled         fix={'k': 165, 'k_float': 165.0, 'inliers': 94, 'dx': 329.85601806640625, 'dy': -25.055938720703125, 'scale': 1.354828864199255, 'second': 92, 'detail': 'k=165 (165.00) inliers=94 second=92 dx=+330 scale=1.355 window=[165,169] fitted=[165, 166, 167, 168, 169]'}  strafe right 0.30s
      |         chain push: 1 chunk(s) of 0.40s, change 46.0, best 46.0, hazards none — one push, so `best` IS the whole leg's travel
      |         chain strafe: 1 chunk(s) of 0.30s, change 37.3, best 37.3, hazards none — one push, so `best` IS the whole leg's travel
      |     it  58  k=167 -> 167  advanced        fix={'k': 169, 'k_float': 169.0, 'inliers': 97, 'dx': 243.5098876953125, 'dy': -93.02395629882812, 'scale': 1.4032605859811658, 'second': 96, 'detail': 'k=169 (169.00) inliers=97 second=96 dx=+244 scale=1.403 window=[165,169] fitted=[165, 166, 167, 168, 169]'}  strafe right 0.30s
      |         turn to 4.3: TURNED to 3.3 (err +0.9) in 1 push(es)
      |         chain push: 1 chunk(s) of 0.40s, change 31.3, best 31.3, hazards none — one push, so `best` IS the whole leg's travel
      |         chain strafe: 1 chunk(s) of 0.20s, change 20.5, best 20.5, hazards none — one push, so `best` IS the whole leg's travel
      |     it  59  k=169 -> 169  advanced        fix={'k': 169, 'k_float': 169.0, 'inliers': 91, 'dx': 146.258056640625, 'dy': -99.41757202148438, 'scale': 1.6382426440514464, 'second': 87, 'detail': 'k=169 (169.00) inliers=91 second=87 dx=+146 scale=1.638 window=[166,170] fitted=[166, 167, 168, 169, 170]'}  strafe right 0.20s
      |         turn to 2.2: NO-OP, already inside 4.0 deg (at 3.3, err -1.1) — nothing was sent, the recorded curve was discarded, and the caller's step line will look like a turn that happened
      |         chain push: 1 chunk(s) of 0.40s, change 25.8, best 25.8, hazards none — one push, so `best` IS the whole leg's travel
      |         chain strafe: 1 chunk(s) of 0.14s, change 18.6, best 18.6, hazards none — one push, so `best` IS the whole leg's travel
      |     it  60  k=171 -> 171  advanced        fix={'k': 171, 'k_float': 171.0, 'inliers': 59, 'dx': -101.77229309082031, 'dy': -128.6461181640625, 'scale': 1.3639893596959618, 'second': 54, 'detail': 'k=171 (171.00) inliers=59 second=54 dx=-102 scale=1.364 window=[168,172] fitted=[168, 169, 170, 171, 172]'}  strafe left 0.14s
      |         chain push: 1 chunk(s) of 0.40s, change 22.5, best 22.5, hazards none — one push, so `best` IS the whole leg's travel
      |     it  61  k=173 -> 173  advanced        fix={'k': 174, 'k_float': 174.0, 'inliers': 70, 'dx': 25.6080322265625, 'dy': -129.97555541992188, 'scale': 1.4424476723099728, 'second': 63, 'detail': 'k=174 (174.00) inliers=70 second=63 dx=+26 scale=1.442 window=[170,174] fitted=[170, 171, 172, 173, 174]'}
      |         chain push: 1 chunk(s) of 0.40s, change 30.9, best 30.9, hazards none — one push, so `best` IS the whole leg's travel
      |         chain strafe: 1 chunk(s) of 0.10s, change 13.3, best 13.3, hazards none — one push, so `best` IS the whole leg's travel
      |     it  62  k=176 -> 176  advanced        fix={'k': 176, 'k_float': 176.0, 'inliers': 70, 'dx': 53.52003479003906, 'dy': -139.5647735595703, 'scale': 1.5289163859452586, 'second': 58, 'detail': 'k=176 (176.00) inliers=70 second=58 dx=+54 scale=1.529 window=[172,176] fitted=[172, 173, 174, 175, 176]'}  strafe right 0.10s
      |         turn to 89.5: TURNED to 90.7 (err -1.3) in 1 push(es)
      |     it  63  k=196 -> 196  turned to 89.491477293153  (116 inliers at the stop)
      |         chain push: 1 chunk(s) of 0.40s, change 30.8, best 30.8, hazards none — one push, so `best` IS the whole leg's travel
      |         chain strafe: 1 chunk(s) of 0.10s, change 17.6, best 17.6, hazards none — one push, so `best` IS the whole leg's travel
      |     it  64  k=197 -> 197  advanced        fix={'k': 197, 'k_float': 197.0, 'inliers': 115, 'dx': 55.98724365234375, 'dy': -43.89117431640625, 'scale': 1.1993207501069283, 'second': 79, 'detail': 'k=197 (197.00) inliers=115 second=79 dx=+56 scale=1.199 window=[195,199] fitted=[195, 196, 197, 198, 199]'}  strafe right 0.10s
      |         chain push: 1 chunk(s) of 0.40s, change 40.4, best 40.4, hazards none — one push, so `best` IS the whole leg's travel
      |     it  65  k=197 -> 200  stalled         fix={'k': 199, 'k_float': 199.0, 'inliers': 105, 'dx': 26.83203125, 'dy': -42.47998046875, 'scale': 1.4099438345466317, 'second': 82, 'detail': 'k=199 (199.00) inliers=105 second=82 dx=+27 scale=1.410 window=[196,200] fitted=[196, 197, 198, 199, 200]'}
      |         chain push: 1 chunk(s) of 0.40s, change 49.2, best 49.2, hazards none — one push, so `best` IS the whole leg's travel
      |   chain_walk: ARRIVED at iteration 66, k=197 (target 200 of 204), 60 push(es)
[ 4] ARRIVED   k=197/205  it=66  pushes=60  seconds=109.8 (walk 94.72, setup 13.4)  failure=None
      |   pause menu open (selected 'Resume')
      |   selected: Load Last Save
      |   confirmation dialog up (delta 84.0) -> YES
      |   world back after 5.1s, spawn bearing 87 (E)
      |   setup 15.1s (reset 12.6s, Chain.load 2.6s for 205 waypoints) of a 180s budget
      |   chain_walk: 205 waypoints -> plan of 47 targets (41 push, 6 turn-only); the prompt is checked on every iteration; k rises by at most 1 per iteration, so >= 204 iteration(s). The 400s cap allows 1.96s each. At the last waypoint the walk may spend 3 more iteration(s) — 0.540 walk-units of forward push against OPEN-22's measured 0.05 — and then gives up rather than walking on past the table.
      |         turn to 271.3: TURNED to 274.9 (err -3.6) in 2 push(es)
      |     it   1  k=  3 ->   3  turned to 271.3168428039934  (92 inliers at the stop)
      |         chain push: 1 chunk(s) of 0.40s, change 20.2, best 20.2, hazards none — one push, so `best` IS the whole leg's travel
      |         chain strafe: 1 chunk(s) of 0.10s, change 10.2, best 10.2, hazards none — one push, so `best` IS the whole leg's travel
      |     it   2  k=  4 ->   4  advanced        fix={'k': 6, 'k_float': 6.0, 'inliers': 30, 'dx': -72.7199935913086, 'dy': 20.160018920898438, 'scale': 1.12874356477286, 'second': 23, 'detail': 'k=6 (6.00) inliers=30 second=23 dx=-73 scale=1.129 window=[2,6] fitted=[2, 3, 4, 5, 6]'}  strafe left 0.10s
      |         chain push: 1 chunk(s) of 0.40s, change 19.5, best 19.5, hazards none — one push, so `best` IS the whole leg's travel
      |     it   3  k=  7 ->   7  blind-advance   fix={'k': 6, 'k_float': 6.0, 'inliers': 13, 'dx': -111.62879943847656, 'dy': 34.560028076171875, 'scale': 1.4432717643247746, 'second': 12, 'detail': 'k=6 (6.00) inliers=13 second=12 dx=-112 scale=1.443 window=[3,7] fitted=[3, 4, 5, 6, 7]'}
      |         chain push: 1 chunk(s) of 0.40s, change 13.7, best 13.7, hazards none — one push, so `best` IS the whole leg's travel
      |     it   4  k= 10 ->  10  advanced-weak   fix={'k': 10, 'k_float': 10.0, 'inliers': 15, 'dx': -158.83775329589844, 'dy': 36.49542236328125, 'scale': 1.2990557705456125, 'second': 14, 'detail': 'k=10 (10.00) inliers=15 second=14 dx=-159 scale=1.299 window=[6,10] fitted=[6, 7, 8, 9, 10]'}
      |         chain push: 1 chunk(s) of 0.40s, change 12.4, best 12.4, hazards none — one push, so `best` IS the whole leg's travel
      |     it   5  k= 13 ->  13  blind-advance   fix={'k': 13, 'k_float': 13.0, 'inliers': 7, 'dx': 4.464111328125, 'dy': 43.288055419921875, 'scale': 1.6055072510829749, 'second': 0, 'detail': 'k=13 (13.00) inliers=7 second=0 dx=+4 scale=1.606 window=[9,13] fitted=[13]'}
      |         chain push: 1 chunk(s) of 0.40s, change 7.2, best 7.2, hazards none — one push, so `best` IS the whole leg's travel
      |     it   6  k= 16 ->  16  blind-advance   fix=None
      |         chain push: 1 chunk(s) of 0.40s, change 7.8, best 7.8, hazards none — one push, so `best` IS the whole leg's travel
      |     it   7  k= 19 ->  19  blind-advance   fix=None
      |         turn to 1.6: TURNED to 1.2 (err +0.5) in 1 push(es)
      |         turn to 271.3: TURNED to 272.8 (err -1.4) in 2 push(es)
      |         chain push: 1 chunk(s) of 0.40s, change 7.4, best 7.4, hazards none — one push, so `best` IS the whole leg's travel
      |     it   8  k= 19 ->  39  turn-retry 1/3: the stop's frame did not fit (21 inliers); one more push along 271.3
      |         turn to 1.6: TURNED to 2.6 (err -1.0) in 1 push(es)
      |     it   9  k= 39 ->  39  turned to 1.6055901753868653  (100 inliers at the stop)
      |         chain push: 1 chunk(s) of 0.40s, change 14.8, best 14.8, hazards none — one push, so `best` IS the whole leg's travel
      |     it  10  k= 40 ->  40  advanced        fix={'k': 42, 'k_float': 42.0, 'inliers': 74, 'dx': -31.549583435058594, 'dy': 348.24005126953125, 'scale': 1.34682099418502, 'second': 70, 'detail': 'k=42 (42.00) inliers=74 second=70 dx=-32 scale=1.347 window=[38,42] fitted=[38, 39, 40, 41, 42]'}
      |         chain push: 1 chunk(s) of 0.40s, change 27.1, best 27.1, hazards none — one push, so `best` IS the whole leg's travel
      |         chain strafe: 1 chunk(s) of 0.10s, change 15.7, best 15.7, hazards none — one push, so `best` IS the whole leg's travel
      |     it  11  k= 43 ->  43  advanced        fix={'k': 43, 'k_float': 43.0, 'inliers': 52, 'dx': 39.91998291015625, 'dy': 305.15106201171875, 'scale': 1.2154177373813186, 'second': 49, 'detail': 'k=43 (43.00) inliers=52 second=49 dx=+40 scale=1.215 window=[39,43] fitted=[39, 40, 41, 42, 43]'}  strafe right 0.10s
      |         chain push: 1 chunk(s) of 0.40s, change 36.0, best 36.0, hazards none — one push, so `best` IS the whole leg's travel
      |     it  12  k= 46 ->  46  advanced        fix={'k': 46, 'k_float': 46.0, 'inliers': 70, 'dx': 8.78399658203125, 'dy': 250.43814086914062, 'scale': 1.2236224555911526, 'second': 58, 'detail': 'k=46 (46.00) inliers=70 second=58 dx=+9 scale=1.224 window=[42,46] fitted=[42, 43, 44, 45, 46]'}
      |         chain push: 1 chunk(s) of 0.40s, change 31.7, best 31.7, hazards none — one push, so `best` IS the whole leg's travel
      |     it  13  k= 49 ->  49  advanced        fix={'k': 49, 'k_float': 49.0, 'inliers': 167, 'dx': -5.199951171875, 'dy': 235.4000244140625, 'scale': 1.1665627711898878, 'second': 135, 'detail': 'k=49 (49.00) inliers=167 second=135 dx=-5 scale=1.167 window=[45,49] fitted=[45, 46, 47, 48, 49]'}
      |         chain push: 1 chunk(s) of 0.40s, change 21.9, best 21.9, hazards none — one push, so `best` IS the whole leg's travel
      |     it  14  k= 49 ->  52  stalled         fix={'k': 51, 'k_float': 51.0, 'inliers': 167, 'dx': -6.0479736328125, 'dy': 218.592041015625, 'scale': 1.1975798414697336, 'second': 151, 'detail': 'k=51 (51.00) inliers=167 second=151 dx=-6 scale=1.198 window=[48,52] fitted=[48, 49, 50, 51, 52]'}
      |         chain push: 1 chunk(s) of 0.40s, change 16.4, best 16.4, hazards none — one push, so `best` IS the whole leg's travel
      |     it  15  k= 52 ->  52  advanced        fix={'k': 52, 'k_float': 52.0, 'inliers': 121, 'dx': 28.28167724609375, 'dy': 173.48004150390625, 'scale': 1.3633874083536766, 'second': 115, 'detail': 'k=52 (52.00) inliers=121 second=115 dx=+28 scale=1.363 window=[48,52] fitted=[48, 49, 50, 51, 52]'}
      |         chain push: 1 chunk(s) of 0.40s, change 19.0, best 19.0, hazards none — one push, so `best` IS the whole leg's travel
      |         chain strafe: 1 chunk(s) of 0.10s, change 9.1, best 9.1, hazards none — one push, so `best` IS the whole leg's travel
      |     it  16  k= 52 ->  55  stalled         fix={'k': 54, 'k_float': 54.0, 'inliers': 91, 'dx': 40.320068359375, 'dy': 143.42404174804688, 'scale': 1.412925188462358, 'second': 87, 'detail': 'k=54 (54.00) inliers=91 second=87 dx=+40 scale=1.413 window=[51,55] fitted=[51, 52, 53, 54, 55]'}  strafe right 0.10s
      |         chain push: 1 chunk(s) of 0.40s, change 28.2, best 28.2, hazards none — one push, so `best` IS the whole leg's travel
      |         chain strafe: 1 chunk(s) of 0.10s, change 21.6, best 21.6, hazards none — one push, so `best` IS the whole leg's travel
      |     it  17  k= 55 ->  55  advanced        fix={'k': 55, 'k_float': 53.9890070866248, 'inliers': 42, 'dx': -44.519989013671875, 'dy': 216.3200225830078, 'scale': 1.1029397039840763, 'second': 19, 'detail': 'k=55 (53.99) inliers=42 second=19 dx=-45 scale=1.103 window=[51,55] fitted=[51, 52, 53, 54, 55]'}  strafe left 0.10s
      |         chain push: 1 chunk(s) of 0.40s, change 30.9, best 30.9, hazards none — one push, so `best` IS the whole leg's travel
      |     it  18  k= 58 ->  58  advanced        fix={'k': 58, 'k_float': 58.0, 'inliers': 102, 'dx': -30.96002197265625, 'dy': 250.8000030517578, 'scale': 1.0955851536359897, 'second': 81, 'detail': 'k=58 (58.00) inliers=102 second=81 dx=-31 scale=1.096 window=[54,58] fitted=[54, 55, 56, 57, 58]'}
      |         chain push: 1 chunk(s) of 0.40s, change 31.4, best 31.4, hazards none — one push, so `best` IS the whole leg's travel
      |     it  19  k= 58 ->  61  stalled         fix={'k': 60, 'k_float': 60.0, 'inliers': 131, 'dx': -30.81597900390625, 'dy': 275.0, 'scale': 1.120874287686822, 'second': 119, 'detail': 'k=60 (60.00) inliers=131 second=119 dx=-31 scale=1.121 window=[57,61] fitted=[57, 58, 59, 60, 61]'}
      |         chain push: 1 chunk(s) of 0.40s, change 19.2, best 19.2, hazards none — one push, so `best` IS the whole leg's travel
      |     it  20  k= 61 ->  61  advanced        fix={'k': 61, 'k_float': 61.0, 'inliers': 125, 'dx': -31.199981689453125, 'dy': 280.08001708984375, 'scale': 1.1566724630696594, 'second': 113, 'detail': 'k=61 (61.00) inliers=125 second=113 dx=-31 scale=1.157 window=[57,61] fitted=[57, 58, 59, 60, 61]'}
      |         chain push: 1 chunk(s) of 0.40s, change 20.3, best 20.3, hazards none — one push, so `best` IS the whole leg's travel
      |     it  21  k= 61 ->  64  stalled         fix={'k': 62, 'k_float': 62.0, 'inliers': 129, 'dx': -32.639984130859375, 'dy': 282.6732482910156, 'scale': 1.2248761202788514, 'second': 119, 'detail': 'k=62 (62.00) inliers=129 second=119 dx=-33 scale=1.225 window=[60,64] fitted=[60, 61, 62, 63, 64]'}
      |         chain push: 1 chunk(s) of 0.40s, change 17.2, best 17.2, hazards none — one push, so `best` IS the whole leg's travel
      |     it  22  k= 64 ->  64  advanced        fix={'k': 64, 'k_float': 64.0, 'inliers': 120, 'dx': 15.317047119140625, 'dy': 253.56002807617188, 'scale': 1.1135516530770286, 'second': 118, 'detail': 'k=64 (64.00) inliers=120 second=118 dx=+15 scale=1.114 window=[60,64] fitted=[60, 61, 62, 63, 64]'}
      |     it  23  k= 88 ->  88  turned (skipped, same heading) to 1.3495539744498237  (99 inliers at the stop)
      |         chain push: 1 chunk(s) of 0.40s, change 18.9, best 18.9, hazards none — one push, so `best` IS the whole leg's travel
      |         chain strafe: 1 chunk(s) of 0.10s, change 10.2, best 10.2, hazards none — one push, so `best` IS the whole leg's travel
      |     it  24  k= 88 ->  89  stalled         fix={'k': 87, 'k_float': 87.0, 'inliers': 84, 'dx': -38.87998962402344, 'dy': -57.54931640625, 'scale': 1.1435496180349323, 'second': 78, 'detail': 'k=87 (87.00) inliers=84 second=78 dx=-39 scale=1.144 window=[87,91] fitted=[87, 88, 89, 90, 91]'}  strafe left 0.10s
      |         chain push: 1 chunk(s) of 0.40s, change 16.1, best 16.1, hazards none — one push, so `best` IS the whole leg's travel
      |     it  25  k= 88 ->  89  stalled         fix={'k': 87, 'k_float': 87.0, 'inliers': 75, 'dx': -30.14398193359375, 'dy': -58.1199951171875, 'scale': 1.3341574297956005, 'second': 74, 'detail': 'k=87 (87.00) inliers=75 second=74 dx=-30 scale=1.334 window=[87,91] fitted=[87, 88, 89, 90, 91]'}
      |         chain push: 1 chunk(s) of 0.40s, change 17.7, best 17.7, hazards none — one push, so `best` IS the whole leg's travel
      |         chain strafe: 1 chunk(s) of 0.10s, change 10.8, best 10.8, hazards none — one push, so `best` IS the whole leg's travel
      |     it  26  k= 89 ->  89  advanced        fix={'k': 89, 'k_float': 89.0, 'inliers': 79, 'dx': -35.4239501953125, 'dy': -53.0841064453125, 'scale': 1.4877567701471706, 'second': 50, 'detail': 'k=89 (89.00) inliers=79 second=50 dx=-35 scale=1.488 window=[87,91] fitted=[87, 88, 89, 90, 91]'}  strafe left 0.10s
      |         chain push: 1 chunk(s) of 0.40s, change 18.3, best 18.3, hazards none — one push, so `best` IS the whole leg's travel
      |     it  27  k= 92 ->  92  advanced        fix={'k': 92, 'k_float': 92.0, 'inliers': 88, 'dx': -18.951980590820312, 'dy': -53.49884033203125, 'scale': 1.5306113631208262, 'second': 69, 'detail': 'k=92 (92.00) inliers=88 second=69 dx=-19 scale=1.531 window=[88,92] fitted=[88, 89, 90, 91, 92]'}
      |         chain push: 1 chunk(s) of 0.40s, change 22.1, best 22.1, hazards none — one push, so `best` IS the whole leg's travel
      |     it  28  k= 94 ->  94  advanced        fix={'k': 94, 'k_float': 94.0, 'inliers': 103, 'dx': -28.103973388671875, 'dy': -46.586822509765625, 'scale': 1.6170887849317745, 'second': 99, 'detail': 'k=94 (94.00) inliers=103 second=99 dx=-28 scale=1.617 window=[91,95] fitted=[91, 92, 93, 94, 95]'}
      |         chain push: 1 chunk(s) of 0.40s, change 22.2, best 22.2, hazards none — one push, so `best` IS the whole leg's travel
      |     it  29  k= 96 ->  96  advanced        fix={'k': 97, 'k_float': 97.0, 'inliers': 82, 'dx': -24.325363159179688, 'dy': -30.1199951171875, 'scale': 1.5519012004045896, 'second': 67, 'detail': 'k=97 (97.00) inliers=82 second=67 dx=-24 scale=1.552 window=[93,97] fitted=[93, 94, 95, 96, 97]'}
      |         chain push: 1 chunk(s) of 0.40s, change 22.2, best 22.2, hazards none — one push, so `best` IS the whole leg's travel
      |     it  30  k= 98 ->  98  advanced        fix={'k': 99, 'k_float': 99.0, 'inliers': 102, 'dx': -31.583984375, 'dy': -30.922409057617188, 'scale': 1.5525408146947342, 'second': 99, 'detail': 'k=99 (99.00) inliers=102 second=99 dx=-32 scale=1.553 window=[95,99] fitted=[95, 96, 97, 98, 99]'}
      |         chain push: 1 chunk(s) of 0.40s, change 28.0, best 28.0, hazards none — one push, so `best` IS the whole leg's travel
      |         chain strafe: 1 chunk(s) of 0.10s, change 13.5, best 13.5, hazards none — one push, so `best` IS the whole leg's travel
      |     it  31  k=100 -> 100  advanced        fix={'k': 101, 'k_float': 101.0, 'inliers': 144, 'dx': -41.35581970214844, 'dy': -43.795166015625, 'scale': 1.6779037688627478, 'second': 119, 'detail': 'k=101 (101.00) inliers=144 second=119 dx=-41 scale=1.678 window=[97,101] fitted=[97, 98, 99, 100, 101]'}  strafe left 0.10s
      |         chain push: 1 chunk(s) of 0.40s, change 21.1, best 21.1, hazards none — one push, so `best` IS the whole leg's travel
      |     it  32  k=102 -> 102  advanced        fix={'k': 103, 'k_float': 103.0, 'inliers': 132, 'dx': -27.181533813476562, 'dy': -53.884765625, 'scale': 1.7785753994651137, 'second': 104, 'detail': 'k=103 (103.00) inliers=132 second=104 dx=-27 scale=1.779 window=[99,103] fitted=[99, 100, 101, 102, 103]'}
      |         chain push: 1 chunk(s) of 0.40s, change 22.5, best 22.5, hazards none — one push, so `best` IS the whole leg's travel
      |     it  33  k=104 -> 104  advanced        fix={'k': 105, 'k_float': 105.0, 'inliers': 111, 'dx': -13.219146728515625, 'dy': -68.8572998046875, 'scale': 2.007914985844696, 'second': 102, 'detail': 'k=105 (105.00) inliers=111 second=102 dx=-13 scale=2.008 window=[101,105] fitted=[101, 102, 103, 104, 105]'}
      |         chain push: 1 chunk(s) of 0.40s, change 19.2, best 19.2, hazards none — one push, so `best` IS the whole leg's travel
      |     it  34  k=107 -> 107  advanced        fix={'k': 107, 'k_float': 107.0, 'inliers': 68, 'dx': -22.000076293945312, 'dy': -95.83451843261719, 'scale': 2.296670418194532, 'second': 59, 'detail': 'k=107 (107.00) inliers=68 second=59 dx=-22 scale=2.297 window=[103,107] fitted=[103, 104, 105, 106, 107]'}
      |         chain push: 1 chunk(s) of 0.40s, change 22.6, best 22.6, hazards none — one push, so `best` IS the whole leg's travel
      |         chain strafe: 1 chunk(s) of 0.26s, change 23.1, best 23.1, hazards none — one push, so `best` IS the whole leg's travel
      |     it  35  k=109 -> 109  advanced        fix={'k': 110, 'k_float': 110.0, 'inliers': 51, 'dx': -190.59408569335938, 'dy': -43.496826171875, 'scale': 3.053063240104541, 'second': 20, 'detail': 'k=110 (110.00) inliers=51 second=20 dx=-191 scale=3.053 window=[106,110] fitted=[106, 107, 108, 109, 110]'}  strafe left 0.27s
      |         chain push: 1 chunk(s) of 0.40s, change 41.7, best 41.7, hazards none — one push, so `best` IS the whole leg's travel
      |     it  36  k=112 -> 112  blind-advance   fix={'k': 108, 'k_float': 108.0, 'inliers': 6, 'dx': -102.97999572753906, 'dy': -124.35202026367188, 'scale': 0.376232973438854, 'second': 0, 'detail': 'k=108 (108.00) inliers=6 second=0 dx=-103 scale=0.376 window=[108,112] fitted=[108]'}
      |         chain push: 1 chunk(s) of 0.40s, change 27.6, best 27.6, hazards none — one push, so `best` IS the whole leg's travel
      |     it  37  k=114 -> 114  blind-advance   fix=None
      |         turn to 303.3: TURNED to 301.0 (err +2.4) in 1 push(es)
      |     it  38  k=129 -> 129  turned to 303.34476843910807  (154 inliers at the stop)
      |         turn to 299.8: NO-OP, already inside 4.0 deg (at 301.0, err -1.2) — nothing was sent, the recorded curve was discarded, and the caller's step line will look like a turn that happened
      |         chain push: 1 chunk(s) of 0.40s, change 15.3, best 15.3, hazards none — one push, so `best` IS the whole leg's travel
      |     it  39  k=130 -> 130  blind-advance   fix=None
      |         turn to 298.3: NO-OP, already inside 4.0 deg (at 300.9, err -2.6) — nothing was sent, the recorded curve was discarded, and the caller's step line will look like a turn that happened
      |         chain push: 1 chunk(s) of 0.40s, change 12.4, best 12.4, hazards none — one push, so `best` IS the whole leg's travel
      |     it  40  k=133 -> 133  blind-advance   fix=None
      |         chain push: 1 chunk(s) of 0.40s, change 1.0, best 1.0, hazards SHORT — one push, so `best` IS the whole leg's travel
      |     it  41  k=136 -> 136  blind-advance   fix=None
      |         chain push: 1 chunk(s) of 0.40s, change 1.2, best 1.2, hazards SHORT — one push, so `best` IS the whole leg's travel
      |     it  42  k=139 -> 139  blind-advance   fix=None
      |         chain push: 1 chunk(s) of 0.40s, change 1.1, best 1.1, hazards SHORT — one push, so `best` IS the whole leg's travel
      |     it  43  k=139 -> 142  miss            fix=None
      |         chain push: 1 chunk(s) of 0.40s, change 1.0, best 1.0, hazards SHORT — one push, so `best` IS the whole leg's travel
      |     it  44  k=139 -> 142  miss            fix=None
      |         chain push: 1 chunk(s) of 0.40s, change 1.2, best 1.2, hazards SHORT — one push, so `best` IS the whole leg's travel
      |     it  45  k=139 -> 142  escape:jump     fix=None
      |         chain push: 1 chunk(s) of 0.40s, change 8.1, best 8.1, hazards none — one push, so `best` IS the whole leg's travel
      |     it  46  k=139 -> 142  miss            fix=None
      |         chain push: 1 chunk(s) of 0.40s, change 6.4, best 6.4, hazards none — one push, so `best` IS the whole leg's travel
      |     it  47  k=139 -> 142  miss            fix=None
      |         chain push: 1 chunk(s) of 0.40s, change 3.8, best 3.8, hazards none — one push, so `best` IS the whole leg's travel
      |         chain strafe: 1 chunk(s) of 0.30s, change 16.6, best 16.6, hazards none — one push, so `best` IS the whole leg's travel
      |     it  48  k=139 -> 142  escape:left     fix=None
      |         chain push: 1 chunk(s) of 0.40s, change 15.6, best 15.6, hazards none — one push, so `best` IS the whole leg's travel
      |         chain strafe: 1 chunk(s) of 0.30s, change 27.3, best 27.3, hazards none — one push, so `best` IS the whole leg's travel
      |     it  49  k=139 -> 142  stalled         fix={'k': 140, 'k_float': 140.04471561536937, 'inliers': 188, 'dx': -268.8000183105469, 'dy': -43.20001220703125, 'scale': 1.0038273472170942, 'second': 156, 'detail': 'k=140 (140.04) inliers=188 second=156 dx=-269 scale=1.004 window=[138,142] fitted=[138, 139, 140, 141, 142]'}  strafe left 0.30s
      |         chain push: 1 chunk(s) of 0.40s, change 26.8, best 26.8, hazards none — one push, so `best` IS the whole leg's travel
      |         chain strafe: 1 chunk(s) of 0.30s, change 29.3, best 29.3, hazards none — one push, so `best` IS the whole leg's travel
      |     it  50  k=139 -> 142  stalled         fix={'k': 139, 'k_float': 139.0, 'inliers': 152, 'dx': -235.982421875, 'dy': -78.24798583984375, 'scale': 1.3467081961965597, 'second': 138, 'detail': 'k=139 (139.00) inliers=152 second=138 dx=-236 scale=1.347 window=[138,142] fitted=[138, 139, 140, 141, 142]'}  strafe left 0.30s
      |         chain push: 1 chunk(s) of 0.40s, change 33.2, best 33.2, hazards none — one push, so `best` IS the whole leg's travel
      |         chain strafe: 1 chunk(s) of 0.19s, change 33.8, best 33.8, hazards none — one push, so `best` IS the whole leg's travel
      |     it  51  k=142 -> 142  advanced        fix={'k': 142, 'k_float': 142.0, 'inliers': 101, 'dx': -137.52114868164062, 'dy': -110.59199523925781, 'scale': 1.470761778324387, 'second': 93, 'detail': 'k=142 (142.00) inliers=101 second=93 dx=-138 scale=1.471 window=[138,142] fitted=[138, 139, 140, 141, 142]'}  strafe left 0.19s
      |         turn to 2.2: TURNED to 4.3 (err -2.0) in 5 push(es)
      |     it  52  k=166 -> 166  turned to 2.2489998976495684  (93 inliers at the stop)
      |         chain push: 1 chunk(s) of 0.40s, change 33.3, best 33.3, hazards none — one push, so `best` IS the whole leg's travel
      |     it  53  k=167 -> 167  advanced        fix={'k': 169, 'k_float': 169.0, 'inliers': 100, 'dx': 4.480003356933594, 'dy': -136.41600036621094, 'scale': 1.136353653465255, 'second': 95, 'detail': 'k=169 (169.00) inliers=100 second=95 dx=+4 scale=1.136 window=[165,169] fitted=[165, 166, 167, 168, 169]'}
      |         turn to 4.3: NO-OP, already inside 4.0 deg (at 4.2, err +0.0) — nothing was sent, the recorded curve was discarded, and the caller's step line will look like a turn that happened
      |         chain push: 1 chunk(s) of 0.40s, change 26.3, best 26.3, hazards none — one push, so `best` IS the whole leg's travel
      |     it  54  k=169 -> 169  advanced        fix={'k': 170, 'k_float': 170.0, 'inliers': 97, 'dx': -1.0, 'dy': -139.6800079345703, 'scale': 1.1056609775164596, 'second': 96, 'detail': 'k=170 (170.00) inliers=97 second=96 dx=-1 scale=1.106 window=[166,170] fitted=[166, 167, 168, 169, 170]'}
      |         turn to 2.2: NO-OP, already inside 4.0 deg (at 4.2, err -2.0) — nothing was sent, the recorded curve was discarded, and the caller's step line will look like a turn that happened
      |         chain push: 1 chunk(s) of 0.40s, change 34.7, best 34.7, hazards none — one push, so `best` IS the whole leg's travel
      |     it  55  k=171 -> 171  advanced        fix={'k': 172, 'k_float': 172.0, 'inliers': 122, 'dx': -22.39488983154297, 'dy': -138.0, 'scale': 1.0587687338022607, 'second': 116, 'detail': 'k=172 (172.00) inliers=122 second=116 dx=-22 scale=1.059 window=[168,172] fitted=[168, 169, 170, 171, 172]'}
      |         chain push: 1 chunk(s) of 0.40s, change 24.3, best 24.3, hazards none — one push, so `best` IS the whole leg's travel
      |         chain strafe: 1 chunk(s) of 0.10s, change 13.4, best 13.4, hazards none — one push, so `best` IS the whole leg's travel
      |     it  56  k=171 -> 173  stalled         fix={'k': 172, 'k_float': 172.0, 'inliers': 128, 'dx': -50.80158996582031, 'dy': -147.16798400878906, 'scale': 1.1709586956023175, 'second': 124, 'detail': 'k=172 (172.00) inliers=128 second=124 dx=-51 scale=1.171 window=[170,174] fitted=[170, 171, 172, 173, 174]'}  strafe left 0.10s
      |         chain push: 1 chunk(s) of 0.40s, change 26.8, best 26.8, hazards none — one push, so `best` IS the whole leg's travel
      |         chain strafe: 1 chunk(s) of 0.10s, change 17.0, best 17.0, hazards none — one push, so `best` IS the whole leg's travel
      |     it  57  k=173 -> 173  advanced        fix={'k': 174, 'k_float': 174.0, 'inliers': 111, 'dx': -39.05279541015625, 'dy': -148.31997680664062, 'scale': 1.2193542978384269, 'second': 108, 'detail': 'k=174 (174.00) inliers=111 second=108 dx=-39 scale=1.219 window=[170,174] fitted=[170, 171, 172, 173, 174]'}  strafe left 0.10s
      |         chain push: 1 chunk(s) of 0.40s, change 27.3, best 27.3, hazards none — one push, so `best` IS the whole leg's travel
      |         chain strafe: 1 chunk(s) of 0.10s, change 14.4, best 14.4, hazards none — one push, so `best` IS the whole leg's travel
      |     it  58  k=176 -> 176  advanced        fix={'k': 176, 'k_float': 176.0, 'inliers': 83, 'dx': 64.80001831054688, 'dy': -147.99998474121094, 'scale': 1.207525093691484, 'second': 66, 'detail': 'k=176 (176.00) inliers=83 second=66 dx=+65 scale=1.208 window=[172,176] fitted=[172, 173, 174, 175, 176]'}  strafe right 0.10s
      |         turn to 89.5: TURNED to 90.4 (err -0.9) in 1 push(es)
      |     it  59  k=196 -> 196  turned to 89.491477293153  (108 inliers at the stop)
      |         chain push: 1 chunk(s) of 0.40s, change 32.0, best 32.0, hazards none — one push, so `best` IS the whole leg's travel
      |         chain strafe: 1 chunk(s) of 0.19s, change 21.9, best 21.9, hazards none — one push, so `best` IS the whole leg's travel
      |     it  60  k=197 -> 197  advanced        fix={'k': 197, 'k_float': 197.0, 'inliers': 121, 'dx': -135.93597412109375, 'dy': -78.13327026367188, 'scale': 1.1795117442692995, 'second': 106, 'detail': 'k=197 (197.00) inliers=121 second=106 dx=-136 scale=1.180 window=[195,199] fitted=[195, 196, 197, 198, 199]'}  strafe left 0.19s
      |         chain push: 1 chunk(s) of 0.40s, change 46.8, best 46.8, hazards none — one push, so `best` IS the whole leg's travel
      |         chain strafe: 1 chunk(s) of 0.21s, change 30.7, best 30.7, hazards none — one push, so `best` IS the whole leg's travel
      |     it  61  k=197 -> 200  stalled         fix={'k': 198, 'k_float': 198.0, 'inliers': 101, 'dx': -152.73597717285156, 'dy': -46.521575927734375, 'scale': 1.724899623180812, 'second': 101, 'detail': 'k=198 (198.00) inliers=101 second=101 dx=-153 scale=1.725 window=[196,200] fitted=[196, 197, 198, 199, 200]'}  strafe left 0.21s
      |         chain push: 1 chunk(s) of 0.40s, change 52.8, best 52.8, hazards none — one push, so `best` IS the whole leg's travel
      |         chain strafe: 1 chunk(s) of 0.13s, change 43.2, best 43.2, hazards none — one push, so `best` IS the whole leg's travel
      |     it  62  k=200 -> 200  advanced        fix={'k': 200, 'k_float': 200.0, 'inliers': 74, 'dx': -93.79563903808594, 'dy': 8.609115600585938, 'scale': 2.353667585921186, 'second': 73, 'detail': 'k=200 (200.00) inliers=74 second=73 dx=-94 scale=2.354 window=[196,200] fitted=[196, 197, 198, 199, 200]'}  strafe left 0.13s
      |         chain push: 1 chunk(s) of 0.40s, change 15.0, best 15.0, hazards none — one push, so `best` IS the whole leg's travel
      |   chain_walk: ARRIVED at iteration 63, k=200 (target 203 of 204), 57 push(es)
[ 5] ARRIVED   k=200/205  it=63  pushes=57  seconds=104.8 (walk 87.95, setup 15.1)  failure=None
      |   pause menu open (selected 'Resume')
      |   selected: Load Last Save
      |   confirmation dialog up (delta 80.7) -> YES
      |   world back after 3.2s, spawn bearing 87 (E)
      |   setup 13.3s (reset 10.7s, Chain.load 2.6s for 205 waypoints) of a 180s budget
      |   chain_walk: 205 waypoints -> plan of 47 targets (41 push, 6 turn-only); the prompt is checked on every iteration; k rises by at most 1 per iteration, so >= 204 iteration(s). The 400s cap allows 1.96s each. At the last waypoint the walk may spend 3 more iteration(s) — 0.540 walk-units of forward push against OPEN-22's measured 0.05 — and then gives up rather than walking on past the table.
      |         turn to 271.3: TURNED to 274.4 (err -3.0) in 2 push(es)
      |     it   1  k=  3 ->   3  turned to 271.3168428039934  (120 inliers at the stop)
      |         chain push: 1 chunk(s) of 0.40s, change 17.1, best 17.1, hazards none — one push, so `best` IS the whole leg's travel
      |         chain strafe: 1 chunk(s) of 0.10s, change 12.1, best 12.1, hazards none — one push, so `best` IS the whole leg's travel
      |     it   2  k=  4 ->   4  advanced        fix={'k': 6, 'k_float': 6.0, 'inliers': 47, 'dx': -57.5999755859375, 'dy': 15.552001953125, 'scale': 1.0254395180436813, 'second': 28, 'detail': 'k=6 (6.00) inliers=47 second=28 dx=-58 scale=1.025 window=[2,6] fitted=[2, 3, 4, 5, 6]'}  strafe left 0.10s
      |         chain push: 1 chunk(s) of 0.40s, change 20.6, best 20.6, hazards none — one push, so `best` IS the whole leg's travel
      |     it   3  k=  7 ->   7  advanced-weak   fix={'k': 7, 'k_float': 7.0, 'inliers': 22, 'dx': -3.699981689453125, 'dy': 16.920013427734375, 'scale': 1.1349875284444098, 'second': 21, 'detail': 'k=7 (7.00) inliers=22 second=21 dx=-4 scale=1.135 window=[3,7] fitted=[3, 4, 5, 6, 7]'}
      |         chain push: 1 chunk(s) of 0.40s, change 18.6, best 18.6, hazards none — one push, so `best` IS the whole leg's travel
      |         chain strafe: 1 chunk(s) of 0.10s, change 9.5, best 9.5, hazards none — one push, so `best` IS the whole leg's travel
      |     it   4  k= 10 ->  10  advanced        fix={'k': 10, 'k_float': 10.0, 'inliers': 152, 'dx': -64.2816162109375, 'dy': 24.1920166015625, 'scale': 1.0333552243478086, 'second': 103, 'detail': 'k=10 (10.00) inliers=152 second=103 dx=-64 scale=1.033 window=[6,10] fitted=[6, 7, 8, 9, 10]'}  strafe left 0.10s
      |         chain push: 1 chunk(s) of 0.40s, change 13.7, best 13.7, hazards none — one push, so `best` IS the whole leg's travel
      |     it   5  k= 13 ->  13  advanced-weak   fix={'k': 13, 'k_float': 12.893590398536546, 'inliers': 28, 'dx': -114.35494995117188, 'dy': 21.255355834960938, 'scale': 0.9753640239983185, 'second': 16, 'detail': 'k=13 (12.89) inliers=28 second=16 dx=-114 scale=0.975 window=[9,13] fitted=[9, 10, 11, 12, 13]'}
      |         chain push: 1 chunk(s) of 0.40s, change 9.9, best 9.9, hazards none — one push, so `best` IS the whole leg's travel
      |     it   6  k= 16 ->  16  blind-advance   fix={'k': 14, 'k_float': 14.81972561941887, 'inliers': 12, 'dx': -140.80239868164062, 'dy': 29.588027954101562, 'scale': 1.1450939875432349, 'second': 10, 'detail': 'k=14 (14.82) inliers=12 second=10 dx=-141 scale=1.145 window=[12,16] fitted=[12, 13, 14, 15, 16]'}
      |         chain push: 1 chunk(s) of 0.40s, change 6.8, best 6.8, hazards none — one push, so `best` IS the whole leg's travel
      |     it   7  k= 19 ->  19  blind-advance   fix={'k': 17, 'k_float': 16.281240575079153, 'inliers': 10, 'dx': -117.80000305175781, 'dy': -8.6400146484375, 'scale': 0.8819600428029009, 'second': 9, 'detail': 'k=17 (16.28) inliers=10 second=9 dx=-118 scale=0.882 window=[15,19] fitted=[15, 16, 17, 18]'}
      |         turn to 1.6: TURNED to 0.5 (err +1.1) in 3 push(es)
      |         turn to 271.3: TURNED to 271.0 (err +0.3) in 2 push(es)
      |         chain push: 1 chunk(s) of 0.40s, change 6.5, best 6.5, hazards none — one push, so `best` IS the whole leg's travel
      |     it   8  k= 19 ->  39  turn-retry 1/3: the stop's frame did not fit (7 inliers); one more push along 271.3
      |         turn to 1.6: TURNED to 2.7 (err -1.1) in 2 push(es)
      |         turn to 271.3: TURNED to 272.9 (err -1.6) in 2 push(es)
      |         chain push: 1 chunk(s) of 0.40s, change 8.1, best 8.1, hazards none — one push, so `best` IS the whole leg's travel
      |     it   9  k= 19 ->  39  turn-retry 2/3: the stop's frame did not fit (13 inliers); one more push along 271.3
      |         turn to 1.6: TURNED to 357.9 (err +3.7) in 1 push(es)
      |     it  10  k= 39 ->  39  turned to 1.6055901753868653  (60 inliers at the stop)
      |         chain push: 1 chunk(s) of 0.40s, change 22.2, best 22.2, hazards none — one push, so `best` IS the whole leg's travel
      |         chain strafe: 1 chunk(s) of 0.10s, change 10.2, best 10.2, hazards none — one push, so `best` IS the whole leg's travel
      |     it  11  k= 40 ->  40  advanced        fix={'k': 40, 'k_float': 40.0, 'inliers': 37, 'dx': 67.67999267578125, 'dy': 296.11016845703125, 'scale': 1.1779972889930463, 'second': 37, 'detail': 'k=40 (40.00) inliers=37 second=37 dx=+68 scale=1.178 window=[38,42] fitted=[38, 39, 40, 41, 42]'}  strafe right 0.10s
      |         chain push: 1 chunk(s) of 0.40s, change 16.0, best 16.0, hazards none — one push, so `best` IS the whole leg's travel
      |         chain strafe: 1 chunk(s) of 0.10s, change 9.4, best 9.4, hazards none — one push, so `best` IS the whole leg's travel
      |     it  12  k= 40 ->  43  stalled         fix={'k': 40, 'k_float': 40.0, 'inliers': 35, 'dx': 62.49603271484375, 'dy': 301.4000244140625, 'scale': 1.2543269442594098, 'second': 31, 'detail': 'k=40 (40.00) inliers=35 second=31 dx=+62 scale=1.254 window=[39,43] fitted=[39, 40, 41, 42, 43]'}  strafe right 0.10s
      |         chain push: 1 chunk(s) of 0.40s, change 33.5, best 33.5, hazards none — one push, so `best` IS the whole leg's travel
      |         chain strafe: 1 chunk(s) of 0.11s, change 4.6, best 4.6, hazards none — one push, so `best` IS the whole leg's travel
      |     it  13  k= 40 ->  43  stalled         fix={'k': 39, 'k_float': 39.0, 'inliers': 43, 'dx': 78.528076171875, 'dy': 288.6452331542969, 'scale': 1.423544383257621, 'second': 37, 'detail': 'k=39 (39.00) inliers=43 second=37 dx=+79 scale=1.424 window=[39,43] fitted=[39, 40, 41, 42, 43]'}  strafe right 0.11s
      |         chain push: 1 chunk(s) of 0.40s, change 32.1, best 32.1, hazards none — one push, so `best` IS the whole leg's travel
      |         chain strafe: 1 chunk(s) of 0.15s, change 4.0, best 4.0, hazards none — one push, so `best` IS the whole leg's travel
      |     it  14  k= 40 ->  43  stalled         fix={'k': 41, 'k_float': 41.0, 'inliers': 46, 'dx': 109.1982421875, 'dy': 252.27203369140625, 'scale': 1.6639768111709856, 'second': 38, 'detail': 'k=41 (41.00) inliers=46 second=38 dx=+109 scale=1.664 window=[39,43] fitted=[39, 40, 41, 42, 43]'}  strafe right 0.15s
      |         chain push: 1 chunk(s) of 0.40s, change 19.4, best 19.4, hazards none — one push, so `best` IS the whole leg's travel
      |         chain strafe: 1 chunk(s) of 0.19s, change 2.8, best 2.8, hazards SHORT — one push, so `best` IS the whole leg's travel
      |     it  15  k= 43 ->  43  advanced        fix={'k': 43, 'k_float': 43.0, 'inliers': 32, 'dx': 139.63754272460938, 'dy': 215.48170471191406, 'scale': 1.8675818753880598, 'second': 31, 'detail': 'k=43 (43.00) inliers=32 second=31 dx=+140 scale=1.868 window=[39,43] fitted=[39, 40, 41, 42, 43]'}  strafe right 0.19s
      |         chain push: 1 chunk(s) of 0.40s, change 16.2, best 16.2, hazards none — one push, so `best` IS the whole leg's travel
      |         chain strafe: 1 chunk(s) of 0.28s, change 3.9, best 3.9, hazards none — one push, so `best` IS the whole leg's travel
      |     it  16  k= 43 ->  46  stalled         fix={'k': 44, 'k_float': 44.0, 'inliers': 29, 'dx': 203.89996337890625, 'dy': 136.35317993164062, 'scale': 2.291656824898622, 'second': 25, 'detail': 'k=44 (44.00) inliers=29 second=25 dx=+204 scale=2.292 window=[42,46] fitted=[42, 43, 44, 45, 46]'}  strafe right 0.28s
      |         chain push: 1 chunk(s) of 0.40s, change 21.1, best 21.1, hazards none — one push, so `best` IS the whole leg's travel
      |     it  17  k= 46 ->  46  blind-advance   fix={'k': 46, 'k_float': 46.0, 'inliers': 6, 'dx': 78.59771728515625, 'dy': 158.2854461669922, 'scale': 1.2311388915997685, 'second': 0, 'detail': 'k=46 (46.00) inliers=6 second=0 dx=+79 scale=1.231 window=[42,46] fitted=[46]'}
      |         chain push: 1 chunk(s) of 0.40s, change 26.8, best 26.8, hazards none — one push, so `best` IS the whole leg's travel
      |     it  18  k= 60 ->  49  relocalised     fix={'k': 60, 'k_float': 60.147179328154515, 'inliers': 161, 'dx': 50.112030029296875, 'dy': 234.0, 'scale': 1.0067376238577863, 'second': 152, 'detail': 'k=60 (60.15) inliers=161 second=152 dx=+50 scale=1.007 window=[46,107] fitted=[49, 50, 51, 52, 53, 54, 55, 56, 57, 58, 59, 60, 61, 62, 63, 64, 65, 66, 67, 68, 69, 70, 71, 72, 73, 74, 75, 76, 77, 78, 79, 80, 81, 82, 83, 84, 85, 86, 87, 88, 89, 90, 91, 92, 93, 94, 95, 96, 97, 98, 99, 100, 101, 102, 103, 104, 105, 106, 107]'}
      |         chain push: 1 chunk(s) of 0.40s, change 30.7, best 30.7, hazards none — one push, so `best` IS the whole leg's travel
      |         chain strafe: 1 chunk(s) of 0.10s, change 19.8, best 19.8, hazards none — one push, so `best` IS the whole leg's travel
      |     it  19  k= 61 ->  61  advanced        fix={'k': 61, 'k_float': 61.713572714505624, 'inliers': 146, 'dx': 53.568023681640625, 'dy': 236.489990234375, 'scale': 1.030435139364847, 'second': 143, 'detail': 'k=61 (61.71) inliers=146 second=143 dx=+54 scale=1.030 window=[59,63] fitted=[59, 60, 61, 62, 63]'}  strafe right 0.10s
      |         chain push: 1 chunk(s) of 0.40s, change 32.6, best 32.6, hazards none — one push, so `best` IS the whole leg's travel
      |         chain strafe: 1 chunk(s) of 0.10s, change 18.6, best 18.6, hazards none — one push, so `best` IS the whole leg's travel
      |     it  20  k= 61 ->  64  stalled         fix={'k': 60, 'k_float': 63.85053609672424, 'inliers': 121, 'dx': 45.600006103515625, 'dy': 241.6800079345703, 'scale': 1.1111690812716046, 'second': 116, 'detail': 'k=60 (63.85) inliers=121 second=116 dx=+46 scale=1.111 window=[60,64] fitted=[60, 61, 62, 63, 64]'}  strafe right 0.10s
      |         chain push: 1 chunk(s) of 0.40s, change 25.1, best 25.1, hazards none — one push, so `best` IS the whole leg's travel
      |         chain strafe: 1 chunk(s) of 0.10s, change 3.5, best 3.5, hazards none — one push, so `best` IS the whole leg's travel
      |     it  21  k= 64 ->  64  advanced        fix={'k': 64, 'k_float': 64.0, 'inliers': 157, 'dx': 67.39202880859375, 'dy': 235.89279174804688, 'scale': 1.06285370066747, 'second': 145, 'detail': 'k=64 (64.00) inliers=157 second=145 dx=+67 scale=1.063 window=[60,64] fitted=[60, 61, 62, 63, 64]'}  strafe right 0.10s
      |     it  22  k= 88 ->  88  turned (skipped, same heading) to 1.3495539744498237  (89 inliers at the stop)
      |         chain push: 1 chunk(s) of 0.40s, change 17.0, best 17.0, hazards none — one push, so `best` IS the whole leg's travel
      |     it  23  k= 89 ->  89  advanced        fix={'k': 89, 'k_float': 89.0, 'inliers': 85, 'dx': 33.343505859375, 'dy': -57.23138427734375, 'scale': 1.1359307286917002, 'second': 83, 'detail': 'k=89 (89.00) inliers=85 second=83 dx=+33 scale=1.136 window=[87,91] fitted=[87, 88, 89, 90, 91]'}
      |         chain push: 1 chunk(s) of 0.40s, change 18.2, best 18.2, hazards none — one push, so `best` IS the whole leg's travel
      |         chain strafe: 1 chunk(s) of 0.10s, change 9.8, best 9.8, hazards none — one push, so `best` IS the whole leg's travel
      |     it  24  k= 89 ->  92  stalled         fix={'k': 90, 'k_float': 90.0, 'inliers': 87, 'dx': 40.896026611328125, 'dy': -69.27484130859375, 'scale': 1.283169304131726, 'second': 84, 'detail': 'k=90 (90.00) inliers=87 second=84 dx=+41 scale=1.283 window=[88,92] fitted=[88, 89, 90, 91, 92]'}  strafe right 0.10s
      |         chain push: 1 chunk(s) of 0.40s, change 16.6, best 16.6, hazards none — one push, so `best` IS the whole leg's travel
      |     it  25  k= 89 ->  92  stalled         fix={'k': 91, 'k_float': 91.0, 'inliers': 95, 'dx': 31.651458740234375, 'dy': -97.91998291015625, 'scale': 1.1877752455942052, 'second': 82, 'detail': 'k=91 (91.00) inliers=95 second=82 dx=+32 scale=1.188 window=[88,92] fitted=[88, 89, 90, 91, 92]'}
      |         chain push: 1 chunk(s) of 0.40s, change 15.9, best 15.9, hazards none — one push, so `best` IS the whole leg's travel
      |     it  26  k= 89 ->  92  stalled         fix={'k': 90, 'k_float': 90.0, 'inliers': 75, 'dx': 30.758453369140625, 'dy': -90.89276123046875, 'scale': 1.3585433833023317, 'second': 72, 'detail': 'k=90 (90.00) inliers=75 second=72 dx=+31 scale=1.359 window=[88,92] fitted=[88, 89, 90, 91, 92]'}
      |         chain push: 1 chunk(s) of 0.40s, change 19.1, best 19.1, hazards none — one push, so `best` IS the whole leg's travel
      |     it  27  k= 89 ->  92  escape:jump     fix={'k': 90, 'k_float': 90.0, 'inliers': 80, 'dx': 32.59602355957031, 'dy': -86.07597351074219, 'scale': 1.516454685261019, 'second': 70, 'detail': 'k=90 (90.00) inliers=80 second=70 dx=+33 scale=1.516 window=[88,92] fitted=[88, 89, 90, 91, 92]'}
      |         chain push: 1 chunk(s) of 0.40s, change 24.6, best 24.6, hazards none — one push, so `best` IS the whole leg's travel
      |     it  28  k= 92 ->  92  advanced        fix={'k': 92, 'k_float': 92.0, 'inliers': 91, 'dx': 33.707611083984375, 'dy': -90.43194580078125, 'scale': 1.6505093528684232, 'second': 76, 'detail': 'k=92 (92.00) inliers=91 second=76 dx=+34 scale=1.651 window=[88,92] fitted=[88, 89, 90, 91, 92]'}
      |         chain push: 1 chunk(s) of 0.40s, change 22.4, best 22.4, hazards none — one push, so `best` IS the whole leg's travel
      |         chain strafe: 1 chunk(s) of 0.10s, change 3.0, best 3.0, hazards SHORT — one push, so `best` IS the whole leg's travel
      |     it  29  k= 94 ->  94  advanced        fix={'k': 95, 'k_float': 95.0, 'inliers': 48, 'dx': 42.89604187011719, 'dy': -74.46524047851562, 'scale': 1.6137603329570789, 'second': 33, 'detail': 'k=95 (95.00) inliers=48 second=33 dx=+43 scale=1.614 window=[91,95] fitted=[91, 92, 93, 94, 95]'}  strafe right 0.10s
      |         chain push: 1 chunk(s) of 0.40s, change 27.4, best 27.4, hazards none — one push, so `best` IS the whole leg's travel
      |         chain strafe: 1 chunk(s) of 0.10s, change 13.8, best 13.8, hazards none — one push, so `best` IS the whole leg's travel
      |     it  30  k= 96 ->  96  advanced        fix={'k': 97, 'k_float': 97.0, 'inliers': 97, 'dx': 49.040740966796875, 'dy': -70.709716796875, 'scale': 1.7152595297027888, 'second': 72, 'detail': 'k=97 (97.00) inliers=97 second=72 dx=+49 scale=1.715 window=[93,97] fitted=[93, 94, 95, 96, 97]'}  strafe right 0.10s
      |         chain push: 1 chunk(s) of 0.40s, change 25.1, best 25.1, hazards none — one push, so `best` IS the whole leg's travel
      |     it  31  k= 98 ->  98  advanced        fix={'k': 99, 'k_float': 99.0, 'inliers': 96, 'dx': 21.122177124023438, 'dy': -78.40157318115234, 'scale': 1.7779013734647207, 'second': 80, 'detail': 'k=99 (99.00) inliers=96 second=80 dx=+21 scale=1.778 window=[95,99] fitted=[95, 96, 97, 98, 99]'}
      |         chain push: 1 chunk(s) of 0.40s, change 23.7, best 23.7, hazards none — one push, so `best` IS the whole leg's travel
      |     it  32  k=100 -> 100  advanced        fix={'k': 100, 'k_float': 100.0, 'inliers': 97, 'dx': 26.443267822265625, 'dy': -87.43292236328125, 'scale': 1.9919199217403638, 'second': 89, 'detail': 'k=100 (100.00) inliers=97 second=89 dx=+26 scale=1.992 window=[97,101] fitted=[97, 98, 99, 100, 101]'}
      |         chain push: 1 chunk(s) of 0.40s, change 20.1, best 20.1, hazards none — one push, so `best` IS the whole leg's travel
      |         chain strafe: 1 chunk(s) of 0.10s, change 10.4, best 10.4, hazards none — one push, so `best` IS the whole leg's travel
      |     it  33  k=102 -> 102  advanced        fix={'k': 103, 'k_float': 103.0, 'inliers': 104, 'dx': -69.97029113769531, 'dy': -104.40296173095703, 'scale': 2.0678505577451864, 'second': 90, 'detail': 'k=103 (103.00) inliers=104 second=90 dx=-70 scale=2.068 window=[99,103] fitted=[99, 100, 101, 102, 103]'}  strafe left 0.10s
      |         chain push: 1 chunk(s) of 0.40s, change 21.8, best 21.8, hazards none — one push, so `best` IS the whole leg's travel
      |         chain strafe: 1 chunk(s) of 0.11s, change 10.6, best 10.6, hazards none — one push, so `best` IS the whole leg's travel
      |     it  34  k=104 -> 104  advanced        fix={'k': 105, 'k_float': 105.0, 'inliers': 63, 'dx': -77.64358520507812, 'dy': -136.9040985107422, 'scale': 2.4594071215941584, 'second': 54, 'detail': 'k=105 (105.00) inliers=63 second=54 dx=-78 scale=2.459 window=[101,105] fitted=[101, 102, 103, 104, 105]'}  strafe left 0.11s
      |         chain push: 1 chunk(s) of 0.40s, change 23.5, best 23.5, hazards none — one push, so `best` IS the whole leg's travel
      |     it  35  k=107 -> 107  blind-advance   fix={'k': 107, 'k_float': 107.0, 'inliers': 11, 'dx': 142.1558837890625, 'dy': -174.62228393554688, 'scale': 3.0329667607498503, 'second': 9, 'detail': 'k=107 (107.00) inliers=11 second=9 dx=+142 scale=3.033 window=[103,107] fitted=[103, 105, 106, 107]'}
      |         chain push: 1 chunk(s) of 0.40s, change 40.8, best 40.8, hazards none — one push, so `best` IS the whole leg's travel
      |     it  36  k=109 -> 109  blind-advance   fix=None
      |         chain push: 1 chunk(s) of 0.40s, change 36.7, best 36.7, hazards none — one push, so `best` IS the whole leg's travel
      |     it  37  k=112 -> 112  blind-advance   fix=None
      |         chain push: 1 chunk(s) of 0.40s, change 6.6, best 6.6, hazards none — one push, so `best` IS the whole leg's travel
      |     it  38  k=114 -> 114  blind-advance   fix={'k': 115, 'k_float': 115.0, 'inliers': 6, 'dx': -213.6772918701172, 'dy': -94.97068786621094, 'scale': 4.416955773681263, 'second': 0, 'detail': 'k=115 (115.00) inliers=6 second=0 dx=-214 scale=4.417 window=[111,115] fitted=[115]'}
      |         turn to 303.3: TURNED to 305.7 (err -2.4) in 1 push(es)
      |         turn to 1.3: TURNED to 0.5 (err +0.8) in 1 push(es)
      |         chain push: 1 chunk(s) of 0.40s, change 16.6, best 16.6, hazards none — one push, so `best` IS the whole leg's travel
      |     it  39  k=114 -> 129  turn-retry 1/3: the stop's frame did not fit (0 inliers); one more push along 1.3
      |         turn to 303.3: TURNED to 307.0 (err -3.7) in 1 push(es)
      |         turn to 1.3: TURNED to 1.4 (err -0.1) in 2 push(es)
      |         chain push: 1 chunk(s) of 0.40s, change 16.6, best 16.6, hazards none — one push, so `best` IS the whole leg's travel
      |     it  40  k=114 -> 129  turn-retry 2/3: the stop's frame did not fit (0 inliers); one more push along 1.3
      |         turn to 303.3: TURNED to 303.3 (err +0.1) in 1 push(es)
      |     it  41  k=129 -> 129  turned to 303.34476843910807  (46 inliers at the stop)
      |         turn to 299.8: NO-OP, already inside 4.0 deg (at 303.3, err -3.5) — nothing was sent, the recorded curve was discarded, and the caller's step line will look like a turn that happened
      |         chain push: 1 chunk(s) of 0.40s, change 26.2, best 26.2, hazards none — one push, so `best` IS the whole leg's travel
      |     it  42  k=130 -> 130  blind-advance   fix=None
      |         turn to 298.3: TURNED to 298.4 (err -0.2) in 1 push(es)
      |         chain push: 1 chunk(s) of 0.40s, change 13.7, best 13.7, hazards none — one push, so `best` IS the whole leg's travel
      |     it  43  k=133 -> 133  blind-advance   fix=None
      |         chain push: 1 chunk(s) of 0.40s, change 9.3, best 9.3, hazards none — one push, so `best` IS the whole leg's travel
      |     it  44  k=133 -> 136  miss            fix=None
      |         chain push: 1 chunk(s) of 0.40s, change 2.1, best 2.1, hazards SHORT — one push, so `best` IS the whole leg's travel
      |     it  45  k=133 -> 136  miss            fix=None
      |         chain push: 1 chunk(s) of 0.40s, change 1.5, best 1.5, hazards SHORT — one push, so `best` IS the whole leg's travel
      |         chain strafe: 1 chunk(s) of 0.30s, change 14.5, best 14.5, hazards none — one push, so `best` IS the whole leg's travel
      |     it  46  k=133 -> 136  escape:left     fix=None
      |         chain push: 1 chunk(s) of 0.40s, change 7.6, best 7.6, hazards none — one push, so `best` IS the whole leg's travel
      |         chain strafe: 1 chunk(s) of 0.30s, change 13.6, best 13.6, hazards none — one push, so `best` IS the whole leg's travel
      |     it  47  k=136 -> 136  advanced        fix={'k': 136, 'k_float': 136.0, 'inliers': 184, 'dx': -312.0, 'dy': -125.1199951171875, 'scale': 1.1360744711539337, 'second': 152, 'detail': 'k=136 (136.00) inliers=184 second=152 dx=-312 scale=1.136 window=[132,136] fitted=[132, 133, 134, 135, 136]'}  strafe left 0.30s
      |         chain push: 1 chunk(s) of 0.40s, change 15.5, best 15.5, hazards none — one push, so `best` IS the whole leg's travel
      |         chain strafe: 1 chunk(s) of 0.30s, change 23.0, best 23.0, hazards none — one push, so `best` IS the whole leg's travel
      |     it  48  k=136 -> 139  stalled         fix={'k': 138, 'k_float': 138.0, 'inliers': 182, 'dx': -237.60000610351562, 'dy': -138.5164794921875, 'scale': 1.164399516540681, 'second': 121, 'detail': 'k=138 (138.00) inliers=182 second=121 dx=-238 scale=1.164 window=[135,139] fitted=[135, 136, 137, 138, 139]'}  strafe left 0.30s
      |         chain push: 1 chunk(s) of 0.40s, change 22.9, best 22.9, hazards none — one push, so `best` IS the whole leg's travel
      |         chain strafe: 1 chunk(s) of 0.25s, change 25.2, best 25.2, hazards none — one push, so `best` IS the whole leg's travel
      |     it  49  k=139 -> 139  advanced        fix={'k': 139, 'k_float': 139.0, 'inliers': 145, 'dx': -182.89151000976562, 'dy': -144.9600067138672, 'scale': 1.3498231580799687, 'second': 135, 'detail': 'k=139 (139.00) inliers=145 second=135 dx=-183 scale=1.350 window=[135,139] fitted=[135, 136, 137, 138, 139]'}  strafe left 0.25s
      |         chain push: 1 chunk(s) of 0.40s, change 33.0, best 33.0, hazards none — one push, so `best` IS the whole leg's travel
      |         chain strafe: 1 chunk(s) of 0.27s, change 40.4, best 40.4, hazards none — one push, so `best` IS the whole leg's travel
      |     it  50  k=139 -> 142  stalled         fix={'k': 140, 'k_float': 140.0, 'inliers': 66, 'dx': -195.31524658203125, 'dy': -188.9081573486328, 'scale': 2.2109420244256204, 'second': 36, 'detail': 'k=140 (140.00) inliers=66 second=36 dx=-195 scale=2.211 window=[138,142] fitted=[138, 139, 140, 141, 142]'}  strafe left 0.27s
      |         chain push: 1 chunk(s) of 0.40s, change 42.9, best 42.9, hazards none — one push, so `best` IS the whole leg's travel
      |         chain strafe: 1 chunk(s) of 0.20s, change 40.9, best 40.9, hazards none — one push, so `best` IS the whole leg's travel
      |     it  51  k=142 -> 142  advanced        fix={'k': 142, 'k_float': 142.0, 'inliers': 75, 'dx': -142.7577362060547, 'dy': -193.35858154296875, 'scale': 2.1830949066713283, 'second': 19, 'detail': 'k=142 (142.00) inliers=75 second=19 dx=-143 scale=2.183 window=[138,142] fitted=[138, 139, 140, 141, 142]'}  strafe left 0.20s
      |         turn to 2.2: NO compass reading, abandoned BEFORE turning — the caller's 'got --' is an unread heading, not a heading that was reached
      |         turn to 298.3: NO-OP, already inside 4.0 deg (at 298.5, err -0.3) — nothing was sent, the recorded curve was discarded, and the caller's step line will look like a turn that happened
      |         chain push: 1 chunk(s) of 0.40s, change 42.6, best 42.6, hazards none — one push, so `best` IS the whole leg's travel
      |     it  52  k=142 -> 166  turn-retry 1/3: the stop's frame did not fit (0 inliers); one more push along 298.3
      |         turn to 2.2: TURNED to 0.4 (err +1.8) in 1 push(es)
      |     it  53  k=166 -> 166  turned to 2.2489998976495684  (133 inliers at the stop)
      |         chain push: 1 chunk(s) of 0.40s, change 37.1, best 37.1, hazards none — one push, so `best` IS the whole leg's travel
      |         chain strafe: 1 chunk(s) of 0.30s, change 43.7, best 43.7, hazards none — one push, so `best` IS the whole leg's travel
      |     it  54  k=167 -> 167  advanced        fix={'k': 168, 'k_float': 168.0, 'inliers': 107, 'dx': 282.24005126953125, 'dy': -163.5999755859375, 'scale': 1.2508709087464787, 'second': 103, 'detail': 'k=168 (168.00) inliers=107 second=103 dx=+282 scale=1.251 window=[165,169] fitted=[165, 166, 167, 168, 169]'}  strafe right 0.30s
      |         turn to 4.3: NO-OP, already inside 4.0 deg (at 0.4, err +3.8) — nothing was sent, the recorded curve was discarded, and the caller's step line will look like a turn that happened
      |         chain push: 1 chunk(s) of 0.40s, change 40.4, best 40.4, hazards none — one push, so `best` IS the whole leg's travel
      |         chain strafe: 1 chunk(s) of 0.25s, change 36.6, best 36.6, hazards none — one push, so `best` IS the whole leg's travel
      |     it  55  k=169 -> 169  advanced        fix={'k': 170, 'k_float': 170.0, 'inliers': 98, 'dx': 182.15255737304688, 'dy': -168.53997802734375, 'scale': 1.1787289226495792, 'second': 98, 'detail': 'k=170 (170.00) inliers=98 second=98 dx=+182 scale=1.179 window=[166,170] fitted=[166, 167, 168, 169, 170]'}  strafe right 0.25s
      |         turn to 2.2: NO-OP, already inside 4.0 deg (at 0.4, err +1.8) — nothing was sent, the recorded curve was discarded, and the caller's step line will look like a turn that happened
      |         chain push: 1 chunk(s) of 0.40s, change 34.6, best 34.6, hazards none — one push, so `best` IS the whole leg's travel
      |         chain strafe: 1 chunk(s) of 0.23s, change 25.7, best 25.7, hazards none — one push, so `best` IS the whole leg's travel
      |     it  56  k=169 -> 171  stalled         fix={'k': 169, 'k_float': 169.0, 'inliers': 106, 'dx': 166.57208251953125, 'dy': -161.74557495117188, 'scale': 1.540662162046474, 'second': 99, 'detail': 'k=169 (169.00) inliers=106 second=99 dx=+167 scale=1.541 window=[168,172] fitted=[168, 169, 170, 171, 172]'}  strafe right 0.23s
      |         chain push: 1 chunk(s) of 0.40s, change 27.1, best 27.1, hazards none — one push, so `best` IS the whole leg's travel
      |     it  57  k=171 -> 171  advanced        fix={'k': 172, 'k_float': 172.0, 'inliers': 65, 'dx': -2.239990234375, 'dy': -193.19039916992188, 'scale': 1.4409262759056636, 'second': 60, 'detail': 'k=172 (172.00) inliers=65 second=60 dx=-2 scale=1.441 window=[168,172] fitted=[168, 169, 170, 171, 172]'}
      |         chain push: 1 chunk(s) of 0.40s, change 27.0, best 27.0, hazards none — one push, so `best` IS the whole leg's travel
      |     it  58  k=173 -> 173  advanced        fix={'k': 174, 'k_float': 174.0, 'inliers': 71, 'dx': -7.439971923828125, 'dy': -198.02880859375, 'scale': 1.415504086822, 'second': 56, 'detail': 'k=174 (174.00) inliers=71 second=56 dx=-7 scale=1.416 window=[170,174] fitted=[170, 171, 172, 173, 174]'}
      |         chain push: 1 chunk(s) of 0.40s, change 29.1, best 29.1, hazards none — one push, so `best` IS the whole leg's travel
      |     it  59  k=176 -> 176  advanced        fix={'k': 176, 'k_float': 176.0, 'inliers': 79, 'dx': 11.80804443359375, 'dy': -203.42401123046875, 'scale': 1.4841635686453958, 'second': 58, 'detail': 'k=176 (176.00) inliers=79 second=58 dx=+12 scale=1.484 window=[172,176] fitted=[172, 173, 174, 175, 176]'}
      |         turn to 89.5: TURNED to 90.4 (err -0.9) in 2 push(es)
      |     it  60  k=196 -> 196  turned to 89.491477293153  (143 inliers at the stop)
      |         chain push: 1 chunk(s) of 0.40s, change 39.7, best 39.7, hazards none — one push, so `best` IS the whole leg's travel
      |         chain strafe: 1 chunk(s) of 0.10s, change 17.0, best 17.0, hazards none — one push, so `best` IS the whole leg's travel
      |     it  61  k=197 -> 197  advanced        fix={'k': 199, 'k_float': 199.0, 'inliers': 106, 'dx': 44.00001525878906, 'dy': -128.16000366210938, 'scale': 1.1312400749801228, 'second': 105, 'detail': 'k=199 (199.00) inliers=106 second=105 dx=+44 scale=1.131 window=[195,199] fitted=[195, 196, 197, 198, 199]'}  strafe right 0.10s
      |         chain push: 1 chunk(s) of 0.40s, change 50.2, best 50.2, hazards none — one push, so `best` IS the whole leg's travel
      |     it  62  k=197 -> 200  stalled         fix={'k': 197, 'k_float': 197.0, 'inliers': 141, 'dx': 8.80804443359375, 'dy': -86.67196655273438, 'scale': 1.6881964253975301, 'second': 114, 'detail': 'k=197 (197.00) inliers=141 second=114 dx=+9 scale=1.688 window=[196,200] fitted=[196, 197, 198, 199, 200]'}
      |         chain push: 1 chunk(s) of 0.40s, change 54.2, best 54.2, hazards none — one push, so `best` IS the whole leg's travel
      |   chain_walk: ARRIVED at iteration 63, k=197 (target 200 of 204), 57 push(es)
[ 6] ARRIVED   k=197/205  it=63  pushes=57  seconds=121.4 (walk 106.23, setup 13.3)  failure=None
      |   pause menu open (selected 'Resume')
      |   selected: Load Last Save
      |   confirmation dialog up (delta 85.5) -> YES
      |   world back after 3.2s, spawn bearing 87 (E)
      |   setup 13.3s (reset 10.7s, Chain.load 2.5s for 205 waypoints) of a 180s budget
      |   chain_walk: 205 waypoints -> plan of 47 targets (41 push, 6 turn-only); the prompt is checked on every iteration; k rises by at most 1 per iteration, so >= 204 iteration(s). The 400s cap allows 1.96s each. At the last waypoint the walk may spend 3 more iteration(s) — 0.540 walk-units of forward push against OPEN-22's measured 0.05 — and then gives up rather than walking on past the table.
      |         turn to 271.3: TURNED to 271.5 (err -0.2) in 2 push(es)
      |     it   1  k=  3 ->   3  turned to 271.3168428039934  (195 inliers at the stop)
      |         chain push: 1 chunk(s) of 0.40s, change 17.0, best 17.0, hazards none — one push, so `best` IS the whole leg's travel
      |     it   2  k=  4 ->   4  advanced        fix={'k': 6, 'k_float': 6.0, 'inliers': 139, 'dx': -14.400001525878906, 'dy': 10.079986572265625, 'scale': 1.0268441470143197, 'second': 103, 'detail': 'k=6 (6.00) inliers=139 second=103 dx=-14 scale=1.027 window=[2,6] fitted=[2, 3, 4, 5, 6]'}
      |         chain push: 1 chunk(s) of 0.40s, change 20.0, best 20.0, hazards none — one push, so `best` IS the whole leg's travel
      |     it   3  k=  7 ->   7  advanced-weak   fix={'k': 7, 'k_float': 7.0, 'inliers': 22, 'dx': 38.232025146484375, 'dy': 24.019195556640625, 'scale': 1.1599806537403983, 'second': 21, 'detail': 'k=7 (7.00) inliers=22 second=21 dx=+38 scale=1.160 window=[3,7] fitted=[3, 4, 5, 6, 7]'}
      |         chain push: 1 chunk(s) of 0.40s, change 16.8, best 16.8, hazards none — one push, so `best` IS the whole leg's travel
      |     it   4  k= 10 ->  10  advanced        fix={'k': 10, 'k_float': 10.0, 'inliers': 117, 'dx': 20.390380859375, 'dy': 34.55999755859375, 'scale': 1.0848498147389098, 'second': 76, 'detail': 'k=10 (10.00) inliers=117 second=76 dx=+20 scale=1.085 window=[6,10] fitted=[6, 7, 8, 9, 10]'}
      |         chain push: 1 chunk(s) of 0.40s, change 13.1, best 13.1, hazards none — one push, so `best` IS the whole leg's travel
      |     it   5  k= 13 ->  13  advanced-weak   fix={'k': 12, 'k_float': 9.93343221334333, 'inliers': 15, 'dx': 16.800048828125, 'dy': 11.72003173828125, 'scale': 1.171728492873828, 'second': 14, 'detail': 'k=12 (9.93) inliers=15 second=14 dx=+17 scale=1.172 window=[9,13] fitted=[9, 10, 11, 12, 13]'}
      |         chain push: 1 chunk(s) of 0.40s, change 9.8, best 9.8, hazards none — one push, so `best` IS the whole leg's travel
      |     it   6  k= 16 ->  16  blind-advance   fix={'k': 15, 'k_float': 15.0, 'inliers': 7, 'dx': -156.4000244140625, 'dy': 26.52001953125, 'scale': 1.2055269315370067, 'second': 0, 'detail': 'k=15 (15.00) inliers=7 second=0 dx=-156 scale=1.206 window=[12,16] fitted=[15]'}
      |         chain push: 1 chunk(s) of 0.40s, change 7.6, best 7.6, hazards none — one push, so `best` IS the whole leg's travel
      |     it   7  k= 19 ->  19  blind-advance   fix=None
      |         turn to 1.6: TURNED to 359.0 (err +2.6) in 1 push(es)
      |         turn to 271.3: TURNED to 272.4 (err -1.1) in 1 push(es)
      |         chain push: 1 chunk(s) of 0.40s, change 8.9, best 8.9, hazards none — one push, so `best` IS the whole leg's travel
      |     it   8  k= 19 ->  39  turn-retry 1/3: the stop's frame did not fit (8 inliers); one more push along 271.3
      |         turn to 1.6: TURNED to 3.5 (err -1.9) in 1 push(es)
      |     it   9  k= 39 ->  39  turned to 1.6055901753868653  (71 inliers at the stop)
      |         chain push: 1 chunk(s) of 0.40s, change 16.7, best 16.7, hazards none — one push, so `best` IS the whole leg's travel
      |     it  10  k= 40 ->  40  advanced        fix={'k': 42, 'k_float': 42.0, 'inliers': 61, 'dx': -12.0799560546875, 'dy': 269.280029296875, 'scale': 1.2495866259158008, 'second': 44, 'detail': 'k=42 (42.00) inliers=61 second=44 dx=-12 scale=1.250 window=[38,42] fitted=[38, 39, 40, 41, 42]'}
      |         chain push: 1 chunk(s) of 0.40s, change 19.3, best 19.3, hazards none — one push, so `best` IS the whole leg's travel
      |     it  11  k= 43 ->  43  advanced-weak   fix={'k': 43, 'k_float': 43.0, 'inliers': 25, 'dx': -44.3519287109375, 'dy': 311.0400695800781, 'scale': 1.1599905007464473, 'second': 23, 'detail': 'k=43 (43.00) inliers=25 second=23 dx=-44 scale=1.160 window=[39,43] fitted=[39, 40, 41, 42, 43]'}
      |         chain push: 1 chunk(s) of 0.40s, change 30.5, best 30.5, hazards none — one push, so `best` IS the whole leg's travel
      |         chain strafe: 1 chunk(s) of 0.10s, change 14.0, best 14.0, hazards none — one push, so `best` IS the whole leg's travel
      |     it  12  k= 43 ->  46  stalled         fix={'k': 45, 'k_float': 45.0, 'inliers': 54, 'dx': -48.323150634765625, 'dy': 270.76617431640625, 'scale': 1.2127571795163157, 'second': 46, 'detail': 'k=45 (45.00) inliers=54 second=46 dx=-48 scale=1.213 window=[42,46] fitted=[42, 43, 44, 45, 46]'}  strafe left 0.10s
      |         chain push: 1 chunk(s) of 0.40s, change 29.4, best 29.4, hazards none — one push, so `best` IS the whole leg's travel
      |     it  13  k= 46 ->  46  advanced        fix={'k': 46, 'k_float': 46.0, 'inliers': 52, 'dx': -26.9783935546875, 'dy': 239.72482299804688, 'scale': 1.294764344447005, 'second': 51, 'detail': 'k=46 (46.00) inliers=52 second=51 dx=-27 scale=1.295 window=[42,46] fitted=[42, 43, 44, 45, 46]'}
      |         chain push: 1 chunk(s) of 0.40s, change 27.7, best 27.7, hazards none — one push, so `best` IS the whole leg's travel
      |         chain strafe: 1 chunk(s) of 0.10s, change 4.7, best 4.7, hazards none — one push, so `best` IS the whole leg's travel
      |     it  14  k= 49 ->  49  advanced        fix={'k': 49, 'k_float': 49.0, 'inliers': 161, 'dx': -36.39996337890625, 'dy': 217.43997192382812, 'scale': 1.262757410115204, 'second': 128, 'detail': 'k=49 (49.00) inliers=161 second=128 dx=-36 scale=1.263 window=[45,49] fitted=[45, 46, 47, 48, 49]'}  strafe left 0.10s
      |         chain push: 1 chunk(s) of 0.40s, change 18.1, best 18.1, hazards none — one push, so `best` IS the whole leg's travel
      |     it  15  k= 49 ->  52  stalled         fix={'k': 50, 'k_float': 50.0, 'inliers': 140, 'dx': 4.7069091796875, 'dy': 166.72801208496094, 'scale': 1.4423171005530215, 'second': 139, 'detail': 'k=50 (50.00) inliers=140 second=139 dx=+5 scale=1.442 window=[48,52] fitted=[48, 49, 50, 51, 52]'}
      |         chain push: 1 chunk(s) of 0.40s, change 18.5, best 18.5, hazards none — one push, so `best` IS the whole leg's travel
      |     it  16  k= 52 ->  52  advanced        fix={'k': 52, 'k_float': 52.0, 'inliers': 106, 'dx': 5.38568115234375, 'dy': 136.05413818359375, 'scale': 1.4790586085068942, 'second': 75, 'detail': 'k=52 (52.00) inliers=106 second=75 dx=+5 scale=1.479 window=[48,52] fitted=[48, 49, 50, 51, 52]'}
      |         chain push: 1 chunk(s) of 0.40s, change 20.9, best 20.9, hazards none — one push, so `best` IS the whole leg's travel
      |     it  17  k= 55 ->  55  advanced        fix={'k': 55, 'k_float': 55.0, 'inliers': 86, 'dx': -1.03094482421875, 'dy': 113.61903381347656, 'scale': 1.3910520869343272, 'second': 64, 'detail': 'k=55 (55.00) inliers=86 second=64 dx=-1 scale=1.391 window=[51,55] fitted=[51, 52, 53, 54, 55]'}
      |         chain push: 1 chunk(s) of 0.40s, change 27.3, best 27.3, hazards none — one push, so `best` IS the whole leg's travel
      |         chain strafe: 1 chunk(s) of 0.10s, change 16.9, best 16.9, hazards none — one push, so `best` IS the whole leg's travel
      |     it  18  k= 55 ->  58  stalled         fix={'k': 57, 'k_float': 57.7320892618039, 'inliers': 81, 'dx': -59.03997802734375, 'dy': 236.39044189453125, 'scale': 1.0760796656782954, 'second': 76, 'detail': 'k=57 (57.73) inliers=81 second=76 dx=-59 scale=1.076 window=[54,58] fitted=[54, 55, 56, 57, 58]'}  strafe left 0.10s
      |         chain push: 1 chunk(s) of 0.40s, change 29.7, best 29.7, hazards none — one push, so `best` IS the whole leg's travel
      |         chain strafe: 1 chunk(s) of 0.10s, change 20.9, best 20.9, hazards none — one push, so `best` IS the whole leg's travel
      |     it  19  k= 58 ->  58  advanced        fix={'k': 58, 'k_float': 58.0, 'inliers': 98, 'dx': -53.85679626464844, 'dy': 248.83203125, 'scale': 1.0940602724149862, 'second': 96, 'detail': 'k=58 (58.00) inliers=98 second=96 dx=-54 scale=1.094 window=[54,58] fitted=[54, 55, 56, 57, 58]'}  strafe left 0.10s
      |         chain push: 1 chunk(s) of 0.40s, change 31.1, best 31.1, hazards none — one push, so `best` IS the whole leg's travel
      |         chain strafe: 1 chunk(s) of 0.10s, change 12.9, best 12.9, hazards none — one push, so `best` IS the whole leg's travel
      |     it  20  k= 58 ->  61  stalled         fix={'k': 59, 'k_float': 59.0, 'inliers': 119, 'dx': -43.488006591796875, 'dy': 266.4000244140625, 'scale': 1.159230074506727, 'second': 115, 'detail': 'k=59 (59.00) inliers=119 second=115 dx=-43 scale=1.159 window=[57,61] fitted=[57, 58, 59, 60, 61]'}  strafe left 0.10s
      |         chain push: 1 chunk(s) of 0.40s, change 23.8, best 23.8, hazards none — one push, so `best` IS the whole leg's travel
      |         chain strafe: 1 chunk(s) of 0.10s, change 8.2, best 8.2, hazards none — one push, so `best` IS the whole leg's travel
      |     it  21  k= 61 ->  61  advanced        fix={'k': 61, 'k_float': 61.0, 'inliers': 129, 'dx': -39.7440185546875, 'dy': 278.2080078125, 'scale': 1.1594648436495643, 'second': 110, 'detail': 'k=61 (61.00) inliers=129 second=110 dx=-40 scale=1.159 window=[57,61] fitted=[57, 58, 59, 60, 61]'}  strafe left 0.10s
      |         chain push: 1 chunk(s) of 0.40s, change 21.3, best 21.3, hazards none — one push, so `best` IS the whole leg's travel
      |         chain strafe: 1 chunk(s) of 0.10s, change 8.9, best 8.9, hazards none — one push, so `best` IS the whole leg's travel
      |     it  22  k= 61 ->  64  stalled         fix={'k': 61, 'k_float': 61.0, 'inliers': 126, 'dx': -37.55519104003906, 'dy': 286.08001708984375, 'scale': 1.2146715740044287, 'second': 110, 'detail': 'k=61 (61.00) inliers=126 second=110 dx=-38 scale=1.215 window=[60,64] fitted=[60, 61, 62, 63, 64]'}  strafe left 0.10s
      |         chain push: 1 chunk(s) of 0.40s, change 17.8, best 17.8, hazards none — one push, so `best` IS the whole leg's travel
      |     it  23  k= 61 ->  64  stalled         fix={'k': 61, 'k_float': 61.0, 'inliers': 115, 'dx': -30.759979248046875, 'dy': 259.20001220703125, 'scale': 1.3211172428045859, 'second': 108, 'detail': 'k=61 (61.00) inliers=115 second=108 dx=-31 scale=1.321 window=[60,64] fitted=[60, 61, 62, 63, 64]'}
      |         chain push: 1 chunk(s) of 0.40s, change 16.5, best 16.5, hazards none — one push, so `best` IS the whole leg's travel
      |         chain strafe: 1 chunk(s) of 0.10s, change 8.0, best 8.0, hazards none — one push, so `best` IS the whole leg's travel
      |     it  24  k= 61 ->  64  stalled         fix={'k': 60, 'k_float': 60.0, 'inliers': 133, 'dx': -36.527984619140625, 'dy': 230.91844177246094, 'scale': 1.476837674572598, 'second': 108, 'detail': 'k=60 (60.00) inliers=133 second=108 dx=-37 scale=1.477 window=[60,64] fitted=[60, 61, 62, 63, 64]'}  strafe left 0.10s
      |         chain push: 1 chunk(s) of 0.40s, change 17.1, best 17.1, hazards none — one push, so `best` IS the whole leg's travel
      |     it  25  k= 61 ->  64  escape:jump     fix={'k': 60, 'k_float': 60.0, 'inliers': 130, 'dx': -28.9945068359375, 'dy': 235.68722534179688, 'scale': 1.6060639416800453, 'second': 106, 'detail': 'k=60 (60.00) inliers=130 second=106 dx=-29 scale=1.606 window=[60,64] fitted=[60, 61, 62, 63, 64]'}
      |         chain push: 1 chunk(s) of 0.40s, change 21.8, best 21.8, hazards none — one push, so `best` IS the whole leg's travel
      |     it  26  k= 61 ->  64  stalled         fix={'k': 61, 'k_float': 61.0, 'inliers': 133, 'dx': -32.666046142578125, 'dy': 232.05764770507812, 'scale': 1.7555818214832974, 'second': 132, 'detail': 'k=61 (61.00) inliers=133 second=132 dx=-33 scale=1.756 window=[60,64] fitted=[60, 61, 62, 63, 64]'}
      |         chain push: 1 chunk(s) of 0.40s, change 18.7, best 18.7, hazards none — one push, so `best` IS the whole leg's travel
      |         chain strafe: 1 chunk(s) of 0.10s, change 11.3, best 11.3, hazards none — one push, so `best` IS the whole leg's travel
      |     it  27  k= 61 ->  64  stalled         fix={'k': 60, 'k_float': 60.0, 'inliers': 118, 'dx': -43.25321960449219, 'dy': 242.5464630126953, 'scale': 1.9769190687646383, 'second': 89, 'detail': 'k=60 (60.00) inliers=118 second=89 dx=-43 scale=1.977 window=[60,64] fitted=[60, 61, 62, 63, 64]'}  strafe left 0.10s
      |         chain push: 1 chunk(s) of 0.40s, change 21.9, best 21.9, hazards none — one push, so `best` IS the whole leg's travel
      |     it  28  k= 61 ->  64  stalled         fix={'k': 60, 'k_float': 60.0, 'inliers': 44, 'dx': -21.605819702148438, 'dy': 258.1594543457031, 'scale': 2.229362726255452, 'second': 40, 'detail': 'k=60 (60.00) inliers=44 second=40 dx=-22 scale=2.229 window=[60,64] fitted=[60, 61, 62, 63, 64]'}
      |         chain push: 1 chunk(s) of 0.40s, change 25.7, best 25.7, hazards none — one push, so `best` IS the whole leg's travel
      |     it  29  k= 64 ->  64  advanced-weak   fix={'k': 63, 'k_float': 63.0, 'inliers': 16, 'dx': -14.68212890625, 'dy': 249.06617736816406, 'scale': 2.2400139405171484, 'second': 13, 'detail': 'k=63 (63.00) inliers=16 second=13 dx=-15 scale=2.240 window=[60,64] fitted=[60, 61, 62, 63, 64]'}
      |     it  30  k=104 ->  88  relocalised past the stop: 182 inliers at 104
      |         chain push: 1 chunk(s) of 0.40s, change 27.5, best 27.5, hazards none — one push, so `best` IS the whole leg's travel
      |         chain strafe: 1 chunk(s) of 0.15s, change 12.8, best 12.8, hazards none — one push, so `best` IS the whole leg's travel
      |     it  31  k=104 -> 107  stalled         fix={'k': 106, 'k_float': 106.0, 'inliers': 160, 'dx': -104.96562194824219, 'dy': -40.55198669433594, 'scale': 1.3979308917830973, 'second': 151, 'detail': 'k=106 (106.00) inliers=160 second=151 dx=-105 scale=1.398 window=[103,107] fitted=[103, 104, 105, 106, 107]'}  strafe left 0.15s
      |         chain push: 1 chunk(s) of 0.40s, change 20.6, best 20.6, hazards none — one push, so `best` IS the whole leg's travel
      |         chain strafe: 1 chunk(s) of 0.10s, change 12.4, best 12.4, hazards none — one push, so `best` IS the whole leg's travel
      |     it  32  k=104 -> 107  stalled         fix={'k': 106, 'k_float': 106.0, 'inliers': 154, 'dx': -47.368621826171875, 'dy': -58.048858642578125, 'scale': 1.715336715527224, 'second': 142, 'detail': 'k=106 (106.00) inliers=154 second=142 dx=-47 scale=1.715 window=[103,107] fitted=[103, 104, 105, 106, 107]'}  strafe left 0.10s
      |         chain push: 1 chunk(s) of 0.40s, change 20.7, best 20.7, hazards none — one push, so `best` IS the whole leg's travel
      |         chain strafe: 1 chunk(s) of 0.12s, change 13.0, best 13.0, hazards none — one push, so `best` IS the whole leg's travel
      |     it  33  k=107 -> 107  advanced        fix={'k': 107, 'k_float': 107.0, 'inliers': 103, 'dx': -87.47515869140625, 'dy': -83.1983642578125, 'scale': 2.045861035422372, 'second': 77, 'detail': 'k=107 (107.00) inliers=103 second=77 dx=-87 scale=2.046 window=[103,107] fitted=[103, 104, 105, 106, 107]'}  strafe left 0.12s
      |         chain push: 1 chunk(s) of 0.40s, change 20.5, best 20.5, hazards none — one push, so `best` IS the whole leg's travel
      |     it  34  k=109 -> 109  advanced        fix={'k': 110, 'k_float': 110.0, 'inliers': 81, 'dx': 5.386016845703125, 'dy': -39.913665771484375, 'scale': 2.491615424760549, 'second': 43, 'detail': 'k=110 (110.00) inliers=81 second=43 dx=+5 scale=2.492 window=[106,110] fitted=[106, 107, 108, 109, 110]'}
      |         chain push: 1 chunk(s) of 0.40s, change 27.4, best 27.4, hazards none — one push, so `best` IS the whole leg's travel
      |     it  35  k=112 -> 112  blind-advance   fix={'k': 110, 'k_float': 110.0, 'inliers': 13, 'dx': 8.480926513671875, 'dy': -12.932281494140625, 'scale': 4.205194566094116, 'second': 12, 'detail': 'k=110 (110.00) inliers=13 second=12 dx=+8 scale=4.205 window=[108,112] fitted=[110, 111, 112]'}
      |         chain push: 1 chunk(s) of 0.40s, change 43.1, best 43.1, hazards none — one push, so `best` IS the whole leg's travel
      |     it  36  k=114 -> 114  blind-advance   fix=None
      |         turn to 303.3: TURNED to 301.8 (err +1.5) in 1 push(es)
      |     it  37  k=129 -> 129  turned to 303.34476843910807  (128 inliers at the stop)
      |         turn to 299.8: NO-OP, already inside 4.0 deg (at 301.8, err -2.0) — nothing was sent, the recorded curve was discarded, and the caller's step line will look like a turn that happened
      |         chain push: 1 chunk(s) of 0.40s, change 14.8, best 14.8, hazards none — one push, so `best` IS the whole leg's travel
      |     it  38  k=130 -> 130  blind-advance   fix=None
      |         turn to 298.3: NO-OP, already inside 4.0 deg (at 301.9, err -3.6) — nothing was sent, the recorded curve was discarded, and the caller's step line will look like a turn that happened
      |         chain push: 1 chunk(s) of 0.40s, change 11.5, best 11.5, hazards none — one push, so `best` IS the whole leg's travel
      |     it  39  k=133 -> 133  blind-advance   fix=None
      |         chain push: 1 chunk(s) of 0.40s, change 2.6, best 2.6, hazards SHORT — one push, so `best` IS the whole leg's travel
      |     it  40  k=136 -> 136  blind-advance   fix=None
      |         chain push: 1 chunk(s) of 0.40s, change 2.7, best 2.7, hazards SHORT — one push, so `best` IS the whole leg's travel
      |     it  41  k=139 -> 139  blind-advance   fix=None
      |         chain push: 1 chunk(s) of 0.40s, change 2.9, best 2.9, hazards SHORT — one push, so `best` IS the whole leg's travel
      |     it  42  k=139 -> 142  miss            fix=None
      |         chain push: 1 chunk(s) of 0.40s, change 3.0, best 3.0, hazards none — one push, so `best` IS the whole leg's travel
      |     it  43  k=139 -> 142  miss            fix=None
      |         chain push: 1 chunk(s) of 0.40s, change 3.4, best 3.4, hazards none — one push, so `best` IS the whole leg's travel
      |         chain strafe: 1 chunk(s) of 0.30s, change 18.5, best 18.5, hazards none — one push, so `best` IS the whole leg's travel
      |     it  44  k=139 -> 142  escape:left     fix=None
      |         chain push: 1 chunk(s) of 0.40s, change 9.6, best 9.6, hazards none — one push, so `best` IS the whole leg's travel
      |         chain strafe: 1 chunk(s) of 0.30s, change 13.6, best 13.6, hazards none — one push, so `best` IS the whole leg's travel
      |     it  45  k=139 -> 142  stalled         fix={'k': 142, 'k_float': 138.64563729658948, 'inliers': 169, 'dx': -311.67364501953125, 'dy': -2.903076171875, 'scale': 0.738901851287514, 'second': 161, 'detail': 'k=142 (138.65) inliers=169 second=161 dx=-312 scale=0.739 window=[138,142] fitted=[138, 139, 140, 141, 142]'}  strafe left 0.30s
      |         chain push: 1 chunk(s) of 0.40s, change 22.1, best 22.1, hazards none — one push, so `best` IS the whole leg's travel
      |         chain strafe: 1 chunk(s) of 0.30s, change 21.5, best 21.5, hazards none — one push, so `best` IS the whole leg's travel
      |     it  46  k=139 -> 142  stalled         fix={'k': 141, 'k_float': 140.90923089878066, 'inliers': 113, 'dx': -259.20001220703125, 'dy': -51.84001159667969, 'scale': 0.9908638353198217, 'second': 109, 'detail': 'k=141 (140.91) inliers=113 second=109 dx=-259 scale=0.991 window=[138,142] fitted=[138, 139, 140, 141, 142]'}  strafe left 0.30s
      |         chain push: 1 chunk(s) of 0.40s, change 28.2, best 28.2, hazards none — one push, so `best` IS the whole leg's travel
      |         chain strafe: 1 chunk(s) of 0.30s, change 29.9, best 29.9, hazards none — one push, so `best` IS the whole leg's travel
      |     it  47  k=142 -> 142  advanced        fix={'k': 142, 'k_float': 142.0, 'inliers': 102, 'dx': -238.46401977539062, 'dy': -70.04383850097656, 'scale': 1.1727146399469102, 'second': 97, 'detail': 'k=142 (142.00) inliers=102 second=97 dx=-238 scale=1.173 window=[138,142] fitted=[138, 139, 140, 141, 142]'}  strafe left 0.30s
      |         turn to 2.2: TURNED to 1.2 (err +1.0) in 2 push(es)
      |     it  48  k=166 -> 166  turned to 2.2489998976495684  (177 inliers at the stop)
      |         chain push: 1 chunk(s) of 0.40s, change 20.6, best 20.6, hazards none — one push, so `best` IS the whole leg's travel
      |     it  49  k=166 -> 167  stalled         fix={'k': 165, 'k_float': 165.0, 'inliers': 170, 'dx': 27.624008178710938, 'dy': -98.39999389648438, 'scale': 1.0659298987942774, 'second': 167, 'detail': 'k=165 (165.00) inliers=170 second=167 dx=+28 scale=1.066 window=[165,169] fitted=[165, 166, 167, 168, 169]'}
      |         chain push: 1 chunk(s) of 0.40s, change 30.2, best 30.2, hazards none — one push, so `best` IS the whole leg's travel
      |     it  50  k=167 -> 167  advanced        fix={'k': 169, 'k_float': 169.0, 'inliers': 108, 'dx': -2.2023849487304688, 'dy': -107.76000213623047, 'scale': 1.1675663722571081, 'second': 105, 'detail': 'k=169 (169.00) inliers=108 second=105 dx=-2 scale=1.168 window=[165,169] fitted=[165, 166, 167, 168, 169]'}
      |         turn to 4.3: NO-OP, already inside 4.0 deg (at 1.3, err +3.0) — nothing was sent, the recorded curve was discarded, and the caller's step line will look like a turn that happened
      |         chain push: 1 chunk(s) of 0.40s, change 26.9, best 26.9, hazards none — one push, so `best` IS the whole leg's travel
      |     it  51  k=169 -> 169  advanced        fix={'k': 169, 'k_float': 169.0, 'inliers': 106, 'dx': -20.767982482910156, 'dy': -115.19998931884766, 'scale': 1.2956783012000752, 'second': 105, 'detail': 'k=169 (169.00) inliers=106 second=105 dx=-21 scale=1.296 window=[166,170] fitted=[166, 167, 168, 169, 170]'}
      |         turn to 2.2: NO-OP, already inside 4.0 deg (at 1.3, err +0.9) — nothing was sent, the recorded curve was discarded, and the caller's step line will look like a turn that happened
      |         chain push: 1 chunk(s) of 0.40s, change 27.6, best 27.6, hazards none — one push, so `best` IS the whole leg's travel
      |     it  52  k=171 -> 171  advanced        fix={'k': 172, 'k_float': 172.0, 'inliers': 110, 'dx': -34.27659606933594, 'dy': -116.42669677734375, 'scale': 1.1998217843151646, 'second': 98, 'detail': 'k=172 (172.00) inliers=110 second=98 dx=-34 scale=1.200 window=[168,172] fitted=[168, 169, 170, 171, 172]'}
      |         chain push: 1 chunk(s) of 0.40s, change 28.8, best 28.8, hazards none — one push, so `best` IS the whole leg's travel
      |         chain strafe: 1 chunk(s) of 0.10s, change 17.2, best 17.2, hazards none — one push, so `best` IS the whole leg's travel
      |     it  53  k=173 -> 173  advanced        fix={'k': 174, 'k_float': 174.0, 'inliers': 83, 'dx': -37.82246398925781, 'dy': -118.2449951171875, 'scale': 1.1481637212000761, 'second': 79, 'detail': 'k=174 (174.00) inliers=83 second=79 dx=-38 scale=1.148 window=[170,174] fitted=[170, 171, 172, 173, 174]'}  strafe left 0.10s
      |         chain push: 1 chunk(s) of 0.40s, change 30.2, best 30.2, hazards none — one push, so `best` IS the whole leg's travel
      |         chain strafe: 1 chunk(s) of 0.10s, change 10.6, best 10.6, hazards none — one push, so `best` IS the whole leg's travel
      |     it  54  k=176 -> 176  advanced        fix={'k': 176, 'k_float': 176.0, 'inliers': 73, 'dx': 53.4000244140625, 'dy': -126.83999633789062, 'scale': 1.3757267245806337, 'second': 67, 'detail': 'k=176 (176.00) inliers=73 second=67 dx=+53 scale=1.376 window=[172,176] fitted=[172, 173, 174, 175, 176]'}  strafe right 0.10s
      |         turn to 89.5: TURNED to 88.4 (err +1.1) in 2 push(es)
      |     it  55  k=196 -> 196  turned to 89.491477293153  (170 inliers at the stop)
      |         chain push: 1 chunk(s) of 0.40s, change 35.8, best 35.8, hazards none — one push, so `best` IS the whole leg's travel
      |     it  56  k=197 -> 197  advanced        fix={'k': 197, 'k_float': 197.0, 'inliers': 165, 'dx': 19.44000244140625, 'dy': -43.199981689453125, 'scale': 1.1955625830703904, 'second': 136, 'detail': 'k=197 (197.00) inliers=165 second=136 dx=+19 scale=1.196 window=[195,199] fitted=[195, 196, 197, 198, 199]'}
      |         chain push: 1 chunk(s) of 0.40s, change 43.7, best 43.7, hazards none — one push, so `best` IS the whole leg's travel
      |     it  57  k=200 -> 200  advanced        fix={'k': 200, 'k_float': 200.0, 'inliers': 119, 'dx': 24.88323974609375, 'dy': -36.080596923828125, 'scale': 1.2418722757899145, 'second': 103, 'detail': 'k=200 (200.00) inliers=119 second=103 dx=+25 scale=1.242 window=[196,200] fitted=[196, 197, 198, 199, 200]'}
      |         chain push: 1 chunk(s) of 0.40s, change 55.6, best 55.6, hazards none — one push, so `best` IS the whole leg's travel
      |   chain_walk: ARRIVED at iteration 58, k=200 (target 203 of 204), 52 push(es)
[ 7] ARRIVED   k=200/205  it=58  pushes=52  seconds=94.2 (walk 79.2, setup 13.3)  failure=None
      |   pause menu open (selected 'Resume')
      |   selected: Load Last Save
      |   confirmation dialog up (delta 80.7) -> YES
      |   world back after 3.3s, spawn bearing 87 (E)
      |   setup 13.2s (reset 10.7s, Chain.load 2.5s for 205 waypoints) of a 180s budget
      |   chain_walk: 205 waypoints -> plan of 47 targets (41 push, 6 turn-only); the prompt is checked on every iteration; k rises by at most 1 per iteration, so >= 204 iteration(s). The 400s cap allows 1.96s each. At the last waypoint the walk may spend 3 more iteration(s) — 0.540 walk-units of forward push against OPEN-22's measured 0.05 — and then gives up rather than walking on past the table.
      |         turn to 271.3: TURNED to 274.4 (err -3.1) in 2 push(es)
      |     it   1  k=  3 ->   3  turned to 271.3168428039934  (108 inliers at the stop)
      |         chain push: 1 chunk(s) of 0.40s, change 15.3, best 15.3, hazards none — one push, so `best` IS the whole leg's travel
      |         chain strafe: 1 chunk(s) of 0.10s, change 8.8, best 8.8, hazards none — one push, so `best` IS the whole leg's travel
      |     it   2  k=  4 ->   4  advanced        fix={'k': 6, 'k_float': 6.0, 'inliers': 40, 'dx': -62.4000129699707, 'dy': 14.929931640625, 'scale': 1.0014621062933091, 'second': 34, 'detail': 'k=6 (6.00) inliers=40 second=34 dx=-62 scale=1.001 window=[2,6] fitted=[2, 3, 4, 5, 6]'}  strafe left 0.10s
      |         chain push: 1 chunk(s) of 0.40s, change 21.1, best 21.1, hazards none — one push, so `best` IS the whole leg's travel
      |     it   3  k=  7 ->   7  advanced        fix={'k': 7, 'k_float': 7.0, 'inliers': 29, 'dx': -20.4000244140625, 'dy': 19.20001220703125, 'scale': 1.1385072138330128, 'second': 19, 'detail': 'k=7 (7.00) inliers=29 second=19 dx=-20 scale=1.139 window=[3,7] fitted=[3, 4, 5, 6, 7]'}
      |         chain push: 1 chunk(s) of 0.40s, change 19.1, best 19.1, hazards none — one push, so `best` IS the whole leg's travel
      |         chain strafe: 1 chunk(s) of 0.10s, change 6.8, best 6.8, hazards none — one push, so `best` IS the whole leg's travel
      |     it   4  k= 10 ->  10  advanced        fix={'k': 10, 'k_float': 10.0, 'inliers': 152, 'dx': -65.0, 'dy': 27.17999267578125, 'scale': 1.0182379720818835, 'second': 109, 'detail': 'k=10 (10.00) inliers=152 second=109 dx=-65 scale=1.018 window=[6,10] fitted=[6, 7, 8, 9, 10]'}  strafe left 0.10s
      |         chain push: 1 chunk(s) of 0.40s, change 14.2, best 14.2, hazards none — one push, so `best` IS the whole leg's travel
      |     it   5  k= 13 ->  13  advanced-weak   fix={'k': 12, 'k_float': 12.952159090542146, 'inliers': 24, 'dx': -61.11456298828125, 'dy': 9.3292236328125, 'scale': 1.2276138785139872, 'second': 14, 'detail': 'k=12 (12.95) inliers=24 second=14 dx=-61 scale=1.228 window=[9,13] fitted=[9, 10, 11, 12, 13]'}
      |         chain push: 1 chunk(s) of 0.40s, change 10.1, best 10.1, hazards none — one push, so `best` IS the whole leg's travel
      |     it   6  k= 16 ->  16  blind-advance   fix=None
      |         chain push: 1 chunk(s) of 0.40s, change 8.8, best 8.8, hazards none — one push, so `best` IS the whole leg's travel
      |     it   7  k= 19 ->  19  blind-advance   fix=None
      |         turn to 1.6: TURNED to 4.3 (err -2.7) in 1 push(es)
      |         turn to 271.3: TURNED to 272.3 (err -1.0) in 2 push(es)
      |         chain push: 1 chunk(s) of 0.40s, change 7.9, best 7.9, hazards none — one push, so `best` IS the whole leg's travel
      |     it   8  k= 19 ->  39  turn-retry 1/3: the stop's frame did not fit (6 inliers); one more push along 271.3
      |         turn to 1.6: TURNED to 0.2 (err +1.4) in 2 push(es)
      |     it   9  k= 39 ->  39  turned to 1.6055901753868653  (50 inliers at the stop)
      |         chain push: 1 chunk(s) of 0.40s, change 17.3, best 17.3, hazards none — one push, so `best` IS the whole leg's travel
      |         chain strafe: 1 chunk(s) of 0.10s, change 8.8, best 8.8, hazards none — one push, so `best` IS the whole leg's travel
      |     it  10  k= 40 ->  40  advanced        fix={'k': 42, 'k_float': 42.0, 'inliers': 53, 'dx': 53.22247314453125, 'dy': 271.3652038574219, 'scale': 1.3000593264299283, 'second': 42, 'detail': 'k=42 (42.00) inliers=53 second=42 dx=+53 scale=1.300 window=[38,42] fitted=[38, 39, 40, 41, 42]'}  strafe right 0.10s
      |         chain push: 1 chunk(s) of 0.40s, change 22.5, best 22.5, hazards none — one push, so `best` IS the whole leg's travel
      |     it  11  k= 43 ->  43  advanced-weak   fix={'k': 40, 'k_float': 40.0, 'inliers': 25, 'dx': 15.7593994140625, 'dy': 330.9466857910156, 'scale': 1.1569848442793247, 'second': 24, 'detail': 'k=40 (40.00) inliers=25 second=24 dx=+16 scale=1.157 window=[39,43] fitted=[39, 40, 41, 42, 43]'}
      |         chain push: 1 chunk(s) of 0.40s, change 35.3, best 35.3, hazards none — one push, so `best` IS the whole leg's travel
      |     it  12  k= 46 ->  46  advanced        fix={'k': 46, 'k_float': 46.0, 'inliers': 55, 'dx': 7.20001220703125, 'dy': 252.5645751953125, 'scale': 1.2203055290087543, 'second': 49, 'detail': 'k=46 (46.00) inliers=55 second=49 dx=+7 scale=1.220 window=[42,46] fitted=[42, 43, 44, 45, 46]'}
      |         chain push: 1 chunk(s) of 0.40s, change 30.7, best 30.7, hazards none — one push, so `best` IS the whole leg's travel
      |     it  13  k= 49 ->  49  advanced        fix={'k': 49, 'k_float': 49.0, 'inliers': 175, 'dx': -7.20001220703125, 'dy': 239.20001220703125, 'scale': 1.1784943147059215, 'second': 141, 'detail': 'k=49 (49.00) inliers=175 second=141 dx=-7 scale=1.178 window=[45,49] fitted=[45, 46, 47, 48, 49]'}
      |         chain push: 1 chunk(s) of 0.40s, change 22.5, best 22.5, hazards none — one push, so `best` IS the whole leg's travel
      |     it  14  k= 52 ->  52  advanced        fix={'k': 52, 'k_float': 52.0, 'inliers': 178, 'dx': -34.923980712890625, 'dy': 238.75204467773438, 'scale': 1.126640073384352, 'second': 173, 'detail': 'k=52 (52.00) inliers=178 second=173 dx=-35 scale=1.127 window=[48,52] fitted=[48, 49, 50, 51, 52]'}
      |         chain push: 1 chunk(s) of 0.40s, change 15.4, best 15.4, hazards none — one push, so `best` IS the whole leg's travel
      |         chain strafe: 1 chunk(s) of 0.10s, change 1.4, best 1.4, hazards SHORT — one push, so `best` IS the whole leg's travel
      |     it  15  k= 52 ->  55  stalled         fix={'k': 54, 'k_float': 54.0, 'inliers': 146, 'dx': -38.739990234375, 'dy': 228.555419921875, 'scale': 1.1533394141616222, 'second': 144, 'detail': 'k=54 (54.00) inliers=146 second=144 dx=-39 scale=1.153 window=[51,55] fitted=[51, 52, 53, 54, 55]'}  strafe left 0.10s
      |         chain push: 1 chunk(s) of 0.40s, change 20.4, best 20.4, hazards none — one push, so `best` IS the whole leg's travel
      |     it  16  k= 55 ->  55  advanced        fix={'k': 55, 'k_float': 55.0, 'inliers': 98, 'dx': 21.3160400390625, 'dy': 157.7000274658203, 'scale': 1.3171869465524868, 'second': 91, 'detail': 'k=55 (55.00) inliers=98 second=91 dx=+21 scale=1.317 window=[51,55] fitted=[51, 52, 53, 54, 55]'}
      |         chain push: 1 chunk(s) of 0.40s, change 23.7, best 23.7, hazards none — one push, so `best` IS the whole leg's travel
      |     it  17  k= 58 ->  58  advanced        fix={'k': 58, 'k_float': 58.0, 'inliers': 112, 'dx': 2.8800048828125, 'dy': 254.40000915527344, 'scale': 1.0206951465620617, 'second': 100, 'detail': 'k=58 (58.00) inliers=112 second=100 dx=+3 scale=1.021 window=[54,58] fitted=[54, 55, 56, 57, 58]'}
      |         chain push: 1 chunk(s) of 0.40s, change 31.5, best 31.5, hazards none — one push, so `best` IS the whole leg's travel
      |     it  18  k= 58 ->  61  stalled         fix={'k': 59, 'k_float': 60.084793757192564, 'inliers': 133, 'dx': 4.800018310546875, 'dy': 261.2736511230469, 'scale': 1.0362523884470296, 'second': 126, 'detail': 'k=59 (60.08) inliers=133 second=126 dx=+5 scale=1.036 window=[57,61] fitted=[57, 58, 59, 60, 61]'}
      |         chain push: 1 chunk(s) of 0.40s, change 32.0, best 32.0, hazards none — one push, so `best` IS the whole leg's travel
      |     it  19  k= 58 ->  61  stalled         fix={'k': 60, 'k_float': 60.0, 'inliers': 124, 'dx': 6.024017333984375, 'dy': 273.01202392578125, 'scale': 1.1004680344620725, 'second': 119, 'detail': 'k=60 (60.00) inliers=124 second=119 dx=+6 scale=1.100 window=[57,61] fitted=[57, 58, 59, 60, 61]'}
      |         chain push: 1 chunk(s) of 0.40s, change 24.3, best 24.3, hazards none — one push, so `best` IS the whole leg's travel
      |     it  20  k= 61 ->  61  advanced        fix={'k': 61, 'k_float': 61.0, 'inliers': 129, 'dx': 6.912017822265625, 'dy': 278.69189453125, 'scale': 1.1323980807251146, 'second': 115, 'detail': 'k=61 (61.00) inliers=129 second=115 dx=+7 scale=1.132 window=[57,61] fitted=[57, 58, 59, 60, 61]'}
      |         chain push: 1 chunk(s) of 0.40s, change 20.8, best 20.8, hazards none — one push, so `best` IS the whole leg's travel
      |     it  21  k= 61 ->  64  stalled         fix={'k': 63, 'k_float': 63.0, 'inliers': 125, 'dx': 10.4000244140625, 'dy': 276.48004150390625, 'scale': 1.107978577212266, 'second': 110, 'detail': 'k=63 (63.00) inliers=125 second=110 dx=+10 scale=1.108 window=[60,64] fitted=[60, 61, 62, 63, 64]'}
      |         chain push: 1 chunk(s) of 0.40s, change 17.7, best 17.7, hazards none — one push, so `best` IS the whole leg's travel
      |     it  22  k= 61 ->  64  stalled         fix={'k': 61, 'k_float': 61.0, 'inliers': 118, 'dx': 6.0758819580078125, 'dy': 259.4640197753906, 'scale': 1.3131552201778585, 'second': 109, 'detail': 'k=61 (61.00) inliers=118 second=109 dx=+6 scale=1.313 window=[60,64] fitted=[60, 61, 62, 63, 64]'}
      |         chain push: 1 chunk(s) of 0.40s, change 18.2, best 18.2, hazards none — one push, so `best` IS the whole leg's travel
      |     it  23  k= 61 ->  64  stalled         fix={'k': 61, 'k_float': 61.0, 'inliers': 136, 'dx': 5.4317169189453125, 'dy': 230.51527404785156, 'scale': 1.4066328103489871, 'second': 116, 'detail': 'k=61 (61.00) inliers=136 second=116 dx=+5 scale=1.407 window=[60,64] fitted=[60, 61, 62, 63, 64]'}
      |         chain push: 1 chunk(s) of 0.40s, change 18.0, best 18.0, hazards none — one push, so `best` IS the whole leg's travel
      |     it  24  k= 61 ->  64  escape:jump     fix={'k': 60, 'k_float': 60.0, 'inliers': 123, 'dx': 2.7994384765625, 'dy': 234.2784423828125, 'scale': 1.654972701438443, 'second': 112, 'detail': 'k=60 (60.00) inliers=123 second=112 dx=+3 scale=1.655 window=[60,64] fitted=[60, 61, 62, 63, 64]'}
      |         chain push: 1 chunk(s) of 0.40s, change 22.8, best 22.8, hazards none — one push, so `best` IS the whole leg's travel
      |     it  25  k= 61 ->  64  stalled         fix={'k': 61, 'k_float': 61.0, 'inliers': 124, 'dx': 2.8549041748046875, 'dy': 235.67623901367188, 'scale': 1.7591571697166277, 'second': 108, 'detail': 'k=61 (61.00) inliers=124 second=108 dx=+3 scale=1.759 window=[60,64] fitted=[60, 61, 62, 63, 64]'}
      |         chain push: 1 chunk(s) of 0.40s, change 21.2, best 21.2, hazards none — one push, so `best` IS the whole leg's travel
      |     it  26  k= 61 ->  64  stalled         fix={'k': 60, 'k_float': 60.0, 'inliers': 121, 'dx': -0.790191650390625, 'dy': 243.58590698242188, 'scale': 2.061368028319056, 'second': 90, 'detail': 'k=60 (60.00) inliers=121 second=90 dx=-1 scale=2.061 window=[60,64] fitted=[60, 61, 62, 63, 64]'}
      |         chain push: 1 chunk(s) of 0.40s, change 22.1, best 22.1, hazards none — one push, so `best` IS the whole leg's travel
      |     it  27  k= 61 ->  64  stalled         fix={'k': 61, 'k_float': 61.0, 'inliers': 43, 'dx': -7.427154541015625, 'dy': 255.6358184814453, 'scale': 2.1162047763107537, 'second': 37, 'detail': 'k=61 (61.00) inliers=43 second=37 dx=-7 scale=2.116 window=[60,64] fitted=[60, 61, 62, 63, 64]'}
      |         chain push: 1 chunk(s) of 0.40s, change 25.5, best 25.5, hazards none — one push, so `best` IS the whole leg's travel
      |     it  28  k= 64 ->  64  advanced-weak   fix={'k': 63, 'k_float': 63.0, 'inliers': 18, 'dx': 10.659744262695312, 'dy': 261.8605651855469, 'scale': 2.2257826149174345, 'second': 16, 'detail': 'k=63 (63.00) inliers=18 second=16 dx=+11 scale=2.226 window=[60,64] fitted=[60, 61, 62, 63, 64]'}
      |     it  29  k=104 ->  88  relocalised past the stop: 183 inliers at 104
      |         chain push: 1 chunk(s) of 0.40s, change 17.4, best 17.4, hazards none — one push, so `best` IS the whole leg's travel
      |         chain strafe: 1 chunk(s) of 0.10s, change 13.7, best 13.7, hazards none — one push, so `best` IS the whole leg's travel
      |     it  30  k=104 -> 107  stalled         fix={'k': 105, 'k_float': 105.0, 'inliers': 176, 'dx': -45.323699951171875, 'dy': -26.956771850585938, 'scale': 1.2162872574477332, 'second': 154, 'detail': 'k=105 (105.00) inliers=176 second=154 dx=-45 scale=1.216 window=[103,107] fitted=[103, 104, 105, 106, 107]'}  strafe left 0.10s
      |         chain push: 1 chunk(s) of 0.40s, change 21.1, best 21.1, hazards none — one push, so `best` IS the whole leg's travel
      |     it  31  k=104 -> 107  stalled         fix={'k': 103, 'k_float': 103.0, 'inliers': 175, 'dx': 13.53607177734375, 'dy': -38.649566650390625, 'scale': 1.4446312991188808, 'second': 169, 'detail': 'k=103 (103.00) inliers=175 second=169 dx=+14 scale=1.445 window=[103,107] fitted=[103, 104, 105, 106, 107]'}
      |         chain push: 1 chunk(s) of 0.40s, change 22.0, best 22.0, hazards none — one push, so `best` IS the whole leg's travel
      |     it  32  k=104 -> 107  stalled         fix={'k': 106, 'k_float': 106.0, 'inliers': 169, 'dx': 7.008026123046875, 'dy': -41.817596435546875, 'scale': 1.4127741794395015, 'second': 156, 'detail': 'k=106 (106.00) inliers=169 second=156 dx=+7 scale=1.413 window=[103,107] fitted=[103, 104, 105, 106, 107]'}
      |         chain push: 1 chunk(s) of 0.40s, change 23.5, best 23.5, hazards none — one push, so `best` IS the whole leg's travel
      |         chain strafe: 1 chunk(s) of 0.10s, change 11.4, best 11.4, hazards none — one push, so `best` IS the whole leg's travel
      |     it  33  k=107 -> 107  advanced        fix={'k': 107, 'k_float': 107.0, 'inliers': 160, 'dx': -63.424468994140625, 'dy': -60.37626647949219, 'scale': 1.746704287264273, 'second': 118, 'detail': 'k=107 (107.00) inliers=160 second=118 dx=-63 scale=1.747 window=[103,107] fitted=[103, 104, 105, 106, 107]'}  strafe left 0.10s
      |         chain push: 1 chunk(s) of 0.40s, change 18.2, best 18.2, hazards none — one push, so `best` IS the whole leg's travel
      |         chain strafe: 1 chunk(s) of 0.10s, change 13.1, best 13.1, hazards none — one push, so `best` IS the whole leg's travel
      |     it  34  k=109 -> 109  advanced        fix={'k': 109, 'k_float': 109.0, 'inliers': 95, 'dx': -62.857666015625, 'dy': -87.53630065917969, 'scale': 1.9977805534318955, 'second': 91, 'detail': 'k=109 (109.00) inliers=95 second=91 dx=-63 scale=1.998 window=[106,110] fitted=[106, 107, 108, 109, 110]'}  strafe left 0.10s
      |         chain push: 1 chunk(s) of 0.40s, change 21.8, best 21.8, hazards none — one push, so `best` IS the whole leg's travel
      |         chain strafe: 1 chunk(s) of 0.10s, change 18.2, best 18.2, hazards none — one push, so `best` IS the whole leg's travel
      |     it  35  k=109 -> 112  stalled         fix={'k': 111, 'k_float': 111.0, 'inliers': 67, 'dx': 52.231414794921875, 'dy': -48.285614013671875, 'scale': 2.7069412702346263, 'second': 63, 'detail': 'k=111 (111.00) inliers=67 second=63 dx=+52 scale=2.707 window=[108,112] fitted=[108, 109, 110, 111, 112]'}  strafe right 0.10s
      |         chain push: 1 chunk(s) of 0.40s, change 39.8, best 39.8, hazards none — one push, so `best` IS the whole leg's travel
      |     it  36  k=112 -> 112  blind-advance   fix=None
      |         chain push: 1 chunk(s) of 0.40s, change 34.1, best 34.1, hazards none — one push, so `best` IS the whole leg's travel
      |     it  37  k=114 -> 114  blind-advance   fix=None
      |         turn to 303.3: NO compass reading, abandoned BEFORE turning — the caller's 'got --' is an unread heading, not a heading that was reached
      |         turn to 1.3: TURNED to 0.5 (err +0.7) in 2 push(es)
      |         chain push: 1 chunk(s) of 0.40s, change 5.3, best 5.3, hazards none — one push, so `best` IS the whole leg's travel
      |     it  38  k=114 -> 129  turn-retry 1/3: the stop's frame did not fit (0 inliers); one more push along 1.3
      |         turn to 303.3: TURNED to 305.7 (err -2.3) in 1 push(es)
      |         turn to 1.3: TURNED to 3.8 (err -2.6) in 1 push(es)
      |         chain push: 1 chunk(s) of 0.40s, change 14.7, best 14.7, hazards none — one push, so `best` IS the whole leg's travel
      |     it  39  k=114 -> 129  turn-retry 2/3: the stop's frame did not fit (6 inliers); one more push along 1.3
      |         turn to 303.3: TURNED to 305.8 (err -2.5) in 1 push(es)
      |         turn to 1.3: TURNED to 359.3 (err +2.0) in 1 push(es)
      |         chain push: 1 chunk(s) of 0.40s, change 6.5, best 6.5, hazards none — one push, so `best` IS the whole leg's travel
      |     it  40  k=114 -> 129  turn-retry 3/3: the stop's frame did not fit (0 inliers); one more push along 1.3
      |         turn to 303.3: TURNED to 307.1 (err -3.8) in 1 push(es)
      |     it  41  k=129 -> 129  turned-unverified to 303.34476843910807  (0 inliers at the stop)
      |         turn to 299.8: TURNED to 300.0 (err -0.2) in 1 push(es)
      |         chain push: 1 chunk(s) of 0.40s, change 15.8, best 15.8, hazards none — one push, so `best` IS the whole leg's travel
      |     it  42  k=130 -> 130  advanced-weak   fix={'k': 129, 'k_float': 129.0, 'inliers': 17, 'dx': -272.1600036621094, 'dy': -121.79998779296875, 'scale': 1.280443971079453, 'second': 16, 'detail': 'k=129 (129.00) inliers=17 second=16 dx=-272 scale=1.280 window=[128,132] fitted=[128, 129, 130, 131, 132]'}
      |         turn to 298.3: NO-OP, already inside 4.0 deg (at 300.0, err -1.7) — nothing was sent, the recorded curve was discarded, and the caller's step line will look like a turn that happened
      |         chain push: 1 chunk(s) of 0.40s, change 11.3, best 11.3, hazards none — one push, so `best` IS the whole leg's travel
      |     it  43  k=133 -> 133  blind-advance   fix=None
      |         chain push: 1 chunk(s) of 0.40s, change 6.2, best 6.2, hazards none — one push, so `best` IS the whole leg's travel
      |     it  44  k=136 -> 136  blind-advance   fix=None
      |         chain push: 1 chunk(s) of 0.40s, change 1.2, best 1.2, hazards SHORT — one push, so `best` IS the whole leg's travel
      |     it  45  k=139 -> 139  blind-advance   fix=None
      |         chain push: 1 chunk(s) of 0.40s, change 1.4, best 1.4, hazards SHORT — one push, so `best` IS the whole leg's travel
      |     it  46  k=142 -> 142  blind-advance   fix=None
      |         turn to 2.2: TURNED to 3.3 (err -1.0) in 2 push(es)
      |         turn to 298.3: TURNED to 299.3 (err -1.0) in 1 push(es)
      |         chain push: 1 chunk(s) of 0.40s, change 1.3, best 1.3, hazards SHORT — one push, so `best` IS the whole leg's travel
      |     it  47  k=142 -> 166  turn-retry 1/3: the stop's frame did not fit (0 inliers); one more push along 298.3
      |         turn to 2.2: TURNED to 1.2 (err +1.1) in 1 push(es)
      |         turn to 298.3: TURNED to 299.3 (err -1.1) in 2 push(es)
      |         chain push: 1 chunk(s) of 0.40s, change 1.4, best 1.4, hazards SHORT — one push, so `best` IS the whole leg's travel
      |     it  48  k=142 -> 166  turn-retry 2/3: the stop's frame did not fit (0 inliers); one more push along 298.3
      |         turn to 2.2: TURNED to 2.6 (err -0.4) in 2 push(es)
      |         turn to 298.3: TURNED to 297.9 (err +0.3) in 3 push(es)
      |         chain push: 1 chunk(s) of 0.40s, change 4.0, best 4.0, hazards none — one push, so `best` IS the whole leg's travel
      |     it  49  k=142 -> 166  turn-retry 3/3: the stop's frame did not fit (0 inliers); one more push along 298.3
      |         turn to 2.2: TURNED to 2.4 (err -0.1) in 1 push(es)
      |     it  50  k=166 -> 166  turned-unverified to 2.2489998976495684  (0 inliers at the stop)
      |         chain push: 1 chunk(s) of 0.40s, change 3.8, best 3.8, hazards none — one push, so `best` IS the whole leg's travel
      |     it  51  k=166 -> 167  miss            fix=None
      |         chain push: 1 chunk(s) of 0.40s, change 3.7, best 3.7, hazards none — one push, so `best` IS the whole leg's travel
      |     it  52  k=166 -> 167  miss            fix=None
      |         chain push: 1 chunk(s) of 0.40s, change 5.1, best 5.1, hazards none — one push, so `best` IS the whole leg's travel
      |         chain strafe: 1 chunk(s) of 0.30s, change 7.9, best 7.9, hazards none — one push, so `best` IS the whole leg's travel
      |     it  53  k=166 -> 167  escape:left     fix=None
      |         chain push: 1 chunk(s) of 0.40s, change 3.1, best 3.1, hazards none — one push, so `best` IS the whole leg's travel
      |     it  54  k=166 -> 167  miss            fix=None
      |         chain push: 1 chunk(s) of 0.40s, change 2.8, best 2.8, hazards SHORT — one push, so `best` IS the whole leg's travel
      |     it  55  k=166 -> 167  miss            fix=None
      |         chain push: 1 chunk(s) of 0.40s, change 3.6, best 3.6, hazards none — one push, so `best` IS the whole leg's travel
      |         chain strafe: 1 chunk(s) of 0.30s, change 36.4, best 36.4, hazards none — one push, so `best` IS the whole leg's travel
      |     it  56  k=166 -> 167  escape:right    fix=None
      |         chain push: 1 chunk(s) of 0.40s, change 12.8, best 12.8, hazards none — one push, so `best` IS the whole leg's travel
      |     it  57  k=166 -> 167  miss            fix=None
      |         chain push: 1 chunk(s) of 0.40s, change 13.3, best 13.3, hazards none — one push, so `best` IS the whole leg's travel
      |     it  58  k=166 -> 167  miss            fix=None
      |         chain push: 1 chunk(s) of 0.40s, change 15.7, best 15.7, hazards none — one push, so `best` IS the whole leg's travel
      |         chain strafe: 1 chunk(s) of 0.30s, change 29.2, best 29.2, hazards none — one push, so `best` IS the whole leg's travel
      |   chain_walk: LOST — 9 iterations with nothing credible after the blind budget at k=166 of 204
[ 8] FAILED    k=166/205  it=59  pushes=54  seconds=113.3 (walk 98.16, setup 13.2)  failure=lost at k=166 of 204: 9 iterations with no credible fix after 6 blind advances
      |   pause menu open (selected 'Resume')
      |   selected: Load Last Save
      |   confirmation dialog up (delta 80.6) -> YES
      |   world back after 3.3s, spawn bearing 87 (E)
      |   setup 13.4s (reset 10.7s, Chain.load 2.6s for 205 waypoints) of a 180s budget
      |   chain_walk: 205 waypoints -> plan of 47 targets (41 push, 6 turn-only); the prompt is checked on every iteration; k rises by at most 1 per iteration, so >= 204 iteration(s). The 400s cap allows 1.96s each. At the last waypoint the walk may spend 3 more iteration(s) — 0.540 walk-units of forward push against OPEN-22's measured 0.05 — and then gives up rather than walking on past the table.
      |         turn to 271.3: TURNED to 274.9 (err -3.6) in 2 push(es)
      |     it   1  k=  3 ->   3  turned to 271.3168428039934  (81 inliers at the stop)
      |         chain push: 1 chunk(s) of 0.40s, change 19.9, best 19.9, hazards none — one push, so `best` IS the whole leg's travel
      |         chain strafe: 1 chunk(s) of 0.10s, change 10.8, best 10.8, hazards none — one push, so `best` IS the whole leg's travel
      |     it   2  k=  4 ->   4  advanced        fix={'k': 6, 'k_float': 6.0, 'inliers': 36, 'dx': -54.74993896484375, 'dy': 17.349136352539062, 'scale': 1.0952642702095534, 'second': 23, 'detail': 'k=6 (6.00) inliers=36 second=23 dx=-55 scale=1.095 window=[2,6] fitted=[2, 3, 4, 5, 6]'}  strafe left 0.10s
      |         chain push: 1 chunk(s) of 0.40s, change 19.0, best 19.0, hazards none — one push, so `best` IS the whole leg's travel
      |     it   3  k=  7 ->   7  advanced-weak   fix={'k': 7, 'k_float': 7.0, 'inliers': 20, 'dx': -95.14942932128906, 'dy': 29.617919921875, 'scale': 1.2777785969358229, 'second': 13, 'detail': 'k=7 (7.00) inliers=20 second=13 dx=-95 scale=1.278 window=[3,7] fitted=[3, 4, 5, 6, 7]'}
      |         chain push: 1 chunk(s) of 0.40s, change 15.1, best 15.1, hazards none — one push, so `best` IS the whole leg's travel
      |     it   4  k= 10 ->  10  advanced        fix={'k': 10, 'k_float': 10.0, 'inliers': 78, 'dx': -18.23040771484375, 'dy': 39.743988037109375, 'scale': 1.0600887260481102, 'second': 30, 'detail': 'k=10 (10.00) inliers=78 second=30 dx=-18 scale=1.060 window=[6,10] fitted=[6, 7, 8, 9, 10]'}
      |         chain push: 1 chunk(s) of 0.40s, change 11.8, best 11.8, hazards none — one push, so `best` IS the whole leg's travel
      |     it   5  k= 13 ->  13  blind-advance   fix={'k': 12, 'k_float': 12.0, 'inliers': 11, 'dx': -3.5999755859375, 'dy': 18.72003173828125, 'scale': 1.2896132364716346, 'second': 10, 'detail': 'k=12 (12.00) inliers=11 second=10 dx=-4 scale=1.290 window=[9,13] fitted=[9, 12, 13]'}
      |         chain push: 1 chunk(s) of 0.40s, change 10.8, best 10.8, hazards none — one push, so `best` IS the whole leg's travel
      |     it   6  k= 16 ->  16  blind-advance   fix=None
      |         chain push: 1 chunk(s) of 0.40s, change 7.1, best 7.1, hazards none — one push, so `best` IS the whole leg's travel
      |     it   7  k= 19 ->  19  blind-advance   fix=None
      |         turn to 1.6: TURNED to 1.1 (err +0.5) in 1 push(es)
      |         turn to 271.3: TURNED to 271.1 (err +0.3) in 1 push(es)
      |         chain push: 1 chunk(s) of 0.40s, change 7.0, best 7.0, hazards none — one push, so `best` IS the whole leg's travel
      |     it   8  k= 19 ->  39  turn-retry 1/3: the stop's frame did not fit (21 inliers); one more push along 271.3
      |         turn to 1.6: TURNED to 2.1 (err -0.5) in 1 push(es)
      |     it   9  k= 39 ->  39  turned to 1.6055901753868653  (84 inliers at the stop)
      |         chain push: 1 chunk(s) of 0.40s, change 17.5, best 17.5, hazards none — one push, so `best` IS the whole leg's travel
      |         chain strafe: 1 chunk(s) of 0.10s, change 13.0, best 13.0, hazards none — one push, so `best` IS the whole leg's travel
      |     it  10  k= 40 ->  40  advanced        fix={'k': 42, 'k_float': 42.0, 'inliers': 49, 'dx': -40.57341003417969, 'dy': 378.4320373535156, 'scale': 1.4471339527130265, 'second': 43, 'detail': 'k=42 (42.00) inliers=49 second=43 dx=-41 scale=1.447 window=[38,42] fitted=[38, 39, 40, 41, 42]'}  strafe left 0.10s
      |         chain push: 1 chunk(s) of 0.40s, change 30.4, best 30.4, hazards none — one push, so `best` IS the whole leg's travel
      |         chain strafe: 1 chunk(s) of 0.12s, change 15.6, best 15.6, hazards none — one push, so `best` IS the whole leg's travel
      |     it  11  k= 40 ->  43  stalled         fix={'k': 41, 'k_float': 41.0, 'inliers': 42, 'dx': 86.59683227539062, 'dy': 319.45062255859375, 'scale': 1.3103248515548032, 'second': 37, 'detail': 'k=41 (41.00) inliers=42 second=37 dx=+87 scale=1.310 window=[39,43] fitted=[39, 40, 41, 42, 43]'}  strafe right 0.12s
      |         chain push: 1 chunk(s) of 0.40s, change 37.7, best 37.7, hazards none — one push, so `best` IS the whole leg's travel
      |         chain strafe: 1 chunk(s) of 0.12s, change 18.6, best 18.6, hazards none — one push, so `best` IS the whole leg's travel
      |     it  12  k= 43 ->  43  advanced        fix={'k': 43, 'k_float': 43.0, 'inliers': 45, 'dx': 83.75042724609375, 'dy': 283.96722412109375, 'scale': 1.4147318467095549, 'second': 42, 'detail': 'k=43 (43.00) inliers=45 second=42 dx=+84 scale=1.415 window=[39,43] fitted=[39, 40, 41, 42, 43]'}  strafe right 0.12s
      |         chain push: 1 chunk(s) of 0.40s, change 25.4, best 25.4, hazards none — one push, so `best` IS the whole leg's travel
      |         chain strafe: 1 chunk(s) of 0.10s, change 6.7, best 6.7, hazards none — one push, so `best` IS the whole leg's travel
      |     it  13  k= 43 ->  46  stalled         fix={'k': 44, 'k_float': 44.0, 'inliers': 39, 'dx': 69.60003662109375, 'dy': 267.9783935546875, 'scale': 1.462380350480499, 'second': 35, 'detail': 'k=44 (44.00) inliers=39 second=35 dx=+70 scale=1.462 window=[42,46] fitted=[42, 43, 44, 45, 46]'}  strafe right 0.10s
      |         chain push: 1 chunk(s) of 0.40s, change 24.9, best 24.9, hazards none — one push, so `best` IS the whole leg's travel
      |         chain strafe: 1 chunk(s) of 0.12s, change 7.4, best 7.4, hazards none — one push, so `best` IS the whole leg's travel
      |     it  14  k= 43 ->  46  stalled         fix={'k': 44, 'k_float': 44.0, 'inliers': 45, 'dx': 89.98052978515625, 'dy': 235.9205322265625, 'scale': 1.733035596457126, 'second': 36, 'detail': 'k=44 (44.00) inliers=45 second=36 dx=+90 scale=1.733 window=[42,46] fitted=[42, 43, 44, 45, 46]'}  strafe right 0.12s
      |         chain push: 1 chunk(s) of 0.40s, change 14.3, best 14.3, hazards none — one push, so `best` IS the whole leg's travel
      |         chain strafe: 1 chunk(s) of 0.11s, change 4.6, best 4.6, hazards none — one push, so `best` IS the whole leg's travel
      |     it  15  k= 46 ->  46  advanced        fix={'k': 46, 'k_float': 46.0, 'inliers': 31, 'dx': 82.74407958984375, 'dy': 153.07208251953125, 'scale': 1.9414251562682765, 'second': 30, 'detail': 'k=46 (46.00) inliers=31 second=30 dx=+83 scale=1.941 window=[42,46] fitted=[42, 43, 44, 45, 46]'}  strafe right 0.12s
      |         chain push: 1 chunk(s) of 0.40s, change 19.7, best 19.7, hazards none — one push, so `best` IS the whole leg's travel
      |         chain strafe: 1 chunk(s) of 0.20s, change 3.0, best 3.0, hazards SHORT — one push, so `best` IS the whole leg's travel
      |     it  16  k= 49 ->  49  advanced        fix={'k': 49, 'k_float': 49.0, 'inliers': 60, 'dx': 144.85809326171875, 'dy': 68.32044982910156, 'scale': 2.0011409418342776, 'second': 33, 'detail': 'k=49 (49.00) inliers=60 second=33 dx=+145 scale=2.001 window=[45,49] fitted=[45, 46, 47, 48, 49]'}  strafe right 0.20s
      |         chain push: 1 chunk(s) of 0.40s, change 23.5, best 23.5, hazards none — one push, so `best` IS the whole leg's travel
      |     it  17  k= 52 ->  52  advanced-weak   fix={'k': 52, 'k_float': 52.0, 'inliers': 24, 'dx': 214.967529296875, 'dy': -30.13238525390625, 'scale': 2.1743311699490553, 'second': 20, 'detail': 'k=52 (52.00) inliers=24 second=20 dx=+215 scale=2.174 window=[48,52] fitted=[48, 49, 50, 51, 52]'}
      |         chain push: 1 chunk(s) of 0.40s, change 27.8, best 27.8, hazards none — one push, so `best` IS the whole leg's travel
      |         chain strafe: 1 chunk(s) of 0.10s, change 20.3, best 20.3, hazards none — one push, so `best` IS the whole leg's travel
      |     it  18  k= 55 ->  55  advanced        fix={'k': 55, 'k_float': 55.0, 'inliers': 41, 'dx': -35.519989013671875, 'dy': 217.60000610351562, 'scale': 1.0239431279868592, 'second': 20, 'detail': 'k=55 (55.00) inliers=41 second=20 dx=-36 scale=1.024 window=[51,55] fitted=[51, 52, 53, 54, 55]'}  strafe left 0.10s
      |         chain push: 1 chunk(s) of 0.40s, change 28.9, best 28.9, hazards none — one push, so `best` IS the whole leg's travel
      |     it  19  k= 58 ->  58  advanced        fix={'k': 58, 'k_float': 58.0, 'inliers': 117, 'dx': -24.999969482421875, 'dy': 251.42404174804688, 'scale': 1.1230010276375089, 'second': 106, 'detail': 'k=58 (58.00) inliers=117 second=106 dx=-25 scale=1.123 window=[54,58] fitted=[54, 55, 56, 57, 58]'}
      |         chain push: 1 chunk(s) of 0.40s, change 23.9, best 23.9, hazards none — one push, so `best` IS the whole leg's travel
      |     it  20  k= 58 ->  61  stalled         fix={'k': 59, 'k_float': 59.0, 'inliers': 122, 'dx': -24.537582397460938, 'dy': 266.3251647949219, 'scale': 1.1446434182633312, 'second': 119, 'detail': 'k=59 (59.00) inliers=122 second=119 dx=-25 scale=1.145 window=[57,61] fitted=[57, 58, 59, 60, 61]'}
      |         chain push: 1 chunk(s) of 0.40s, change 23.0, best 23.0, hazards none — one push, so `best` IS the whole leg's travel
      |     it  21  k= 58 ->  61  stalled         fix={'k': 60, 'k_float': 60.0, 'inliers': 119, 'dx': -25.920013427734375, 'dy': 277.4000244140625, 'scale': 1.1683000940915265, 'second': 102, 'detail': 'k=60 (60.00) inliers=119 second=102 dx=-26 scale=1.168 window=[57,61] fitted=[57, 58, 59, 60, 61]'}
      |         chain push: 1 chunk(s) of 0.40s, change 14.5, best 14.5, hazards none — one push, so `best` IS the whole leg's travel
      |     it  22  k= 61 ->  61  advanced        fix={'k': 61, 'k_float': 61.0, 'inliers': 142, 'dx': -25.141128540039062, 'dy': 280.33538818359375, 'scale': 1.161092816933387, 'second': 126, 'detail': 'k=61 (61.00) inliers=142 second=126 dx=-25 scale=1.161 window=[57,61] fitted=[57, 58, 59, 60, 61]'}
      |         chain push: 1 chunk(s) of 0.40s, change 16.2, best 16.2, hazards none — one push, so `best` IS the whole leg's travel
      |     it  23  k= 61 ->  64  stalled         fix={'k': 61, 'k_float': 61.0, 'inliers': 132, 'dx': -28.03997802734375, 'dy': 286.5657958984375, 'scale': 1.2601127404929315, 'second': 120, 'detail': 'k=61 (61.00) inliers=132 second=120 dx=-28 scale=1.260 window=[60,64] fitted=[60, 61, 62, 63, 64]'}
      |         chain push: 1 chunk(s) of 0.40s, change 18.2, best 18.2, hazards none — one push, so `best` IS the whole leg's travel
      |     it  24  k= 61 ->  64  stalled         fix={'k': 60, 'k_float': 60.0, 'inliers': 109, 'dx': -33.319976806640625, 'dy': 257.4000244140625, 'scale': 1.3593403103703163, 'second': 99, 'detail': 'k=60 (60.00) inliers=109 second=99 dx=-33 scale=1.359 window=[60,64] fitted=[60, 61, 62, 63, 64]'}
      |         chain push: 1 chunk(s) of 0.40s, change 16.4, best 16.4, hazards none — one push, so `best` IS the whole leg's travel
      |         chain strafe: 1 chunk(s) of 0.10s, change 7.0, best 7.0, hazards none — one push, so `best` IS the whole leg's travel
      |     it  25  k= 61 ->  64  stalled         fix={'k': 61, 'k_float': 61.0, 'inliers': 128, 'dx': -35.8079833984375, 'dy': 231.0157012939453, 'scale': 1.419567799452133, 'second': 110, 'detail': 'k=61 (61.00) inliers=128 second=110 dx=-36 scale=1.420 window=[60,64] fitted=[60, 61, 62, 63, 64]'}  strafe left 0.10s
      |         chain push: 1 chunk(s) of 0.40s, change 16.5, best 16.5, hazards none — one push, so `best` IS the whole leg's travel
      |     it  26  k= 61 ->  64  escape:jump     fix={'k': 62, 'k_float': 62.0, 'inliers': 114, 'dx': -26.956756591796875, 'dy': 231.04612731933594, 'scale': 1.5000529059819183, 'second': 108, 'detail': 'k=62 (62.00) inliers=114 second=108 dx=-27 scale=1.500 window=[60,64] fitted=[60, 61, 62, 63, 64]'}
      |         chain push: 1 chunk(s) of 0.40s, change 20.6, best 20.6, hazards none — one push, so `best` IS the whole leg's travel
      |         chain strafe: 1 chunk(s) of 0.10s, change 12.0, best 12.0, hazards none — one push, so `best` IS the whole leg's travel
      |     it  27  k= 61 ->  64  stalled         fix={'k': 60, 'k_float': 60.0, 'inliers': 106, 'dx': -37.11836242675781, 'dy': 231.26455688476562, 'scale': 1.7832092473363013, 'second': 99, 'detail': 'k=60 (60.00) inliers=106 second=99 dx=-37 scale=1.783 window=[60,64] fitted=[60, 61, 62, 63, 64]'}  strafe left 0.10s
      |         chain push: 1 chunk(s) of 0.40s, change 18.7, best 18.7, hazards none — one push, so `best` IS the whole leg's travel
      |     it  28  k= 61 ->  64  stalled         fix={'k': 60, 'k_float': 60.0, 'inliers': 105, 'dx': -19.500732421875, 'dy': 242.02565002441406, 'scale': 1.9357715380219251, 'second': 90, 'detail': 'k=60 (60.00) inliers=105 second=90 dx=-20 scale=1.936 window=[60,64] fitted=[60, 61, 62, 63, 64]'}
      |         chain push: 1 chunk(s) of 0.40s, change 20.8, best 20.8, hazards none — one push, so `best` IS the whole leg's travel
      |     it  29  k= 61 ->  64  stalled         fix={'k': 61, 'k_float': 61.0, 'inliers': 111, 'dx': -21.64794921875, 'dy': 250.99786376953125, 'scale': 2.1400435425195665, 'second': 101, 'detail': 'k=61 (61.00) inliers=111 second=101 dx=-22 scale=2.140 window=[60,64] fitted=[60, 61, 62, 63, 64]'}
      |         chain push: 1 chunk(s) of 0.40s, change 24.0, best 24.0, hazards none — one push, so `best` IS the whole leg's travel
      |     it  30  k= 64 ->  64  advanced-weak   fix={'k': 61, 'k_float': 61.0, 'inliers': 22, 'dx': -22.21075439453125, 'dy': 264.83038330078125, 'scale': 2.258412882256094, 'second': 22, 'detail': 'k=61 (61.00) inliers=22 second=22 dx=-22 scale=2.258 window=[60,64] fitted=[60, 61, 62, 63, 64]'}
      |     it  31  k=109 ->  88  relocalised past the stop: 175 inliers at 109
      |         chain push: 1 chunk(s) of 0.40s, change 26.7, best 26.7, hazards none — one push, so `best` IS the whole leg's travel
      |         chain strafe: 1 chunk(s) of 0.11s, change 2.7, best 2.7, hazards SHORT — one push, so `best` IS the whole leg's travel
      |     it  32  k=109 -> 112  stalled         fix={'k': 109, 'k_float': 108.51259464634981, 'inliers': 179, 'dx': -77.0, 'dy': -10.0, 'scale': 0.9652022371560067, 'second': 167, 'detail': 'k=109 (108.51) inliers=179 second=167 dx=-77 scale=0.965 window=[108,112] fitted=[108, 109, 110, 111, 112]'}  strafe left 0.11s
      |         chain push: 1 chunk(s) of 0.40s, change 25.3, best 25.3, hazards none — one push, so `best` IS the whole leg's travel
      |         chain strafe: 1 chunk(s) of 0.10s, change 9.7, best 9.7, hazards none — one push, so `best` IS the whole leg's travel
      |     it  33  k=109 -> 112  stalled         fix={'k': 108, 'k_float': 110.66545834227178, 'inliers': 164, 'dx': -73.28099060058594, 'dy': -34.55999755859375, 'scale': 1.225253410750236, 'second': 133, 'detail': 'k=108 (110.67) inliers=164 second=133 dx=-73 scale=1.225 window=[108,112] fitted=[108, 109, 110, 111, 112]'}  strafe left 0.10s
      |         chain push: 1 chunk(s) of 0.40s, change 19.9, best 19.9, hazards none — one push, so `best` IS the whole leg's travel
      |         chain strafe: 1 chunk(s) of 0.10s, change 11.6, best 11.6, hazards none — one push, so `best` IS the whole leg's travel
      |     it  34  k=109 -> 112  stalled         fix={'k': 108, 'k_float': 108.0, 'inliers': 175, 'dx': -51.15997314453125, 'dy': -47.865570068359375, 'scale': 1.4353479749659088, 'second': 151, 'detail': 'k=108 (108.00) inliers=175 second=151 dx=-51 scale=1.435 window=[108,112] fitted=[108, 109, 110, 111, 112]'}  strafe left 0.10s
      |         chain push: 1 chunk(s) of 0.40s, change 19.6, best 19.6, hazards none — one push, so `best` IS the whole leg's travel
      |         chain strafe: 1 chunk(s) of 0.14s, change 12.6, best 12.6, hazards none — one push, so `best` IS the whole leg's travel
      |     it  35  k=112 -> 112  advanced        fix={'k': 112, 'k_float': 112.0, 'inliers': 149, 'dx': -101.60638427734375, 'dy': -37.920013427734375, 'scale': 1.2587789062315484, 'second': 123, 'detail': 'k=112 (112.00) inliers=149 second=123 dx=-102 scale=1.259 window=[108,112] fitted=[108, 109, 110, 111, 112]'}  strafe left 0.14s
      |         chain push: 1 chunk(s) of 0.40s, change 19.7, best 19.7, hazards none — one push, so `best` IS the whole leg's travel
      |         chain strafe: 1 chunk(s) of 0.12s, change 14.1, best 14.1, hazards none — one push, so `best` IS the whole leg's travel
      |     it  36  k=114 -> 114  advanced        fix={'k': 114, 'k_float': 114.0, 'inliers': 122, 'dx': -84.10061645507812, 'dy': -46.079994201660156, 'scale': 1.2789862824516165, 'second': 99, 'detail': 'k=114 (114.00) inliers=122 second=99 dx=-84 scale=1.279 window=[111,115] fitted=[111, 112, 113, 114, 115]'}  strafe left 0.12s
      |         turn to 303.3: TURNED to 304.0 (err -0.6) in 3 push(es)
      |     it  37  k=129 -> 129  turned to 303.34476843910807  (199 inliers at the stop)
      |         turn to 299.8: TURNED to 299.9 (err -0.2) in 1 push(es)
      |         chain push: 1 chunk(s) of 0.40s, change 11.8, best 11.8, hazards none — one push, so `best` IS the whole leg's travel
      |         chain strafe: 1 chunk(s) of 0.10s, change 9.3, best 9.3, hazards none — one push, so `best` IS the whole leg's travel
      |     it  38  k=129 -> 130  stalled         fix={'k': 129, 'k_float': 129.0, 'inliers': 125, 'dx': 61.0, 'dy': -41.5999755859375, 'scale': 1.1104959723611565, 'second': 122, 'detail': 'k=129 (129.00) inliers=125 second=122 dx=+61 scale=1.110 window=[128,132] fitted=[128, 129, 130, 131, 132]'}  strafe right 0.10s
      |         chain push: 1 chunk(s) of 0.40s, change 14.7, best 14.7, hazards none — one push, so `best` IS the whole leg's travel
      |     it  39  k=129 -> 130  stalled         fix={'k': 129, 'k_float': 129.0, 'inliers': 147, 'dx': 2.4000244140625, 'dy': -54.5999755859375, 'scale': 1.3340316888048431, 'second': 138, 'detail': 'k=129 (129.00) inliers=147 second=138 dx=+2 scale=1.334 window=[128,132] fitted=[128, 129, 130, 131, 132]'}
      |         chain push: 1 chunk(s) of 0.40s, change 22.7, best 22.7, hazards none — one push, so `best` IS the whole leg's travel
      |     it  40  k=129 -> 130  stalled         fix={'k': 129, 'k_float': 129.0, 'inliers': 159, 'dx': -23.597503662109375, 'dy': -71.3280029296875, 'scale': 1.6239252500171981, 'second': 148, 'detail': 'k=129 (129.00) inliers=159 second=148 dx=-24 scale=1.624 window=[128,132] fitted=[128, 129, 130, 131, 132]'}
      |         chain push: 1 chunk(s) of 0.40s, change 23.7, best 23.7, hazards none — one push, so `best` IS the whole leg's travel
      |         chain strafe: 1 chunk(s) of 0.30s, change 25.1, best 25.1, hazards none — one push, so `best` IS the whole leg's travel
      |     it  41  k=129 -> 130  escape:left     fix={'k': 128, 'k_float': 128.0, 'inliers': 108, 'dx': 38.42083740234375, 'dy': -101.74203491210938, 'scale': 1.9537152590263531, 'second': 103, 'detail': 'k=128 (128.00) inliers=108 second=103 dx=+38 scale=1.954 window=[128,132] fitted=[128, 129, 130, 131, 132]'}
      |         chain push: 1 chunk(s) of 0.40s, change 25.3, best 25.3, hazards none — one push, so `best` IS the whole leg's travel
      |         chain strafe: 1 chunk(s) of 0.11s, change 20.0, best 20.0, hazards none — one push, so `best` IS the whole leg's travel
      |     it  42  k=129 -> 130  stalled         fix={'k': 129, 'k_float': 129.0, 'inliers': 74, 'dx': 77.34806823730469, 'dy': -151.36790466308594, 'scale': 2.5709135048878258, 'second': 67, 'detail': 'k=129 (129.00) inliers=74 second=67 dx=+77 scale=2.571 window=[128,132] fitted=[128, 129, 130, 131, 132]'}  strafe right 0.11s
      |         chain push: 1 chunk(s) of 0.40s, change 33.2, best 33.2, hazards none — one push, so `best` IS the whole leg's travel
      |     it  43  k=130 -> 130  blind-advance   fix={'k': 130, 'k_float': 130.0, 'inliers': 11, 'dx': -164.5081787109375, 'dy': -162.85772705078125, 'scale': 3.8581951836566866, 'second': 7, 'detail': 'k=130 (130.00) inliers=11 second=7 dx=-165 scale=3.858 window=[128,132] fitted=[129, 130, 132]'}
      |         turn to 298.3: NO-OP, already inside 4.0 deg (at 299.9, err -1.7) — nothing was sent, the recorded curve was discarded, and the caller's step line will look like a turn that happened
      |         chain push: 1 chunk(s) of 0.40s, change 42.6, best 42.6, hazards none — one push, so `best` IS the whole leg's travel
      |     it  44  k=133 -> 133  blind-advance   fix={'k': 133, 'k_float': 133.0, 'inliers': 11, 'dx': 196.4415283203125, 'dy': -105.17523193359375, 'scale': 1.762801202685704, 'second': 11, 'detail': 'k=133 (133.00) inliers=11 second=11 dx=+196 scale=1.763 window=[129,133] fitted=[129, 130, 131, 132, 133]'}
      |         chain push: 1 chunk(s) of 0.40s, change 51.3, best 51.3, hazards none — one push, so `best` IS the whole leg's travel
      |     it  45  k=136 -> 136  advanced-weak   fix={'k': 134, 'k_float': 134.0, 'inliers': 21, 'dx': 93.07794189453125, 'dy': -15.513214111328125, 'scale': 2.15123882495216, 'second': 19, 'detail': 'k=134 (134.00) inliers=21 second=19 dx=+93 scale=2.151 window=[132,136] fitted=[132, 133, 134, 135, 136]'}
      |         chain push: 1 chunk(s) of 0.40s, change 38.6, best 38.6, hazards none — one push, so `best` IS the whole leg's travel
      |         chain strafe: 1 chunk(s) of 0.10s, change 21.4, best 21.4, hazards none — one push, so `best` IS the whole leg's travel
      |     it  46  k=139 -> 139  advanced        fix={'k': 139, 'k_float': 139.0, 'inliers': 31, 'dx': 42.220947265625, 'dy': -51.383758544921875, 'scale': 1.75041493392685, 'second': 25, 'detail': 'k=139 (139.00) inliers=31 second=25 dx=+42 scale=1.750 window=[135,139] fitted=[135, 136, 137, 138, 139]'}  strafe right 0.10s
      |         chain push: 1 chunk(s) of 0.40s, change 14.1, best 14.1, hazards none — one push, so `best` IS the whole leg's travel
      |         chain strafe: 1 chunk(s) of 0.10s, change 19.2, best 19.2, hazards none — one push, so `best` IS the whole leg's travel
      |     it  47  k=142 -> 142  advanced        fix={'k': 142, 'k_float': 142.0, 'inliers': 60, 'dx': -40.803985595703125, 'dy': -54.707977294921875, 'scale': 1.5532683241523566, 'second': 60, 'detail': 'k=142 (142.00) inliers=60 second=60 dx=-41 scale=1.553 window=[138,142] fitted=[138, 139, 140, 141, 142]'}  strafe left 0.10s
      |         turn to 2.2: TURNED to 1.9 (err +0.4) in 1 push(es)
      |     it  48  k=166 -> 166  turned to 2.2489998976495684  (64 inliers at the stop)
      |         chain push: 1 chunk(s) of 0.40s, change 16.8, best 16.8, hazards none — one push, so `best` IS the whole leg's travel
      |         chain strafe: 1 chunk(s) of 0.30s, change 27.8, best 27.8, hazards none — one push, so `best` IS the whole leg's travel
      |     it  49  k=166 -> 167  stalled         fix={'k': 166, 'k_float': 166.0, 'inliers': 55, 'dx': 412.43914794921875, 'dy': -65.91995239257812, 'scale': 1.6880326988264884, 'second': 42, 'detail': 'k=166 (166.00) inliers=55 second=42 dx=+412 scale=1.688 window=[165,169] fitted=[165, 166, 167, 168, 169]'}  strafe right 0.30s
      |         chain push: 1 chunk(s) of 0.40s, change 43.1, best 43.1, hazards none — one push, so `best` IS the whole leg's travel
      |         chain strafe: 1 chunk(s) of 0.10s, change 37.1, best 37.1, hazards none — one push, so `best` IS the whole leg's travel
      |     it  50  k=167 -> 167  advanced        fix={'k': 169, 'k_float': 169.0, 'inliers': 56, 'dx': 60.12001037597656, 'dy': -94.35294342041016, 'scale': 1.2550977388172055, 'second': 52, 'detail': 'k=169 (169.00) inliers=56 second=52 dx=+60 scale=1.255 window=[165,169] fitted=[165, 166, 167, 168, 169]'}  strafe right 0.10s
      |         turn to 4.3: NO-OP, already inside 4.0 deg (at 1.9, err +2.4) — nothing was sent, the recorded curve was discarded, and the caller's step line will look like a turn that happened
      |         chain push: 1 chunk(s) of 0.40s, change 42.8, best 42.8, hazards none — one push, so `best` IS the whole leg's travel
      |         chain strafe: 1 chunk(s) of 0.18s, change 40.0, best 40.0, hazards none — one push, so `best` IS the whole leg's travel
      |     it  51  k=169 -> 169  advanced        fix={'k': 170, 'k_float': 170.0, 'inliers': 52, 'dx': 131.3402557373047, 'dy': -116.24827575683594, 'scale': 1.412729853437609, 'second': 45, 'detail': 'k=170 (170.00) inliers=52 second=45 dx=+131 scale=1.413 window=[166,170] fitted=[166, 167, 168, 169, 170]'}  strafe right 0.18s
      |         turn to 2.2: NO-OP, already inside 4.0 deg (at 1.9, err +0.3) — nothing was sent, the recorded curve was discarded, and the caller's step line will look like a turn that happened
      |         chain push: 1 chunk(s) of 0.40s, change 37.7, best 37.7, hazards none — one push, so `best` IS the whole leg's travel
      |     it  52  k=171 -> 171  advanced        fix={'k': 172, 'k_float': 172.0, 'inliers': 117, 'dx': -18.720001220703125, 'dy': -115.0, 'scale': 1.204305529535709, 'second': 95, 'detail': 'k=172 (172.00) inliers=117 second=95 dx=-19 scale=1.204 window=[168,172] fitted=[168, 169, 170, 171, 172]'}
      |         chain push: 1 chunk(s) of 0.40s, change 32.5, best 32.5, hazards none — one push, so `best` IS the whole leg's travel
      |     it  53  k=173 -> 173  advanced        fix={'k': 174, 'k_float': 174.0, 'inliers': 113, 'dx': -24.199996948242188, 'dy': -114.04798889160156, 'scale': 1.1329694055791788, 'second': 101, 'detail': 'k=174 (174.00) inliers=113 second=101 dx=-24 scale=1.133 window=[170,174] fitted=[170, 171, 172, 173, 174]'}
      |         chain push: 1 chunk(s) of 0.40s, change 33.9, best 33.9, hazards none — one push, so `best` IS the whole leg's travel
      |     it  54  k=173 -> 176  stalled         fix={'k': 175, 'k_float': 175.0, 'inliers': 75, 'dx': 17.07269287109375, 'dy': -130.39999389648438, 'scale': 1.4060309550042325, 'second': 73, 'detail': 'k=175 (175.00) inliers=75 second=73 dx=+17 scale=1.406 window=[172,176] fitted=[172, 173, 174, 175, 176]'}
      |         chain push: 1 chunk(s) of 0.40s, change 40.2, best 40.2, hazards none — one push, so `best` IS the whole leg's travel
      |         chain strafe: 1 chunk(s) of 0.10s, change 20.1, best 20.1, hazards none — one push, so `best` IS the whole leg's travel
      |     it  55  k=176 -> 176  advanced        fix={'k': 176, 'k_float': 176.0, 'inliers': 39, 'dx': 41.62762451171875, 'dy': -181.99295043945312, 'scale': 2.089865996679442, 'second': 25, 'detail': 'k=176 (176.00) inliers=39 second=25 dx=+42 scale=2.090 window=[172,176] fitted=[172, 173, 174, 175, 176]'}  strafe right 0.10s
      |         turn to 89.5: TURNED to 89.3 (err +0.2) in 1 push(es)
      |     it  56  k=196 -> 196  turned to 89.491477293153  (93 inliers at the stop)
      |         chain push: 1 chunk(s) of 0.40s, change 36.0, best 36.0, hazards none — one push, so `best` IS the whole leg's travel
      |         chain strafe: 1 chunk(s) of 0.30s, change 28.3, best 28.3, hazards none — one push, so `best` IS the whole leg's travel
      |     it  57  k=196 -> 197  stalled         fix={'k': 195, 'k_float': 195.0, 'inliers': 128, 'dx': 321.36004638671875, 'dy': -40.144775390625, 'scale': 1.2425054635542196, 'second': 118, 'detail': 'k=195 (195.00) inliers=128 second=118 dx=+321 scale=1.243 window=[195,199] fitted=[195, 196, 197, 198, 199]'}  strafe right 0.30s
      |         chain push: 1 chunk(s) of 0.40s, change 39.8, best 39.8, hazards none — one push, so `best` IS the whole leg's travel
      |         chain strafe: 1 chunk(s) of 0.30s, change 29.2, best 29.2, hazards none — one push, so `best` IS the whole leg's travel
      |     it  58  k=197 -> 197  advanced        fix={'k': 199, 'k_float': 199.0, 'inliers': 152, 'dx': 288.8480224609375, 'dy': -36.96412658691406, 'scale': 1.4455167182794848, 'second': 113, 'detail': 'k=199 (199.00) inliers=152 second=113 dx=+289 scale=1.446 window=[195,199] fitted=[195, 196, 197, 198, 199]'}  strafe right 0.30s
      |         chain push: 1 chunk(s) of 0.40s, change 46.7, best 46.7, hazards none — one push, so `best` IS the whole leg's travel
      |         chain strafe: 1 chunk(s) of 0.30s, change 42.3, best 42.3, hazards none — one push, so `best` IS the whole leg's travel
      |     it  59  k=200 -> 200  advanced        fix={'k': 200, 'k_float': 200.0, 'inliers': 111, 'dx': 238.25677490234375, 'dy': 15.517547607421875, 'scale': 1.9355416446709746, 'second': 78, 'detail': 'k=200 (200.00) inliers=111 second=78 dx=+238 scale=1.936 window=[196,200] fitted=[196, 197, 198, 199, 200]'}  strafe right 0.30s
      |         chain push: 1 chunk(s) of 0.40s, change 41.6, best 41.6, hazards none — one push, so `best` IS the whole leg's travel
      |   chain_walk: ARRIVED at iteration 60, k=200 (target 203 of 204), 54 push(es)
[ 9] ARRIVED   k=200/205  it=60  pushes=54  seconds=101.7 (walk 86.64, setup 13.4)  failure=None
      |   pause menu open (selected 'Resume')
      |   selected: Load Last Save
      |   confirmation dialog up (delta 81.9) -> YES
      |   world back after 3.2s, spawn bearing 87 (E)
      |   setup 13.1s (reset 10.6s, Chain.load 2.6s for 205 waypoints) of a 180s budget
      |   chain_walk: 205 waypoints -> plan of 47 targets (41 push, 6 turn-only); the prompt is checked on every iteration; k rises by at most 1 per iteration, so >= 204 iteration(s). The 400s cap allows 1.96s each. At the last waypoint the walk may spend 3 more iteration(s) — 0.540 walk-units of forward push against OPEN-22's measured 0.05 — and then gives up rather than walking on past the table.
      |         turn to 271.3: TURNED to 273.8 (err -2.5) in 2 push(es)
      |     it   1  k=  3 ->   3  turned to 271.3168428039934  (161 inliers at the stop)
      |         chain push: 1 chunk(s) of 0.40s, change 21.2, best 21.2, hazards none — one push, so `best` IS the whole leg's travel
      |     it   2  k=  4 ->   4  advanced        fix={'k': 6, 'k_float': 6.0, 'inliers': 30, 'dx': -25.812164306640625, 'dy': 17.34912109375, 'scale': 1.1117550089248767, 'second': 22, 'detail': 'k=6 (6.00) inliers=30 second=22 dx=-26 scale=1.112 window=[2,6] fitted=[2, 3, 4, 5, 6]'}
      |         chain push: 1 chunk(s) of 0.40s, change 20.3, best 20.3, hazards none — one push, so `best` IS the whole leg's travel
      |     it   3  k=  7 ->   7  advanced-weak   fix={'k': 7, 'k_float': 7.0, 'inliers': 15, 'dx': -102.0211181640625, 'dy': 31.35284423828125, 'scale': 1.305337483545709, 'second': 14, 'detail': 'k=7 (7.00) inliers=15 second=14 dx=-102 scale=1.305 window=[3,7] fitted=[3, 4, 5, 6, 7]'}
      |         chain push: 1 chunk(s) of 0.40s, change 16.1, best 16.1, hazards none — one push, so `best` IS the whole leg's travel
      |     it   4  k= 10 ->  10  advanced-weak   fix={'k': 10, 'k_float': 10.0, 'inliers': 16, 'dx': -80.37267303466797, 'dy': 35.61573791503906, 'scale': 1.2884827243365833, 'second': 13, 'detail': 'k=10 (10.00) inliers=16 second=13 dx=-80 scale=1.288 window=[6,10] fitted=[6, 7, 8, 9, 10]'}
      |         chain push: 1 chunk(s) of 0.40s, change 11.0, best 11.0, hazards none — one push, so `best` IS the whole leg's travel
      |     it   5  k= 13 ->  13  blind-advance   fix={'k': 13, 'k_float': 13.0, 'inliers': 6, 'dx': -1.27166748046875, 'dy': 47.69425964355469, 'scale': 1.7030205577338127, 'second': 0, 'detail': 'k=13 (13.00) inliers=6 second=0 dx=-1 scale=1.703 window=[9,13] fitted=[13]'}
      |         chain push: 1 chunk(s) of 0.40s, change 9.4, best 9.4, hazards none — one push, so `best` IS the whole leg's travel
      |     it   6  k= 16 ->  16  blind-advance   fix=None
      |         chain push: 1 chunk(s) of 0.40s, change 7.7, best 7.7, hazards none — one push, so `best` IS the whole leg's travel
      |     it   7  k= 19 ->  19  blind-advance   fix=None
      |         turn to 1.6: TURNED to 3.5 (err -1.9) in 3 push(es)
      |     it   8  k= 39 ->  39  turned to 1.6055901753868653  (30 inliers at the stop)
      |         chain push: 1 chunk(s) of 0.40s, change 15.8, best 15.8, hazards none — one push, so `best` IS the whole leg's travel
      |         chain strafe: 1 chunk(s) of 0.10s, change 11.5, best 11.5, hazards none — one push, so `best` IS the whole leg's travel
      |     it   9  k= 40 ->  40  advanced        fix={'k': 42, 'k_float': 42.0, 'inliers': 47, 'dx': -40.55999755859375, 'dy': 293.8209228515625, 'scale': 1.2286794984855103, 'second': 43, 'detail': 'k=42 (42.00) inliers=47 second=43 dx=-41 scale=1.229 window=[38,42] fitted=[38, 39, 40, 41, 42]'}  strafe left 0.10s
      |         chain push: 1 chunk(s) of 0.40s, change 23.8, best 23.8, hazards none — one push, so `best` IS the whole leg's travel
      |         chain strafe: 1 chunk(s) of 0.10s, change 10.8, best 10.8, hazards none — one push, so `best` IS the whole leg's travel
      |     it  10  k= 43 ->  43  advanced        fix={'k': 43, 'k_float': 43.0, 'inliers': 29, 'dx': -38.0, 'dy': 330.9466552734375, 'scale': 1.1317239243864792, 'second': 27, 'detail': 'k=43 (43.00) inliers=29 second=27 dx=-38 scale=1.132 window=[39,43] fitted=[39, 40, 41, 42, 43]'}  strafe left 0.10s
      |         chain push: 1 chunk(s) of 0.40s, change 34.0, best 34.0, hazards none — one push, so `best` IS the whole leg's travel
      |     it  11  k= 46 ->  46  advanced        fix={'k': 46, 'k_float': 46.0, 'inliers': 45, 'dx': -34.79998779296875, 'dy': 274.71063232421875, 'scale': 1.2277504606597685, 'second': 41, 'detail': 'k=46 (46.00) inliers=45 second=41 dx=-35 scale=1.228 window=[42,46] fitted=[42, 43, 44, 45, 46]'}
      |         chain push: 1 chunk(s) of 0.40s, change 33.6, best 33.6, hazards none — one push, so `best` IS the whole leg's travel
      |         chain strafe: 1 chunk(s) of 0.10s, change 9.5, best 9.5, hazards none — one push, so `best` IS the whole leg's travel
      |     it  12  k= 49 ->  49  advanced        fix={'k': 49, 'k_float': 49.0, 'inliers': 178, 'dx': -50.280029296875, 'dy': 256.44000244140625, 'scale': 1.1900676878828749, 'second': 140, 'detail': 'k=49 (49.00) inliers=178 second=140 dx=-50 scale=1.190 window=[45,49] fitted=[45, 46, 47, 48, 49]'}  strafe left 0.10s
      |         chain push: 1 chunk(s) of 0.40s, change 20.3, best 20.3, hazards none — one push, so `best` IS the whole leg's travel
      |         chain strafe: 1 chunk(s) of 0.10s, change 5.9, best 5.9, hazards none — one push, so `best` IS the whole leg's travel
      |     it  13  k= 52 ->  52  advanced        fix={'k': 52, 'k_float': 52.0, 'inliers': 155, 'dx': -48.79998779296875, 'dy': 249.0, 'scale': 1.145016541011426, 'second': 149, 'detail': 'k=52 (52.00) inliers=155 second=149 dx=-49 scale=1.145 window=[48,52] fitted=[48, 49, 50, 51, 52]'}  strafe left 0.10s
      |         chain push: 1 chunk(s) of 0.40s, change 16.4, best 16.4, hazards none — one push, so `best` IS the whole leg's travel
      |     it  14  k= 52 ->  55  stalled         fix={'k': 53, 'k_float': 53.0, 'inliers': 134, 'dx': 6.48602294921875, 'dy': 208.58001708984375, 'scale': 1.2538648985141863, 'second': 131, 'detail': 'k=53 (53.00) inliers=134 second=131 dx=+6 scale=1.254 window=[51,55] fitted=[51, 52, 53, 54, 55]'}
      |         chain push: 1 chunk(s) of 0.40s, change 18.4, best 18.4, hazards none — one push, so `best` IS the whole leg's travel
      |         chain strafe: 1 chunk(s) of 0.10s, change 9.6, best 9.6, hazards none — one push, so `best` IS the whole leg's travel
      |     it  15  k= 52 ->  55  stalled         fix={'k': 54, 'k_float': 54.0, 'inliers': 95, 'dx': 43.60003662109375, 'dy': 162.238525390625, 'scale': 1.4195419653312293, 'second': 84, 'detail': 'k=54 (54.00) inliers=95 second=84 dx=+44 scale=1.420 window=[51,55] fitted=[51, 52, 53, 54, 55]'}  strafe right 0.10s
      |         chain push: 1 chunk(s) of 0.40s, change 23.7, best 23.7, hazards none — one push, so `best` IS the whole leg's travel
      |         chain strafe: 1 chunk(s) of 0.10s, change 13.7, best 13.7, hazards none — one push, so `best` IS the whole leg's travel
      |     it  16  k= 55 ->  55  advanced        fix={'k': 55, 'k_float': 55.0, 'inliers': 43, 'dx': -62.207977294921875, 'dy': 251.0, 'scale': 1.1145284055711586, 'second': 39, 'detail': 'k=55 (55.00) inliers=43 second=39 dx=-62 scale=1.115 window=[51,55] fitted=[51, 52, 53, 54, 55]'}  strafe left 0.10s
      |         chain push: 1 chunk(s) of 0.40s, change 27.8, best 27.8, hazards none — one push, so `best` IS the whole leg's travel
      |         chain strafe: 1 chunk(s) of 0.10s, change 2.5, best 2.5, hazards SHORT — one push, so `best` IS the whole leg's travel
      |     it  17  k= 58 ->  58  advanced        fix={'k': 58, 'k_float': 58.0, 'inliers': 80, 'dx': -54.97999572753906, 'dy': 273.6000061035156, 'scale': 1.0154356280433294, 'second': 72, 'detail': 'k=58 (58.00) inliers=80 second=72 dx=-55 scale=1.015 window=[54,58] fitted=[54, 55, 56, 57, 58]'}  strafe left 0.10s
      |         chain push: 1 chunk(s) of 0.40s, change 29.9, best 29.9, hazards none — one push, so `best` IS the whole leg's travel
      |         chain strafe: 1 chunk(s) of 0.10s, change 18.5, best 18.5, hazards none — one push, so `best` IS the whole leg's travel
      |     it  18  k= 61 ->  61  advanced        fix={'k': 61, 'k_float': 61.0, 'inliers': 133, 'dx': -55.0, 'dy': 299.52001953125, 'scale': 1.0249947075605073, 'second': 105, 'detail': 'k=61 (61.00) inliers=133 second=105 dx=-55 scale=1.025 window=[57,61] fitted=[57, 58, 59, 60, 61]'}  strafe left 0.10s
      |         chain push: 1 chunk(s) of 0.40s, change 27.8, best 27.8, hazards none — one push, so `best` IS the whole leg's travel
      |         chain strafe: 1 chunk(s) of 0.10s, change 12.2, best 12.2, hazards none — one push, so `best` IS the whole leg's travel
      |     it  19  k= 64 ->  64  advanced        fix={'k': 64, 'k_float': 64.0, 'inliers': 153, 'dx': -44.789794921875, 'dy': 293.760009765625, 'scale': 1.0003417724738406, 'second': 133, 'detail': 'k=64 (64.00) inliers=153 second=133 dx=-45 scale=1.000 window=[60,64] fitted=[60, 61, 62, 63, 64]'}  strafe left 0.10s
      |     it  20  k= 88 ->  88  turned (skipped, same heading) to 1.3495539744498237  (185 inliers at the stop)
      |         chain push: 1 chunk(s) of 0.40s, change 23.4, best 23.4, hazards none — one push, so `best` IS the whole leg's travel
      |         chain strafe: 1 chunk(s) of 0.10s, change 9.2, best 9.2, hazards none — one push, so `best` IS the whole leg's travel
      |     it  21  k= 89 ->  89  advanced        fix={'k': 91, 'k_float': 91.0, 'inliers': 127, 'dx': -41.0, 'dy': 11.943939208984375, 'scale': 1.0115941416454073, 'second': 110, 'detail': 'k=91 (91.00) inliers=127 second=110 dx=-41 scale=1.012 window=[87,91] fitted=[87, 88, 89, 90, 91]'}  strafe left 0.10s
      |         chain push: 1 chunk(s) of 0.40s, change 15.3, best 15.3, hazards none — one push, so `best` IS the whole leg's travel
      |         chain strafe: 1 chunk(s) of 0.10s, change 8.6, best 8.6, hazards none — one push, so `best` IS the whole leg's travel
      |     it  22  k= 89 ->  92  stalled         fix={'k': 89, 'k_float': 89.0, 'inliers': 109, 'dx': -42.79998779296875, 'dy': -29.445114135742188, 'scale': 1.193202675356387, 'second': 104, 'detail': 'k=89 (89.00) inliers=109 second=104 dx=-43 scale=1.193 window=[88,92] fitted=[88, 89, 90, 91, 92]'}  strafe left 0.10s
      |         chain push: 1 chunk(s) of 0.40s, change 18.6, best 18.6, hazards none — one push, so `best` IS the whole leg's travel
      |     it  23  k= 89 ->  92  stalled         fix={'k': 89, 'k_float': 89.0, 'inliers': 77, 'dx': -33.199981689453125, 'dy': -18.662353515625, 'scale': 1.203559239069608, 'second': 74, 'detail': 'k=89 (89.00) inliers=77 second=74 dx=-33 scale=1.204 window=[88,92] fitted=[88, 89, 90, 91, 92]'}
      |         chain push: 1 chunk(s) of 0.40s, change 18.7, best 18.7, hazards none — one push, so `best` IS the whole leg's travel
      |         chain strafe: 1 chunk(s) of 0.10s, change 7.9, best 7.9, hazards none — one push, so `best` IS the whole leg's travel
      |     it  24  k= 89 ->  92  stalled         fix={'k': 90, 'k_float': 90.0, 'inliers': 61, 'dx': -38.59197998046875, 'dy': -32.111968994140625, 'scale': 1.3192870199316573, 'second': 59, 'detail': 'k=90 (90.00) inliers=61 second=59 dx=-39 scale=1.319 window=[88,92] fitted=[88, 89, 90, 91, 92]'}  strafe left 0.10s
      |         chain push: 1 chunk(s) of 0.40s, change 16.9, best 16.9, hazards none — one push, so `best` IS the whole leg's travel
      |     it  25  k= 89 ->  92  escape:jump     fix={'k': 91, 'k_float': 91.0, 'inliers': 90, 'dx': -34.799957275390625, 'dy': -33.035980224609375, 'scale': 1.4345904584814837, 'second': 87, 'detail': 'k=91 (91.00) inliers=90 second=87 dx=-35 scale=1.435 window=[88,92] fitted=[88, 89, 90, 91, 92]'}
      |         chain push: 1 chunk(s) of 0.40s, change 23.7, best 23.7, hazards none — one push, so `best` IS the whole leg's travel
      |         chain strafe: 1 chunk(s) of 0.10s, change 10.8, best 10.8, hazards none — one push, so `best` IS the whole leg's travel
      |     it  26  k= 89 ->  92  stalled         fix={'k': 90, 'k_float': 90.0, 'inliers': 81, 'dx': -40.178009033203125, 'dy': -27.63836669921875, 'scale': 1.6241225029655364, 'second': 76, 'detail': 'k=90 (90.00) inliers=81 second=76 dx=-40 scale=1.624 window=[88,92] fitted=[88, 89, 90, 91, 92]'}  strafe left 0.10s
      |         chain push: 1 chunk(s) of 0.40s, change 24.3, best 24.3, hazards none — one push, so `best` IS the whole leg's travel
      |     it  27  k= 92 ->  92  advanced        fix={'k': 92, 'k_float': 92.0, 'inliers': 52, 'dx': -25.4637451171875, 'dy': -15.925186157226562, 'scale': 1.8299666414307094, 'second': 39, 'detail': 'k=92 (92.00) inliers=52 second=39 dx=-25 scale=1.830 window=[88,92] fitted=[88, 89, 90, 91, 92]'}
      |         chain push: 1 chunk(s) of 0.40s, change 29.7, best 29.7, hazards none — one push, so `best` IS the whole leg's travel
      |     it  28  k= 94 ->  94  advanced        fix={'k': 95, 'k_float': 95.0, 'inliers': 44, 'dx': -26.915069580078125, 'dy': -22.74395751953125, 'scale': 1.9724759621655337, 'second': 18, 'detail': 'k=95 (95.00) inliers=44 second=18 dx=-27 scale=1.972 window=[91,95] fitted=[91, 92, 93, 94, 95]'}
      |         chain push: 1 chunk(s) of 0.40s, change 27.3, best 27.3, hazards none — one push, so `best` IS the whole leg's travel
      |     it  29  k= 96 ->  96  advanced        fix={'k': 97, 'k_float': 97.0, 'inliers': 66, 'dx': -31.213531494140625, 'dy': -23.017074584960938, 'scale': 2.17700621998581, 'second': 46, 'detail': 'k=97 (97.00) inliers=66 second=46 dx=-31 scale=2.177 window=[93,97] fitted=[93, 94, 95, 96, 97]'}
      |         chain push: 1 chunk(s) of 0.40s, change 22.7, best 22.7, hazards none — one push, so `best` IS the whole leg's travel
      |         chain strafe: 1 chunk(s) of 0.10s, change 11.8, best 11.8, hazards none — one push, so `best` IS the whole leg's travel
      |     it  30  k= 98 ->  98  advanced        fix={'k': 99, 'k_float': 99.0, 'inliers': 70, 'dx': -41.94737243652344, 'dy': -46.414306640625, 'scale': 2.419077837639499, 'second': 52, 'detail': 'k=99 (99.00) inliers=70 second=52 dx=-42 scale=2.419 window=[95,99] fitted=[95, 96, 97, 98, 99]'}  strafe left 0.10s
      |         chain push: 1 chunk(s) of 0.40s, change 21.0, best 21.0, hazards none — one push, so `best` IS the whole leg's travel
      |     it  31  k=100 -> 100  advanced        fix={'k': 100, 'k_float': 100.0, 'inliers': 43, 'dx': -17.102294921875, 'dy': -74.39410400390625, 'scale': 3.0114046247954827, 'second': 38, 'detail': 'k=100 (100.00) inliers=43 second=38 dx=-17 scale=3.011 window=[97,101] fitted=[97, 98, 99, 100, 101]'}
      |         chain push: 1 chunk(s) of 0.40s, change 20.1, best 20.1, hazards none — one push, so `best` IS the whole leg's travel
      |     it  32  k=102 -> 102  advanced-weak   fix={'k': 103, 'k_float': 103.0, 'inliers': 15, 'dx': -25.519073486328125, 'dy': -114.59226989746094, 'scale': 3.368634616468978, 'second': 13, 'detail': 'k=103 (103.00) inliers=15 second=13 dx=-26 scale=3.369 window=[99,103] fitted=[99, 100, 101, 102, 103]'}
      |         chain push: 1 chunk(s) of 0.40s, change 29.6, best 29.6, hazards none — one push, so `best` IS the whole leg's travel
      |     it  33  k=104 -> 104  blind-advance   fix=None
      |         chain push: 1 chunk(s) of 0.40s, change 41.1, best 41.1, hazards none — one push, so `best` IS the whole leg's travel
      |     it  34  k=107 -> 107  blind-advance   fix={'k': 105, 'k_float': 105.0, 'inliers': 6, 'dx': -525.9000244140625, 'dy': 132.6199951171875, 'scale': 1.134767490184172, 'second': 6, 'detail': 'k=105 (105.00) inliers=6 second=6 dx=-526 scale=1.135 window=[103,107] fitted=[105, 107]'}
      |         chain push: 1 chunk(s) of 0.40s, change 33.5, best 33.5, hazards none — one push, so `best` IS the whole leg's travel
      |     it  35  k=109 -> 109  blind-advance   fix=None
      |         chain push: 1 chunk(s) of 0.40s, change 21.3, best 21.3, hazards none — one push, so `best` IS the whole leg's travel
      |     it  36  k=112 -> 112  blind-advance   fix=None
      |         chain push: 1 chunk(s) of 0.40s, change 7.0, best 7.0, hazards none — one push, so `best` IS the whole leg's travel
      |     it  37  k=114 -> 114  blind-advance   fix=None
      |         turn to 303.3: TURNED to 306.6 (err -3.2) in 1 push(es)
      |         turn to 1.3: TURNED to 357.6 (err +3.7) in 1 push(es)
      |         chain push: 1 chunk(s) of 0.40s, change 4.8, best 4.8, hazards none — one push, so `best` IS the whole leg's travel
      |     it  38  k=114 -> 129  turn-retry 1/3: the stop's frame did not fit (0 inliers); one more push along 1.3
      |         turn to 303.3: TURNED to 305.5 (err -2.1) in 1 push(es)
      |         turn to 1.3: TURNED to 2.1 (err -0.9) in 2 push(es)
      |         chain push: 1 chunk(s) of 0.40s, change 6.2, best 6.2, hazards none — one push, so `best` IS the whole leg's travel
      |     it  39  k=114 -> 129  turn-retry 2/3: the stop's frame did not fit (0 inliers); one more push along 1.3
      |         turn to 303.3: TURNED to 306.4 (err -3.1) in 1 push(es)
      |         turn to 1.3: TURNED to 358.7 (err +2.6) in 1 push(es)
      |         chain push: 1 chunk(s) of 0.40s, change 5.2, best 5.2, hazards none — one push, so `best` IS the whole leg's travel
      |     it  40  k=114 -> 129  turn-retry 3/3: the stop's frame did not fit (0 inliers); one more push along 1.3
      |         turn to 303.3: TURNED to 306.4 (err -3.1) in 1 push(es)
      |     it  41  k=129 -> 129  turned-unverified to 303.34476843910807  (0 inliers at the stop)
      |         turn to 299.8: TURNED to 299.8 (err +0.0) in 1 push(es)
      |         chain push: 1 chunk(s) of 0.40s, change 22.3, best 22.3, hazards none — one push, so `best` IS the whole leg's travel
      |     it  42  k=130 -> 130  blind-advance   fix=None
      |         turn to 298.3: NO-OP, already inside 4.0 deg (at 299.7, err -1.5) — nothing was sent, the recorded curve was discarded, and the caller's step line will look like a turn that happened
      |         chain push: 1 chunk(s) of 0.40s, change 3.3, best 3.3, hazards none — one push, so `best` IS the whole leg's travel
      |     it  43  k=130 -> 133  miss            fix=None
      |         chain push: 1 chunk(s) of 0.40s, change 3.5, best 3.5, hazards none — one push, so `best` IS the whole leg's travel
      |     it  44  k=130 -> 133  miss            fix=None
      |         chain push: 1 chunk(s) of 0.40s, change 3.4, best 3.4, hazards none — one push, so `best` IS the whole leg's travel
      |         chain strafe: 1 chunk(s) of 0.30s, change 20.2, best 20.2, hazards none — one push, so `best` IS the whole leg's travel
      |     it  45  k=130 -> 133  escape:left     fix=None
      |         chain push: 1 chunk(s) of 0.40s, change 20.4, best 20.4, hazards none — one push, so `best` IS the whole leg's travel
      |     it  46  k=130 -> 133  miss            fix=None
      |         chain push: 1 chunk(s) of 0.40s, change 1.3, best 1.3, hazards SHORT — one push, so `best` IS the whole leg's travel
      |     it  47  k=130 -> 133  miss            fix=None
      |         chain push: 1 chunk(s) of 0.40s, change 1.1, best 1.1, hazards SHORT — one push, so `best` IS the whole leg's travel
      |         chain strafe: 1 chunk(s) of 0.30s, change 20.9, best 20.9, hazards none — one push, so `best` IS the whole leg's travel
      |     it  48  k=130 -> 133  escape:right    fix=None
      |         chain push: 1 chunk(s) of 0.40s, change 21.4, best 21.4, hazards none — one push, so `best` IS the whole leg's travel
      |     it  49  k=130 -> 133  miss            fix=None
      |         chain push: 1 chunk(s) of 0.40s, change 3.3, best 3.3, hazards none — one push, so `best` IS the whole leg's travel
      |     it  50  k=130 -> 133  miss            fix=None
      |         chain push: 1 chunk(s) of 0.40s, change 3.3, best 3.3, hazards none — one push, so `best` IS the whole leg's travel
      |         chain strafe: 1 chunk(s) of 0.30s, change 21.2, best 21.2, hazards none — one push, so `best` IS the whole leg's travel
      |   chain_walk: LOST — 9 iterations with nothing credible after the blind budget at k=130 of 204
[10] FAILED    k=130/205  it=51  pushes=47  seconds=89.6 (walk 74.76, setup 13.1)  failure=lost at k=130 of 204: 9 iterations with no credible fix after 6 blind advances

  arrived 8/10 valid (0 invalid, never counted as failures)
  TIMED_OUT: 0
  FAILED: 2
  wall seconds median 105 [90..121]
  of which WALKING, median 88 [74..106] (n=10; the rest is reset + Chain.load)

  -> /Users/bpatterson/Documents/Claude Cowork Personal/Auto Baseball/overnight/chain_trials.json
  Every iteration's fix is in each run's 'fixes' — read them before changing a constant; that list is the whole point of a closed loop.
