chain trials: 10 of route_user_1853 (walk cap 400s + setup budget 180s = external ceiling 580s)
  config {'PUSH_MAG': 0.45, 'PUSH_SEC': 0.4, 'MISS_MAX': 3, 'STALL_MAX': 4, 'WINDOW': 3, 'LATERAL_GAIN': 2400.0, 'LATERAL_MAG': 0.3, 'LATERAL_CAP_SEC': 0.3, 'LATERAL_TOL_PX': 35.0, 'TABLE_CHECK_TAIL': None, 'END_PUSH_UNITS': 0.05, 'end_iteration_budget': 1}
  205 waypoints -> >= 204 iterations (k rises by at most 3 each), so the 400s cap allows 1.96s per iteration. An iteration is one turn, one push, three captures and a locate — if that budget looks impossible, the chain is too dense and every trial will TIME OUT for a reason that is not navigation.
      |   pause menu open (selected 'Resume')
      |   selected: Load Last Save
      |   confirmation dialog up (delta 78.5) -> YES
      |   world back after 3.3s, spawn bearing 87 (E)
      |   setup 13.0s (reset 10.5s, Chain.load 2.6s for 205 waypoints) of a 180s budget
      |   chain_walk: 205 waypoints -> plan of 47 targets (41 push, 6 turn-only); the prompt is checked on every iteration; k rises by at most 1 per iteration, so >= 204 iteration(s). The 400s cap allows 1.96s each. At the last waypoint the walk may spend 3 more iteration(s) — 0.540 walk-units of forward push against OPEN-22's measured 0.05 — and then gives up rather than walking on past the table.
      |         turn to 271.3: TURNED to 273.7 (err -2.4) in 2 push(es)
      |     it   1  k=  3 ->   3  turned to 271.3168428039934
      |         chain push: 1 chunk(s) of 0.40s, change 20.2, best 20.2, hazards none — one push, so `best` IS the whole leg's travel
      |     it   2  k=  4 ->   4  advanced-weak   fix={'k': 5, 'k_float': 5.0, 'inliers': 17, 'dx': -87.26397705078125, 'dy': 36.827178955078125, 'scale': 1.3024582164424245, 'second': 14, 'detail': 'k=5 (5.00) inliers=17 second=14 dx=-87 scale=1.302 window=[2,6] fitted=[2, 3, 4, 5, 6]'}
      |         chain push: 1 chunk(s) of 0.40s, change 17.2, best 17.2, hazards none — one push, so `best` IS the whole leg's travel
      |     it   3  k=  7 ->   7  advanced-weak   fix={'k': 7, 'k_float': 7.0, 'inliers': 12, 'dx': -117.76318359375, 'dy': 35.216705322265625, 'scale': 1.4442569993598788, 'second': 12, 'detail': 'k=7 (7.00) inliers=12 second=12 dx=-118 scale=1.444 window=[3,7] fitted=[3, 4, 5, 6, 7]'}
      |         chain push: 1 chunk(s) of 0.40s, change 12.4, best 12.4, hazards none — one push, so `best` IS the whole leg's travel
      |     it   4  k= 10 ->  10  advanced-weak   fix={'k': 9, 'k_float': 9.0, 'inliers': 13, 'dx': -162.08639526367188, 'dy': 36.91015625, 'scale': 1.3623712853648495, 'second': 11, 'detail': 'k=9 (9.00) inliers=13 second=11 dx=-162 scale=1.362 window=[6,10] fitted=[6, 7, 8, 9, 10]'}
      |         chain push: 1 chunk(s) of 0.40s, change 10.3, best 10.3, hazards none — one push, so `best` IS the whole leg's travel
      |     it   5  k= 13 ->  13  advanced-weak   fix={'k': 13, 'k_float': 13.0, 'inliers': 7, 'dx': 83.9522705078125, 'dy': 52.757568359375, 'scale': 1.8937108892390315, 'second': 0, 'detail': 'k=13 (13.00) inliers=7 second=0 dx=+84 scale=1.894 window=[9,13] fitted=[13]'}
      |         chain push: 1 chunk(s) of 0.40s, change 7.5, best 7.5, hazards none — one push, so `best` IS the whole leg's travel
      |     it   6  k= 16 ->  16  blind-advance   fix=None
      |         chain push: 1 chunk(s) of 0.40s, change 6.4, best 6.4, hazards none — one push, so `best` IS the whole leg's travel
      |     it   7  k= 19 ->  19  blind-advance   fix=None
      |         turn to 1.6: TURNED to 358.7 (err +2.9) in 1 push(es)
      |     it   8  k= 39 ->  39  turned to 1.6055901753868653
      |         chain push: 1 chunk(s) of 0.40s, change 13.5, best 13.5, hazards none — one push, so `best` IS the whole leg's travel
      |         chain strafe: 1 chunk(s) of 0.10s, change 7.8, best 7.8, hazards none — one push, so `best` IS the whole leg's travel
      |     it   9  k= 40 ->  40  advanced        fix={'k': 42, 'k_float': 42.0, 'inliers': 71, 'dx': 46.32000732421875, 'dy': 383.08807373046875, 'scale': 1.3577188526715085, 'second': 67, 'detail': 'k=42 (42.00) inliers=71 second=67 dx=+46 scale=1.358 window=[38,42] fitted=[38, 39, 40, 41, 42]'}  strafe right 0.10s
      |         chain push: 1 chunk(s) of 0.40s, change 24.5, best 24.5, hazards none — one push, so `best` IS the whole leg's travel
      |         chain strafe: 1 chunk(s) of 0.17s, change 0.9, best 0.9, hazards SHORT — one push, so `best` IS the whole leg's travel
      |     it  10  k= 40 ->  43  stalled         fix={'k': 40, 'k_float': 40.0, 'inliers': 43, 'dx': 124.32000732421875, 'dy': 354.96002197265625, 'scale': 1.287142671394174, 'second': 39, 'detail': 'k=40 (40.00) inliers=43 second=39 dx=+124 scale=1.287 window=[39,43] fitted=[39, 40, 41, 42, 43]'}  strafe right 0.17s
      |         chain push: 1 chunk(s) of 0.40s, change 40.3, best 40.3, hazards none — one push, so `best` IS the whole leg's travel
      |         chain strafe: 1 chunk(s) of 0.20s, change 22.6, best 22.6, hazards none — one push, so `best` IS the whole leg's travel
      |     it  11  k= 43 ->  43  advanced        fix={'k': 43, 'k_float': 43.0, 'inliers': 40, 'dx': 145.53799438476562, 'dy': 318.09161376953125, 'scale': 1.379092884786908, 'second': 39, 'detail': 'k=43 (43.00) inliers=40 second=39 dx=+146 scale=1.379 window=[39,43] fitted=[39, 40, 41, 42, 43]'}  strafe right 0.20s
      |         chain push: 1 chunk(s) of 0.40s, change 32.0, best 32.0, hazards none — one push, so `best` IS the whole leg's travel
      |         chain strafe: 1 chunk(s) of 0.18s, change 10.3, best 10.3, hazards none — one push, so `best` IS the whole leg's travel
      |     it  12  k= 46 ->  46  advanced        fix={'k': 46, 'k_float': 46.0, 'inliers': 39, 'dx': 128.01605224609375, 'dy': 262.020263671875, 'scale': 1.4256507074027853, 'second': 36, 'detail': 'k=46 (46.00) inliers=39 second=36 dx=+128 scale=1.426 window=[42,46] fitted=[42, 43, 44, 45, 46]'}  strafe right 0.18s
      |         chain push: 1 chunk(s) of 0.40s, change 22.1, best 22.1, hazards none — one push, so `best` IS the whole leg's travel
      |         chain strafe: 1 chunk(s) of 0.17s, change 8.5, best 8.5, hazards none — one push, so `best` IS the whole leg's travel
      |     it  13  k= 49 ->  49  advanced        fix={'k': 49, 'k_float': 49.0, 'inliers': 134, 'dx': 119.5888671875, 'dy': 227.46002197265625, 'scale': 1.404647118465065, 'second': 103, 'detail': 'k=49 (49.00) inliers=134 second=103 dx=+120 scale=1.405 window=[45,49] fitted=[45, 46, 47, 48, 49]'}  strafe right 0.17s
      |         chain push: 1 chunk(s) of 0.40s, change 16.2, best 16.2, hazards none — one push, so `best` IS the whole leg's travel
      |         chain strafe: 1 chunk(s) of 0.11s, change 2.1, best 2.1, hazards SHORT — one push, so `best` IS the whole leg's travel
      |     it  14  k= 52 ->  52  advanced        fix={'k': 52, 'k_float': 52.0, 'inliers': 156, 'dx': 76.37579345703125, 'dy': 202.56805419921875, 'scale': 1.4042255944939666, 'second': 124, 'detail': 'k=52 (52.00) inliers=156 second=124 dx=+76 scale=1.404 window=[48,52] fitted=[48, 49, 50, 51, 52]'}  strafe right 0.11s
      |         chain push: 1 chunk(s) of 0.40s, change 19.2, best 19.2, hazards none — one push, so `best` IS the whole leg's travel
      |         chain strafe: 1 chunk(s) of 0.10s, change 2.6, best 2.6, hazards SHORT — one push, so `best` IS the whole leg's travel
      |     it  15  k= 55 ->  55  advanced        fix={'k': 55, 'k_float': 55.0, 'inliers': 93, 'dx': 67.50732421875, 'dy': 178.41604614257812, 'scale': 1.3647619772012596, 'second': 80, 'detail': 'k=55 (55.00) inliers=93 second=80 dx=+68 scale=1.365 window=[51,55] fitted=[51, 52, 53, 54, 55]'}  strafe right 0.10s
      |         chain push: 1 chunk(s) of 0.40s, change 26.1, best 26.1, hazards none — one push, so `best` IS the whole leg's travel
      |     it  16  k= 58 ->  58  advanced        fix={'k': 58, 'k_float': 58.0, 'inliers': 90, 'dx': 32.150421142578125, 'dy': 276.0, 'scale': 1.0074719927765705, 'second': 90, 'detail': 'k=58 (58.00) inliers=90 second=90 dx=+32 scale=1.007 window=[54,58] fitted=[54, 55, 56, 57, 58]'}
      |         chain push: 1 chunk(s) of 0.40s, change 28.8, best 28.8, hazards none — one push, so `best` IS the whole leg's travel
      |         chain strafe: 1 chunk(s) of 0.10s, change 18.6, best 18.6, hazards none — one push, so `best` IS the whole leg's travel
      |     it  17  k= 61 ->  61  advanced        fix={'k': 61, 'k_float': 61.0, 'inliers': 141, 'dx': 37.44000244140625, 'dy': 300.0, 'scale': 1.034002963464862, 'second': 131, 'detail': 'k=61 (61.00) inliers=141 second=131 dx=+37 scale=1.034 window=[57,61] fitted=[57, 58, 59, 60, 61]'}  strafe right 0.10s
      |         chain push: 1 chunk(s) of 0.40s, change 29.5, best 29.5, hazards none — one push, so `best` IS the whole leg's travel
      |     it  18  k= 61 ->  64  stalled         fix={'k': 62, 'k_float': 63.70349867015629, 'inliers': 143, 'dx': 31.10400390625, 'dy': 299.0, 'scale': 1.066041899518868, 'second': 129, 'detail': 'k=62 (63.70) inliers=143 second=129 dx=+31 scale=1.066 window=[60,64] fitted=[60, 61, 62, 63, 64]'}
      |         chain push: 1 chunk(s) of 0.40s, change 23.8, best 23.8, hazards none — one push, so `best` IS the whole leg's travel
      |         chain strafe: 1 chunk(s) of 0.10s, change 8.0, best 8.0, hazards none — one push, so `best` IS the whole leg's travel
      |     it  19  k= 61 ->  64  stalled         fix={'k': 63, 'k_float': 63.0, 'inliers': 135, 'dx': 45.20458984375, 'dy': 297.216064453125, 'scale': 1.0685510675560808, 'second': 106, 'detail': 'k=63 (63.00) inliers=135 second=106 dx=+45 scale=1.069 window=[60,64] fitted=[60, 61, 62, 63, 64]'}  strafe right 0.10s
      |         chain push: 1 chunk(s) of 0.40s, change 20.5, best 20.5, hazards none — one push, so `best` IS the whole leg's travel
      |     it  20  k= 61 ->  64  stalled         fix={'k': 63, 'k_float': 63.0, 'inliers': 122, 'dx': 32.70146179199219, 'dy': 303.95526123046875, 'scale': 1.1137323125558936, 'second': 113, 'detail': 'k=63 (63.00) inliers=122 second=113 dx=+33 scale=1.114 window=[60,64] fitted=[60, 61, 62, 63, 64]'}
      |         chain push: 1 chunk(s) of 0.40s, change 15.0, best 15.0, hazards none — one push, so `best` IS the whole leg's travel
      |         chain strafe: 1 chunk(s) of 0.10s, change 7.0, best 7.0, hazards none — one push, so `best` IS the whole leg's travel
      |     it  21  k= 64 ->  64  advanced        fix={'k': 64, 'k_float': 64.0, 'inliers': 135, 'dx': 35.279998779296875, 'dy': 296.1600036621094, 'scale': 1.1274447896904645, 'second': 118, 'detail': 'k=64 (64.00) inliers=135 second=118 dx=+35 scale=1.127 window=[60,64] fitted=[60, 61, 62, 63, 64]'}  strafe right 0.10s
      |     it  22  k= 88 ->  88  turned (skipped, same heading) to 1.3495539744498237
      |         chain push: 1 chunk(s) of 0.40s, change 18.5, best 18.5, hazards none — one push, so `best` IS the whole leg's travel
      |     it  23  k= 88 ->  89  stalled         fix={'k': 87, 'k_float': 87.0, 'inliers': 92, 'dx': 22.397476196289062, 'dy': -18.406768798828125, 'scale': 1.228353932587363, 'second': 85, 'detail': 'k=87 (87.00) inliers=92 second=85 dx=+22 scale=1.228 window=[87,91] fitted=[87, 88, 89, 90, 91]'}
      |         chain push: 1 chunk(s) of 0.40s, change 13.7, best 13.7, hazards none — one push, so `best` IS the whole leg's travel
      |     it  24  k= 89 ->  89  advanced        fix={'k': 91, 'k_float': 91.0, 'inliers': 84, 'dx': 22.78082275390625, 'dy': -34.27197265625, 'scale': 1.169591311489673, 'second': 84, 'detail': 'k=91 (91.00) inliers=84 second=84 dx=+23 scale=1.170 window=[87,91] fitted=[87, 88, 89, 90, 91]'}
      |         chain push: 1 chunk(s) of 0.40s, change 16.5, best 16.5, hazards none — one push, so `best` IS the whole leg's travel
      |     it  25  k= 92 ->  92  advanced        fix={'k': 92, 'k_float': 92.0, 'inliers': 75, 'dx': 22.360015869140625, 'dy': -31.999969482421875, 'scale': 1.2035479963852471, 'second': 72, 'detail': 'k=92 (92.00) inliers=75 second=72 dx=+22 scale=1.204 window=[88,92] fitted=[88, 89, 90, 91, 92]'}
      |         chain push: 1 chunk(s) of 0.40s, change 18.0, best 18.0, hazards none — one push, so `best` IS the whole leg's travel
      |     it  26  k= 94 ->  94  advanced        fix={'k': 95, 'k_float': 95.0, 'inliers': 101, 'dx': 21.600006103515625, 'dy': -0.480010986328125, 'scale': 1.1800125755632827, 'second': 86, 'detail': 'k=95 (95.00) inliers=101 second=86 dx=+22 scale=1.180 window=[91,95] fitted=[91, 92, 93, 94, 95]'}
      |         chain push: 1 chunk(s) of 0.40s, change 19.1, best 19.1, hazards none — one push, so `best` IS the whole leg's travel
      |     it  27  k= 96 ->  96  advanced        fix={'k': 97, 'k_float': 97.0, 'inliers': 119, 'dx': 13.20196533203125, 'dy': 12.441619873046875, 'scale': 1.2650159857218601, 'second': 114, 'detail': 'k=97 (97.00) inliers=119 second=114 dx=+13 scale=1.265 window=[93,97] fitted=[93, 94, 95, 96, 97]'}
      |         chain push: 1 chunk(s) of 0.40s, change 20.9, best 20.9, hazards none — one push, so `best` IS the whole leg's travel
      |     it  28  k= 98 ->  98  advanced        fix={'k': 98, 'k_float': 98.0, 'inliers': 146, 'dx': 11.004104614257812, 'dy': 12.980010986328125, 'scale': 1.3240140437478898, 'second': 132, 'detail': 'k=98 (98.00) inliers=146 second=132 dx=+11 scale=1.324 window=[95,99] fitted=[95, 96, 97, 98, 99]'}
      |         chain push: 1 chunk(s) of 0.40s, change 22.5, best 22.5, hazards none — one push, so `best` IS the whole leg's travel
      |     it  29  k= 98 -> 100  stalled         fix={'k': 99, 'k_float': 99.0, 'inliers': 143, 'dx': 13.237884521484375, 'dy': 2.544036865234375, 'scale': 1.4028205469158508, 'second': 132, 'detail': 'k=99 (99.00) inliers=143 second=132 dx=+13 scale=1.403 window=[97,101] fitted=[97, 98, 99, 100, 101]'}
      |         chain push: 1 chunk(s) of 0.40s, change 31.4, best 31.4, hazards none — one push, so `best` IS the whole leg's travel
      |     it  30  k= 98 -> 100  stalled         fix={'k': 99, 'k_float': 99.0, 'inliers': 120, 'dx': 31.134445190429688, 'dy': -9.6124267578125, 'scale': 1.6992125897848904, 'second': 118, 'detail': 'k=99 (99.00) inliers=120 second=118 dx=+31 scale=1.699 window=[97,101] fitted=[97, 98, 99, 100, 101]'}
      |         chain push: 1 chunk(s) of 0.40s, change 27.7, best 27.7, hazards none — one push, so `best` IS the whole leg's travel
      |     it  31  k=100 -> 100  advanced        fix={'k': 101, 'k_float': 101.0, 'inliers': 103, 'dx': 33.3524169921875, 'dy': -21.70361328125, 'scale': 1.8543791773068277, 'second': 98, 'detail': 'k=101 (101.00) inliers=103 second=98 dx=+33 scale=1.854 window=[97,101] fitted=[97, 98, 99, 100, 101]'}
      |         chain push: 1 chunk(s) of 0.40s, change 23.6, best 23.6, hazards none — one push, so `best` IS the whole leg's travel
      |         chain strafe: 1 chunk(s) of 0.10s, change 12.4, best 12.4, hazards none — one push, so `best` IS the whole leg's travel
      |     it  32  k=102 -> 102  advanced        fix={'k': 103, 'k_float': 103.0, 'inliers': 97, 'dx': 41.40008544921875, 'dy': -39.769561767578125, 'scale': 2.062877931310796, 'second': 84, 'detail': 'k=103 (103.00) inliers=97 second=84 dx=+41 scale=2.063 window=[99,103] fitted=[99, 100, 101, 102, 103]'}  strafe right 0.10s
      |         chain push: 1 chunk(s) of 0.40s, change 18.6, best 18.6, hazards none — one push, so `best` IS the whole leg's travel
      |         chain strafe: 1 chunk(s) of 0.15s, change 14.7, best 14.7, hazards none — one push, so `best` IS the whole leg's travel
      |     it  33  k=104 -> 104  advanced        fix={'k': 105, 'k_float': 105.0, 'inliers': 71, 'dx': -111.21115112304688, 'dy': -57.799957275390625, 'scale': 2.2454448598669643, 'second': 68, 'detail': 'k=105 (105.00) inliers=71 second=68 dx=-111 scale=2.245 window=[101,105] fitted=[101, 102, 103, 104, 105]'}  strafe left 0.15s
      |         chain push: 1 chunk(s) of 0.40s, change 22.3, best 22.3, hazards none — one push, so `best` IS the whole leg's travel
      |         chain strafe: 1 chunk(s) of 0.14s, change 16.8, best 16.8, hazards none — one push, so `best` IS the whole leg's travel
      |     it  34  k=107 -> 107  advanced        fix={'k': 107, 'k_float': 107.0, 'inliers': 36, 'dx': 98.72499084472656, 'dy': -96.88667297363281, 'scale': 2.7495305525292797, 'second': 24, 'detail': 'k=107 (107.00) inliers=36 second=24 dx=+99 scale=2.750 window=[103,107] fitted=[103, 104, 105, 106, 107]'}  strafe right 0.14s
      |         chain push: 1 chunk(s) of 0.40s, change 37.2, best 37.2, hazards none — one push, so `best` IS the whole leg's travel
      |     it  35  k=109 -> 109  blind-advance   fix=None
      |         chain push: 1 chunk(s) of 0.40s, change 50.8, best 50.8, hazards none — one push, so `best` IS the whole leg's travel
      |     it  36  k=112 -> 112  advanced-weak   fix={'k': 112, 'k_float': 112.0, 'inliers': 8, 'dx': 52.432525634765625, 'dy': -103.63430786132812, 'scale': 4.148591900624094, 'second': 0, 'detail': 'k=112 (112.00) inliers=8 second=0 dx=+52 scale=4.149 window=[108,112] fitted=[112]'}
      |         chain push: 1 chunk(s) of 0.40s, change 46.2, best 46.2, hazards none — one push, so `best` IS the whole leg's travel
      |     it  37  k=114 -> 114  advanced-weak   fix={'k': 115, 'k_float': 115.0, 'inliers': 8, 'dx': -153.7256317138672, 'dy': 8.375228881835938, 'scale': 3.1582687285544426, 'second': 8, 'detail': 'k=115 (115.00) inliers=8 second=8 dx=-154 scale=3.158 window=[111,115] fitted=[113, 114, 115]'}
      |         turn to 303.3: TURNED to 304.2 (err -0.8) in 1 push(es)
      |     it  38  k=129 -> 129  turned to 303.34476843910807
      |         turn to 299.8: TURNED to 299.5 (err +0.2) in 1 push(es)
      |         chain push: 1 chunk(s) of 0.40s, change 28.5, best 28.5, hazards none — one push, so `best` IS the whole leg's travel
      |         chain strafe: 1 chunk(s) of 0.30s, change 41.2, best 41.2, hazards none — one push, so `best` IS the whole leg's travel
      |     it  39  k=129 -> 130  stalled         fix={'k': 129, 'k_float': 129.0, 'inliers': 136, 'dx': -246.0, 'dy': -6.0, 'scale': 1.0520402697733426, 'second': 133, 'detail': 'k=129 (129.00) inliers=136 second=133 dx=-246 scale=1.052 window=[128,132] fitted=[128, 129, 130, 131, 132]'}  strafe left 0.30s
      |         chain push: 1 chunk(s) of 0.40s, change 40.6, best 40.6, hazards none — one push, so `best` IS the whole leg's travel
      |         chain strafe: 1 chunk(s) of 0.30s, change 25.9, best 25.9, hazards none — one push, so `best` IS the whole leg's travel
      |     it  40  k=130 -> 130  advanced        fix={'k': 130, 'k_float': 130.0, 'inliers': 187, 'dx': -288.79998779296875, 'dy': -12.0, 'scale': 1.080766814929847, 'second': 122, 'detail': 'k=130 (130.00) inliers=187 second=122 dx=-289 scale=1.081 window=[128,132] fitted=[128, 129, 130, 131, 132]'}  strafe left 0.30s
      |         turn to 298.3: NO-OP, already inside 4.0 deg (at 299.5, err -1.2) — nothing was sent, the recorded curve was discarded, and the caller's step line will look like a turn that happened
      |         chain push: 1 chunk(s) of 0.40s, change 15.1, best 15.1, hazards none — one push, so `best` IS the whole leg's travel
      |         chain strafe: 1 chunk(s) of 0.30s, change 13.1, best 13.1, hazards none — one push, so `best` IS the whole leg's travel
      |     it  41  k=130 -> 133  stalled         fix={'k': 132, 'k_float': 132.0, 'inliers': 170, 'dx': -314.6199951171875, 'dy': -35.16798400878906, 'scale': 1.1928271343534056, 'second': 155, 'detail': 'k=132 (132.00) inliers=170 second=155 dx=-315 scale=1.193 window=[129,133] fitted=[129, 130, 131, 132, 133]'}  strafe left 0.30s
      |         chain push: 1 chunk(s) of 0.40s, change 14.1, best 14.1, hazards none — one push, so `best` IS the whole leg's travel
      |         chain strafe: 1 chunk(s) of 0.30s, change 13.9, best 13.9, hazards none — one push, so `best` IS the whole leg's travel
      |     it  42  k=130 -> 133  stalled         fix={'k': 129, 'k_float': 129.0, 'inliers': 190, 'dx': -225.88800048828125, 'dy': -35.90972900390625, 'scale': 1.4630877228845103, 'second': 182, 'detail': 'k=129 (129.00) inliers=190 second=182 dx=-226 scale=1.463 window=[129,133] fitted=[129, 130, 131, 132, 133]'}  strafe left 0.30s
      |         chain push: 1 chunk(s) of 0.40s, change 24.7, best 24.7, hazards none — one push, so `best` IS the whole leg's travel
      |         chain strafe: 1 chunk(s) of 0.30s, change 24.6, best 24.6, hazards none — one push, so `best` IS the whole leg's travel
      |     it  43  k=130 -> 133  stalled         fix={'k': 130, 'k_float': 130.0, 'inliers': 136, 'dx': -244.30398559570312, 'dy': -61.47990417480469, 'scale': 1.8504005478449355, 'second': 82, 'detail': 'k=130 (130.00) inliers=136 second=82 dx=-244 scale=1.850 window=[129,133] fitted=[129, 130, 131, 132, 133]'}  strafe left 0.30s
      |         chain push: 1 chunk(s) of 0.40s, change 30.7, best 30.7, hazards none — one push, so `best` IS the whole leg's travel
      |     it  44  k=130 -> 133  escape:jump     fix={'k': 132, 'k_float': 132.0, 'inliers': 84, 'dx': -241.28729248046875, 'dy': -110.95115661621094, 'scale': 2.446854208933034, 'second': 32, 'detail': 'k=132 (132.00) inliers=84 second=32 dx=-241 scale=2.447 window=[129,133] fitted=[129, 130, 131, 132, 133]'}
      |         chain push: 1 chunk(s) of 0.40s, change 36.4, best 36.4, hazards none — one push, so `best` IS the whole leg's travel
      |         chain strafe: 1 chunk(s) of 0.24s, change 40.0, best 40.0, hazards none — one push, so `best` IS the whole leg's travel
      |     it  45  k=130 -> 133  stalled         fix={'k': 129, 'k_float': 129.0, 'inliers': 32, 'dx': 174.14508056640625, 'dy': 5.4603424072265625, 'scale': 2.2020345224762568, 'second': 30, 'detail': 'k=129 (129.00) inliers=32 second=30 dx=+174 scale=2.202 window=[129,133] fitted=[129, 130, 131, 132, 133]'}  strafe right 0.24s
      |         chain push: 1 chunk(s) of 0.40s, change 33.1, best 33.1, hazards none — one push, so `best` IS the whole leg's travel
      |     it  46  k=133 -> 133  advanced-weak   fix={'k': 132, 'k_float': 132.0, 'inliers': 23, 'dx': 67.35223388671875, 'dy': -20.351898193359375, 'scale': 2.427994321846164, 'second': 22, 'detail': 'k=132 (132.00) inliers=23 second=22 dx=+67 scale=2.428 window=[129,133] fitted=[129, 130, 131, 132, 133]'}
      |         chain push: 1 chunk(s) of 0.40s, change 2.2, best 2.2, hazards SHORT — one push, so `best` IS the whole leg's travel
      |         chain strafe: 1 chunk(s) of 0.10s, change 9.7, best 9.7, hazards none — one push, so `best` IS the whole leg's travel
      |     it  47  k=136 -> 136  advanced        fix={'k': 136, 'k_float': 136.0, 'inliers': 35, 'dx': 43.79052734375, 'dy': -34.537841796875, 'scale': 2.0776467611086082, 'second': 31, 'detail': 'k=136 (136.00) inliers=35 second=31 dx=+44 scale=2.078 window=[132,136] fitted=[132, 133, 134, 135, 136]'}  strafe right 0.10s
      |         chain push: 1 chunk(s) of 0.40s, change 9.4, best 9.4, hazards none — one push, so `best` IS the whole leg's travel
      |         chain strafe: 1 chunk(s) of 0.10s, change 8.3, best 8.3, hazards none — one push, so `best` IS the whole leg's travel
      |     it  48  k=136 -> 139  stalled         fix={'k': 137, 'k_float': 137.0, 'inliers': 42, 'dx': 37.410064697265625, 'dy': -35.04205322265625, 'scale': 1.9850139033925722, 'second': 38, 'detail': 'k=137 (137.00) inliers=42 second=38 dx=+37 scale=1.985 window=[135,139] fitted=[135, 136, 137, 138, 139]'}  strafe right 0.10s
      |         chain push: 1 chunk(s) of 0.40s, change 8.2, best 8.2, hazards none — one push, so `best` IS the whole leg's travel
      |     it  49  k=139 -> 139  advanced        fix={'k': 139, 'k_float': 139.0, 'inliers': 40, 'dx': 7.954498291015625, 'dy': -30.59521484375, 'scale': 1.8020340870344744, 'second': 39, 'detail': 'k=139 (139.00) inliers=40 second=39 dx=+8 scale=1.802 window=[135,139] fitted=[135, 136, 137, 138, 139]'}
      |         chain push: 1 chunk(s) of 0.40s, change 6.1, best 6.1, hazards none — one push, so `best` IS the whole leg's travel
      |     it  50  k=139 -> 142  stalled         fix={'k': 141, 'k_float': 141.0, 'inliers': 56, 'dx': -1.0404052734375, 'dy': -36.595977783203125, 'scale': 1.6474032202007391, 'second': 54, 'detail': 'k=141 (141.00) inliers=56 second=54 dx=-1 scale=1.647 window=[138,142] fitted=[138, 139, 140, 141, 142]'}
      |         chain push: 1 chunk(s) of 0.40s, change 7.0, best 7.0, hazards none — one push, so `best` IS the whole leg's travel
      |     it  51  k=139 -> 142  stalled         fix={'k': 140, 'k_float': 140.0, 'inliers': 54, 'dx': 4.16400146484375, 'dy': -23.728591918945312, 'scale': 1.7180073516505576, 'second': 52, 'detail': 'k=140 (140.00) inliers=54 second=52 dx=+4 scale=1.718 window=[138,142] fitted=[138, 139, 140, 141, 142]'}
      |         chain push: 1 chunk(s) of 0.40s, change 7.1, best 7.1, hazards none — one push, so `best` IS the whole leg's travel
      |     it  52  k=142 -> 142  advanced        fix={'k': 142, 'k_float': 142.0, 'inliers': 58, 'dx': -30.29107666015625, 'dy': -19.852767944335938, 'scale': 1.5470123404602927, 'second': 55, 'detail': 'k=142 (142.00) inliers=58 second=55 dx=-30 scale=1.547 window=[138,142] fitted=[138, 139, 140, 141, 142]'}
      |         turn to 2.2: TURNED to 1.5 (err +0.7) in 1 push(es)
      |     it  53  k=166 -> 166  turned to 2.2489998976495684
      |         chain push: 1 chunk(s) of 0.40s, change 17.5, best 17.5, hazards none — one push, so `best` IS the whole leg's travel
      |         chain strafe: 1 chunk(s) of 0.30s, change 56.8, best 56.8, hazards none — one push, so `best` IS the whole leg's travel
      |     it  54  k=167 -> 167  advanced        fix={'k': 167, 'k_float': 167.0, 'inliers': 76, 'dx': 260.5000305175781, 'dy': -67.03999328613281, 'scale': 1.2620271362920374, 'second': 74, 'detail': 'k=167 (167.00) inliers=76 second=74 dx=+261 scale=1.262 window=[165,169] fitted=[165, 166, 167, 168, 169]'}  strafe right 0.30s
      |         turn to 4.3: NO-OP, already inside 4.0 deg (at 1.5, err +2.7) — nothing was sent, the recorded curve was discarded, and the caller's step line will look like a turn that happened
      |         chain push: 1 chunk(s) of 0.40s, change 49.8, best 49.8, hazards none — one push, so `best` IS the whole leg's travel
      |         chain strafe: 1 chunk(s) of 0.20s, change 34.9, best 34.9, hazards none — one push, so `best` IS the whole leg's travel
      |     it  55  k=169 -> 169  advanced        fix={'k': 170, 'k_float': 170.0, 'inliers': 78, 'dx': 142.1800537109375, 'dy': -69.89999389648438, 'scale': 1.2439998353294077, 'second': 78, 'detail': 'k=170 (170.00) inliers=78 second=78 dx=+142 scale=1.244 window=[166,170] fitted=[166, 167, 168, 169, 170]'}  strafe right 0.20s
      |         turn to 2.2: NO-OP, already inside 4.0 deg (at 1.5, err +0.7) — nothing was sent, the recorded curve was discarded, and the caller's step line will look like a turn that happened
      |         chain push: 1 chunk(s) of 0.40s, change 33.2, best 33.2, hazards none — one push, so `best` IS the whole leg's travel
      |         chain strafe: 1 chunk(s) of 0.11s, change 18.5, best 18.5, hazards none — one push, so `best` IS the whole leg's travel
      |     it  56  k=171 -> 171  advanced        fix={'k': 172, 'k_float': 172.0, 'inliers': 142, 'dx': 77.137939453125, 'dy': -77.98367309570312, 'scale': 1.2031602285345362, 'second': 112, 'detail': 'k=172 (172.00) inliers=142 second=112 dx=+77 scale=1.203 window=[168,172] fitted=[168, 169, 170, 171, 172]'}  strafe right 0.11s
      |         chain push: 1 chunk(s) of 0.40s, change 25.6, best 25.6, hazards none — one push, so `best` IS the whole leg's travel
      |     it  57  k=173 -> 173  advanced        fix={'k': 174, 'k_float': 174.0, 'inliers': 90, 'dx': 28.460006713867188, 'dy': -83.23196411132812, 'scale': 1.139534712890213, 'second': 86, 'detail': 'k=174 (174.00) inliers=90 second=86 dx=+28 scale=1.140 window=[170,174] fitted=[170, 171, 172, 173, 174]'}
      |         chain push: 1 chunk(s) of 0.40s, change 31.2, best 31.2, hazards none — one push, so `best` IS the whole leg's travel
      |     it  58  k=176 -> 176  advanced        fix={'k': 176, 'k_float': 176.0, 'inliers': 93, 'dx': 2.8799896240234375, 'dy': -83.60757446289062, 'scale': 1.1703931851217324, 'second': 73, 'detail': 'k=176 (176.00) inliers=93 second=73 dx=+3 scale=1.170 window=[172,176] fitted=[172, 173, 174, 175, 176]'}
      |         turn to 89.5: TURNED to 86.4 (err +3.1) in 1 push(es)
      |     it  59  k=196 -> 196  turned to 89.491477293153
      |         chain push: 1 chunk(s) of 0.40s, change 34.7, best 34.7, hazards none — one push, so `best` IS the whole leg's travel
      |         chain strafe: 1 chunk(s) of 0.10s, change 13.8, best 13.8, hazards none — one push, so `best` IS the whole leg's travel
      |     it  60  k=197 -> 197  advanced        fix={'k': 199, 'k_float': 199.0, 'inliers': 108, 'dx': -40.0, 'dy': -26.611175537109375, 'scale': 1.1885035858349853, 'second': 108, 'detail': 'k=199 (199.00) inliers=108 second=108 dx=-40 scale=1.189 window=[195,199] fitted=[195, 196, 197, 198, 199]'}  strafe left 0.10s
      |         chain push: 1 chunk(s) of 0.40s, change 40.8, best 40.8, hazards none — one push, so `best` IS the whole leg's travel
      |         chain strafe: 1 chunk(s) of 0.10s, change 3.2, best 3.2, hazards none — one push, so `best` IS the whole leg's travel
      |     it  61  k=197 -> 200  stalled         fix={'k': 197, 'k_float': 197.0, 'inliers': 134, 'dx': -47.09770202636719, 'dy': 18.192047119140625, 'scale': 1.734749340506883, 'second': 125, 'detail': 'k=197 (197.00) inliers=134 second=125 dx=-47 scale=1.735 window=[196,200] fitted=[196, 197, 198, 199, 200]'}  strafe left 0.10s
      |         chain push: 1 chunk(s) of 0.40s, change 49.2, best 49.2, hazards none — one push, so `best` IS the whole leg's travel
      |   chain_walk: ARRIVED at iteration 62, k=197 (target 200 of 204), 56 push(es)
[ 1] ARRIVED   k=197/205  it=62  pushes=56  seconds=98.2 (walk 83.19, setup 13.0)  failure=None
      |   pause menu open (selected 'Resume')
      |   selected: Load Last Save
      |   confirmation dialog up (delta 83.5) -> YES
      |   world back after 3.2s, spawn bearing 87 (E)
      |   setup 13.2s (reset 10.6s, Chain.load 2.6s for 205 waypoints) of a 180s budget
      |   chain_walk: 205 waypoints -> plan of 47 targets (41 push, 6 turn-only); the prompt is checked on every iteration; k rises by at most 1 per iteration, so >= 204 iteration(s). The 400s cap allows 1.96s each. At the last waypoint the walk may spend 3 more iteration(s) — 0.540 walk-units of forward push against OPEN-22's measured 0.05 — and then gives up rather than walking on past the table.
      |         turn to 271.3: TURNED to 274.2 (err -2.9) in 2 push(es)
      |     it   1  k=  3 ->   3  turned to 271.3168428039934
      |         chain push: 1 chunk(s) of 0.40s, change 20.9, best 20.9, hazards none — one push, so `best` IS the whole leg's travel
      |     it   2  k=  4 ->   4  advanced-weak   fix={'k': 6, 'k_float': 6.0, 'inliers': 26, 'dx': -30.092041015625, 'dy': 18.695632934570312, 'scale': 1.1319483249715296, 'second': 18, 'detail': 'k=6 (6.00) inliers=26 second=18 dx=-30 scale=1.132 window=[2,6] fitted=[2, 3, 4, 5, 6]'}
      |         chain push: 1 chunk(s) of 0.40s, change 18.7, best 18.7, hazards none — one push, so `best` IS the whole leg's travel
      |     it   3  k=  7 ->   7  advanced-weak   fix={'k': 7, 'k_float': 7.0, 'inliers': 16, 'dx': -51.75837707519531, 'dy': 28.201004028320312, 'scale': 1.2855100567749178, 'second': 13, 'detail': 'k=7 (7.00) inliers=16 second=13 dx=-52 scale=1.286 window=[3,7] fitted=[3, 4, 5, 6, 7]'}
      |         chain push: 1 chunk(s) of 0.40s, change 15.1, best 15.1, hazards none — one push, so `best` IS the whole leg's travel
      |     it   4  k= 10 ->  10  advanced-weak   fix={'k': 10, 'k_float': 10.0, 'inliers': 18, 'dx': -24.507965087890625, 'dy': 32.72975158691406, 'scale': 1.4830175253566706, 'second': 14, 'detail': 'k=10 (10.00) inliers=18 second=14 dx=-25 scale=1.483 window=[6,10] fitted=[6, 7, 8, 9, 10]'}
      |         chain push: 1 chunk(s) of 0.40s, change 11.4, best 11.4, hazards none — one push, so `best` IS the whole leg's travel
      |     it   5  k= 13 ->  13  advanced-weak   fix={'k': 13, 'k_float': 13.0, 'inliers': 8, 'dx': -60.047882080078125, 'dy': 41.20658874511719, 'scale': 1.4519210926512727, 'second': 8, 'detail': 'k=13 (13.00) inliers=8 second=8 dx=-60 scale=1.452 window=[9,13] fitted=[12, 13]'}
      |         chain push: 1 chunk(s) of 0.40s, change 7.3, best 7.3, hazards none — one push, so `best` IS the whole leg's travel
      |     it   6  k= 16 ->  16  blind-advance   fix=None
      |         chain push: 1 chunk(s) of 0.40s, change 7.6, best 7.6, hazards none — one push, so `best` IS the whole leg's travel
      |     it   7  k= 19 ->  19  blind-advance   fix=None
      |         turn to 1.6: TURNED to 0.9 (err +0.7) in 3 push(es)
      |     it   8  k= 39 ->  39  turned to 1.6055901753868653
      |         chain push: 1 chunk(s) of 0.40s, change 17.0, best 17.0, hazards none — one push, so `best` IS the whole leg's travel
      |     it   9  k= 40 ->  40  advanced-weak   fix={'k': 39, 'k_float': 39.0, 'inliers': 15, 'dx': -93.0, 'dy': 305.9136657714844, 'scale': 1.2926188605015756, 'second': 14, 'detail': 'k=39 (39.00) inliers=15 second=14 dx=-93 scale=1.293 window=[38,42] fitted=[38, 39, 40, 41, 42]'}
      |         chain push: 1 chunk(s) of 0.40s, change 5.7, best 5.7, hazards none — one push, so `best` IS the whole leg's travel
      |     it  10  k= 43 ->  43  advanced-weak   fix={'k': 43, 'k_float': 43.0, 'inliers': 19, 'dx': -138.98870849609375, 'dy': 280.2816467285156, 'scale': 1.1625598874536243, 'second': 16, 'detail': 'k=43 (43.00) inliers=19 second=16 dx=-139 scale=1.163 window=[39,43] fitted=[39, 40, 41, 42, 43]'}
      |         chain push: 1 chunk(s) of 0.40s, change 5.6, best 5.6, hazards none — one push, so `best` IS the whole leg's travel
      |     it  11  k= 46 ->  46  advanced-weak   fix={'k': 43, 'k_float': 45.39568387492687, 'inliers': 16, 'dx': -145.53997802734375, 'dy': 280.31622314453125, 'scale': 1.1619373400099127, 'second': 12, 'detail': 'k=43 (45.40) inliers=16 second=12 dx=-146 scale=1.162 window=[42,46] fitted=[42, 43, 44, 45, 46]'}
      |         chain push: 1 chunk(s) of 0.40s, change 6.6, best 6.6, hazards none — one push, so `best` IS the whole leg's travel
      |     it  12  k= 49 ->  49  blind-advance   fix={'k': 45, 'k_float': 45.0, 'inliers': 12, 'dx': -231.7317352294922, 'dy': 279.76800537109375, 'scale': 0.7804390064978206, 'second': 11, 'detail': 'k=45 (45.00) inliers=12 second=11 dx=-232 scale=0.780 window=[45,49] fitted=[45, 46, 47, 48]'}
      |         chain push: 1 chunk(s) of 0.40s, change 6.6, best 6.6, hazards none — one push, so `best` IS the whole leg's travel
      |     it  13  k= 52 ->  52  blind-advance   fix=None
      |         chain push: 1 chunk(s) of 0.40s, change 7.4, best 7.4, hazards none — one push, so `best` IS the whole leg's travel
      |     it  14  k= 55 ->  55  blind-advance   fix={'k': 51, 'k_float': 51.0, 'inliers': 6, 'dx': -289.08441162109375, 'dy': 41.01997375488281, 'scale': 0.9567201123680015, 'second': 0, 'detail': 'k=51 (51.00) inliers=6 second=0 dx=-289 scale=0.957 window=[51,55] fitted=[51]'}
      |         chain push: 1 chunk(s) of 0.40s, change 6.8, best 6.8, hazards none — one push, so `best` IS the whole leg's travel
      |     it  15  k= 58 ->  58  blind-advance   fix=None
      |         chain push: 1 chunk(s) of 0.40s, change 5.5, best 5.5, hazards none — one push, so `best` IS the whole leg's travel
      |     it  16  k= 58 ->  61  miss            fix=None
      |         chain push: 1 chunk(s) of 0.40s, change 6.4, best 6.4, hazards none — one push, so `best` IS the whole leg's travel
      |     it  17  k= 58 ->  61  miss            fix=None
      |         chain push: 1 chunk(s) of 0.40s, change 8.7, best 8.7, hazards none — one push, so `best` IS the whole leg's travel
      |     it  18  k= 58 ->  61  escape:jump     fix=None
      |         chain push: 1 chunk(s) of 0.40s, change 17.9, best 17.9, hazards none — one push, so `best` IS the whole leg's travel
      |     it  19  k= 58 ->  61  miss            fix=None
      |         chain push: 1 chunk(s) of 0.40s, change 11.8, best 11.8, hazards none — one push, so `best` IS the whole leg's travel
      |     it  20  k= 61 ->  61  advanced-weak   fix={'k': 59, 'k_float': 59.0, 'inliers': 7, 'dx': -216.00003051757812, 'dy': 305.679443359375, 'scale': 0.006803034912395304, 'second': 0, 'detail': 'k=59 (59.00) inliers=7 second=0 dx=-216 scale=0.007 window=[57,61] fitted=[59]'}
      |         chain push: 1 chunk(s) of 0.40s, change 7.5, best 7.5, hazards none — one push, so `best` IS the whole leg's travel
      |     it  21  k= 64 ->  64  blind-advance   fix=None
      |     it  22  k= 88 ->  88  turned (skipped, same heading) to 1.3495539744498237
      |         chain push: 1 chunk(s) of 0.40s, change 5.2, best 5.2, hazards none — one push, so `best` IS the whole leg's travel
      |     it  23  k= 89 ->  89  blind-advance   fix=None
      |         chain push: 1 chunk(s) of 0.40s, change 1.2, best 1.2, hazards SHORT — one push, so `best` IS the whole leg's travel
      |     it  24  k= 92 ->  92  blind-advance   fix=None
      |         chain push: 1 chunk(s) of 0.40s, change 1.5, best 1.5, hazards SHORT — one push, so `best` IS the whole leg's travel
      |     it  25  k= 94 ->  94  blind-advance   fix=None
      |         chain push: 1 chunk(s) of 0.40s, change 1.5, best 1.5, hazards SHORT — one push, so `best` IS the whole leg's travel
      |     it  26  k= 94 ->  96  miss            fix=None
      |         chain push: 1 chunk(s) of 0.40s, change 1.7, best 1.7, hazards SHORT — one push, so `best` IS the whole leg's travel
      |     it  27  k= 94 ->  96  miss            fix=None
      |         chain push: 1 chunk(s) of 0.40s, change 1.8, best 1.8, hazards SHORT — one push, so `best` IS the whole leg's travel
      |         chain strafe: 1 chunk(s) of 0.30s, change 13.2, best 13.2, hazards none — one push, so `best` IS the whole leg's travel
      |     it  28  k= 94 ->  96  escape:left     fix=None
      |         chain push: 1 chunk(s) of 0.40s, change 13.9, best 13.9, hazards none — one push, so `best` IS the whole leg's travel
      |     it  29  k= 94 ->  96  miss            fix=None
      |         chain push: 1 chunk(s) of 0.40s, change 31.9, best 31.9, hazards none — one push, so `best` IS the whole leg's travel
      |     it  30  k= 96 ->  96  advanced-weak   fix={'k': 94, 'k_float': 94.0, 'inliers': 6, 'dx': -28.407958984375, 'dy': 277.038818359375, 'scale': 0.0049182050709470895, 'second': 0, 'detail': 'k=94 (94.00) inliers=6 second=0 dx=-28 scale=0.005 window=[93,97] fitted=[94]'}
      |         chain push: 1 chunk(s) of 0.40s, change 11.1, best 11.1, hazards none — one push, so `best` IS the whole leg's travel
      |     it  31  k= 98 ->  98  advanced-weak   fix={'k': 96, 'k_float': 96.0, 'inliers': 6, 'dx': 638.1270141601562, 'dy': 201.69601440429688, 'scale': 0.0009195914995146406, 'second': 0, 'detail': 'k=96 (96.00) inliers=6 second=0 dx=+638 scale=0.001 window=[95,99] fitted=[96]'}
      |         chain push: 1 chunk(s) of 0.40s, change 18.3, best 18.3, hazards none — one push, so `best` IS the whole leg's travel
      |     it  32  k=100 -> 100  blind-advance   fix=None
      |         chain push: 1 chunk(s) of 0.40s, change 16.2, best 16.2, hazards none — one push, so `best` IS the whole leg's travel
      |     it  33  k=102 -> 102  blind-advance   fix=None
      |         chain push: 1 chunk(s) of 0.40s, change 36.4, best 36.4, hazards none — one push, so `best` IS the whole leg's travel
      |     it  34  k=104 -> 104  blind-advance   fix=None
      |         chain push: 1 chunk(s) of 0.40s, change 17.9, best 17.9, hazards none — one push, so `best` IS the whole leg's travel
      |     it  35  k=107 -> 107  blind-advance   fix=None
      |         chain push: 1 chunk(s) of 0.40s, change 22.5, best 22.5, hazards none — one push, so `best` IS the whole leg's travel
      |     it  36  k=109 -> 109  advanced-weak   fix={'k': 106, 'k_float': 106.0, 'inliers': 14, 'dx': -59.78407287597656, 'dy': 24.0584716796875, 'scale': 0.40568209098179425, 'second': 10, 'detail': 'k=106 (106.00) inliers=14 second=10 dx=-60 scale=0.406 window=[106,110] fitted=[106, 107, 110]'}
      |         chain push: 1 chunk(s) of 0.40s, change 30.8, best 30.8, hazards none — one push, so `best` IS the whole leg's travel
      |         chain strafe: 1 chunk(s) of 0.12s, change 19.2, best 19.2, hazards none — one push, so `best` IS the whole leg's travel
      |     it  37  k=109 -> 112  stalled         fix={'k': 108, 'k_float': 108.0, 'inliers': 32, 'dx': -86.37869262695312, 'dy': 0.0768280029296875, 'scale': 0.3864915598422157, 'second': 27, 'detail': 'k=108 (108.00) inliers=32 second=27 dx=-86 scale=0.386 window=[108,112] fitted=[108, 109, 110, 111, 112]'}  strafe left 0.12s
      |         chain push: 1 chunk(s) of 0.40s, change 29.2, best 29.2, hazards none — one push, so `best` IS the whole leg's travel
      |         chain strafe: 1 chunk(s) of 0.13s, change 15.0, best 15.0, hazards none — one push, so `best` IS the whole leg's travel
      |     it  38  k=109 -> 112  stalled         fix={'k': 109, 'k_float': 109.0, 'inliers': 37, 'dx': -91.65945434570312, 'dy': 20.644683837890625, 'scale': 0.38508970163614675, 'second': 36, 'detail': 'k=109 (109.00) inliers=37 second=36 dx=-92 scale=0.385 window=[108,112] fitted=[108, 109, 110, 111, 112]'}  strafe left 0.13s
      |         chain push: 1 chunk(s) of 0.40s, change 25.9, best 25.9, hazards none — one push, so `best` IS the whole leg's travel
      |         chain strafe: 1 chunk(s) of 0.12s, change 2.0, best 2.0, hazards SHORT — one push, so `best` IS the whole leg's travel
      |     it  39  k=109 -> 112  stalled         fix={'k': 109, 'k_float': 109.0, 'inliers': 33, 'dx': -87.64541625976562, 'dy': 17.25592041015625, 'scale': 0.40733772149798486, 'second': 32, 'detail': 'k=109 (109.00) inliers=33 second=32 dx=-88 scale=0.407 window=[108,112] fitted=[108, 109, 110, 111, 112]'}  strafe left 0.12s
      |         chain push: 1 chunk(s) of 0.40s, change 17.3, best 17.3, hazards none — one push, so `best` IS the whole leg's travel
      |         chain strafe: 1 chunk(s) of 0.30s, change 13.0, best 13.0, hazards none — one push, so `best` IS the whole leg's travel
      |     it  40  k=109 -> 112  escape:right    fix={'k': 108, 'k_float': 108.0, 'inliers': 32, 'dx': -74.99031066894531, 'dy': 20.446670532226562, 'scale': 0.45810002268263506, 'second': 25, 'detail': 'k=108 (108.00) inliers=32 second=25 dx=-75 scale=0.458 window=[108,112] fitted=[108, 109, 110, 111, 112]'}
      |         chain push: 1 chunk(s) of 0.40s, change 11.1, best 11.1, hazards none — one push, so `best` IS the whole leg's travel
      |         chain strafe: 1 chunk(s) of 0.10s, change 13.3, best 13.3, hazards none — one push, so `best` IS the whole leg's travel
      |     it  41  k=106 -> 112  regressed       fix={'k': 106, 'k_float': 106.0, 'inliers': 31, 'dx': -60.31695556640625, 'dy': 43.17596435546875, 'scale': 0.5354915834568432, 'second': 21, 'detail': 'k=106 (106.00) inliers=31 second=21 dx=-60 scale=0.535 window=[106,112] fitted=[106, 107, 108, 109, 110, 111, 112]'}  strafe left 0.10s
      |         chain push: 1 chunk(s) of 0.40s, change 16.7, best 16.7, hazards none — one push, so `best` IS the whole leg's travel
      |         chain strafe: 1 chunk(s) of 0.10s, change 9.9, best 9.9, hazards none — one push, so `best` IS the whole leg's travel
      |     it  42  k=106 -> 112  stalled         fix={'k': 105, 'k_float': 105.0, 'inliers': 129, 'dx': -57.79205322265625, 'dy': 30.36474609375, 'scale': 0.6043831444545124, 'second': 42, 'detail': 'k=105 (105.00) inliers=129 second=42 dx=-58 scale=0.604 window=[105,109] fitted=[105, 106, 107, 108, 109]'}  strafe left 0.10s
      |         chain push: 1 chunk(s) of 0.40s, change 18.6, best 18.6, hazards none — one push, so `best` IS the whole leg's travel
      |         chain strafe: 1 chunk(s) of 0.10s, change 9.4, best 9.4, hazards none — one push, so `best` IS the whole leg's travel
      |     it  43  k=106 -> 112  stalled         fix={'k': 105, 'k_float': 105.0, 'inliers': 152, 'dx': -42.097442626953125, 'dy': 17.901596069335938, 'scale': 0.6555882891243536, 'second': 103, 'detail': 'k=105 (105.00) inliers=152 second=103 dx=-42 scale=0.656 window=[105,109] fitted=[105, 106, 107, 108, 109]'}  strafe left 0.10s
      |         chain push: 1 chunk(s) of 0.40s, change 12.7, best 12.7, hazards none — one push, so `best` IS the whole leg's travel
      |     it  44  k=106 -> 112  stalled         fix={'k': 105, 'k_float': 105.0, 'inliers': 194, 'dx': -32.97224426269531, 'dy': 15.567169189453125, 'scale': 0.6836301217669959, 'second': 135, 'detail': 'k=105 (105.00) inliers=194 second=135 dx=-33 scale=0.684 window=[105,109] fitted=[105, 106, 107, 108, 109]'}
      |         chain push: 1 chunk(s) of 0.40s, change 17.1, best 17.1, hazards none — one push, so `best` IS the whole leg's travel
      |         chain strafe: 1 chunk(s) of 0.30s, change 16.7, best 16.7, hazards none — one push, so `best` IS the whole leg's travel
      |     it  45  k=106 -> 112  escape:left     fix={'k': 109, 'k_float': 109.0, 'inliers': 160, 'dx': -64.52032470703125, 'dy': 31.255996704101562, 'scale': 0.5974827250721768, 'second': 149, 'detail': 'k=109 (109.00) inliers=160 second=149 dx=-65 scale=0.597 window=[105,109] fitted=[105, 106, 107, 108, 109]'}
      |         chain push: 1 chunk(s) of 0.40s, change 19.9, best 19.9, hazards none — one push, so `best` IS the whole leg's travel
      |     it  46  k=106 -> 112  stalled         fix={'k': 105, 'k_float': 105.0, 'inliers': 192, 'dx': 24.767974853515625, 'dy': 11.699981689453125, 'scale': 0.8534687856447923, 'second': 176, 'detail': 'k=105 (105.00) inliers=192 second=176 dx=+25 scale=0.853 window=[105,109] fitted=[105, 106, 107, 108, 109]'}
      |         chain push: 1 chunk(s) of 0.40s, change 20.4, best 20.4, hazards none — one push, so `best` IS the whole leg's travel
      |     it  47  k=106 -> 112  stalled         fix={'k': 107, 'k_float': 107.0, 'inliers': 179, 'dx': 34.338836669921875, 'dy': 21.887969970703125, 'scale': 0.8317039968565981, 'second': 179, 'detail': 'k=107 (107.00) inliers=179 second=179 dx=+34 scale=0.832 window=[105,109] fitted=[105, 106, 107, 108, 109]'}
      |         chain push: 1 chunk(s) of 0.40s, change 24.2, best 24.2, hazards none — one push, so `best` IS the whole leg's travel
      |     it  48  k=106 -> 112  stalled         fix={'k': 109, 'k_float': 105.75240081403939, 'inliers': 179, 'dx': 31.65142822265625, 'dy': 23.759979248046875, 'scale': 0.80659287171293, 'second': 176, 'detail': 'k=109 (105.75) inliers=179 second=176 dx=+32 scale=0.807 window=[105,109] fitted=[105, 106, 107, 108, 109]'}
      |         chain push: 1 chunk(s) of 0.40s, change 28.0, best 28.0, hazards none — one push, so `best` IS the whole leg's travel
      |         chain strafe: 1 chunk(s) of 0.30s, change 22.3, best 22.3, hazards none — one push, so `best` IS the whole leg's travel
      |     it  49  k=106 -> 112  escape:right    fix={'k': 105, 'k_float': 108.02667586518125, 'inliers': 194, 'dx': 27.940017700195312, 'dy': -1.0183868408203125, 'scale': 1.1938653107354091, 'second': 181, 'detail': 'k=105 (108.03) inliers=194 second=181 dx=+28 scale=1.194 window=[105,109] fitted=[105, 106, 107, 108, 109]'}
      |         chain push: 1 chunk(s) of 0.40s, change 25.7, best 25.7, hazards none — one push, so `best` IS the whole leg's travel
      |     it  50  k=106 -> 112  stalled         fix={'k': 105, 'k_float': 105.0, 'inliers': 185, 'dx': -11.559967041015625, 'dy': -12.816009521484375, 'scale': 1.4094506543161016, 'second': 157, 'detail': 'k=105 (105.00) inliers=185 second=157 dx=-12 scale=1.409 window=[105,109] fitted=[105, 106, 107, 108, 109]'}
      |         chain push: 1 chunk(s) of 0.40s, change 19.1, best 19.1, hazards none — one push, so `best` IS the whole leg's travel
      |         chain strafe: 1 chunk(s) of 0.10s, change 8.7, best 8.7, hazards none — one push, so `best` IS the whole leg's travel
      |     it  51  k=106 -> 112  stalled         fix={'k': 107, 'k_float': 107.0, 'inliers': 176, 'dx': -65.57650756835938, 'dy': -14.685409545898438, 'scale': 1.42866714786437, 'second': 171, 'detail': 'k=107 (107.00) inliers=176 second=171 dx=-66 scale=1.429 window=[105,109] fitted=[105, 106, 107, 108, 109]'}  strafe left 0.10s
      |         chain push: 1 chunk(s) of 0.40s, change 20.8, best 20.8, hazards none — one push, so `best` IS the whole leg's travel
      |     it  52  k=106 -> 112  stalled         fix={'k': 109, 'k_float': 109.0, 'inliers': 153, 'dx': -5.183929443359375, 'dy': -26.196441650390625, 'scale': 1.521745808018027, 'second': 147, 'detail': 'k=109 (109.00) inliers=153 second=147 dx=-5 scale=1.522 window=[105,109] fitted=[105, 106, 107, 108, 109]'}
      |         chain push: 1 chunk(s) of 0.40s, change 18.5, best 18.5, hazards none — one push, so `best` IS the whole leg's travel
      |         chain strafe: 1 chunk(s) of 0.30s, change 20.2, best 20.2, hazards none — one push, so `best` IS the whole leg's travel
      |     it  53  k=106 -> 112  escape:left     fix={'k': 108, 'k_float': 108.0, 'inliers': 93, 'dx': 23.54730224609375, 'dy': -70.46237182617188, 'scale': 2.0689873817672026, 'second': 92, 'detail': 'k=108 (108.00) inliers=93 second=92 dx=+24 scale=2.069 window=[105,109] fitted=[105, 106, 107, 108, 109]'}
      |         chain push: 1 chunk(s) of 0.40s, change 19.0, best 19.0, hazards none — one push, so `best` IS the whole leg's travel
      |         chain strafe: 1 chunk(s) of 0.14s, change 11.8, best 11.8, hazards none — one push, so `best` IS the whole leg's travel
      |     it  54  k=106 -> 112  stalled         fix={'k': 109, 'k_float': 109.0, 'inliers': 40, 'dx': 98.69717407226562, 'dy': -124.3823013305664, 'scale': 2.4390285437616486, 'second': 36, 'detail': 'k=109 (109.00) inliers=40 second=36 dx=+99 scale=2.439 window=[105,109] fitted=[105, 106, 107, 108, 109]'}  strafe right 0.14s
      |         chain push: 1 chunk(s) of 0.40s, change 30.9, best 30.9, hazards none — one push, so `best` IS the whole leg's travel
      |     it  55  k=112 -> 112  blind-advance   fix=None
      |         chain push: 1 chunk(s) of 0.40s, change 35.9, best 35.9, hazards none — one push, so `best` IS the whole leg's travel
      |     it  56  k=114 -> 114  blind-advance   fix=None
      |         turn to 303.3: TURNED to 302.0 (err +1.3) in 2 push(es)
      |     it  57  k=129 -> 129  turned to 303.34476843910807
      |         turn to 299.8: NO-OP, already inside 4.0 deg (at 302.0, err -2.2) — nothing was sent, the recorded curve was discarded, and the caller's step line will look like a turn that happened
      |         chain push: 1 chunk(s) of 0.40s, change 15.3, best 15.3, hazards none — one push, so `best` IS the whole leg's travel
      |     it  58  k=130 -> 130  blind-advance   fix=None
      |         turn to 298.3: NO-OP, already inside 4.0 deg (at 302.0, err -3.8) — nothing was sent, the recorded curve was discarded, and the caller's step line will look like a turn that happened
      |         chain push: 1 chunk(s) of 0.40s, change 5.0, best 5.0, hazards none — one push, so `best` IS the whole leg's travel
      |     it  59  k=133 -> 133  blind-advance   fix=None
      |         chain push: 1 chunk(s) of 0.40s, change 3.9, best 3.9, hazards none — one push, so `best` IS the whole leg's travel
      |     it  60  k=133 -> 136  miss            fix=None
      |         chain push: 1 chunk(s) of 0.40s, change 3.8, best 3.8, hazards none — one push, so `best` IS the whole leg's travel
      |     it  61  k=133 -> 136  miss            fix=None
      |         chain push: 1 chunk(s) of 0.40s, change 3.6, best 3.6, hazards none — one push, so `best` IS the whole leg's travel
      |         chain strafe: 1 chunk(s) of 0.30s, change 7.0, best 7.0, hazards none — one push, so `best` IS the whole leg's travel
      |     it  62  k=133 -> 136  escape:right    fix=None
      |         chain push: 1 chunk(s) of 0.40s, change 5.6, best 5.6, hazards none — one push, so `best` IS the whole leg's travel
      |     it  63  k=133 -> 136  miss            fix=None
      |         chain push: 1 chunk(s) of 0.40s, change 1.3, best 1.3, hazards SHORT — one push, so `best` IS the whole leg's travel
      |     it  64  k=133 -> 136  miss            fix=None
      |         chain push: 1 chunk(s) of 0.40s, change 1.7, best 1.7, hazards SHORT — one push, so `best` IS the whole leg's travel
      |         chain strafe: 1 chunk(s) of 0.30s, change 18.4, best 18.4, hazards none — one push, so `best` IS the whole leg's travel
      |     it  65  k=133 -> 136  escape:left     fix=None
      |         chain push: 1 chunk(s) of 0.40s, change 9.0, best 9.0, hazards none — one push, so `best` IS the whole leg's travel
      |         chain strafe: 1 chunk(s) of 0.30s, change 12.6, best 12.6, hazards none — one push, so `best` IS the whole leg's travel
      |     it  66  k=133 -> 136  stalled         fix={'k': 134, 'k_float': 134.0, 'inliers': 79, 'dx': -357.552001953125, 'dy': -49.199981689453125, 'scale': 1.3513308825051678, 'second': 57, 'detail': 'k=134 (134.00) inliers=79 second=57 dx=-358 scale=1.351 window=[132,136] fitted=[132, 133, 134, 135, 136]'}  strafe left 0.30s
      |         chain push: 1 chunk(s) of 0.40s, change 14.9, best 14.9, hazards none — one push, so `best` IS the whole leg's travel
      |         chain strafe: 1 chunk(s) of 0.30s, change 22.4, best 22.4, hazards none — one push, so `best` IS the whole leg's travel
      |     it  67  k=133 -> 136  stalled         fix={'k': 133, 'k_float': 133.0, 'inliers': 92, 'dx': -313.44512939453125, 'dy': -71.5679931640625, 'scale': 1.7199043030746732, 'second': 89, 'detail': 'k=133 (133.00) inliers=92 second=89 dx=-313 scale=1.720 window=[132,136] fitted=[132, 133, 134, 135, 136]'}  strafe left 0.30s
      |         chain push: 1 chunk(s) of 0.40s, change 24.5, best 24.5, hazards none — one push, so `best` IS the whole leg's travel
      |         chain strafe: 1 chunk(s) of 0.30s, change 24.2, best 24.2, hazards none — one push, so `best` IS the whole leg's travel
      |     it  68  k=136 -> 136  advanced        fix={'k': 136, 'k_float': 136.0, 'inliers': 84, 'dx': -270.97918701171875, 'dy': -109.25283813476562, 'scale': 1.8214287739063246, 'second': 68, 'detail': 'k=136 (136.00) inliers=84 second=68 dx=-271 scale=1.821 window=[132,136] fitted=[132, 133, 134, 135, 136]'}  strafe left 0.30s
      |         chain push: 1 chunk(s) of 0.40s, change 28.5, best 28.5, hazards none — one push, so `best` IS the whole leg's travel
      |         chain strafe: 1 chunk(s) of 0.30s, change 33.2, best 33.2, hazards none — one push, so `best` IS the whole leg's travel
      |     it  69  k=136 -> 139  stalled         fix={'k': 138, 'k_float': 138.0, 'inliers': 101, 'dx': -218.305908203125, 'dy': -157.99517822265625, 'scale': 2.149621080552896, 'second': 63, 'detail': 'k=138 (138.00) inliers=101 second=63 dx=-218 scale=2.150 window=[135,139] fitted=[135, 136, 137, 138, 139]'}  strafe left 0.30s
      |         chain push: 1 chunk(s) of 0.40s, change 35.5, best 35.5, hazards none — one push, so `best` IS the whole leg's travel
      |     it  70  k=139 -> 139  advanced-weak   fix={'k': 137, 'k_float': 137.9989133077288, 'inliers': 26, 'dx': -217.10446166992188, 'dy': -148.19418334960938, 'scale': 3.327626245710774, 'second': 17, 'detail': 'k=137 (138.00) inliers=26 second=17 dx=-217 scale=3.328 window=[135,139] fitted=[135, 136, 137, 138, 139]'}
      |         chain push: 1 chunk(s) of 0.40s, change 47.6, best 47.6, hazards none — one push, so `best` IS the whole leg's travel
      |     it  71  k=142 -> 142  advanced-weak   fix={'k': 141, 'k_float': 141.0, 'inliers': 26, 'dx': 59.548828125, 'dy': -70.01758575439453, 'scale': 1.4836942345485171, 'second': 25, 'detail': 'k=141 (141.00) inliers=26 second=25 dx=+60 scale=1.484 window=[138,142] fitted=[138, 139, 140, 141, 142]'}
      |         turn to 2.2: TURNED to 359.0 (err +3.3) in 1 push(es)
      |     it  72  k=166 -> 166  turned to 2.2489998976495684
      |         chain push: 1 chunk(s) of 0.40s, change 22.4, best 22.4, hazards none — one push, so `best` IS the whole leg's travel
      |         chain strafe: 1 chunk(s) of 0.23s, change 23.0, best 23.0, hazards none — one push, so `best` IS the whole leg's travel
      |     it  73  k=167 -> 167  advanced        fix={'k': 167, 'k_float': 167.0, 'inliers': 62, 'dx': 163.9072265625, 'dy': -83.0, 'scale': 1.142267589886177, 'second': 58, 'detail': 'k=167 (167.00) inliers=62 second=58 dx=+164 scale=1.142 window=[165,169] fitted=[165, 166, 167, 168, 169]'}  strafe right 0.23s
      |         turn to 4.3: TURNED to 3.6 (err +0.7) in 1 push(es)
      |         chain push: 1 chunk(s) of 0.40s, change 25.5, best 25.5, hazards none — one push, so `best` IS the whole leg's travel
      |     it  74  k=169 -> 169  advanced        fix={'k': 170, 'k_float': 170.0, 'inliers': 75, 'dx': 30.357498168945312, 'dy': -94.32000732421875, 'scale': 1.2924764490139193, 'second': 63, 'detail': 'k=170 (170.00) inliers=75 second=63 dx=+30 scale=1.292 window=[166,170] fitted=[166, 167, 168, 169, 170]'}
      |         turn to 2.2: NO-OP, already inside 4.0 deg (at 3.6, err -1.4) — nothing was sent, the recorded curve was discarded, and the caller's step line will look like a turn that happened
      |         chain push: 1 chunk(s) of 0.40s, change 32.6, best 32.6, hazards none — one push, so `best` IS the whole leg's travel
      |     it  75  k=171 -> 171  advanced        fix={'k': 172, 'k_float': 172.0, 'inliers': 77, 'dx': 10.368011474609375, 'dy': -98.150390625, 'scale': 1.2344154131184433, 'second': 59, 'detail': 'k=172 (172.00) inliers=77 second=59 dx=+10 scale=1.234 window=[168,172] fitted=[168, 169, 170, 171, 172]'}
      |         chain push: 1 chunk(s) of 0.40s, change 30.8, best 30.8, hazards none — one push, so `best` IS the whole leg's travel
      |         chain strafe: 1 chunk(s) of 0.22s, change 23.1, best 23.1, hazards none — one push, so `best` IS the whole leg's travel
      |     it  76  k=173 -> 173  advanced        fix={'k': 174, 'k_float': 174.0, 'inliers': 64, 'dx': 159.8621368408203, 'dy': -103.09199523925781, 'scale': 1.3554412996868932, 'second': 54, 'detail': 'k=174 (174.00) inliers=64 second=54 dx=+160 scale=1.355 window=[170,174] fitted=[170, 171, 172, 173, 174]'}  strafe right 0.22s
      |         chain push: 1 chunk(s) of 0.40s, change 37.5, best 37.5, hazards none — one push, so `best` IS the whole leg's travel
      |         chain strafe: 1 chunk(s) of 0.22s, change 24.8, best 24.8, hazards none — one push, so `best` IS the whole leg's travel
      |     it  77  k=176 -> 176  advanced        fix={'k': 176, 'k_float': 176.0, 'inliers': 64, 'dx': 157.3232421875, 'dy': -114.80830383300781, 'scale': 1.5071358538055926, 'second': 58, 'detail': 'k=176 (176.00) inliers=64 second=58 dx=+157 scale=1.507 window=[172,176] fitted=[172, 173, 174, 175, 176]'}  strafe right 0.22s
      |         turn to 89.5: TURNED to 89.8 (err -0.3) in 1 push(es)
      |     it  78  k=196 -> 196  turned to 89.491477293153
      |         chain push: 1 chunk(s) of 0.40s, change 18.8, best 18.8, hazards none — one push, so `best` IS the whole leg's travel
      |         chain strafe: 1 chunk(s) of 0.10s, change 2.9, best 2.9, hazards SHORT — one push, so `best` IS the whole leg's travel
      |     it  79  k=196 -> 197  stalled         fix={'k': 197, 'k_float': 197.0, 'inliers': 107, 'dx': 75.0, 'dy': -31.10400390625, 'scale': 0.9599975992686259, 'second': 96, 'detail': 'k=197 (197.00) inliers=107 second=96 dx=+75 scale=0.960 window=[195,199] fitted=[195, 196, 197, 198, 199]'}  strafe right 0.10s
      |         chain push: 1 chunk(s) of 0.40s, change 30.0, best 30.0, hazards none — one push, so `best` IS the whole leg's travel
      |         chain strafe: 1 chunk(s) of 0.11s, change 19.8, best 19.8, hazards none — one push, so `best` IS the whole leg's travel
      |     it  80  k=196 -> 197  stalled         fix={'k': 195, 'k_float': 195.0, 'inliers': 109, 'dx': 82.656005859375, 'dy': -16.79998779296875, 'scale': 1.216936081227455, 'second': 100, 'detail': 'k=195 (195.00) inliers=109 second=100 dx=+83 scale=1.217 window=[195,199] fitted=[195, 196, 197, 198, 199]'}  strafe right 0.12s
      |         chain push: 1 chunk(s) of 0.40s, change 40.4, best 40.4, hazards none — one push, so `best` IS the whole leg's travel
      |         chain strafe: 1 chunk(s) of 0.10s, change 16.4, best 16.4, hazards none — one push, so `best` IS the whole leg's travel
      |     it  81  k=197 -> 197  advanced        fix={'k': 199, 'k_float': 199.0, 'inliers': 109, 'dx': 47.1168212890625, 'dy': -16.2431640625, 'scale': 1.4469486630725992, 'second': 95, 'detail': 'k=199 (199.00) inliers=109 second=95 dx=+47 scale=1.447 window=[195,199] fitted=[195, 196, 197, 198, 199]'}  strafe right 0.10s
      |         chain push: 1 chunk(s) of 0.40s, change 50.5, best 50.5, hazards none — one push, so `best` IS the whole leg's travel
      |   chain_walk: ARRIVED at iteration 82, k=197 (target 200 of 204), 76 push(es)
[ 2] ARRIVED   k=197/205  it=82  pushes=76  seconds=121.4 (walk 106.38, setup 13.2)  failure=None
      |   pause menu open (selected 'Resume')
      |   selected: Load Last Save
      |   confirmation dialog up (delta 80.7) -> YES
      |   world back after 3.3s, spawn bearing 87 (E)
      |   setup 13.1s (reset 10.6s, Chain.load 2.5s for 205 waypoints) of a 180s budget
      |   chain_walk: 205 waypoints -> plan of 47 targets (41 push, 6 turn-only); the prompt is checked on every iteration; k rises by at most 1 per iteration, so >= 204 iteration(s). The 400s cap allows 1.96s each. At the last waypoint the walk may spend 3 more iteration(s) — 0.540 walk-units of forward push against OPEN-22's measured 0.05 — and then gives up rather than walking on past the table.
      |         turn to 271.3: TURNED to 271.0 (err +0.3) in 2 push(es)
      |     it   1  k=  3 ->   3  turned to 271.3168428039934
      |         chain push: 1 chunk(s) of 0.40s, change 21.0, best 21.0, hazards none — one push, so `best` IS the whole leg's travel
      |     it   2  k=  4 ->   4  advanced-weak   fix={'k': 6, 'k_float': 6.0, 'inliers': 19, 'dx': -19.00799560546875, 'dy': 27.64801025390625, 'scale': 1.273741128058983, 'second': 13, 'detail': 'k=6 (6.00) inliers=19 second=13 dx=-19 scale=1.274 window=[2,6] fitted=[2, 3, 4, 5, 6]'}
      |         chain push: 1 chunk(s) of 0.40s, change 11.9, best 11.9, hazards none — one push, so `best` IS the whole leg's travel
      |     it   3  k=  7 ->   7  advanced-weak   fix={'k': 7, 'k_float': 7.0, 'inliers': 19, 'dx': -25.297882080078125, 'dy': 29.37603759765625, 'scale': 1.2975825813823336, 'second': 9, 'detail': 'k=7 (7.00) inliers=19 second=9 dx=-25 scale=1.298 window=[3,7] fitted=[3, 4, 5, 6, 7]'}
      |         chain push: 1 chunk(s) of 0.40s, change 14.0, best 14.0, hazards none — one push, so `best` IS the whole leg's travel
      |     it   4  k= 10 ->  10  advanced-weak   fix={'k': 10, 'k_float': 10.0, 'inliers': 17, 'dx': 62.20806884765625, 'dy': 29.552032470703125, 'scale': 1.2583582923532084, 'second': 15, 'detail': 'k=10 (10.00) inliers=17 second=15 dx=+62 scale=1.258 window=[6,10] fitted=[6, 7, 8, 9, 10]'}
      |         chain push: 1 chunk(s) of 0.40s, change 9.1, best 9.1, hazards none — one push, so `best` IS the whole leg's travel
      |     it   5  k= 13 ->  13  advanced-weak   fix={'k': 12, 'k_float': 12.70248485281563, 'inliers': 27, 'dx': -17.5679931640625, 'dy': 8.460296630859375, 'scale': 1.1686156073795182, 'second': 16, 'detail': 'k=12 (12.70) inliers=27 second=16 dx=-18 scale=1.169 window=[9,13] fitted=[9, 10, 11, 12, 13]'}
      |         chain push: 1 chunk(s) of 0.40s, change 10.7, best 10.7, hazards none — one push, so `best` IS the whole leg's travel
      |     it   6  k= 16 ->  16  advanced-weak   fix={'k': 15, 'k_float': 14.678845405859546, 'inliers': 13, 'dx': -92.6400146484375, 'dy': 10.749542236328125, 'scale': 0.9400978667641787, 'second': 12, 'detail': 'k=15 (14.68) inliers=13 second=12 dx=-93 scale=0.940 window=[12,16] fitted=[12, 13, 14, 15, 16]'}
      |         chain push: 1 chunk(s) of 0.40s, change 7.8, best 7.8, hazards none — one push, so `best` IS the whole leg's travel
      |     it   7  k= 19 ->  19  advanced-weak   fix={'k': 18, 'k_float': 18.0, 'inliers': 7, 'dx': -107.1360092163086, 'dy': 0.0, 'scale': 0.9340315019620753, 'second': 0, 'detail': 'k=18 (18.00) inliers=7 second=0 dx=-107 scale=0.934 window=[15,19] fitted=[18]'}
      |         turn to 1.6: TURNED to 1.7 (err -0.1) in 2 push(es)
      |     it   8  k= 39 ->  39  turned to 1.6055901753868653
      |         chain push: 1 chunk(s) of 0.40s, change 22.2, best 22.2, hazards none — one push, so `best` IS the whole leg's travel
      |     it   9  k= 40 ->  40  advanced-weak   fix={'k': 39, 'k_float': 39.0, 'inliers': 7, 'dx': 600.0, 'dy': 408.0000305175781, 'scale': 0.007736235508199962, 'second': 6, 'detail': 'k=39 (39.00) inliers=7 second=6 dx=+600 scale=0.008 window=[38,42] fitted=[38, 39]'}
      |         chain push: 1 chunk(s) of 0.40s, change 24.4, best 24.4, hazards none — one push, so `best` IS the whole leg's travel
      |     it  10  k= 43 ->  43  blind-advance   fix=None
      |         chain push: 1 chunk(s) of 0.40s, change 20.6, best 20.6, hazards none — one push, so `best` IS the whole leg's travel
      |     it  11  k= 46 ->  46  blind-advance   fix=None
      |         chain push: 1 chunk(s) of 0.40s, change 23.9, best 23.9, hazards none — one push, so `best` IS the whole leg's travel
      |     it  12  k= 49 ->  49  blind-advance   fix=None
      |         chain push: 1 chunk(s) of 0.40s, change 19.0, best 19.0, hazards none — one push, so `best` IS the whole leg's travel
      |     it  13  k= 52 ->  52  blind-advance   fix=None
      |         chain push: 1 chunk(s) of 0.40s, change 13.1, best 13.1, hazards none — one push, so `best` IS the whole leg's travel
      |     it  14  k= 55 ->  55  advanced-weak   fix={'k': 52, 'k_float': 52.0, 'inliers': 6, 'dx': -118.5994873046875, 'dy': 5.86029052734375, 'scale': 0.5643545858305887, 'second': 0, 'detail': 'k=52 (52.00) inliers=6 second=0 dx=-119 scale=0.564 window=[51,55] fitted=[52]'}
      |         chain push: 1 chunk(s) of 0.40s, change 4.7, best 4.7, hazards none — one push, so `best` IS the whole leg's travel
      |     it  15  k= 58 ->  58  blind-advance   fix=None
      |         chain push: 1 chunk(s) of 0.40s, change 3.4, best 3.4, hazards none — one push, so `best` IS the whole leg's travel
      |     it  16  k= 61 ->  61  blind-advance   fix=None
      |         chain push: 1 chunk(s) of 0.40s, change 4.5, best 4.5, hazards none — one push, so `best` IS the whole leg's travel
      |     it  17  k= 64 ->  64  blind-advance   fix=None
      |     it  18  k= 88 ->  88  turned (skipped, same heading) to 1.3495539744498237
      |         chain push: 1 chunk(s) of 0.40s, change 3.3, best 3.3, hazards none — one push, so `best` IS the whole leg's travel
      |     it  19  k= 89 ->  89  blind-advance   fix=None
      |         chain push: 1 chunk(s) of 0.40s, change 4.3, best 4.3, hazards none — one push, so `best` IS the whole leg's travel
      |     it  20  k= 89 ->  92  miss            fix=None
      |         chain push: 1 chunk(s) of 0.40s, change 3.5, best 3.5, hazards none — one push, so `best` IS the whole leg's travel
      |     it  21  k= 89 ->  92  miss            fix=None
      |         chain push: 1 chunk(s) of 0.40s, change 2.6, best 2.6, hazards SHORT — one push, so `best` IS the whole leg's travel
      |     it  22  k= 89 ->  92  escape:jump     fix=None
      |         chain push: 1 chunk(s) of 0.40s, change 9.2, best 9.2, hazards none — one push, so `best` IS the whole leg's travel
      |     it  23  k= 89 ->  92  miss            fix=None
      |         chain push: 1 chunk(s) of 0.40s, change 2.4, best 2.4, hazards SHORT — one push, so `best` IS the whole leg's travel
      |     it  24  k= 89 ->  92  miss            fix=None
      |         chain push: 1 chunk(s) of 0.40s, change 2.1, best 2.1, hazards SHORT — one push, so `best` IS the whole leg's travel
      |         chain strafe: 1 chunk(s) of 0.30s, change 6.2, best 6.2, hazards none — one push, so `best` IS the whole leg's travel
      |     it  25  k= 89 ->  92  escape:left     fix=None
      |         chain push: 1 chunk(s) of 0.40s, change 4.2, best 4.2, hazards none — one push, so `best` IS the whole leg's travel
      |     it  26  k= 89 ->  92  miss            fix=None
      |         chain push: 1 chunk(s) of 0.40s, change 4.4, best 4.4, hazards none — one push, so `best` IS the whole leg's travel
      |     it  27  k= 89 ->  92  miss            fix=None
      |         chain push: 1 chunk(s) of 0.40s, change 5.1, best 5.1, hazards none — one push, so `best` IS the whole leg's travel
      |         chain strafe: 1 chunk(s) of 0.30s, change 6.7, best 6.7, hazards none — one push, so `best` IS the whole leg's travel
      |     it  28  k= 89 ->  92  escape:right    fix=None
      |         chain push: 1 chunk(s) of 0.40s, change 5.2, best 5.2, hazards none — one push, so `best` IS the whole leg's travel
      |     it  29  k= 89 ->  92  miss            fix=None
      |         chain push: 1 chunk(s) of 0.40s, change 4.5, best 4.5, hazards none — one push, so `best` IS the whole leg's travel
      |     it  30  k= 89 ->  92  miss            fix=None
      |         chain push: 1 chunk(s) of 0.40s, change 4.8, best 4.8, hazards none — one push, so `best` IS the whole leg's travel
      |         chain strafe: 1 chunk(s) of 0.30s, change 6.4, best 6.4, hazards none — one push, so `best` IS the whole leg's travel
      |     it  31  k= 89 ->  92  escape:left     fix=None
      |         chain push: 1 chunk(s) of 0.40s, change 3.6, best 3.6, hazards none — one push, so `best` IS the whole leg's travel
      |     it  32  k= 89 ->  92  miss            fix=None
      |         chain push: 1 chunk(s) of 0.40s, change 2.9, best 2.9, hazards SHORT — one push, so `best` IS the whole leg's travel
      |     it  33  k= 89 ->  92  miss            fix=None
      |         chain push: 1 chunk(s) of 0.40s, change 3.6, best 3.6, hazards none — one push, so `best` IS the whole leg's travel
      |         chain strafe: 1 chunk(s) of 0.30s, change 5.3, best 5.3, hazards none — one push, so `best` IS the whole leg's travel
      |     it  34  k= 89 ->  92  escape:right    fix=None
      |         chain push: 1 chunk(s) of 0.40s, change 3.6, best 3.6, hazards none — one push, so `best` IS the whole leg's travel
      |     it  35  k= 89 ->  92  miss            fix=None
      |         chain push: 1 chunk(s) of 0.40s, change 2.7, best 2.7, hazards SHORT — one push, so `best` IS the whole leg's travel
      |     it  36  k= 89 ->  92  miss            fix=None
      |         chain push: 1 chunk(s) of 0.40s, change 1.6, best 1.6, hazards SHORT — one push, so `best` IS the whole leg's travel
      |         chain strafe: 1 chunk(s) of 0.30s, change 4.7, best 4.7, hazards none — one push, so `best` IS the whole leg's travel
      |     it  37  k= 89 ->  92  escape:left     fix=None
      |         chain push: 1 chunk(s) of 0.40s, change 4.9, best 4.9, hazards none — one push, so `best` IS the whole leg's travel
      |     it  38  k= 89 ->  92  miss            fix=None
      |         chain push: 1 chunk(s) of 0.40s, change 3.6, best 3.6, hazards none — one push, so `best` IS the whole leg's travel
      |     it  39  k= 89 ->  92  miss            fix=None
      |         chain push: 1 chunk(s) of 0.40s, change 5.0, best 5.0, hazards none — one push, so `best` IS the whole leg's travel
      |         chain strafe: 1 chunk(s) of 0.30s, change 7.6, best 7.6, hazards none — one push, so `best` IS the whole leg's travel
      |     it  40  k= 89 ->  92  escape:right    fix=None
      |         chain push: 1 chunk(s) of 0.40s, change 6.2, best 6.2, hazards none — one push, so `best` IS the whole leg's travel
      |     it  41  k= 89 ->  92  miss            fix=None
      |         chain push: 1 chunk(s) of 0.40s, change 3.0, best 3.0, hazards none — one push, so `best` IS the whole leg's travel
      |     it  42  k= 89 ->  92  miss            fix=None
      |         chain push: 1 chunk(s) of 0.40s, change 3.0, best 3.0, hazards SHORT — one push, so `best` IS the whole leg's travel
      |         chain strafe: 1 chunk(s) of 0.30s, change 5.2, best 5.2, hazards none — one push, so `best` IS the whole leg's travel
      |     it  43  k= 89 ->  92  escape:left     fix=None
      |         chain push: 1 chunk(s) of 0.40s, change 2.6, best 2.6, hazards SHORT — one push, so `best` IS the whole leg's travel
      |     it  44  k= 89 ->  92  miss            fix=None
      |         chain push: 1 chunk(s) of 0.40s, change 2.3, best 2.3, hazards SHORT — one push, so `best` IS the whole leg's travel
      |     it  45  k= 89 ->  92  miss            fix=None
      |         chain push: 1 chunk(s) of 0.40s, change 2.1, best 2.1, hazards SHORT — one push, so `best` IS the whole leg's travel
      |         chain strafe: 1 chunk(s) of 0.30s, change 5.6, best 5.6, hazards none — one push, so `best` IS the whole leg's travel
      |     it  46  k= 89 ->  92  escape:right    fix=None
      |         chain push: 1 chunk(s) of 0.40s, change 4.7, best 4.7, hazards none — one push, so `best` IS the whole leg's travel
      |     it  47  k= 89 ->  92  miss            fix=None
      |         chain push: 1 chunk(s) of 0.40s, change 3.2, best 3.2, hazards none — one push, so `best` IS the whole leg's travel
      |     it  48  k= 89 ->  92  miss            fix=None
      |         chain push: 1 chunk(s) of 0.40s, change 3.3, best 3.3, hazards none — one push, so `best` IS the whole leg's travel
      |         chain strafe: 1 chunk(s) of 0.30s, change 6.5, best 6.5, hazards none — one push, so `best` IS the whole leg's travel
      |     it  49  k= 89 ->  92  escape:left     fix=None
      |         chain push: 1 chunk(s) of 0.40s, change 5.8, best 5.8, hazards none — one push, so `best` IS the whole leg's travel
      |     it  50  k= 89 ->  92  miss            fix=None
      |         chain push: 1 chunk(s) of 0.40s, change 5.3, best 5.3, hazards none — one push, so `best` IS the whole leg's travel
      |     it  51  k= 89 ->  92  miss            fix=None
      |         chain push: 1 chunk(s) of 0.40s, change 5.3, best 5.3, hazards none — one push, so `best` IS the whole leg's travel
      |         chain strafe: 1 chunk(s) of 0.30s, change 6.5, best 6.5, hazards none — one push, so `best` IS the whole leg's travel
      |     it  52  k= 89 ->  92  escape:right    fix=None
      |         chain push: 1 chunk(s) of 0.40s, change 4.0, best 4.0, hazards none — one push, so `best` IS the whole leg's travel
      |     it  53  k= 89 ->  92  miss            fix=None
      |         chain push: 1 chunk(s) of 0.40s, change 3.2, best 3.2, hazards none — one push, so `best` IS the whole leg's travel
      |     it  54  k= 89 ->  92  miss            fix=None
      |         chain push: 1 chunk(s) of 0.40s, change 2.3, best 2.3, hazards SHORT — one push, so `best` IS the whole leg's travel
      |         chain strafe: 1 chunk(s) of 0.30s, change 4.3, best 4.3, hazards none — one push, so `best` IS the whole leg's travel
      |     it  55  k= 89 ->  92  escape:left     fix=None
      |         chain push: 1 chunk(s) of 0.40s, change 2.6, best 2.6, hazards SHORT — one push, so `best` IS the whole leg's travel
      |     it  56  k= 89 ->  92  miss            fix=None
      |         chain push: 1 chunk(s) of 0.40s, change 2.5, best 2.5, hazards SHORT — one push, so `best` IS the whole leg's travel
      |     it  57  k= 89 ->  92  miss            fix=None
      |         chain push: 1 chunk(s) of 0.40s, change 1.7, best 1.7, hazards SHORT — one push, so `best` IS the whole leg's travel
      |         chain strafe: 1 chunk(s) of 0.30s, change 4.6, best 4.6, hazards none — one push, so `best` IS the whole leg's travel
      |     it  58  k= 89 ->  92  escape:right    fix=None
      |         chain push: 1 chunk(s) of 0.40s, change 5.3, best 5.3, hazards none — one push, so `best` IS the whole leg's travel
      |     it  59  k= 89 ->  92  miss            fix=None
      |         chain push: 1 chunk(s) of 0.40s, change 5.8, best 5.8, hazards none — one push, so `best` IS the whole leg's travel
      |     it  60  k= 89 ->  92  miss            fix=None
      |         chain push: 1 chunk(s) of 0.40s, change 4.9, best 4.9, hazards none — one push, so `best` IS the whole leg's travel
      |         chain strafe: 1 chunk(s) of 0.30s, change 7.1, best 7.1, hazards none — one push, so `best` IS the whole leg's travel
      |     it  61  k= 89 ->  92  escape:left     fix=None
      |         chain push: 1 chunk(s) of 0.40s, change 5.0, best 5.0, hazards none — one push, so `best` IS the whole leg's travel
      |     it  62  k= 89 ->  92  miss            fix=None
      |         chain push: 1 chunk(s) of 0.40s, change 4.6, best 4.6, hazards none — one push, so `best` IS the whole leg's travel
      |     it  63  k= 89 ->  92  miss            fix=None
      |         chain push: 1 chunk(s) of 0.40s, change 4.1, best 4.1, hazards none — one push, so `best` IS the whole leg's travel
      |         chain strafe: 1 chunk(s) of 0.30s, change 6.2, best 6.2, hazards none — one push, so `best` IS the whole leg's travel
      |     it  64  k= 89 ->  92  escape:right    fix=None
      |         chain push: 1 chunk(s) of 0.40s, change 3.7, best 3.7, hazards none — one push, so `best` IS the whole leg's travel
      |     it  65  k= 89 ->  92  miss            fix=None
      |         chain push: 1 chunk(s) of 0.40s, change 2.9, best 2.9, hazards SHORT — one push, so `best` IS the whole leg's travel
      |     it  66  k= 89 ->  92  miss            fix=None
      |         chain push: 1 chunk(s) of 0.40s, change 2.2, best 2.2, hazards SHORT — one push, so `best` IS the whole leg's travel
      |         chain strafe: 1 chunk(s) of 0.30s, change 5.2, best 5.2, hazards none — one push, so `best` IS the whole leg's travel
      |     it  67  k= 89 ->  92  escape:left     fix=None
      |         chain push: 1 chunk(s) of 0.40s, change 4.4, best 4.4, hazards none — one push, so `best` IS the whole leg's travel
      |     it  68  k= 89 ->  92  miss            fix=None
      |         chain push: 1 chunk(s) of 0.40s, change 4.7, best 4.7, hazards none — one push, so `best` IS the whole leg's travel
      |     it  69  k= 89 ->  92  miss            fix=None
      |         chain push: 1 chunk(s) of 0.40s, change 5.0, best 5.0, hazards none — one push, so `best` IS the whole leg's travel
      |         chain strafe: 1 chunk(s) of 0.30s, change 7.3, best 7.3, hazards none — one push, so `best` IS the whole leg's travel
      |     it  70  k= 89 ->  92  escape:right    fix=None
      |         chain push: 1 chunk(s) of 0.40s, change 6.2, best 6.2, hazards none — one push, so `best` IS the whole leg's travel
      |     it  71  k= 89 ->  92  miss            fix=None
      |         chain push: 1 chunk(s) of 0.40s, change 4.1, best 4.1, hazards none — one push, so `best` IS the whole leg's travel
      |     it  72  k= 89 ->  92  miss            fix=None
      |         chain push: 1 chunk(s) of 0.40s, change 3.4, best 3.4, hazards none — one push, so `best` IS the whole leg's travel
      |         chain strafe: 1 chunk(s) of 0.30s, change 5.3, best 5.3, hazards none — one push, so `best` IS the whole leg's travel
      |     it  73  k= 89 ->  92  escape:left     fix=None
      |         chain push: 1 chunk(s) of 0.40s, change 2.6, best 2.6, hazards SHORT — one push, so `best` IS the whole leg's travel
      |     it  74  k= 89 ->  92  miss            fix=None
      |         chain push: 1 chunk(s) of 0.40s, change 2.4, best 2.4, hazards SHORT — one push, so `best` IS the whole leg's travel
      |     it  75  k= 89 ->  92  miss            fix=None
      |         chain push: 1 chunk(s) of 0.40s, change 2.2, best 2.2, hazards SHORT — one push, so `best` IS the whole leg's travel
      |         chain strafe: 1 chunk(s) of 0.30s, change 5.3, best 5.3, hazards none — one push, so `best` IS the whole leg's travel
      |     it  76  k= 89 ->  92  escape:right    fix=None
      |         chain push: 1 chunk(s) of 0.40s, change 5.1, best 5.1, hazards none — one push, so `best` IS the whole leg's travel
      |     it  77  k= 89 ->  92  miss            fix=None
      |         chain push: 1 chunk(s) of 0.40s, change 3.3, best 3.3, hazards none — one push, so `best` IS the whole leg's travel
      |     it  78  k= 89 ->  92  miss            fix=None
      |         chain push: 1 chunk(s) of 0.40s, change 2.0, best 2.0, hazards SHORT — one push, so `best` IS the whole leg's travel
      |         chain strafe: 1 chunk(s) of 0.30s, change 5.6, best 5.6, hazards none — one push, so `best` IS the whole leg's travel
      |     it  79  k= 89 ->  92  escape:left     fix=None
      |         chain push: 1 chunk(s) of 0.40s, change 4.9, best 4.9, hazards none — one push, so `best` IS the whole leg's travel
      |     it  80  k= 89 ->  92  miss            fix=None
      |         chain push: 1 chunk(s) of 0.40s, change 5.1, best 5.1, hazards none — one push, so `best` IS the whole leg's travel
      |     it  81  k= 89 ->  92  miss            fix=None
      |         chain push: 1 chunk(s) of 0.40s, change 5.1, best 5.1, hazards none — one push, so `best` IS the whole leg's travel
      |         chain strafe: 1 chunk(s) of 0.30s, change 7.4, best 7.4, hazards none — one push, so `best` IS the whole leg's travel
      |     it  82  k= 89 ->  92  escape:right    fix=None
      |         chain push: 1 chunk(s) of 0.40s, change 4.5, best 4.5, hazards none — one push, so `best` IS the whole leg's travel
      |     it  83  k= 89 ->  92  miss            fix=None
      |         chain push: 1 chunk(s) of 0.40s, change 2.8, best 2.8, hazards SHORT — one push, so `best` IS the whole leg's travel
      |     it  84  k= 89 ->  92  miss            fix=None
      |         chain push: 1 chunk(s) of 0.40s, change 2.4, best 2.4, hazards SHORT — one push, so `best` IS the whole leg's travel
      |         chain strafe: 1 chunk(s) of 0.30s, change 5.8, best 5.8, hazards none — one push, so `best` IS the whole leg's travel
      |     it  85  k= 89 ->  92  escape:left     fix=None
      |         chain push: 1 chunk(s) of 0.40s, change 1.9, best 1.9, hazards SHORT — one push, so `best` IS the whole leg's travel
      |     it  86  k= 89 ->  92  miss            fix=None
      |         chain push: 1 chunk(s) of 0.40s, change 1.6, best 1.6, hazards SHORT — one push, so `best` IS the whole leg's travel
      |     it  87  k= 89 ->  92  miss            fix=None
      |         chain push: 1 chunk(s) of 0.40s, change 2.0, best 2.0, hazards SHORT — one push, so `best` IS the whole leg's travel
      |         chain strafe: 1 chunk(s) of 0.30s, change 5.5, best 5.5, hazards none — one push, so `best` IS the whole leg's travel
      |     it  88  k= 89 ->  92  escape:right    fix=None
      |         chain push: 1 chunk(s) of 0.40s, change 3.6, best 3.6, hazards none — one push, so `best` IS the whole leg's travel
      |     it  89  k= 89 ->  92  miss            fix=None
      |         chain push: 1 chunk(s) of 0.40s, change 6.1, best 6.1, hazards none — one push, so `best` IS the whole leg's travel
      |     it  90  k= 89 ->  92  miss            fix=None
      |         chain push: 1 chunk(s) of 0.40s, change 3.6, best 3.6, hazards none — one push, so `best` IS the whole leg's travel
      |         chain strafe: 1 chunk(s) of 0.30s, change 7.2, best 7.2, hazards none — one push, so `best` IS the whole leg's travel
      |     it  91  k= 89 ->  92  escape:left     fix=None
      |         chain push: 1 chunk(s) of 0.40s, change 4.6, best 4.6, hazards none — one push, so `best` IS the whole leg's travel
      |     it  92  k= 89 ->  92  miss            fix=None
      |         chain push: 1 chunk(s) of 0.40s, change 4.6, best 4.6, hazards none — one push, so `best` IS the whole leg's travel
      |     it  93  k= 89 ->  92  miss            fix=None
      |         chain push: 1 chunk(s) of 0.40s, change 3.0, best 3.0, hazards SHORT — one push, so `best` IS the whole leg's travel
      |         chain strafe: 1 chunk(s) of 0.30s, change 5.9, best 5.9, hazards none — one push, so `best` IS the whole leg's travel
      |     it  94  k= 89 ->  92  escape:right    fix=None
      |         chain push: 1 chunk(s) of 0.40s, change 3.9, best 3.9, hazards none — one push, so `best` IS the whole leg's travel
      |     it  95  k= 89 ->  92  miss            fix=None
      |         chain push: 1 chunk(s) of 0.40s, change 2.6, best 2.6, hazards SHORT — one push, so `best` IS the whole leg's travel
      |     it  96  k= 89 ->  92  miss            fix=None
      |         chain push: 1 chunk(s) of 0.40s, change 1.2, best 1.2, hazards SHORT — one push, so `best` IS the whole leg's travel
      |         chain strafe: 1 chunk(s) of 0.30s, change 5.3, best 5.3, hazards none — one push, so `best` IS the whole leg's travel
      |     it  97  k= 89 ->  92  escape:left     fix=None
      |         chain push: 1 chunk(s) of 0.40s, change 4.3, best 4.3, hazards none — one push, so `best` IS the whole leg's travel
      |     it  98  k= 89 ->  92  miss            fix=None
      |         chain push: 1 chunk(s) of 0.40s, change 5.2, best 5.2, hazards none — one push, so `best` IS the whole leg's travel
      |     it  99  k= 89 ->  92  miss            fix=None
      |         chain push: 1 chunk(s) of 0.40s, change 4.7, best 4.7, hazards none — one push, so `best` IS the whole leg's travel
      |         chain strafe: 1 chunk(s) of 0.30s, change 6.4, best 6.4, hazards none — one push, so `best` IS the whole leg's travel
      |     it 100  k= 89 ->  92  escape:right    fix=None
      |         chain push: 1 chunk(s) of 0.40s, change 3.0, best 3.0, hazards none — one push, so `best` IS the whole leg's travel
      |     it 101  k= 89 ->  92  miss            fix=None
      |         chain push: 1 chunk(s) of 0.40s, change 3.2, best 3.2, hazards none — one push, so `best` IS the whole leg's travel
      |     it 102  k= 89 ->  92  miss            fix=None
      |         chain push: 1 chunk(s) of 0.40s, change 2.9, best 2.9, hazards SHORT — one push, so `best` IS the whole leg's travel
      |         chain strafe: 1 chunk(s) of 0.30s, change 5.2, best 5.2, hazards none — one push, so `best` IS the whole leg's travel
      |     it 103  k= 89 ->  92  escape:left     fix=None
      |         chain push: 1 chunk(s) of 0.40s, change 2.6, best 2.6, hazards SHORT — one push, so `best` IS the whole leg's travel
      |     it 104  k= 89 ->  92  miss            fix=None
      |         chain push: 1 chunk(s) of 0.40s, change 2.6, best 2.6, hazards SHORT — one push, so `best` IS the whole leg's travel
      |     it 105  k= 89 ->  92  miss            fix=None
      |         chain push: 1 chunk(s) of 0.40s, change 1.7, best 1.7, hazards SHORT — one push, so `best` IS the whole leg's travel
      |         chain strafe: 1 chunk(s) of 0.30s, change 5.2, best 5.2, hazards none — one push, so `best` IS the whole leg's travel
      |     it 106  k= 89 ->  92  escape:right    fix=None
      |         chain push: 1 chunk(s) of 0.40s, change 4.3, best 4.3, hazards none — one push, so `best` IS the whole leg's travel
      |     it 107  k= 89 ->  92  miss            fix=None
      |         chain push: 1 chunk(s) of 0.40s, change 4.2, best 4.2, hazards none — one push, so `best` IS the whole leg's travel
      |     it 108  k= 89 ->  92  miss            fix=None
      |         chain push: 1 chunk(s) of 0.40s, change 3.4, best 3.4, hazards none — one push, so `best` IS the whole leg's travel
      |         chain strafe: 1 chunk(s) of 0.30s, change 5.9, best 5.9, hazards none — one push, so `best` IS the whole leg's travel
      |     it 109  k= 89 ->  92  escape:left     fix=None
      |         chain push: 1 chunk(s) of 0.40s, change 5.4, best 5.4, hazards none — one push, so `best` IS the whole leg's travel
      |     it 110  k= 89 ->  92  miss            fix=None
      |         chain push: 1 chunk(s) of 0.40s, change 5.2, best 5.2, hazards none — one push, so `best` IS the whole leg's travel
      |     it 111  k= 89 ->  92  miss            fix=None
      |         chain push: 1 chunk(s) of 0.40s, change 5.0, best 5.0, hazards none — one push, so `best` IS the whole leg's travel
      |         chain strafe: 1 chunk(s) of 0.30s, change 6.0, best 6.0, hazards none — one push, so `best` IS the whole leg's travel
      |     it 112  k= 89 ->  92  escape:right    fix=None
      |         chain push: 1 chunk(s) of 0.40s, change 3.9, best 3.9, hazards none — one push, so `best` IS the whole leg's travel
      |     it 113  k= 89 ->  92  miss            fix=None
      |         chain push: 1 chunk(s) of 0.40s, change 2.9, best 2.9, hazards SHORT — one push, so `best` IS the whole leg's travel
      |     it 114  k= 89 ->  92  miss            fix=None
      |         chain push: 1 chunk(s) of 0.40s, change 3.0, best 3.0, hazards none — one push, so `best` IS the whole leg's travel
      |         chain strafe: 1 chunk(s) of 0.30s, change 4.9, best 4.9, hazards none — one push, so `best` IS the whole leg's travel
      |     it 115  k= 89 ->  92  escape:left     fix=None
      |         chain push: 1 chunk(s) of 0.40s, change 3.1, best 3.1, hazards none — one push, so `best` IS the whole leg's travel
      |     it 116  k= 89 ->  92  miss            fix=None
      |         chain push: 1 chunk(s) of 0.40s, change 3.7, best 3.7, hazards none — one push, so `best` IS the whole leg's travel
      |     it 117  k= 89 ->  92  miss            fix=None
      |         chain push: 1 chunk(s) of 0.40s, change 4.8, best 4.8, hazards none — one push, so `best` IS the whole leg's travel
      |         chain strafe: 1 chunk(s) of 0.30s, change 7.1, best 7.1, hazards none — one push, so `best` IS the whole leg's travel
      |     it 118  k= 89 ->  92  escape:right    fix=None
      |         chain push: 1 chunk(s) of 0.40s, change 6.4, best 6.4, hazards none — one push, so `best` IS the whole leg's travel
      |     it 119  k= 89 ->  92  miss            fix=None
      |         chain push: 1 chunk(s) of 0.40s, change 4.4, best 4.4, hazards none — one push, so `best` IS the whole leg's travel
      |     it 120  k= 89 ->  92  miss            fix=None
      |         chain push: 1 chunk(s) of 0.40s, change 4.8, best 4.8, hazards none — one push, so `best` IS the whole leg's travel
      |         chain strafe: 1 chunk(s) of 0.30s, change 6.7, best 6.7, hazards none — one push, so `best` IS the whole leg's travel
      |     it 121  k= 89 ->  92  escape:left     fix=None
      |         chain push: 1 chunk(s) of 0.40s, change 1.9, best 1.9, hazards SHORT — one push, so `best` IS the whole leg's travel
      |     it 122  k= 89 ->  92  miss            fix=None
      |         chain push: 1 chunk(s) of 0.40s, change 3.1, best 3.1, hazards none — one push, so `best` IS the whole leg's travel
      |     it 123  k= 89 ->  92  miss            fix=None
      |         chain push: 1 chunk(s) of 0.40s, change 2.2, best 2.2, hazards SHORT — one push, so `best` IS the whole leg's travel
      |         chain strafe: 1 chunk(s) of 0.30s, change 6.1, best 6.1, hazards none — one push, so `best` IS the whole leg's travel
      |     it 124  k= 89 ->  92  escape:right    fix=None
      |         chain push: 1 chunk(s) of 0.40s, change 4.3, best 4.3, hazards none — one push, so `best` IS the whole leg's travel
      |     it 125  k= 89 ->  92  miss            fix=None
      |         chain push: 1 chunk(s) of 0.40s, change 3.5, best 3.5, hazards none — one push, so `best` IS the whole leg's travel
      |     it 126  k= 89 ->  92  miss            fix=None
      |         chain push: 1 chunk(s) of 0.40s, change 3.6, best 3.6, hazards none — one push, so `best` IS the whole leg's travel
      |         chain strafe: 1 chunk(s) of 0.30s, change 6.1, best 6.1, hazards none — one push, so `best` IS the whole leg's travel
      |     it 127  k= 89 ->  92  escape:left     fix=None
      |         chain push: 1 chunk(s) of 0.40s, change 5.3, best 5.3, hazards none — one push, so `best` IS the whole leg's travel
      |     it 128  k= 89 ->  92  miss            fix=None
      |         chain push: 1 chunk(s) of 0.40s, change 5.4, best 5.4, hazards none — one push, so `best` IS the whole leg's travel
      |     it 129  k= 89 ->  92  miss            fix=None
      |         chain push: 1 chunk(s) of 0.40s, change 4.8, best 4.8, hazards none — one push, so `best` IS the whole leg's travel
      |         chain strafe: 1 chunk(s) of 0.30s, change 6.7, best 6.7, hazards none — one push, so `best` IS the whole leg's travel
      |     it 130  k= 89 ->  92  escape:right    fix=None
      |         chain push: 1 chunk(s) of 0.40s, change 4.1, best 4.1, hazards none — one push, so `best` IS the whole leg's travel
      |     it 131  k= 89 ->  92  miss            fix=None
      |         chain push: 1 chunk(s) of 0.40s, change 3.0, best 3.0, hazards SHORT — one push, so `best` IS the whole leg's travel
      |     it 132  k= 89 ->  92  miss            fix=None
      |         chain push: 1 chunk(s) of 0.40s, change 3.1, best 3.1, hazards none — one push, so `best` IS the whole leg's travel
      |         chain strafe: 1 chunk(s) of 0.30s, change 5.2, best 5.2, hazards none — one push, so `best` IS the whole leg's travel
      |     it 133  k= 89 ->  92  escape:left     fix=None
      |         chain push: 1 chunk(s) of 0.40s, change 2.5, best 2.5, hazards SHORT — one push, so `best` IS the whole leg's travel
      |     it 134  k= 89 ->  92  miss            fix=None
      |         chain push: 1 chunk(s) of 0.40s, change 2.4, best 2.4, hazards SHORT — one push, so `best` IS the whole leg's travel
      |     it 135  k= 89 ->  92  miss            fix=None
      |         chain push: 1 chunk(s) of 0.40s, change 2.1, best 2.1, hazards SHORT — one push, so `best` IS the whole leg's travel
      |         chain strafe: 1 chunk(s) of 0.30s, change 5.4, best 5.4, hazards none — one push, so `best` IS the whole leg's travel
      |     it 136  k= 89 ->  92  escape:right    fix=None
      |         chain push: 1 chunk(s) of 0.40s, change 6.0, best 6.0, hazards none — one push, so `best` IS the whole leg's travel
      |     it 137  k= 89 ->  92  miss            fix=None
      |         chain push: 1 chunk(s) of 0.40s, change 4.2, best 4.2, hazards none — one push, so `best` IS the whole leg's travel
      |     it 138  k= 89 ->  92  miss            fix=None
      |         chain push: 1 chunk(s) of 0.40s, change 5.0, best 5.0, hazards none — one push, so `best` IS the whole leg's travel
      |         chain strafe: 1 chunk(s) of 0.30s, change 5.6, best 5.6, hazards none — one push, so `best` IS the whole leg's travel
      |     it 139  k= 89 ->  92  escape:left     fix=None
      |         chain push: 1 chunk(s) of 0.40s, change 4.5, best 4.5, hazards none — one push, so `best` IS the whole leg's travel
      |     it 140  k= 89 ->  92  miss            fix=None
      |         chain push: 1 chunk(s) of 0.40s, change 4.2, best 4.2, hazards none — one push, so `best` IS the whole leg's travel
      |     it 141  k= 89 ->  92  miss            fix=None
      |         chain push: 1 chunk(s) of 0.40s, change 4.3, best 4.3, hazards none — one push, so `best` IS the whole leg's travel
      |         chain strafe: 1 chunk(s) of 0.30s, change 5.4, best 5.4, hazards none — one push, so `best` IS the whole leg's travel
      |     it 142  k= 89 ->  92  escape:right    fix=None
      |         chain push: 1 chunk(s) of 0.40s, change 3.9, best 3.9, hazards none — one push, so `best` IS the whole leg's travel
      |     it 143  k= 89 ->  92  miss            fix=None
      |         chain push: 1 chunk(s) of 0.40s, change 1.2, best 1.2, hazards SHORT — one push, so `best` IS the whole leg's travel
      |     it 144  k= 89 ->  92  miss            fix=None
      |         chain push: 1 chunk(s) of 0.40s, change 1.1, best 1.1, hazards SHORT — one push, so `best` IS the whole leg's travel
      |         chain strafe: 1 chunk(s) of 0.30s, change 5.1, best 5.1, hazards none — one push, so `best` IS the whole leg's travel
      |     it 145  k= 89 ->  92  escape:left     fix=None
      |         chain push: 1 chunk(s) of 0.40s, change 4.6, best 4.6, hazards none — one push, so `best` IS the whole leg's travel
      |     it 146  k= 89 ->  92  miss            fix=None
      |         chain push: 1 chunk(s) of 0.40s, change 4.9, best 4.9, hazards none — one push, so `best` IS the whole leg's travel
      |     it 147  k= 89 ->  92  miss            fix=None
      |         chain push: 1 chunk(s) of 0.40s, change 5.5, best 5.5, hazards none — one push, so `best` IS the whole leg's travel
      |         chain strafe: 1 chunk(s) of 0.30s, change 6.2, best 6.2, hazards none — one push, so `best` IS the whole leg's travel
      |     it 148  k= 89 ->  92  escape:right    fix=None
      |         chain push: 1 chunk(s) of 0.40s, change 3.8, best 3.8, hazards none — one push, so `best` IS the whole leg's travel
      |     it 149  k= 89 ->  92  miss            fix=None
      |         chain push: 1 chunk(s) of 0.40s, change 1.7, best 1.7, hazards SHORT — one push, so `best` IS the whole leg's travel
      |     it 150  k= 89 ->  92  miss            fix=None
      |         chain push: 1 chunk(s) of 0.40s, change 1.7, best 1.7, hazards SHORT — one push, so `best` IS the whole leg's travel
      |         chain strafe: 1 chunk(s) of 0.30s, change 5.1, best 5.1, hazards none — one push, so `best` IS the whole leg's travel
      |     it 151  k= 89 ->  92  escape:left     fix=None
      |         chain push: 1 chunk(s) of 0.40s, change 2.7, best 2.7, hazards SHORT — one push, so `best` IS the whole leg's travel
      |     it 152  k= 89 ->  92  miss            fix=None
      |         chain push: 1 chunk(s) of 0.40s, change 1.8, best 1.8, hazards SHORT — one push, so `best` IS the whole leg's travel
      |     it 153  k= 89 ->  92  miss            fix=None
      |         chain push: 1 chunk(s) of 0.40s, change 2.4, best 2.4, hazards SHORT — one push, so `best` IS the whole leg's travel
      |         chain strafe: 1 chunk(s) of 0.30s, change 5.5, best 5.5, hazards none — one push, so `best` IS the whole leg's travel
      |     it 154  k= 89 ->  92  escape:right    fix=None
      |         chain push: 1 chunk(s) of 0.40s, change 6.0, best 6.0, hazards none — one push, so `best` IS the whole leg's travel
      |     it 155  k= 89 ->  92  miss            fix=None
      |         chain push: 1 chunk(s) of 0.40s, change 4.8, best 4.8, hazards none — one push, so `best` IS the whole leg's travel
      |     it 156  k= 89 ->  92  miss            fix=None
      |         chain push: 1 chunk(s) of 0.40s, change 4.6, best 4.6, hazards none — one push, so `best` IS the whole leg's travel
      |         chain strafe: 1 chunk(s) of 0.30s, change 6.2, best 6.2, hazards none — one push, so `best` IS the whole leg's travel
      |     it 157  k= 89 ->  92  escape:left     fix=None
      |         chain push: 1 chunk(s) of 0.40s, change 2.1, best 2.1, hazards SHORT — one push, so `best` IS the whole leg's travel
      |     it 158  k= 89 ->  92  miss            fix=None
      |         chain push: 1 chunk(s) of 0.40s, change 1.5, best 1.5, hazards SHORT — one push, so `best` IS the whole leg's travel
      |     it 159  k= 89 ->  92  miss            fix=None
      |         chain push: 1 chunk(s) of 0.40s, change 1.5, best 1.5, hazards SHORT — one push, so `best` IS the whole leg's travel
      |         chain strafe: 1 chunk(s) of 0.30s, change 5.1, best 5.1, hazards none — one push, so `best` IS the whole leg's travel
      |     it 160  k= 89 ->  92  escape:right    fix=None
      |         chain push: 1 chunk(s) of 0.40s, change 4.6, best 4.6, hazards none — one push, so `best` IS the whole leg's travel
      |     it 161  k= 89 ->  92  miss            fix=None
      |         chain push: 1 chunk(s) of 0.40s, change 3.8, best 3.8, hazards none — one push, so `best` IS the whole leg's travel
      |     it 162  k= 89 ->  92  miss            fix=None
      |         chain push: 1 chunk(s) of 0.40s, change 4.4, best 4.4, hazards none — one push, so `best` IS the whole leg's travel
      |         chain strafe: 1 chunk(s) of 0.30s, change 6.4, best 6.4, hazards none — one push, so `best` IS the whole leg's travel
      |     it 163  k= 89 ->  92  escape:left     fix=None
      |         chain push: 1 chunk(s) of 0.40s, change 3.6, best 3.6, hazards none — one push, so `best` IS the whole leg's travel
      |     it 164  k= 89 ->  92  miss            fix=None
      |         chain push: 1 chunk(s) of 0.40s, change 2.3, best 2.3, hazards SHORT — one push, so `best` IS the whole leg's travel
      |     it 165  k= 89 ->  92  miss            fix=None
      |         chain push: 1 chunk(s) of 0.40s, change 3.2, best 3.2, hazards none — one push, so `best` IS the whole leg's travel
      |         chain strafe: 1 chunk(s) of 0.30s, change 4.6, best 4.6, hazards none — one push, so `best` IS the whole leg's travel
      |     it 166  k= 89 ->  92  escape:right    fix=None
      |         chain push: 1 chunk(s) of 0.40s, change 3.7, best 3.7, hazards none — one push, so `best` IS the whole leg's travel
      |     it 167  k= 89 ->  92  miss            fix=None
      |         chain push: 1 chunk(s) of 0.40s, change 3.1, best 3.1, hazards none — one push, so `best` IS the whole leg's travel
      |     it 168  k= 89 ->  92  miss            fix=None
      |         chain push: 1 chunk(s) of 0.40s, change 2.9, best 2.9, hazards SHORT — one push, so `best` IS the whole leg's travel
      |         chain strafe: 1 chunk(s) of 0.30s, change 5.1, best 5.1, hazards none — one push, so `best` IS the whole leg's travel
      |     it 169  k= 89 ->  92  escape:left     fix=None
      |         chain push: 1 chunk(s) of 0.40s, change 5.3, best 5.3, hazards none — one push, so `best` IS the whole leg's travel
      |     it 170  k= 89 ->  92  miss            fix=None
      |         chain push: 1 chunk(s) of 0.40s, change 4.3, best 4.3, hazards none — one push, so `best` IS the whole leg's travel
      |     it 171  k= 89 ->  92  miss            fix=None
      |         chain push: 1 chunk(s) of 0.40s, change 5.4, best 5.4, hazards none — one push, so `best` IS the whole leg's travel
      |         chain strafe: 1 chunk(s) of 0.30s, change 6.9, best 6.9, hazards none — one push, so `best` IS the whole leg's travel
      |     it 172  k= 89 ->  92  escape:right    fix=None
      |         chain push: 1 chunk(s) of 0.40s, change 4.5, best 4.5, hazards none — one push, so `best` IS the whole leg's travel
      |     it 173  k= 89 ->  92  miss            fix=None
      |         chain push: 1 chunk(s) of 0.40s, change 2.6, best 2.6, hazards SHORT — one push, so `best` IS the whole leg's travel
      |     it 174  k= 89 ->  92  miss            fix=None
      |         chain push: 1 chunk(s) of 0.40s, change 3.3, best 3.3, hazards none — one push, so `best` IS the whole leg's travel
      |         chain strafe: 1 chunk(s) of 0.30s, change 5.2, best 5.2, hazards none — one push, so `best` IS the whole leg's travel
      |     it 175  k= 89 ->  92  escape:left     fix=None
      |         chain push: 1 chunk(s) of 0.40s, change 2.9, best 2.9, hazards SHORT — one push, so `best` IS the whole leg's travel
      |     it 176  k= 89 ->  92  miss            fix=None
      |         chain push: 1 chunk(s) of 0.40s, change 3.7, best 3.7, hazards none — one push, so `best` IS the whole leg's travel
      |     it 177  k= 89 ->  92  miss            fix=None
      |         chain push: 1 chunk(s) of 0.40s, change 3.7, best 3.7, hazards none — one push, so `best` IS the whole leg's travel
      |         chain strafe: 1 chunk(s) of 0.30s, change 6.7, best 6.7, hazards none — one push, so `best` IS the whole leg's travel
      |     it 178  k= 89 ->  92  escape:right    fix=None
      |         chain push: 1 chunk(s) of 0.40s, change 5.3, best 5.3, hazards none — one push, so `best` IS the whole leg's travel
      |     it 179  k= 89 ->  92  miss            fix=None
      |         chain push: 1 chunk(s) of 0.40s, change 3.9, best 3.9, hazards none — one push, so `best` IS the whole leg's travel
      |     it 180  k= 89 ->  92  miss            fix=None
      |         chain push: 1 chunk(s) of 0.40s, change 3.2, best 3.2, hazards none — one push, so `best` IS the whole leg's travel
      |         chain strafe: 1 chunk(s) of 0.30s, change 4.9, best 4.9, hazards none — one push, so `best` IS the whole leg's travel
      |     it 181  k= 89 ->  92  escape:left     fix=None
      |         chain push: 1 chunk(s) of 0.40s, change 2.9, best 2.9, hazards SHORT — one push, so `best` IS the whole leg's travel
      |     it 182  k= 89 ->  92  miss            fix=None
      |         chain push: 1 chunk(s) of 0.40s, change 1.5, best 1.5, hazards SHORT — one push, so `best` IS the whole leg's travel
      |     it 183  k= 89 ->  92  miss            fix=None
      |         chain push: 1 chunk(s) of 0.40s, change 1.9, best 1.9, hazards SHORT — one push, so `best` IS the whole leg's travel
      |         chain strafe: 1 chunk(s) of 0.30s, change 4.9, best 4.9, hazards none — one push, so `best` IS the whole leg's travel
      |     it 184  k= 89 ->  92  escape:right    fix=None
      |         chain push: 1 chunk(s) of 0.40s, change 5.6, best 5.6, hazards none — one push, so `best` IS the whole leg's travel
      |     it 185  k= 89 ->  92  miss            fix=None
      |         chain push: 1 chunk(s) of 0.40s, change 3.8, best 3.8, hazards none — one push, so `best` IS the whole leg's travel
      |     it 186  k= 89 ->  92  miss            fix=None
      |         chain push: 1 chunk(s) of 0.40s, change 5.1, best 5.1, hazards none — one push, so `best` IS the whole leg's travel
      |         chain strafe: 1 chunk(s) of 0.30s, change 6.3, best 6.3, hazards none — one push, so `best` IS the whole leg's travel
      |     it 187  k= 89 ->  92  escape:left     fix=None
      |         chain push: 1 chunk(s) of 0.40s, change 2.8, best 2.8, hazards SHORT — one push, so `best` IS the whole leg's travel
      |     it 188  k= 89 ->  92  miss            fix=None
      |         chain push: 1 chunk(s) of 0.40s, change 3.8, best 3.8, hazards none — one push, so `best` IS the whole leg's travel
      |     it 189  k= 89 ->  92  miss            fix=None
      |         chain push: 1 chunk(s) of 0.40s, change 2.8, best 2.8, hazards SHORT — one push, so `best` IS the whole leg's travel
      |         chain strafe: 1 chunk(s) of 0.30s, change 5.7, best 5.7, hazards none — one push, so `best` IS the whole leg's travel
      |     it 190  k= 89 ->  92  escape:right    fix=None
      |         chain push: 1 chunk(s) of 0.40s, change 4.5, best 4.5, hazards none — one push, so `best` IS the whole leg's travel
      |     it 191  k= 89 ->  92  miss            fix=None
      |         chain push: 1 chunk(s) of 0.40s, change 3.4, best 3.4, hazards none — one push, so `best` IS the whole leg's travel
      |     it 192  k= 89 ->  92  miss            fix=None
      |         chain push: 1 chunk(s) of 0.40s, change 4.1, best 4.1, hazards none — one push, so `best` IS the whole leg's travel
      |         chain strafe: 1 chunk(s) of 0.30s, change 6.2, best 6.2, hazards none — one push, so `best` IS the whole leg's travel
      |     it 193  k= 89 ->  92  escape:left     fix=None
      |         chain push: 1 chunk(s) of 0.40s, change 5.6, best 5.6, hazards none — one push, so `best` IS the whole leg's travel
      |     it 194  k= 89 ->  92  miss            fix=None
      |         chain push: 1 chunk(s) of 0.40s, change 5.0, best 5.0, hazards none — one push, so `best` IS the whole leg's travel
      |     it 195  k= 89 ->  92  miss            fix=None
      |         chain push: 1 chunk(s) of 0.40s, change 4.2, best 4.2, hazards none — one push, so `best` IS the whole leg's travel
      |         chain strafe: 1 chunk(s) of 0.30s, change 5.6, best 5.6, hazards none — one push, so `best` IS the whole leg's travel
      |     it 196  k= 89 ->  92  escape:right    fix=None
      |         chain push: 1 chunk(s) of 0.40s, change 4.7, best 4.7, hazards none — one push, so `best` IS the whole leg's travel
      |     it 197  k= 89 ->  92  miss            fix=None
      |         chain push: 1 chunk(s) of 0.40s, change 3.0, best 3.0, hazards none — one push, so `best` IS the whole leg's travel
      |     it 198  k= 89 ->  92  miss            fix=None
      |         chain push: 1 chunk(s) of 0.40s, change 3.5, best 3.5, hazards none — one push, so `best` IS the whole leg's travel
      |         chain strafe: 1 chunk(s) of 0.30s, change 6.1, best 6.1, hazards none — one push, so `best` IS the whole leg's travel
      |     it 199  k= 89 ->  92  escape:left     fix=None
      |         chain push: 1 chunk(s) of 0.40s, change 5.7, best 5.7, hazards none — one push, so `best` IS the whole leg's travel
      |     it 200  k= 89 ->  92  miss            fix=None
      |         chain push: 1 chunk(s) of 0.40s, change 5.5, best 5.5, hazards none — one push, so `best` IS the whole leg's travel
      |     it 201  k= 89 ->  92  miss            fix=None
      |         chain push: 1 chunk(s) of 0.40s, change 5.5, best 5.5, hazards none — one push, so `best` IS the whole leg's travel
      |         chain strafe: 1 chunk(s) of 0.30s, change 7.3, best 7.3, hazards none — one push, so `best` IS the whole leg's travel
      |     it 202  k= 89 ->  92  escape:right    fix=None
      |         chain push: 1 chunk(s) of 0.40s, change 4.3, best 4.3, hazards none — one push, so `best` IS the whole leg's travel
      |     it 203  k= 89 ->  92  miss            fix=None
      |         chain push: 1 chunk(s) of 0.40s, change 1.4, best 1.4, hazards SHORT — one push, so `best` IS the whole leg's travel
      |     it 204  k= 89 ->  92  miss            fix=None
      |         chain push: 1 chunk(s) of 0.40s, change 1.5, best 1.5, hazards SHORT — one push, so `best` IS the whole leg's travel
      |         chain strafe: 1 chunk(s) of 0.30s, change 5.3, best 5.3, hazards none — one push, so `best` IS the whole leg's travel
      |     it 205  k= 89 ->  92  escape:left     fix=None
      |         chain push: 1 chunk(s) of 0.40s, change 4.0, best 4.0, hazards none — one push, so `best` IS the whole leg's travel
      |     it 206  k= 89 ->  92  miss            fix=None
      |         chain push: 1 chunk(s) of 0.40s, change 3.7, best 3.7, hazards none — one push, so `best` IS the whole leg's travel
      |     it 207  k= 89 ->  92  miss            fix=None
      |         chain push: 1 chunk(s) of 0.40s, change 4.5, best 4.5, hazards none — one push, so `best` IS the whole leg's travel
      |         chain strafe: 1 chunk(s) of 0.30s, change 6.6, best 6.6, hazards none — one push, so `best` IS the whole leg's travel
      |     it 208  k= 89 ->  92  escape:right    fix=None
      |         chain push: 1 chunk(s) of 0.40s, change 5.2, best 5.2, hazards none — one push, so `best` IS the whole leg's travel
      |     it 209  k= 89 ->  92  miss            fix=None
      |         chain push: 1 chunk(s) of 0.40s, change 4.3, best 4.3, hazards none — one push, so `best` IS the whole leg's travel
      |     it 210  k= 89 ->  92  miss            fix=None
      |         chain push: 1 chunk(s) of 0.40s, change 4.5, best 4.5, hazards none — one push, so `best` IS the whole leg's travel
      |         chain strafe: 1 chunk(s) of 0.30s, change 6.3, best 6.3, hazards none — one push, so `best` IS the whole leg's travel
      |     it 211  k= 89 ->  92  escape:left     fix=None
      |         chain push: 1 chunk(s) of 0.40s, change 1.9, best 1.9, hazards SHORT — one push, so `best` IS the whole leg's travel
      |     it 212  k= 89 ->  92  miss            fix=None
      |         chain push: 1 chunk(s) of 0.40s, change 2.1, best 2.1, hazards SHORT — one push, so `best` IS the whole leg's travel
      |     it 213  k= 89 ->  92  miss            fix=None
      |         chain push: 1 chunk(s) of 0.40s, change 1.9, best 1.9, hazards SHORT — one push, so `best` IS the whole leg's travel
      |         chain strafe: 1 chunk(s) of 0.30s, change 5.3, best 5.3, hazards none — one push, so `best` IS the whole leg's travel
      |     it 214  k= 89 ->  92  escape:right    fix=None
      |         chain push: 1 chunk(s) of 0.40s, change 5.7, best 5.7, hazards none — one push, so `best` IS the whole leg's travel
      |     it 215  k= 89 ->  92  miss            fix=None
      |         chain push: 1 chunk(s) of 0.40s, change 4.2, best 4.2, hazards none — one push, so `best` IS the whole leg's travel
      |     it 216  k= 89 ->  92  miss            fix=None
      |         chain push: 1 chunk(s) of 0.40s, change 3.4, best 3.4, hazards none — one push, so `best` IS the whole leg's travel
      |         chain strafe: 1 chunk(s) of 0.30s, change 6.5, best 6.5, hazards none — one push, so `best` IS the whole leg's travel
      |     it 217  k= 89 ->  92  escape:left     fix=None
      |         chain push: 1 chunk(s) of 0.40s, change 5.7, best 5.7, hazards none — one push, so `best` IS the whole leg's travel
      |     it 218  k= 89 ->  92  miss            fix=None
      |         chain push: 1 chunk(s) of 0.40s, change 5.4, best 5.4, hazards none — one push, so `best` IS the whole leg's travel
      |     it 219  k= 89 ->  92  miss            fix=None
      |         chain push: 1 chunk(s) of 0.40s, change 5.4, best 5.4, hazards none — one push, so `best` IS the whole leg's travel
      |         chain strafe: 1 chunk(s) of 0.30s, change 7.0, best 7.0, hazards none — one push, so `best` IS the whole leg's travel
      |     it 220  k= 89 ->  92  escape:right    fix=None
      |         chain push: 1 chunk(s) of 0.40s, change 3.8, best 3.8, hazards none — one push, so `best` IS the whole leg's travel
      |     it 221  k= 89 ->  92  miss            fix=None
      |         chain push: 1 chunk(s) of 0.40s, change 1.1, best 1.1, hazards SHORT — one push, so `best` IS the whole leg's travel
      |     it 222  k= 89 ->  92  miss            fix=None
      |         chain push: 1 chunk(s) of 0.40s, change 1.2, best 1.2, hazards SHORT — one push, so `best` IS the whole leg's travel
      |         chain strafe: 1 chunk(s) of 0.30s, change 5.4, best 5.4, hazards none — one push, so `best` IS the whole leg's travel
      |     it 223  k= 89 ->  92  escape:left     fix=None
      |         chain push: 1 chunk(s) of 0.40s, change 3.9, best 3.9, hazards none — one push, so `best` IS the whole leg's travel
      |     it 224  k= 89 ->  92  miss            fix=None
      |         chain push: 1 chunk(s) of 0.40s, change 3.8, best 3.8, hazards none — one push, so `best` IS the whole leg's travel
      |     it 225  k= 89 ->  92  miss            fix=None
      |         chain push: 1 chunk(s) of 0.40s, change 4.4, best 4.4, hazards none — one push, so `best` IS the whole leg's travel
      |         chain strafe: 1 chunk(s) of 0.30s, change 7.1, best 7.1, hazards none — one push, so `best` IS the whole leg's travel
      |     it 226  k= 89 ->  92  escape:right    fix=None
      |         chain push: 1 chunk(s) of 0.40s, change 6.5, best 6.5, hazards none — one push, so `best` IS the whole leg's travel
      |     it 227  k= 89 ->  92  miss            fix=None
      |         chain push: 1 chunk(s) of 0.40s, change 4.8, best 4.8, hazards none — one push, so `best` IS the whole leg's travel
      |     it 228  k= 89 ->  92  miss            fix=None
      |         chain push: 1 chunk(s) of 0.40s, change 4.7, best 4.7, hazards none — one push, so `best` IS the whole leg's travel
      |         chain strafe: 1 chunk(s) of 0.30s, change 6.6, best 6.6, hazards none — one push, so `best` IS the whole leg's travel
      |     it 229  k= 89 ->  92  escape:left     fix=None
      |         chain push: 1 chunk(s) of 0.40s, change 2.0, best 2.0, hazards SHORT — one push, so `best` IS the whole leg's travel
      |     it 230  k= 89 ->  92  miss            fix=None
      |         chain push: 1 chunk(s) of 0.40s, change 1.8, best 1.8, hazards SHORT — one push, so `best` IS the whole leg's travel
      |     it 231  k= 89 ->  92  miss            fix=None
      |         chain push: 1 chunk(s) of 0.40s, change 3.2, best 3.2, hazards none — one push, so `best` IS the whole leg's travel
      |         chain strafe: 1 chunk(s) of 0.30s, change 5.1, best 5.1, hazards none — one push, so `best` IS the whole leg's travel
      |     it 232  k= 89 ->  92  escape:right    fix=None
      |         chain push: 1 chunk(s) of 0.40s, change 4.9, best 4.9, hazards none — one push, so `best` IS the whole leg's travel
      |     it 233  k= 89 ->  92  miss            fix=None
      |         chain push: 1 chunk(s) of 0.40s, change 3.5, best 3.5, hazards none — one push, so `best` IS the whole leg's travel
      |     it 234  k= 89 ->  92  miss            fix=None
      |         chain push: 1 chunk(s) of 0.40s, change 3.3, best 3.3, hazards none — one push, so `best` IS the whole leg's travel
      |         chain strafe: 1 chunk(s) of 0.30s, change 6.6, best 6.6, hazards none — one push, so `best` IS the whole leg's travel
      |     it 235  k= 89 ->  92  escape:left     fix=None
      |         chain push: 1 chunk(s) of 0.40s, change 5.3, best 5.3, hazards none — one push, so `best` IS the whole leg's travel
      |     it 236  k= 89 ->  92  miss            fix=None
      |         chain push: 1 chunk(s) of 0.40s, change 5.4, best 5.4, hazards none — one push, so `best` IS the whole leg's travel
      |     it 237  k= 89 ->  92  miss            fix=None
      |         chain push: 1 chunk(s) of 0.40s, change 5.1, best 5.1, hazards none — one push, so `best` IS the whole leg's travel
      |         chain strafe: 1 chunk(s) of 0.30s, change 6.7, best 6.7, hazards none — one push, so `best` IS the whole leg's travel
      |     it 238  k= 89 ->  92  escape:right    fix=None
      |         chain push: 1 chunk(s) of 0.40s, change 3.4, best 3.4, hazards none — one push, so `best` IS the whole leg's travel
      |     it 239  k= 89 ->  92  miss            fix=None
      |         chain push: 1 chunk(s) of 0.40s, change 1.3, best 1.3, hazards SHORT — one push, so `best` IS the whole leg's travel
      |     it 240  k= 89 ->  92  miss            fix=None
      |         chain push: 1 chunk(s) of 0.40s, change 1.2, best 1.2, hazards SHORT — one push, so `best` IS the whole leg's travel
      |         chain strafe: 1 chunk(s) of 0.30s, change 5.4, best 5.4, hazards none — one push, so `best` IS the whole leg's travel
      |     it 241  k= 89 ->  92  escape:left     fix=None
      |         chain push: 1 chunk(s) of 0.40s, change 3.9, best 3.9, hazards none — one push, so `best` IS the whole leg's travel
      |     it 242  k= 89 ->  92  miss            fix=None
      |         chain push: 1 chunk(s) of 0.40s, change 4.2, best 4.2, hazards none — one push, so `best` IS the whole leg's travel
      |     it 243  k= 89 ->  92  miss            fix=None
      |         chain push: 1 chunk(s) of 0.40s, change 4.8, best 4.8, hazards none — one push, so `best` IS the whole leg's travel
      |         chain strafe: 1 chunk(s) of 0.30s, change 6.5, best 6.5, hazards none — one push, so `best` IS the whole leg's travel
      |     it 244  k= 89 ->  92  escape:right    fix=None
      |         chain push: 1 chunk(s) of 0.40s, change 5.0, best 5.0, hazards none — one push, so `best` IS the whole leg's travel
      |     it 245  k= 89 ->  92  miss            fix=None
      |         chain push: 1 chunk(s) of 0.40s, change 4.5, best 4.5, hazards none — one push, so `best` IS the whole leg's travel
      |     it 246  k= 89 ->  92  miss            fix=None
      |         chain push: 1 chunk(s) of 0.40s, change 3.7, best 3.7, hazards none — one push, so `best` IS the whole leg's travel
      |         chain strafe: 1 chunk(s) of 0.30s, change 5.7, best 5.7, hazards none — one push, so `best` IS the whole leg's travel
      |     it 247  k= 89 ->  92  escape:left     fix=None
      |         chain push: 1 chunk(s) of 0.40s, change 2.3, best 2.3, hazards SHORT — one push, so `best` IS the whole leg's travel
      |     it 248  k= 89 ->  92  miss            fix=None
      |         chain push: 1 chunk(s) of 0.40s, change 1.8, best 1.8, hazards SHORT — one push, so `best` IS the whole leg's travel
      |     it 249  k= 89 ->  92  miss            fix=None
      |         chain push: 1 chunk(s) of 0.40s, change 2.1, best 2.1, hazards SHORT — one push, so `best` IS the whole leg's travel
      |         chain strafe: 1 chunk(s) of 0.30s, change 5.3, best 5.3, hazards none — one push, so `best` IS the whole leg's travel
      |     it 250  k= 89 ->  92  escape:right    fix=None
      |         chain push: 1 chunk(s) of 0.40s, change 5.9, best 5.9, hazards none — one push, so `best` IS the whole leg's travel
      |     it 251  k= 89 ->  92  miss            fix=None
      |         chain push: 1 chunk(s) of 0.40s, change 5.0, best 5.0, hazards none — one push, so `best` IS the whole leg's travel
      |     it 252  k= 89 ->  92  miss            fix=None
      |         chain push: 1 chunk(s) of 0.40s, change 5.1, best 5.1, hazards none — one push, so `best` IS the whole leg's travel
      |         chain strafe: 1 chunk(s) of 0.30s, change 7.2, best 7.2, hazards none — one push, so `best` IS the whole leg's travel
      |     it 253  k= 89 ->  92  escape:left     fix=None
      |         chain push: 1 chunk(s) of 0.40s, change 4.6, best 4.6, hazards none — one push, so `best` IS the whole leg's travel
      |     it 254  k= 89 ->  92  miss            fix=None
      |         chain push: 1 chunk(s) of 0.40s, change 2.9, best 2.9, hazards SHORT — one push, so `best` IS the whole leg's travel
      |     it 255  k= 89 ->  92  miss            fix=None
      |         chain push: 1 chunk(s) of 0.40s, change 2.9, best 2.9, hazards SHORT — one push, so `best` IS the whole leg's travel
      |         chain strafe: 1 chunk(s) of 0.30s, change 6.0, best 6.0, hazards none — one push, so `best` IS the whole leg's travel
      |     it 256  k= 89 ->  92  escape:right    fix=None
      |         chain push: 1 chunk(s) of 0.40s, change 3.4, best 3.4, hazards none — one push, so `best` IS the whole leg's travel
      |     it 257  k= 89 ->  92  miss            fix=None
      |         chain push: 1 chunk(s) of 0.40s, change 1.5, best 1.5, hazards SHORT — one push, so `best` IS the whole leg's travel
      |     it 258  k= 89 ->  92  miss            fix=None
      |         chain push: 1 chunk(s) of 0.40s, change 1.0, best 1.0, hazards SHORT — one push, so `best` IS the whole leg's travel
      |         chain strafe: 1 chunk(s) of 0.30s, change 5.3, best 5.3, hazards none — one push, so `best` IS the whole leg's travel
      |     it 259  k= 89 ->  92  escape:left     fix=None
      |         chain push: 1 chunk(s) of 0.40s, change 4.8, best 4.8, hazards none — one push, so `best` IS the whole leg's travel
      |     it 260  k= 89 ->  92  miss            fix=None
      |         chain push: 1 chunk(s) of 0.40s, change 4.7, best 4.7, hazards none — one push, so `best` IS the whole leg's travel
      |     it 261  k= 89 ->  92  miss            fix=None
      |         chain push: 1 chunk(s) of 0.40s, change 5.3, best 5.3, hazards none — one push, so `best` IS the whole leg's travel
      |         chain strafe: 1 chunk(s) of 0.30s, change 6.9, best 6.9, hazards none — one push, so `best` IS the whole leg's travel
      |     it 262  k= 89 ->  92  escape:right    fix=None
      |         chain push: 1 chunk(s) of 0.40s, change 5.3, best 5.3, hazards none — one push, so `best` IS the whole leg's travel
      |     it 263  k= 89 ->  92  miss            fix=None
      |         chain push: 1 chunk(s) of 0.40s, change 5.0, best 5.0, hazards none — one push, so `best` IS the whole leg's travel
      |     it 264  k= 89 ->  92  miss            fix=None
      |         chain push: 1 chunk(s) of 0.40s, change 4.2, best 4.2, hazards none — one push, so `best` IS the whole leg's travel
      |         chain strafe: 1 chunk(s) of 0.30s, change 5.5, best 5.5, hazards none — one push, so `best` IS the whole leg's travel
      |     it 265  k= 89 ->  92  escape:left     fix=None
      |         chain push: 1 chunk(s) of 0.40s, change 2.0, best 2.0, hazards SHORT — one push, so `best` IS the whole leg's travel
      |     it 266  k= 89 ->  92  miss            fix=None
      |         chain push: 1 chunk(s) of 0.40s, change 2.2, best 2.2, hazards SHORT — one push, so `best` IS the whole leg's travel
      |     it 267  k= 89 ->  92  miss            fix=None
      |         chain push: 1 chunk(s) of 0.40s, change 2.3, best 2.3, hazards SHORT — one push, so `best` IS the whole leg's travel
      |         chain strafe: 1 chunk(s) of 0.30s, change 5.2, best 5.2, hazards none — one push, so `best` IS the whole leg's travel
      |     it 268  k= 89 ->  92  escape:right    fix=None
      |         chain push: 1 chunk(s) of 0.40s, change 5.1, best 5.1, hazards none — one push, so `best` IS the whole leg's travel
      |     it 269  k= 89 ->  92  miss            fix=None
      |         chain push: 1 chunk(s) of 0.40s, change 4.5, best 4.5, hazards none — one push, so `best` IS the whole leg's travel
      |     it 270  k= 89 ->  92  miss            fix=None
      |         chain push: 1 chunk(s) of 0.40s, change 3.4, best 3.4, hazards none — one push, so `best` IS the whole leg's travel
      |         chain strafe: 1 chunk(s) of 0.30s, change 6.1, best 6.1, hazards none — one push, so `best` IS the whole leg's travel
      |     it 271  k= 89 ->  92  escape:left     fix=None
      |         chain push: 1 chunk(s) of 0.40s, change 5.3, best 5.3, hazards none — one push, so `best` IS the whole leg's travel
      |     it 272  k= 89 ->  92  miss            fix=None
      |         chain push: 1 chunk(s) of 0.40s, change 4.7, best 4.7, hazards none — one push, so `best` IS the whole leg's travel
      |     it 273  k= 89 ->  92  miss            fix=None
      |         chain push: 1 chunk(s) of 0.40s, change 4.4, best 4.4, hazards none — one push, so `best` IS the whole leg's travel
      |         chain strafe: 1 chunk(s) of 0.30s, change 5.6, best 5.6, hazards none — one push, so `best` IS the whole leg's travel
      |     it 274  k= 89 ->  92  escape:right    fix=None
      |         chain push: 1 chunk(s) of 0.40s, change 3.5, best 3.5, hazards none — one push, so `best` IS the whole leg's travel
      |     it 275  k= 89 ->  92  miss            fix=None
      |         chain push: 1 chunk(s) of 0.40s, change 3.1, best 3.1, hazards none — one push, so `best` IS the whole leg's travel
      |     it 276  k= 89 ->  92  miss            fix=None
      |         chain push: 1 chunk(s) of 0.40s, change 2.7, best 2.7, hazards SHORT — one push, so `best` IS the whole leg's travel
      |         chain strafe: 1 chunk(s) of 0.30s, change 6.4, best 6.4, hazards none — one push, so `best` IS the whole leg's travel
      |     it 277  k= 89 ->  92  escape:left     fix=None
      |         chain push: 1 chunk(s) of 0.40s, change 5.6, best 5.6, hazards none — one push, so `best` IS the whole leg's travel
      |     it 278  k= 89 ->  92  miss            fix=None
      |         chain push: 1 chunk(s) of 0.40s, change 5.7, best 5.7, hazards none — one push, so `best` IS the whole leg's travel
      |     it 279  k= 89 ->  92  miss            fix=None
      |         chain push: 1 chunk(s) of 0.40s, change 5.7, best 5.7, hazards none — one push, so `best` IS the whole leg's travel
      |         chain strafe: 1 chunk(s) of 0.30s, change 7.1, best 7.1, hazards none — one push, so `best` IS the whole leg's travel
      |     it 280  k= 89 ->  92  escape:right    fix=None
      |         chain push: 1 chunk(s) of 0.40s, change 4.5, best 4.5, hazards none — one push, so `best` IS the whole leg's travel
      |     it 281  k= 89 ->  92  miss            fix=None
      |         chain push: 1 chunk(s) of 0.40s, change 3.5, best 3.5, hazards none — one push, so `best` IS the whole leg's travel
      |     it 282  k= 89 ->  92  miss            fix=None
      |         chain push: 1 chunk(s) of 0.40s, change 3.1, best 3.1, hazards none — one push, so `best` IS the whole leg's travel
      |         chain strafe: 1 chunk(s) of 0.30s, change 5.4, best 5.4, hazards none — one push, so `best` IS the whole leg's travel
      |     it 283  k= 89 ->  92  escape:left     fix=None
      |         chain push: 1 chunk(s) of 0.40s, change 1.9, best 1.9, hazards SHORT — one push, so `best` IS the whole leg's travel
      |     it 284  k= 89 ->  92  miss            fix=None
      |         chain push: 1 chunk(s) of 0.40s, change 2.0, best 2.0, hazards SHORT — one push, so `best` IS the whole leg's travel
      |     it 285  k= 89 ->  92  miss            fix=None
      |         chain push: 1 chunk(s) of 0.40s, change 2.4, best 2.4, hazards SHORT — one push, so `best` IS the whole leg's travel
      |         chain strafe: 1 chunk(s) of 0.30s, change 4.8, best 4.8, hazards none — one push, so `best` IS the whole leg's travel
      |     it 286  k= 89 ->  92  escape:right    fix=None
      |         chain push: 1 chunk(s) of 0.40s, change 4.5, best 4.5, hazards none — one push, so `best` IS the whole leg's travel
      |     it 287  k= 89 ->  92  miss            fix=None
      |         chain push: 1 chunk(s) of 0.40s, change 3.6, best 3.6, hazards none — one push, so `best` IS the whole leg's travel
      |     it 288  k= 89 ->  92  miss            fix=None
      |         chain push: 1 chunk(s) of 0.40s, change 3.4, best 3.4, hazards none — one push, so `best` IS the whole leg's travel
      |         chain strafe: 1 chunk(s) of 0.30s, change 6.5, best 6.5, hazards none — one push, so `best` IS the whole leg's travel
      |     it 289  k= 89 ->  92  escape:left     fix=None
      |         chain push: 1 chunk(s) of 0.40s, change 4.3, best 4.3, hazards none — one push, so `best` IS the whole leg's travel
      |     it 290  k= 89 ->  92  miss            fix=None
      |         chain push: 1 chunk(s) of 0.40s, change 4.8, best 4.8, hazards none — one push, so `best` IS the whole leg's travel
      |     it 291  k= 89 ->  92  miss            fix=None
      |         chain push: 1 chunk(s) of 0.40s, change 5.2, best 5.2, hazards none — one push, so `best` IS the whole leg's travel
      |         chain strafe: 1 chunk(s) of 0.30s, change 6.4, best 6.4, hazards none — one push, so `best` IS the whole leg's travel
      |     it 292  k= 89 ->  92  escape:right    fix=None
      |         chain push: 1 chunk(s) of 0.40s, change 4.3, best 4.3, hazards none — one push, so `best` IS the whole leg's travel
      |     it 293  k= 89 ->  92  miss            fix=None
      |         chain push: 1 chunk(s) of 0.40s, change 2.1, best 2.1, hazards SHORT — one push, so `best` IS the whole leg's travel
      |     it 294  k= 89 ->  92  miss            fix=None
      |         chain push: 1 chunk(s) of 0.40s, change 3.6, best 3.6, hazards none — one push, so `best` IS the whole leg's travel
      |         chain strafe: 1 chunk(s) of 0.30s, change 5.3, best 5.3, hazards none — one push, so `best` IS the whole leg's travel
      |     it 295  k= 89 ->  92  escape:left     fix=None
      |         chain push: 1 chunk(s) of 0.40s, change 2.5, best 2.5, hazards SHORT — one push, so `best` IS the whole leg's travel
      |     it 296  k= 89 ->  92  miss            fix=None
      |         chain push: 1 chunk(s) of 0.40s, change 2.2, best 2.2, hazards SHORT — one push, so `best` IS the whole leg's travel
      |     it 297  k= 89 ->  92  miss            fix=None
      |         chain push: 1 chunk(s) of 0.40s, change 2.2, best 2.2, hazards SHORT — one push, so `best` IS the whole leg's travel
      |         chain strafe: 1 chunk(s) of 0.30s, change 5.4, best 5.4, hazards none — one push, so `best` IS the whole leg's travel
      |     it 298  k= 89 ->  92  escape:right    fix=None
      |         chain push: 1 chunk(s) of 0.40s, change 5.3, best 5.3, hazards none — one push, so `best` IS the whole leg's travel
      |     it 299  k= 89 ->  92  miss            fix=None
      |         chain push: 1 chunk(s) of 0.40s, change 3.9, best 3.9, hazards none — one push, so `best` IS the whole leg's travel
      |     it 300  k= 89 ->  92  miss            fix=None
      |         chain push: 1 chunk(s) of 0.40s, change 4.2, best 4.2, hazards none — one push, so `best` IS the whole leg's travel
      |         chain strafe: 1 chunk(s) of 0.30s, change 6.8, best 6.8, hazards none — one push, so `best` IS the whole leg's travel
      |     it 301  k= 89 ->  92  escape:left     fix=None
      |         chain push: 1 chunk(s) of 0.40s, change 5.4, best 5.4, hazards none — one push, so `best` IS the whole leg's travel
      |     it 302  k= 89 ->  92  miss            fix=None
      |         chain push: 1 chunk(s) of 0.40s, change 5.2, best 5.2, hazards none — one push, so `best` IS the whole leg's travel
      |     it 303  k= 89 ->  92  miss            fix=None
      |         chain push: 1 chunk(s) of 0.40s, change 4.8, best 4.8, hazards none — one push, so `best` IS the whole leg's travel
      |         chain strafe: 1 chunk(s) of 0.30s, change 5.5, best 5.5, hazards none — one push, so `best` IS the whole leg's travel
      |     it 304  k= 89 ->  92  escape:right    fix=None
      |         chain push: 1 chunk(s) of 0.40s, change 4.3, best 4.3, hazards none — one push, so `best` IS the whole leg's travel
      |     it 305  k= 89 ->  92  miss            fix=None
      |         chain push: 1 chunk(s) of 0.40s, change 1.2, best 1.2, hazards SHORT — one push, so `best` IS the whole leg's travel
      |     it 306  k= 89 ->  92  miss            fix=None
      |         chain push: 1 chunk(s) of 0.40s, change 1.3, best 1.3, hazards SHORT — one push, so `best` IS the whole leg's travel
      |         chain strafe: 1 chunk(s) of 0.30s, change 4.4, best 4.4, hazards none — one push, so `best` IS the whole leg's travel
      |     it 307  k= 89 ->  92  escape:left     fix=None
      |         chain push: 1 chunk(s) of 0.40s, change 3.8, best 3.8, hazards none — one push, so `best` IS the whole leg's travel
      |     it 308  k= 89 ->  92  miss            fix=None
      |         chain push: 1 chunk(s) of 0.40s, change 3.8, best 3.8, hazards none — one push, so `best` IS the whole leg's travel
      |     it 309  k= 89 ->  92  miss            fix=None
      |         chain push: 1 chunk(s) of 0.40s, change 4.9, best 4.9, hazards none — one push, so `best` IS the whole leg's travel
      |         chain strafe: 1 chunk(s) of 0.30s, change 7.1, best 7.1, hazards none — one push, so `best` IS the whole leg's travel
      |     it 310  k= 89 ->  92  escape:right    fix=None
      |         chain push: 1 chunk(s) of 0.40s, change 6.2, best 6.2, hazards none — one push, so `best` IS the whole leg's travel
      |     it 311  k= 89 ->  92  miss            fix=None
      |         chain push: 1 chunk(s) of 0.40s, change 3.2, best 3.2, hazards none — one push, so `best` IS the whole leg's travel
      |     it 312  k= 89 ->  92  miss            fix=None
      |         chain push: 1 chunk(s) of 0.40s, change 4.1, best 4.1, hazards none — one push, so `best` IS the whole leg's travel
      |         chain strafe: 1 chunk(s) of 0.30s, change 5.5, best 5.5, hazards none — one push, so `best` IS the whole leg's travel
      |     it 313  k= 89 ->  92  escape:left     fix=None
      |         chain push: 1 chunk(s) of 0.40s, change 2.5, best 2.5, hazards SHORT — one push, so `best` IS the whole leg's travel
      |     it 314  k= 89 ->  92  miss            fix=None
      |         chain push: 1 chunk(s) of 0.40s, change 1.8, best 1.8, hazards SHORT — one push, so `best` IS the whole leg's travel
      |     it 315  k= 89 ->  92  miss            fix=None
      |   chain_walk: 400.4s >= cap 400s at k=89 of 204 — TIMED OUT
      |   chain_walk: NAVIGATION: 315 iterations at a median 1.05s (0 advanced) — the cap allowed the >= 204 iterations this chain needs, so the time went into not advancing. k stopped at 89 of 204.
[ 3] TIMED_OUT k=89/205  it=315  pushes=312  seconds=415.4 (walk 400.43, setup 13.1)  failure=timed out
     NAVIGATION: 315 iterations at a median 1.05s (0 advanced) — the cap allowed the >= 204 iterations this chain needs, so the time went into not advancing. k stopped at 89 of 204.
      |   pause menu open (selected 'Resume')
      |   selected: Load Last Save
      |   confirmation dialog up (delta 79.1) -> YES
      |   world back after 3.2s, spawn bearing 87 (E)
      |   setup 12.8s (reset 10.4s, Chain.load 2.5s for 205 waypoints) of a 180s budget
      |   chain_walk: 205 waypoints -> plan of 47 targets (41 push, 6 turn-only); the prompt is checked on every iteration; k rises by at most 1 per iteration, so >= 204 iteration(s). The 400s cap allows 1.96s each. At the last waypoint the walk may spend 3 more iteration(s) — 0.540 walk-units of forward push against OPEN-22's measured 0.05 — and then gives up rather than walking on past the table.
      |         turn to 271.3: TURNED to 271.1 (err +0.2) in 3 push(es)
      |     it   1  k=  3 ->   3  turned to 271.3168428039934
      |         chain push: 1 chunk(s) of 0.40s, change 20.7, best 20.7, hazards none — one push, so `best` IS the whole leg's travel
      |     it   2  k=  4 ->   4  advanced        fix={'k': 6, 'k_float': 6.0, 'inliers': 31, 'dx': 31.67999267578125, 'dy': 16.58880615234375, 'scale': 1.0997859660186537, 'second': 24, 'detail': 'k=6 (6.00) inliers=31 second=24 dx=+32 scale=1.100 window=[2,6] fitted=[2, 3, 4, 5, 6]'}
      |         chain push: 1 chunk(s) of 0.40s, change 18.3, best 18.3, hazards none — one push, so `best` IS the whole leg's travel
      |     it   3  k=  7 ->   7  advanced-weak   fix={'k': 7, 'k_float': 7.0, 'inliers': 18, 'dx': -26.873870849609375, 'dy': 27.820831298828125, 'scale': 1.1868316128161112, 'second': 13, 'detail': 'k=7 (7.00) inliers=18 second=13 dx=-27 scale=1.187 window=[3,7] fitted=[3, 4, 5, 6, 7]'}
      |         chain push: 1 chunk(s) of 0.40s, change 14.7, best 14.7, hazards none — one push, so `best` IS the whole leg's travel
      |     it   4  k= 10 ->  10  advanced-weak   fix={'k': 10, 'k_float': 10.0, 'inliers': 17, 'dx': 64.2816162109375, 'dy': 28.665435791015625, 'scale': 1.268469871755635, 'second': 12, 'detail': 'k=10 (10.00) inliers=17 second=12 dx=+64 scale=1.268 window=[6,10] fitted=[6, 7, 8, 9, 10]'}
      |         chain push: 1 chunk(s) of 0.40s, change 12.4, best 12.4, hazards none — one push, so `best` IS the whole leg's travel
      |     it   5  k= 13 ->  13  advanced-weak   fix={'k': 13, 'k_float': 13.0, 'inliers': 11, 'dx': 71.8560791015625, 'dy': 35.665985107421875, 'scale': 1.2255044906765602, 'second': 9, 'detail': 'k=13 (13.00) inliers=11 second=9 dx=+72 scale=1.226 window=[9,13] fitted=[9, 10, 11, 12, 13]'}
      |         chain push: 1 chunk(s) of 0.40s, change 8.5, best 8.5, hazards none — one push, so `best` IS the whole leg's travel
      |     it   6  k= 16 ->  16  blind-advance   fix=None
      |         chain push: 1 chunk(s) of 0.40s, change 7.1, best 7.1, hazards none — one push, so `best` IS the whole leg's travel
      |     it   7  k= 19 ->  19  blind-advance   fix=None
      |         turn to 1.6: TURNED to 1.0 (err +0.6) in 1 push(es)
      |     it   8  k= 39 ->  39  turned to 1.6055901753868653
      |         chain push: 1 chunk(s) of 0.40s, change 18.3, best 18.3, hazards none — one push, so `best` IS the whole leg's travel
      |     it   9  k= 40 ->  40  advanced-weak   fix={'k': 41, 'k_float': 41.0, 'inliers': 14, 'dx': -68.19998168945312, 'dy': 297.7352294921875, 'scale': 1.2835996546641728, 'second': 14, 'detail': 'k=41 (41.00) inliers=14 second=14 dx=-68 scale=1.284 window=[38,42] fitted=[38, 39, 40, 41, 42]'}
      |         chain push: 1 chunk(s) of 0.40s, change 4.0, best 4.0, hazards none — one push, so `best` IS the whole leg's travel
      |     it  10  k= 43 ->  43  advanced-weak   fix={'k': 41, 'k_float': 42.87080874912507, 'inliers': 15, 'dx': -69.5999755859375, 'dy': 297.6000061035156, 'scale': 1.2861792780632306, 'second': 12, 'detail': 'k=41 (42.87) inliers=15 second=12 dx=-70 scale=1.286 window=[39,43] fitted=[39, 40, 41, 42, 43]'}
      |         chain push: 1 chunk(s) of 0.40s, change 5.3, best 5.3, hazards none — one push, so `best` IS the whole leg's travel
      |     it  11  k= 46 ->  46  advanced-weak   fix={'k': 44, 'k_float': 43.583870462295025, 'inliers': 13, 'dx': -179.02081298828125, 'dy': 297.10546875, 'scale': 0.8887532151127098, 'second': 13, 'detail': 'k=44 (43.58) inliers=13 second=13 dx=-179 scale=0.889 window=[42,46] fitted=[42, 43, 44, 45, 46]'}
      |         chain push: 1 chunk(s) of 0.40s, change 6.0, best 6.0, hazards none — one push, so `best` IS the whole leg's travel
      |     it  12  k= 49 ->  49  advanced-weak   fix={'k': 46, 'k_float': 46.0, 'inliers': 11, 'dx': -217.44000244140625, 'dy': 289.6128234863281, 'scale': 0.7239442288824626, 'second': 10, 'detail': 'k=46 (46.00) inliers=11 second=10 dx=-217 scale=0.724 window=[45,49] fitted=[45, 46, 47]'}
      |         chain push: 1 chunk(s) of 0.40s, change 5.6, best 5.6, hazards none — one push, so `best` IS the whole leg's travel
      |     it  13  k= 52 ->  52  blind-advance   fix=None
      |         chain push: 1 chunk(s) of 0.40s, change 5.8, best 5.8, hazards none — one push, so `best` IS the whole leg's travel
      |     it  14  k= 55 ->  55  blind-advance   fix=None
      |         chain push: 1 chunk(s) of 0.40s, change 5.3, best 5.3, hazards none — one push, so `best` IS the whole leg's travel
      |     it  15  k= 58 ->  58  advanced-weak   fix={'k': 58, 'k_float': 58.0, 'inliers': 7, 'dx': -175.6800537109375, 'dy': 204.24961853027344, 'scale': 0.21053358090342855, 'second': 0, 'detail': 'k=58 (58.00) inliers=7 second=0 dx=-176 scale=0.211 window=[54,58] fitted=[58]'}
      |         chain push: 1 chunk(s) of 0.40s, change 6.1, best 6.1, hazards none — one push, so `best` IS the whole leg's travel
      |     it  16  k= 61 ->  61  blind-advance   fix=None
      |         chain push: 1 chunk(s) of 0.40s, change 5.5, best 5.5, hazards none — one push, so `best` IS the whole leg's travel
      |     it  17  k= 64 ->  64  advanced-weak   fix={'k': 63, 'k_float': 63.0, 'inliers': 7, 'dx': 874.9439697265625, 'dy': 109.72799682617188, 'scale': 0.025536352214375876, 'second': 6, 'detail': 'k=63 (63.00) inliers=7 second=6 dx=+875 scale=0.026 window=[60,64] fitted=[63, 64]'}
      |     it  18  k= 88 ->  88  turned (skipped, same heading) to 1.3495539744498237
      |         chain push: 1 chunk(s) of 0.40s, change 6.4, best 6.4, hazards none — one push, so `best` IS the whole leg's travel
      |     it  19  k= 89 ->  89  advanced-weak   fix={'k': 88, 'k_float': 88.0, 'inliers': 7, 'dx': -200.2752685546875, 'dy': -30.412841796875, 'scale': 0.739967967506985, 'second': 7, 'detail': 'k=88 (88.00) inliers=7 second=7 dx=-200 scale=0.740 window=[87,91] fitted=[87, 88, 89, 90, 91]'}
      |         chain push: 1 chunk(s) of 0.40s, change 7.1, best 7.1, hazards none — one push, so `best` IS the whole leg's travel
      |     it  20  k= 92 ->  92  blind-advance   fix={'k': 88, 'k_float': 88.0, 'inliers': 8, 'dx': -400.3155822753906, 'dy': 11.529052734375, 'scale': 0.6679841969125887, 'second': 7, 'detail': 'k=88 (88.00) inliers=8 second=7 dx=-400 scale=0.668 window=[88,92] fitted=[88, 89, 90, 91, 92]'}
      |         chain push: 1 chunk(s) of 0.40s, change 7.4, best 7.4, hazards none — one push, so `best` IS the whole leg's travel
      |     it  21  k= 94 ->  94  advanced-weak   fix={'k': 92, 'k_float': 92.0, 'inliers': 7, 'dx': -422.0160827636719, 'dy': 7.153839111328125, 'scale': 0.04945640263466981, 'second': 6, 'detail': 'k=92 (92.00) inliers=7 second=6 dx=-422 scale=0.049 window=[91,95] fitted=[91, 92, 93, 94]'}
      |         chain push: 1 chunk(s) of 0.40s, change 5.3, best 5.3, hazards none — one push, so `best` IS the whole leg's travel
      |     it  22  k= 96 ->  96  advanced-weak   fix={'k': 95, 'k_float': 95.0, 'inliers': 6, 'dx': -463.44561767578125, 'dy': 34.955047607421875, 'scale': 0.5174151766720999, 'second': 6, 'detail': 'k=95 (95.00) inliers=6 second=6 dx=-463 scale=0.517 window=[93,97] fitted=[93, 95, 97]'}
      |         chain push: 1 chunk(s) of 0.40s, change 5.5, best 5.5, hazards none — one push, so `best` IS the whole leg's travel
      |     it  23  k= 98 ->  98  advanced-weak   fix={'k': 96, 'k_float': 96.0, 'inliers': 8, 'dx': -106.31710815429688, 'dy': 185.26866149902344, 'scale': 0.002267498778273596, 'second': 7, 'detail': 'k=96 (96.00) inliers=8 second=7 dx=-106 scale=0.002 window=[95,99] fitted=[95, 96, 97]'}
      |         chain push: 1 chunk(s) of 0.40s, change 6.0, best 6.0, hazards none — one push, so `best` IS the whole leg's travel
      |     it  24  k=100 -> 100  advanced-weak   fix={'k': 97, 'k_float': 97.0, 'inliers': 8, 'dx': -335.8542175292969, 'dy': 108.06910705566406, 'scale': 0.7399692294284563, 'second': 0, 'detail': 'k=97 (97.00) inliers=8 second=0 dx=-336 scale=0.740 window=[97,101] fitted=[97]'}
      |         chain push: 1 chunk(s) of 0.40s, change 6.3, best 6.3, hazards none — one push, so `best` IS the whole leg's travel
      |     it  25  k=102 -> 102  advanced-weak   fix={'k': 100, 'k_float': 100.0, 'inliers': 6, 'dx': -570.053955078125, 'dy': 97.12797546386719, 'scale': 0.6170084891290463, 'second': 6, 'detail': 'k=100 (100.00) inliers=6 second=6 dx=-570 scale=0.617 window=[99,103] fitted=[99, 100]'}
      |         chain push: 1 chunk(s) of 0.40s, change 9.0, best 9.0, hazards none — one push, so `best` IS the whole leg's travel
      |     it  26  k=104 -> 104  advanced-weak   fix={'k': 105, 'k_float': 105.0, 'inliers': 7, 'dx': -235.46435546875, 'dy': 64.35064697265625, 'scale': 0.026814388317442775, 'second': 7, 'detail': 'k=105 (105.00) inliers=7 second=7 dx=-235 scale=0.027 window=[101,105] fitted=[103, 104, 105]'}
      |         chain push: 1 chunk(s) of 0.40s, change 13.1, best 13.1, hazards none — one push, so `best` IS the whole leg's travel
      |     it  27  k=107 -> 107  blind-advance   fix={'k': 103, 'k_float': 103.0, 'inliers': 6, 'dx': 264.58001708984375, 'dy': -24.825820922851562, 'scale': 0.46852937402315026, 'second': 6, 'detail': 'k=103 (103.00) inliers=6 second=6 dx=+265 scale=0.469 window=[103,107] fitted=[103, 104]'}
      |         chain push: 1 chunk(s) of 0.40s, change 5.3, best 5.3, hazards none — one push, so `best` IS the whole leg's travel
      |     it  28  k=109 -> 109  advanced-weak   fix={'k': 110, 'k_float': 110.0, 'inliers': 6, 'dx': -46.64544677734375, 'dy': -38.947967529296875, 'scale': 0.03656010185829559, 'second': 0, 'detail': 'k=110 (110.00) inliers=6 second=0 dx=-47 scale=0.037 window=[106,110] fitted=[110]'}
      |         chain push: 1 chunk(s) of 0.40s, change 6.7, best 6.7, hazards none — one push, so `best` IS the whole leg's travel
      |     it  29  k=112 -> 112  blind-advance   fix={'k': 108, 'k_float': 108.0, 'inliers': 6, 'dx': 32.199981689453125, 'dy': 53.89997863769531, 'scale': 0.04275162029934804, 'second': 0, 'detail': 'k=108 (108.00) inliers=6 second=0 dx=+32 scale=0.043 window=[108,112] fitted=[108]'}
      |         chain push: 1 chunk(s) of 0.40s, change 5.2, best 5.2, hazards none — one push, so `best` IS the whole leg's travel
      |     it  30  k=114 -> 114  blind-advance   fix=None
      |         turn to 303.3: TURNED to 305.2 (err -1.9) in 1 push(es)
      |     it  31  k=129 -> 129  turned to 303.34476843910807
      |         turn to 299.8: TURNED to 299.6 (err +0.1) in 1 push(es)
      |         chain push: 1 chunk(s) of 0.40s, change 10.7, best 10.7, hazards none — one push, so `best` IS the whole leg's travel
      |     it  32  k=130 -> 130  blind-advance   fix=None
      |         turn to 298.3: NO-OP, already inside 4.0 deg (at 299.6, err -1.4) — nothing was sent, the recorded curve was discarded, and the caller's step line will look like a turn that happened
      |         chain push: 1 chunk(s) of 0.40s, change 8.3, best 8.3, hazards none — one push, so `best` IS the whole leg's travel
      |     it  33  k=133 -> 133  blind-advance   fix=None
      |         chain push: 1 chunk(s) of 0.40s, change 13.6, best 13.6, hazards none — one push, so `best` IS the whole leg's travel
      |     it  34  k=133 -> 136  miss            fix=None
      |         chain push: 1 chunk(s) of 0.40s, change 8.7, best 8.7, hazards none — one push, so `best` IS the whole leg's travel
      |     it  35  k=133 -> 136  miss            fix=None
      |         chain push: 1 chunk(s) of 0.40s, change 4.5, best 4.5, hazards none — one push, so `best` IS the whole leg's travel
      |     it  36  k=133 -> 136  escape:jump     fix=None
      |         chain push: 1 chunk(s) of 0.40s, change 8.2, best 8.2, hazards none — one push, so `best` IS the whole leg's travel
      |     it  37  k=133 -> 136  miss            fix=None
      |         chain push: 1 chunk(s) of 0.40s, change 2.8, best 2.8, hazards SHORT — one push, so `best` IS the whole leg's travel
      |     it  38  k=133 -> 136  miss            fix=None
      |         chain push: 1 chunk(s) of 0.40s, change 8.6, best 8.6, hazards none — one push, so `best` IS the whole leg's travel
      |         chain strafe: 1 chunk(s) of 0.30s, change 14.9, best 14.9, hazards none — one push, so `best` IS the whole leg's travel
      |     it  39  k=133 -> 136  escape:left     fix=None
      |         chain push: 1 chunk(s) of 0.40s, change 4.7, best 4.7, hazards none — one push, so `best` IS the whole leg's travel
      |     it  40  k=133 -> 136  miss            fix=None
      |         chain push: 1 chunk(s) of 0.40s, change 4.3, best 4.3, hazards none — one push, so `best` IS the whole leg's travel
      |     it  41  k=133 -> 136  miss            fix=None
      |         chain push: 1 chunk(s) of 0.40s, change 5.1, best 5.1, hazards none — one push, so `best` IS the whole leg's travel
      |         chain strafe: 1 chunk(s) of 0.30s, change 47.5, best 47.5, hazards none — one push, so `best` IS the whole leg's travel
      |     it  42  k=133 -> 136  escape:right    fix=None
      |         chain push: 1 chunk(s) of 0.40s, change 25.8, best 25.8, hazards none — one push, so `best` IS the whole leg's travel
      |     it  43  k=133 -> 136  miss            fix=None
      |         chain push: 1 chunk(s) of 0.40s, change 32.1, best 32.1, hazards none — one push, so `best` IS the whole leg's travel
      |     it  44  k=133 -> 136  miss            fix=None
      |         chain push: 1 chunk(s) of 0.40s, change 28.1, best 28.1, hazards none — one push, so `best` IS the whole leg's travel
      |         chain strafe: 1 chunk(s) of 0.30s, change 51.7, best 51.7, hazards none — one push, so `best` IS the whole leg's travel
      |     it  45  k=133 -> 136  escape:left     fix=None
      |         chain push: 1 chunk(s) of 0.40s, change 29.2, best 29.2, hazards none — one push, so `best` IS the whole leg's travel
      |     it  46  k=133 -> 136  miss            fix=None
      |         chain push: 1 chunk(s) of 0.40s, change 25.8, best 25.8, hazards none — one push, so `best` IS the whole leg's travel
      |     it  47  k=133 -> 136  miss            fix=None
      |         chain push: 1 chunk(s) of 0.40s, change 32.0, best 32.0, hazards none — one push, so `best` IS the whole leg's travel
      |         chain strafe: 1 chunk(s) of 0.30s, change 43.1, best 43.1, hazards none — one push, so `best` IS the whole leg's travel
      |     it  48  k=133 -> 136  escape:right    fix=None
      |         chain push: 1 chunk(s) of 0.40s, change 20.4, best 20.4, hazards none — one push, so `best` IS the whole leg's travel
      |     it  49  k=133 -> 136  miss            fix=None
      |         chain push: 1 chunk(s) of 0.40s, change 17.1, best 17.1, hazards none — one push, so `best` IS the whole leg's travel
      |     it  50  k=133 -> 136  miss            fix=None
      |         chain push: 1 chunk(s) of 0.40s, change 10.7, best 10.7, hazards none — one push, so `best` IS the whole leg's travel
      |         chain strafe: 1 chunk(s) of 0.30s, change 31.8, best 31.8, hazards none — one push, so `best` IS the whole leg's travel
      |     it  51  k=133 -> 136  escape:left     fix=None
      |         chain push: 1 chunk(s) of 0.40s, change 18.7, best 18.7, hazards none — one push, so `best` IS the whole leg's travel
      |     it  52  k=133 -> 136  miss            fix=None
      |         chain push: 1 chunk(s) of 0.40s, change 11.9, best 11.9, hazards none — one push, so `best` IS the whole leg's travel
      |     it  53  k=133 -> 136  miss            fix=None
      |         chain push: 1 chunk(s) of 0.40s, change 9.6, best 9.6, hazards none — one push, so `best` IS the whole leg's travel
      |         chain strafe: 1 chunk(s) of 0.30s, change 6.8, best 6.8, hazards none — one push, so `best` IS the whole leg's travel
      |     it  54  k=133 -> 136  escape:right    fix=None
      |         chain push: 1 chunk(s) of 0.40s, change 5.4, best 5.4, hazards none — one push, so `best` IS the whole leg's travel
      |     it  55  k=133 -> 136  miss            fix=None
      |         chain push: 1 chunk(s) of 0.40s, change 2.4, best 2.4, hazards SHORT — one push, so `best` IS the whole leg's travel
      |     it  56  k=133 -> 136  miss            fix=None
      |         chain push: 1 chunk(s) of 0.40s, change 1.7, best 1.7, hazards SHORT — one push, so `best` IS the whole leg's travel
      |         chain strafe: 1 chunk(s) of 0.30s, change 1.7, best 1.7, hazards SHORT — one push, so `best` IS the whole leg's travel
      |     it  57  k=133 -> 136  escape:left     fix=None
      |         chain push: 1 chunk(s) of 0.40s, change 2.7, best 2.7, hazards SHORT — one push, so `best` IS the whole leg's travel
      |     it  58  k=133 -> 136  miss            fix=None
      |         chain push: 1 chunk(s) of 0.40s, change 2.3, best 2.3, hazards SHORT — one push, so `best` IS the whole leg's travel
      |     it  59  k=133 -> 136  miss            fix=None
      |         chain push: 1 chunk(s) of 0.40s, change 4.3, best 4.3, hazards none — one push, so `best` IS the whole leg's travel
      |         chain strafe: 1 chunk(s) of 0.30s, change 5.1, best 5.1, hazards none — one push, so `best` IS the whole leg's travel
      |     it  60  k=133 -> 136  escape:right    fix=None
      |         chain push: 1 chunk(s) of 0.40s, change 4.5, best 4.5, hazards none — one push, so `best` IS the whole leg's travel
      |     it  61  k=133 -> 136  miss            fix=None
      |         chain push: 1 chunk(s) of 0.40s, change 2.3, best 2.3, hazards SHORT — one push, so `best` IS the whole leg's travel
      |     it  62  k=133 -> 136  miss            fix=None
      |         chain push: 1 chunk(s) of 0.40s, change 3.1, best 3.1, hazards none — one push, so `best` IS the whole leg's travel
      |         chain strafe: 1 chunk(s) of 0.30s, change 4.0, best 4.0, hazards none — one push, so `best` IS the whole leg's travel
      |     it  63  k=133 -> 136  escape:left     fix=None
      |         chain push: 1 chunk(s) of 0.40s, change 2.6, best 2.6, hazards SHORT — one push, so `best` IS the whole leg's travel
      |     it  64  k=133 -> 136  miss            fix=None
      |         chain push: 1 chunk(s) of 0.40s, change 4.8, best 4.8, hazards none — one push, so `best` IS the whole leg's travel
      |     it  65  k=133 -> 136  miss            fix=None
      |         chain push: 1 chunk(s) of 0.40s, change 2.8, best 2.8, hazards SHORT — one push, so `best` IS the whole leg's travel
      |         chain strafe: 1 chunk(s) of 0.30s, change 6.9, best 6.9, hazards none — one push, so `best` IS the whole leg's travel
      |     it  66  k=133 -> 136  escape:right    fix=None
      |         chain push: 1 chunk(s) of 0.40s, change 5.8, best 5.8, hazards none — one push, so `best` IS the whole leg's travel
      |     it  67  k=133 -> 136  miss            fix=None
      |         chain push: 1 chunk(s) of 0.40s, change 1.1, best 1.1, hazards SHORT — one push, so `best` IS the whole leg's travel
      |     it  68  k=133 -> 136  miss            fix=None
      |         chain push: 1 chunk(s) of 0.40s, change 1.8, best 1.8, hazards SHORT — one push, so `best` IS the whole leg's travel
      |         chain strafe: 1 chunk(s) of 0.30s, change 4.0, best 4.0, hazards none — one push, so `best` IS the whole leg's travel
      |     it  69  k=133 -> 136  escape:left     fix=None
      |         chain push: 1 chunk(s) of 0.40s, change 4.6, best 4.6, hazards none — one push, so `best` IS the whole leg's travel
      |     it  70  k=133 -> 136  miss            fix=None
      |         chain push: 1 chunk(s) of 0.40s, change 2.7, best 2.7, hazards SHORT — one push, so `best` IS the whole leg's travel
      |     it  71  k=133 -> 136  miss            fix=None
      |         chain push: 1 chunk(s) of 0.40s, change 2.5, best 2.5, hazards SHORT — one push, so `best` IS the whole leg's travel
      |         chain strafe: 1 chunk(s) of 0.30s, change 4.1, best 4.1, hazards none — one push, so `best` IS the whole leg's travel
      |     it  72  k=133 -> 136  escape:right    fix=None
      |         chain push: 1 chunk(s) of 0.40s, change 3.5, best 3.5, hazards none — one push, so `best` IS the whole leg's travel
      |     it  73  k=133 -> 136  miss            fix=None
      |         chain push: 1 chunk(s) of 0.40s, change 2.4, best 2.4, hazards SHORT — one push, so `best` IS the whole leg's travel
      |     it  74  k=133 -> 136  miss            fix=None
      |         chain push: 1 chunk(s) of 0.40s, change 2.4, best 2.4, hazards SHORT — one push, so `best` IS the whole leg's travel
      |         chain strafe: 1 chunk(s) of 0.30s, change 3.3, best 3.3, hazards none — one push, so `best` IS the whole leg's travel
      |     it  75  k=133 -> 136  escape:left     fix=None
      |         chain push: 1 chunk(s) of 0.40s, change 2.6, best 2.6, hazards SHORT — one push, so `best` IS the whole leg's travel
      |     it  76  k=133 -> 136  miss            fix=None
      |         chain push: 1 chunk(s) of 0.40s, change 3.4, best 3.4, hazards none — one push, so `best` IS the whole leg's travel
      |     it  77  k=133 -> 136  miss            fix=None
      |         chain push: 1 chunk(s) of 0.40s, change 2.0, best 2.0, hazards SHORT — one push, so `best` IS the whole leg's travel
      |         chain strafe: 1 chunk(s) of 0.30s, change 3.8, best 3.8, hazards none — one push, so `best` IS the whole leg's travel
      |     it  78  k=133 -> 136  escape:right    fix=None
      |         chain push: 1 chunk(s) of 0.40s, change 5.4, best 5.4, hazards none — one push, so `best` IS the whole leg's travel
      |     it  79  k=133 -> 136  miss            fix=None
      |         chain push: 1 chunk(s) of 0.40s, change 2.7, best 2.7, hazards SHORT — one push, so `best` IS the whole leg's travel
      |     it  80  k=133 -> 136  miss            fix=None
      |         chain push: 1 chunk(s) of 0.40s, change 3.0, best 3.0, hazards SHORT — one push, so `best` IS the whole leg's travel
      |         chain strafe: 1 chunk(s) of 0.30s, change 4.0, best 4.0, hazards none — one push, so `best` IS the whole leg's travel
      |     it  81  k=133 -> 136  escape:left     fix=None
      |         chain push: 1 chunk(s) of 0.40s, change 2.4, best 2.4, hazards SHORT — one push, so `best` IS the whole leg's travel
      |     it  82  k=133 -> 136  miss            fix=None
      |         chain push: 1 chunk(s) of 0.40s, change 2.0, best 2.0, hazards SHORT — one push, so `best` IS the whole leg's travel
      |     it  83  k=133 -> 136  miss            fix=None
      |         chain push: 1 chunk(s) of 0.40s, change 1.4, best 1.4, hazards SHORT — one push, so `best` IS the whole leg's travel
      |         chain strafe: 1 chunk(s) of 0.30s, change 3.2, best 3.2, hazards none — one push, so `best` IS the whole leg's travel
      |     it  84  k=133 -> 136  escape:right    fix=None
      |         chain push: 1 chunk(s) of 0.40s, change 3.7, best 3.7, hazards none — one push, so `best` IS the whole leg's travel
      |     it  85  k=133 -> 136  miss            fix=None
      |         chain push: 1 chunk(s) of 0.40s, change 3.0, best 3.0, hazards SHORT — one push, so `best` IS the whole leg's travel
      |     it  86  k=133 -> 136  miss            fix=None
      |         chain push: 1 chunk(s) of 0.40s, change 2.8, best 2.8, hazards SHORT — one push, so `best` IS the whole leg's travel
      |         chain strafe: 1 chunk(s) of 0.30s, change 3.1, best 3.1, hazards none — one push, so `best` IS the whole leg's travel
      |     it  87  k=133 -> 136  escape:left     fix=None
      |         chain push: 1 chunk(s) of 0.40s, change 2.3, best 2.3, hazards SHORT — one push, so `best` IS the whole leg's travel
      |     it  88  k=133 -> 136  miss            fix=None
      |         chain push: 1 chunk(s) of 0.40s, change 1.9, best 1.9, hazards SHORT — one push, so `best` IS the whole leg's travel
      |     it  89  k=133 -> 136  miss            fix=None
      |         chain push: 1 chunk(s) of 0.40s, change 1.5, best 1.5, hazards SHORT — one push, so `best` IS the whole leg's travel
      |         chain strafe: 1 chunk(s) of 0.30s, change 4.7, best 4.7, hazards none — one push, so `best` IS the whole leg's travel
      |     it  90  k=133 -> 136  escape:right    fix=None
      |         chain push: 1 chunk(s) of 0.40s, change 5.9, best 5.9, hazards none — one push, so `best` IS the whole leg's travel
      |     it  91  k=133 -> 136  miss            fix=None
      |         chain push: 1 chunk(s) of 0.40s, change 2.9, best 2.9, hazards SHORT — one push, so `best` IS the whole leg's travel
      |     it  92  k=133 -> 136  miss            fix=None
      |         chain push: 1 chunk(s) of 0.40s, change 2.7, best 2.7, hazards SHORT — one push, so `best` IS the whole leg's travel
      |         chain strafe: 1 chunk(s) of 0.30s, change 3.3, best 3.3, hazards none — one push, so `best` IS the whole leg's travel
      |     it  93  k=133 -> 136  escape:left     fix=None
      |         chain push: 1 chunk(s) of 0.40s, change 2.2, best 2.2, hazards SHORT — one push, so `best` IS the whole leg's travel
      |     it  94  k=133 -> 136  miss            fix=None
      |         chain push: 1 chunk(s) of 0.40s, change 2.3, best 2.3, hazards SHORT — one push, so `best` IS the whole leg's travel
      |     it  95  k=133 -> 136  miss            fix=None
      |         chain push: 1 chunk(s) of 0.40s, change 2.2, best 2.2, hazards SHORT — one push, so `best` IS the whole leg's travel
      |         chain strafe: 1 chunk(s) of 0.30s, change 3.3, best 3.3, hazards none — one push, so `best` IS the whole leg's travel
      |     it  96  k=133 -> 136  escape:right    fix=None
      |         chain push: 1 chunk(s) of 0.40s, change 3.4, best 3.4, hazards none — one push, so `best` IS the whole leg's travel
      |     it  97  k=133 -> 136  miss            fix=None
      |         chain push: 1 chunk(s) of 0.40s, change 2.1, best 2.1, hazards SHORT — one push, so `best` IS the whole leg's travel
      |     it  98  k=133 -> 136  miss            fix=None
      |         chain push: 1 chunk(s) of 0.40s, change 2.8, best 2.8, hazards SHORT — one push, so `best` IS the whole leg's travel
      |         chain strafe: 1 chunk(s) of 0.30s, change 2.9, best 2.9, hazards SHORT — one push, so `best` IS the whole leg's travel
      |     it  99  k=133 -> 136  escape:left     fix=None
      |         chain push: 1 chunk(s) of 0.40s, change 1.7, best 1.7, hazards SHORT — one push, so `best` IS the whole leg's travel
      |     it 100  k=133 -> 136  miss            fix=None
      |         chain push: 1 chunk(s) of 0.40s, change 1.4, best 1.4, hazards SHORT — one push, so `best` IS the whole leg's travel
      |     it 101  k=133 -> 136  miss            fix=None
      |         chain push: 1 chunk(s) of 0.40s, change 2.4, best 2.4, hazards SHORT — one push, so `best` IS the whole leg's travel
      |         chain strafe: 1 chunk(s) of 0.30s, change 4.2, best 4.2, hazards none — one push, so `best` IS the whole leg's travel
      |     it 102  k=133 -> 136  escape:right    fix=None
      |         chain push: 1 chunk(s) of 0.40s, change 5.1, best 5.1, hazards none — one push, so `best` IS the whole leg's travel
      |     it 103  k=133 -> 136  miss            fix=None
      |         chain push: 1 chunk(s) of 0.40s, change 2.9, best 2.9, hazards SHORT — one push, so `best` IS the whole leg's travel
      |     it 104  k=133 -> 136  miss            fix=None
      |         chain push: 1 chunk(s) of 0.40s, change 2.5, best 2.5, hazards SHORT — one push, so `best` IS the whole leg's travel
      |         chain strafe: 1 chunk(s) of 0.30s, change 3.8, best 3.8, hazards none — one push, so `best` IS the whole leg's travel
      |     it 105  k=133 -> 136  escape:left     fix=None
      |         chain push: 1 chunk(s) of 0.40s, change 1.8, best 1.8, hazards SHORT — one push, so `best` IS the whole leg's travel
      |     it 106  k=133 -> 136  miss            fix=None
      |         chain push: 1 chunk(s) of 0.40s, change 2.5, best 2.5, hazards SHORT — one push, so `best` IS the whole leg's travel
      |     it 107  k=133 -> 136  miss            fix=None
      |         chain push: 1 chunk(s) of 0.40s, change 2.1, best 2.1, hazards SHORT — one push, so `best` IS the whole leg's travel
      |         chain strafe: 1 chunk(s) of 0.30s, change 4.8, best 4.8, hazards none — one push, so `best` IS the whole leg's travel
      |     it 108  k=133 -> 136  escape:right    fix=None
      |         chain push: 1 chunk(s) of 0.40s, change 5.0, best 5.0, hazards none — one push, so `best` IS the whole leg's travel
      |     it 109  k=133 -> 136  miss            fix=None
      |         chain push: 1 chunk(s) of 0.40s, change 2.7, best 2.7, hazards SHORT — one push, so `best` IS the whole leg's travel
      |     it 110  k=133 -> 136  miss            fix=None
      |         chain push: 1 chunk(s) of 0.40s, change 2.5, best 2.5, hazards SHORT — one push, so `best` IS the whole leg's travel
      |         chain strafe: 1 chunk(s) of 0.30s, change 3.4, best 3.4, hazards none — one push, so `best` IS the whole leg's travel
      |     it 111  k=133 -> 136  escape:left     fix=None
      |         chain push: 1 chunk(s) of 0.40s, change 3.0, best 3.0, hazards SHORT — one push, so `best` IS the whole leg's travel
      |     it 112  k=133 -> 136  miss            fix=None
      |         chain push: 1 chunk(s) of 0.40s, change 2.2, best 2.2, hazards SHORT — one push, so `best` IS the whole leg's travel
      |     it 113  k=133 -> 136  miss            fix=None
      |         chain push: 1 chunk(s) of 0.40s, change 3.0, best 3.0, hazards none — one push, so `best` IS the whole leg's travel
      |         chain strafe: 1 chunk(s) of 0.30s, change 5.4, best 5.4, hazards none — one push, so `best` IS the whole leg's travel
      |     it 114  k=133 -> 136  escape:right    fix=None
      |         chain push: 1 chunk(s) of 0.40s, change 5.4, best 5.4, hazards none — one push, so `best` IS the whole leg's travel
      |     it 115  k=133 -> 136  miss            fix=None
      |         chain push: 1 chunk(s) of 0.40s, change 2.2, best 2.2, hazards SHORT — one push, so `best` IS the whole leg's travel
      |     it 116  k=133 -> 136  miss            fix=None
      |         chain push: 1 chunk(s) of 0.40s, change 1.8, best 1.8, hazards SHORT — one push, so `best` IS the whole leg's travel
      |         chain strafe: 1 chunk(s) of 0.30s, change 2.8, best 2.8, hazards SHORT — one push, so `best` IS the whole leg's travel
      |     it 117  k=133 -> 136  escape:left     fix=None
      |         chain push: 1 chunk(s) of 0.40s, change 2.0, best 2.0, hazards SHORT — one push, so `best` IS the whole leg's travel
      |     it 118  k=133 -> 136  miss            fix=None
      |         chain push: 1 chunk(s) of 0.40s, change 3.2, best 3.2, hazards none — one push, so `best` IS the whole leg's travel
      |     it 119  k=133 -> 136  miss            fix=None
      |         chain push: 1 chunk(s) of 0.40s, change 2.9, best 2.9, hazards SHORT — one push, so `best` IS the whole leg's travel
      |         chain strafe: 1 chunk(s) of 0.30s, change 3.8, best 3.8, hazards none — one push, so `best` IS the whole leg's travel
      |     it 120  k=133 -> 136  escape:right    fix=None
      |         chain push: 1 chunk(s) of 0.40s, change 3.8, best 3.8, hazards none — one push, so `best` IS the whole leg's travel
      |     it 121  k=133 -> 136  miss            fix=None
      |         chain push: 1 chunk(s) of 0.40s, change 1.7, best 1.7, hazards SHORT — one push, so `best` IS the whole leg's travel
      |     it 122  k=133 -> 136  miss            fix=None
      |         chain push: 1 chunk(s) of 0.40s, change 1.3, best 1.3, hazards SHORT — one push, so `best` IS the whole leg's travel
      |         chain strafe: 1 chunk(s) of 0.30s, change 2.7, best 2.7, hazards SHORT — one push, so `best` IS the whole leg's travel
      |     it 123  k=133 -> 136  escape:left     fix=None
      |         chain push: 1 chunk(s) of 0.40s, change 4.1, best 4.1, hazards none — one push, so `best` IS the whole leg's travel
      |     it 124  k=133 -> 136  miss            fix=None
      |         chain push: 1 chunk(s) of 0.40s, change 3.2, best 3.2, hazards none — one push, so `best` IS the whole leg's travel
      |     it 125  k=133 -> 136  miss            fix=None
      |         chain push: 1 chunk(s) of 0.40s, change 3.0, best 3.0, hazards SHORT — one push, so `best` IS the whole leg's travel
      |         chain strafe: 1 chunk(s) of 0.30s, change 4.6, best 4.6, hazards none — one push, so `best` IS the whole leg's travel
      |     it 126  k=133 -> 136  escape:right    fix=None
      |         chain push: 1 chunk(s) of 0.40s, change 3.7, best 3.7, hazards none — one push, so `best` IS the whole leg's travel
      |     it 127  k=133 -> 136  miss            fix=None
      |         chain push: 1 chunk(s) of 0.40s, change 1.2, best 1.2, hazards SHORT — one push, so `best` IS the whole leg's travel
      |     it 128  k=133 -> 136  miss            fix=None
      |         chain push: 1 chunk(s) of 0.40s, change 0.9, best 0.9, hazards SHORT — one push, so `best` IS the whole leg's travel
      |         chain strafe: 1 chunk(s) of 0.30s, change 2.7, best 2.7, hazards SHORT — one push, so `best` IS the whole leg's travel
      |     it 129  k=133 -> 136  escape:left     fix=None
      |         chain push: 1 chunk(s) of 0.40s, change 2.5, best 2.5, hazards SHORT — one push, so `best` IS the whole leg's travel
      |     it 130  k=133 -> 136  miss            fix=None
      |         chain push: 1 chunk(s) of 0.40s, change 3.9, best 3.9, hazards none — one push, so `best` IS the whole leg's travel
      |     it 131  k=133 -> 136  miss            fix=None
      |         chain push: 1 chunk(s) of 0.40s, change 3.1, best 3.1, hazards none — one push, so `best` IS the whole leg's travel
      |         chain strafe: 1 chunk(s) of 0.30s, change 3.3, best 3.3, hazards none — one push, so `best` IS the whole leg's travel
      |     it 132  k=133 -> 136  escape:right    fix=None
      |         chain push: 1 chunk(s) of 0.40s, change 3.1, best 3.1, hazards none — one push, so `best` IS the whole leg's travel
      |     it 133  k=133 -> 136  miss            fix=None
      |         chain push: 1 chunk(s) of 0.40s, change 1.0, best 1.0, hazards SHORT — one push, so `best` IS the whole leg's travel
      |     it 134  k=133 -> 136  miss            fix=None
      |         chain push: 1 chunk(s) of 0.40s, change 1.3, best 1.3, hazards SHORT — one push, so `best` IS the whole leg's travel
      |         chain strafe: 1 chunk(s) of 0.30s, change 3.7, best 3.7, hazards none — one push, so `best` IS the whole leg's travel
      |     it 135  k=133 -> 136  escape:left     fix=None
      |         chain push: 1 chunk(s) of 0.40s, change 4.2, best 4.2, hazards none — one push, so `best` IS the whole leg's travel
      |     it 136  k=133 -> 136  miss            fix=None
      |         chain push: 1 chunk(s) of 0.40s, change 2.9, best 2.9, hazards SHORT — one push, so `best` IS the whole leg's travel
      |     it 137  k=133 -> 136  miss            fix=None
      |         chain push: 1 chunk(s) of 0.40s, change 2.9, best 2.9, hazards SHORT — one push, so `best` IS the whole leg's travel
      |         chain strafe: 1 chunk(s) of 0.30s, change 4.6, best 4.6, hazards none — one push, so `best` IS the whole leg's travel
      |     it 138  k=133 -> 136  escape:right    fix=None
      |         chain push: 1 chunk(s) of 0.40s, change 3.5, best 3.5, hazards none — one push, so `best` IS the whole leg's travel
      |     it 139  k=133 -> 136  miss            fix=None
      |         chain push: 1 chunk(s) of 0.40s, change 2.1, best 2.1, hazards SHORT — one push, so `best` IS the whole leg's travel
      |     it 140  k=133 -> 136  miss            fix=None
      |         chain push: 1 chunk(s) of 0.40s, change 1.9, best 1.9, hazards SHORT — one push, so `best` IS the whole leg's travel
      |         chain strafe: 1 chunk(s) of 0.30s, change 3.0, best 3.0, hazards SHORT — one push, so `best` IS the whole leg's travel
      |     it 141  k=133 -> 136  escape:left     fix=None
      |         chain push: 1 chunk(s) of 0.40s, change 2.8, best 2.8, hazards SHORT — one push, so `best` IS the whole leg's travel
      |     it 142  k=133 -> 136  miss            fix=None
      |         chain push: 1 chunk(s) of 0.40s, change 4.2, best 4.2, hazards none — one push, so `best` IS the whole leg's travel
      |     it 143  k=133 -> 136  miss            fix=None
      |         chain push: 1 chunk(s) of 0.40s, change 2.6, best 2.6, hazards SHORT — one push, so `best` IS the whole leg's travel
      |         chain strafe: 1 chunk(s) of 0.30s, change 3.6, best 3.6, hazards none — one push, so `best` IS the whole leg's travel
      |     it 144  k=133 -> 136  escape:right    fix=None
      |         chain push: 1 chunk(s) of 0.40s, change 4.4, best 4.4, hazards none — one push, so `best` IS the whole leg's travel
      |     it 145  k=133 -> 136  miss            fix=None
      |         chain push: 1 chunk(s) of 0.40s, change 2.2, best 2.2, hazards SHORT — one push, so `best` IS the whole leg's travel
      |     it 146  k=133 -> 136  miss            fix=None
      |         chain push: 1 chunk(s) of 0.40s, change 2.7, best 2.7, hazards SHORT — one push, so `best` IS the whole leg's travel
      |         chain strafe: 1 chunk(s) of 0.30s, change 4.4, best 4.4, hazards none — one push, so `best` IS the whole leg's travel
      |     it 147  k=133 -> 136  escape:left     fix=None
      |         chain push: 1 chunk(s) of 0.40s, change 3.3, best 3.3, hazards none — one push, so `best` IS the whole leg's travel
      |     it 148  k=133 -> 136  miss            fix=None
      |         chain push: 1 chunk(s) of 0.40s, change 2.3, best 2.3, hazards SHORT — one push, so `best` IS the whole leg's travel
      |     it 149  k=133 -> 136  miss            fix=None
      |         chain push: 1 chunk(s) of 0.40s, change 1.6, best 1.6, hazards SHORT — one push, so `best` IS the whole leg's travel
      |         chain strafe: 1 chunk(s) of 0.30s, change 3.2, best 3.2, hazards none — one push, so `best` IS the whole leg's travel
      |     it 150  k=133 -> 136  escape:right    fix=None
      |         chain push: 1 chunk(s) of 0.40s, change 3.5, best 3.5, hazards none — one push, so `best` IS the whole leg's travel
      |     it 151  k=133 -> 136  miss            fix=None
      |         chain push: 1 chunk(s) of 0.40s, change 3.0, best 3.0, hazards none — one push, so `best` IS the whole leg's travel
      |     it 152  k=133 -> 136  miss            fix=None
      |         chain push: 1 chunk(s) of 0.40s, change 3.0, best 3.0, hazards SHORT — one push, so `best` IS the whole leg's travel
      |         chain strafe: 1 chunk(s) of 0.30s, change 3.2, best 3.2, hazards none — one push, so `best` IS the whole leg's travel
      |     it 153  k=133 -> 136  escape:left     fix=None
      |         chain push: 1 chunk(s) of 0.40s, change 2.3, best 2.3, hazards SHORT — one push, so `best` IS the whole leg's travel
      |     it 154  k=133 -> 136  miss            fix=None
      |         chain push: 1 chunk(s) of 0.40s, change 2.3, best 2.3, hazards SHORT — one push, so `best` IS the whole leg's travel
      |     it 155  k=133 -> 136  miss            fix=None
      |         chain push: 1 chunk(s) of 0.40s, change 1.4, best 1.4, hazards SHORT — one push, so `best` IS the whole leg's travel
      |         chain strafe: 1 chunk(s) of 0.30s, change 4.4, best 4.4, hazards none — one push, so `best` IS the whole leg's travel
      |     it 156  k=133 -> 136  escape:right    fix=None
      |         chain push: 1 chunk(s) of 0.40s, change 5.7, best 5.7, hazards none — one push, so `best` IS the whole leg's travel
      |     it 157  k=133 -> 136  miss            fix=None
      |         chain push: 1 chunk(s) of 0.40s, change 2.9, best 2.9, hazards SHORT — one push, so `best` IS the whole leg's travel
      |     it 158  k=133 -> 136  miss            fix=None
      |         chain push: 1 chunk(s) of 0.40s, change 2.6, best 2.6, hazards SHORT — one push, so `best` IS the whole leg's travel
      |         chain strafe: 1 chunk(s) of 0.30s, change 3.6, best 3.6, hazards none — one push, so `best` IS the whole leg's travel
      |     it 159  k=133 -> 136  escape:left     fix=None
      |         chain push: 1 chunk(s) of 0.40s, change 2.2, best 2.2, hazards SHORT — one push, so `best` IS the whole leg's travel
      |     it 160  k=133 -> 136  miss            fix=None
      |         chain push: 1 chunk(s) of 0.40s, change 2.3, best 2.3, hazards SHORT — one push, so `best` IS the whole leg's travel
      |     it 161  k=133 -> 136  miss            fix=None
      |         chain push: 1 chunk(s) of 0.40s, change 1.9, best 1.9, hazards SHORT — one push, so `best` IS the whole leg's travel
      |         chain strafe: 1 chunk(s) of 0.30s, change 3.5, best 3.5, hazards none — one push, so `best` IS the whole leg's travel
      |     it 162  k=133 -> 136  escape:right    fix=None
      |         chain push: 1 chunk(s) of 0.40s, change 3.6, best 3.6, hazards none — one push, so `best` IS the whole leg's travel
      |     it 163  k=133 -> 136  miss            fix=None
      |         chain push: 1 chunk(s) of 0.40s, change 2.7, best 2.7, hazards SHORT — one push, so `best` IS the whole leg's travel
      |     it 164  k=133 -> 136  miss            fix=None
      |         chain push: 1 chunk(s) of 0.40s, change 2.5, best 2.5, hazards SHORT — one push, so `best` IS the whole leg's travel
      |         chain strafe: 1 chunk(s) of 0.30s, change 2.7, best 2.7, hazards SHORT — one push, so `best` IS the whole leg's travel
      |     it 165  k=133 -> 136  escape:left     fix=None
      |         chain push: 1 chunk(s) of 0.40s, change 2.4, best 2.4, hazards SHORT — one push, so `best` IS the whole leg's travel
      |     it 166  k=133 -> 136  miss            fix=None
      |         chain push: 1 chunk(s) of 0.40s, change 1.9, best 1.9, hazards SHORT — one push, so `best` IS the whole leg's travel
      |     it 167  k=133 -> 136  miss            fix=None
      |         chain push: 1 chunk(s) of 0.40s, change 1.8, best 1.8, hazards SHORT — one push, so `best` IS the whole leg's travel
      |         chain strafe: 1 chunk(s) of 0.30s, change 5.7, best 5.7, hazards none — one push, so `best` IS the whole leg's travel
      |     it 168  k=133 -> 136  escape:right    fix=None
      |         chain push: 1 chunk(s) of 0.40s, change 6.6, best 6.6, hazards none — one push, so `best` IS the whole leg's travel
      |     it 169  k=133 -> 136  miss            fix=None
      |         chain push: 1 chunk(s) of 0.40s, change 2.9, best 2.9, hazards SHORT — one push, so `best` IS the whole leg's travel
      |     it 170  k=133 -> 136  miss            fix=None
      |         chain push: 1 chunk(s) of 0.40s, change 2.3, best 2.3, hazards SHORT — one push, so `best` IS the whole leg's travel
      |         chain strafe: 1 chunk(s) of 0.30s, change 2.9, best 2.9, hazards SHORT — one push, so `best` IS the whole leg's travel
      |     it 171  k=133 -> 136  escape:left     fix=None
      |         chain push: 1 chunk(s) of 0.40s, change 2.0, best 2.0, hazards SHORT — one push, so `best` IS the whole leg's travel
      |     it 172  k=133 -> 136  miss            fix=None
      |         chain push: 1 chunk(s) of 0.40s, change 2.3, best 2.3, hazards SHORT — one push, so `best` IS the whole leg's travel
      |     it 173  k=133 -> 136  miss            fix=None
      |         chain push: 1 chunk(s) of 0.40s, change 1.8, best 1.8, hazards SHORT — one push, so `best` IS the whole leg's travel
      |         chain strafe: 1 chunk(s) of 0.30s, change 3.6, best 3.6, hazards none — one push, so `best` IS the whole leg's travel
      |     it 174  k=133 -> 136  escape:right    fix=None
      |         chain push: 1 chunk(s) of 0.40s, change 3.8, best 3.8, hazards none — one push, so `best` IS the whole leg's travel
      |     it 175  k=133 -> 136  miss            fix=None
      |         chain push: 1 chunk(s) of 0.40s, change 2.6, best 2.6, hazards SHORT — one push, so `best` IS the whole leg's travel
      |     it 176  k=133 -> 136  miss            fix=None
      |         chain push: 1 chunk(s) of 0.40s, change 2.5, best 2.5, hazards SHORT — one push, so `best` IS the whole leg's travel
      |         chain strafe: 1 chunk(s) of 0.30s, change 2.9, best 2.9, hazards SHORT — one push, so `best` IS the whole leg's travel
      |     it 177  k=133 -> 136  escape:left     fix=None
      |         chain push: 1 chunk(s) of 0.40s, change 1.7, best 1.7, hazards SHORT — one push, so `best` IS the whole leg's travel
      |     it 178  k=133 -> 136  miss            fix=None
      |         chain push: 1 chunk(s) of 0.40s, change 2.2, best 2.2, hazards SHORT — one push, so `best` IS the whole leg's travel
      |     it 179  k=133 -> 136  miss            fix=None
      |         chain push: 1 chunk(s) of 0.40s, change 2.2, best 2.2, hazards SHORT — one push, so `best` IS the whole leg's travel
      |         chain strafe: 1 chunk(s) of 0.30s, change 5.3, best 5.3, hazards none — one push, so `best` IS the whole leg's travel
      |     it 180  k=133 -> 136  escape:right    fix=None
      |         chain push: 1 chunk(s) of 0.40s, change 6.0, best 6.0, hazards none — one push, so `best` IS the whole leg's travel
      |     it 181  k=133 -> 136  miss            fix=None
      |         chain push: 1 chunk(s) of 0.40s, change 2.8, best 2.8, hazards SHORT — one push, so `best` IS the whole leg's travel
      |     it 182  k=133 -> 136  miss            fix=None
      |         chain push: 1 chunk(s) of 0.40s, change 2.3, best 2.3, hazards SHORT — one push, so `best` IS the whole leg's travel
      |         chain strafe: 1 chunk(s) of 0.30s, change 3.1, best 3.1, hazards none — one push, so `best` IS the whole leg's travel
      |     it 183  k=133 -> 136  escape:left     fix=None
      |         chain push: 1 chunk(s) of 0.40s, change 1.9, best 1.9, hazards SHORT — one push, so `best` IS the whole leg's travel
      |     it 184  k=133 -> 136  miss            fix=None
      |         chain push: 1 chunk(s) of 0.40s, change 2.5, best 2.5, hazards SHORT — one push, so `best` IS the whole leg's travel
      |     it 185  k=133 -> 136  miss            fix=None
      |         chain push: 1 chunk(s) of 0.40s, change 2.2, best 2.2, hazards SHORT — one push, so `best` IS the whole leg's travel
      |         chain strafe: 1 chunk(s) of 0.30s, change 3.4, best 3.4, hazards none — one push, so `best` IS the whole leg's travel
      |     it 186  k=133 -> 136  escape:right    fix=None
      |         chain push: 1 chunk(s) of 0.40s, change 3.4, best 3.4, hazards none — one push, so `best` IS the whole leg's travel
      |     it 187  k=133 -> 136  miss            fix=None
      |         chain push: 1 chunk(s) of 0.40s, change 2.5, best 2.5, hazards SHORT — one push, so `best` IS the whole leg's travel
      |     it 188  k=133 -> 136  miss            fix=None
      |         chain push: 1 chunk(s) of 0.40s, change 2.2, best 2.2, hazards SHORT — one push, so `best` IS the whole leg's travel
      |         chain strafe: 1 chunk(s) of 0.30s, change 2.9, best 2.9, hazards SHORT — one push, so `best` IS the whole leg's travel
      |     it 189  k=133 -> 136  escape:left     fix=None
      |         chain push: 1 chunk(s) of 0.40s, change 2.1, best 2.1, hazards SHORT — one push, so `best` IS the whole leg's travel
      |     it 190  k=133 -> 136  miss            fix=None
      |         chain push: 1 chunk(s) of 0.40s, change 2.3, best 2.3, hazards SHORT — one push, so `best` IS the whole leg's travel
      |     it 191  k=133 -> 136  miss            fix=None
      |         chain push: 1 chunk(s) of 0.40s, change 1.4, best 1.4, hazards SHORT — one push, so `best` IS the whole leg's travel
      |         chain strafe: 1 chunk(s) of 0.30s, change 4.5, best 4.5, hazards none — one push, so `best` IS the whole leg's travel
      |     it 192  k=133 -> 136  escape:right    fix=None
      |         chain push: 1 chunk(s) of 0.40s, change 5.7, best 5.7, hazards none — one push, so `best` IS the whole leg's travel
      |     it 193  k=133 -> 136  miss            fix=None
      |         chain push: 1 chunk(s) of 0.40s, change 3.1, best 3.1, hazards none — one push, so `best` IS the whole leg's travel
      |     it 194  k=133 -> 136  miss            fix=None
      |         chain push: 1 chunk(s) of 0.40s, change 2.7, best 2.7, hazards SHORT — one push, so `best` IS the whole leg's travel
      |         chain strafe: 1 chunk(s) of 0.30s, change 3.9, best 3.9, hazards none — one push, so `best` IS the whole leg's travel
      |     it 195  k=133 -> 136  escape:left     fix=None
      |         chain push: 1 chunk(s) of 0.40s, change 2.2, best 2.2, hazards SHORT — one push, so `best` IS the whole leg's travel
      |     it 196  k=133 -> 136  miss            fix=None
      |         chain push: 1 chunk(s) of 0.40s, change 2.3, best 2.3, hazards SHORT — one push, so `best` IS the whole leg's travel
      |     it 197  k=133 -> 136  miss            fix=None
      |         chain push: 1 chunk(s) of 0.40s, change 2.0, best 2.0, hazards SHORT — one push, so `best` IS the whole leg's travel
      |         chain strafe: 1 chunk(s) of 0.30s, change 3.5, best 3.5, hazards none — one push, so `best` IS the whole leg's travel
      |     it 198  k=133 -> 136  escape:right    fix=None
      |         chain push: 1 chunk(s) of 0.40s, change 3.9, best 3.9, hazards none — one push, so `best` IS the whole leg's travel
      |     it 199  k=133 -> 136  miss            fix=None
      |         chain push: 1 chunk(s) of 0.40s, change 3.1, best 3.1, hazards none — one push, so `best` IS the whole leg's travel
      |     it 200  k=133 -> 136  miss            fix=None
      |         chain push: 1 chunk(s) of 0.40s, change 2.8, best 2.8, hazards SHORT — one push, so `best` IS the whole leg's travel
      |         chain strafe: 1 chunk(s) of 0.30s, change 2.8, best 2.8, hazards SHORT — one push, so `best` IS the whole leg's travel
      |     it 201  k=133 -> 136  escape:left     fix=None
      |         chain push: 1 chunk(s) of 0.40s, change 1.8, best 1.8, hazards SHORT — one push, so `best` IS the whole leg's travel
      |     it 202  k=133 -> 136  miss            fix=None
      |         chain push: 1 chunk(s) of 0.40s, change 1.9, best 1.9, hazards SHORT — one push, so `best` IS the whole leg's travel
      |     it 203  k=133 -> 136  miss            fix=None
      |         chain push: 1 chunk(s) of 0.40s, change 1.5, best 1.5, hazards SHORT — one push, so `best` IS the whole leg's travel
      |         chain strafe: 1 chunk(s) of 0.30s, change 5.1, best 5.1, hazards none — one push, so `best` IS the whole leg's travel
      |     it 204  k=133 -> 136  escape:right    fix=None
      |         chain push: 1 chunk(s) of 0.40s, change 6.1, best 6.1, hazards none — one push, so `best` IS the whole leg's travel
      |     it 205  k=133 -> 136  miss            fix=None
      |         chain push: 1 chunk(s) of 0.40s, change 2.9, best 2.9, hazards SHORT — one push, so `best` IS the whole leg's travel
      |     it 206  k=133 -> 136  miss            fix=None
      |         chain push: 1 chunk(s) of 0.40s, change 2.7, best 2.7, hazards SHORT — one push, so `best` IS the whole leg's travel
      |         chain strafe: 1 chunk(s) of 0.30s, change 3.6, best 3.6, hazards none — one push, so `best` IS the whole leg's travel
      |     it 207  k=133 -> 136  escape:left     fix=None
      |         chain push: 1 chunk(s) of 0.40s, change 2.0, best 2.0, hazards SHORT — one push, so `best` IS the whole leg's travel
      |     it 208  k=133 -> 136  miss            fix=None
      |         chain push: 1 chunk(s) of 0.40s, change 2.9, best 2.9, hazards SHORT — one push, so `best` IS the whole leg's travel
      |     it 209  k=133 -> 136  miss            fix=None
      |         chain push: 1 chunk(s) of 0.40s, change 2.4, best 2.4, hazards SHORT — one push, so `best` IS the whole leg's travel
      |         chain strafe: 1 chunk(s) of 0.30s, change 3.3, best 3.3, hazards none — one push, so `best` IS the whole leg's travel
      |     it 210  k=133 -> 136  escape:right    fix=None
      |         chain push: 1 chunk(s) of 0.40s, change 3.6, best 3.6, hazards none — one push, so `best` IS the whole leg's travel
      |     it 211  k=133 -> 136  miss            fix=None
      |         chain push: 1 chunk(s) of 0.40s, change 2.7, best 2.7, hazards SHORT — one push, so `best` IS the whole leg's travel
      |     it 212  k=133 -> 136  miss            fix=None
      |         chain push: 1 chunk(s) of 0.40s, change 2.7, best 2.7, hazards SHORT — one push, so `best` IS the whole leg's travel
      |         chain strafe: 1 chunk(s) of 0.30s, change 3.2, best 3.2, hazards none — one push, so `best` IS the whole leg's travel
      |     it 213  k=133 -> 136  escape:left     fix=None
      |         chain push: 1 chunk(s) of 0.40s, change 2.2, best 2.2, hazards SHORT — one push, so `best` IS the whole leg's travel
      |     it 214  k=133 -> 136  miss            fix=None
      |         chain push: 1 chunk(s) of 0.40s, change 2.3, best 2.3, hazards SHORT — one push, so `best` IS the whole leg's travel
      |     it 215  k=133 -> 136  miss            fix=None
      |         chain push: 1 chunk(s) of 0.40s, change 2.5, best 2.5, hazards SHORT — one push, so `best` IS the whole leg's travel
      |         chain strafe: 1 chunk(s) of 0.30s, change 5.7, best 5.7, hazards none — one push, so `best` IS the whole leg's travel
      |     it 216  k=133 -> 136  escape:right    fix=None
      |         chain push: 1 chunk(s) of 0.40s, change 6.0, best 6.0, hazards none — one push, so `best` IS the whole leg's travel
      |     it 217  k=133 -> 136  miss            fix=None
      |         chain push: 1 chunk(s) of 0.40s, change 2.3, best 2.3, hazards SHORT — one push, so `best` IS the whole leg's travel
      |     it 218  k=133 -> 136  miss            fix=None
      |         chain push: 1 chunk(s) of 0.40s, change 1.8, best 1.8, hazards SHORT — one push, so `best` IS the whole leg's travel
      |         chain strafe: 1 chunk(s) of 0.30s, change 3.4, best 3.4, hazards none — one push, so `best` IS the whole leg's travel
      |     it 219  k=133 -> 136  escape:left     fix=None
      |         chain push: 1 chunk(s) of 0.40s, change 2.1, best 2.1, hazards SHORT — one push, so `best` IS the whole leg's travel
      |     it 220  k=133 -> 136  miss            fix=None
      |         chain push: 1 chunk(s) of 0.40s, change 3.3, best 3.3, hazards none — one push, so `best` IS the whole leg's travel
      |     it 221  k=133 -> 136  miss            fix=None
      |         chain push: 1 chunk(s) of 0.40s, change 3.1, best 3.1, hazards none — one push, so `best` IS the whole leg's travel
      |         chain strafe: 1 chunk(s) of 0.30s, change 3.7, best 3.7, hazards none — one push, so `best` IS the whole leg's travel
      |     it 222  k=133 -> 136  escape:right    fix=None
      |         chain push: 1 chunk(s) of 0.40s, change 3.5, best 3.5, hazards none — one push, so `best` IS the whole leg's travel
      |     it 223  k=133 -> 136  miss            fix=None
      |         chain push: 1 chunk(s) of 0.40s, change 1.5, best 1.5, hazards SHORT — one push, so `best` IS the whole leg's travel
      |     it 224  k=133 -> 136  miss            fix=None
      |         chain push: 1 chunk(s) of 0.40s, change 1.0, best 1.0, hazards SHORT — one push, so `best` IS the whole leg's travel
      |         chain strafe: 1 chunk(s) of 0.30s, change 3.0, best 3.0, hazards none — one push, so `best` IS the whole leg's travel
      |     it 225  k=133 -> 136  escape:left     fix=None
      |         chain push: 1 chunk(s) of 0.40s, change 3.9, best 3.9, hazards none — one push, so `best` IS the whole leg's travel
      |     it 226  k=133 -> 136  miss            fix=None
      |         chain push: 1 chunk(s) of 0.40s, change 2.8, best 2.8, hazards SHORT — one push, so `best` IS the whole leg's travel
      |     it 227  k=133 -> 136  miss            fix=None
      |         chain push: 1 chunk(s) of 0.40s, change 3.0, best 3.0, hazards SHORT — one push, so `best` IS the whole leg's travel
      |         chain strafe: 1 chunk(s) of 0.30s, change 5.5, best 5.5, hazards none — one push, so `best` IS the whole leg's travel
      |     it 228  k=133 -> 136  escape:right    fix=None
      |         chain push: 1 chunk(s) of 0.40s, change 4.6, best 4.6, hazards none — one push, so `best` IS the whole leg's travel
      |     it 229  k=133 -> 136  miss            fix=None
      |         chain push: 1 chunk(s) of 0.40s, change 1.0, best 1.0, hazards SHORT — one push, so `best` IS the whole leg's travel
      |     it 230  k=133 -> 136  miss            fix=None
      |         chain push: 1 chunk(s) of 0.40s, change 1.4, best 1.4, hazards SHORT — one push, so `best` IS the whole leg's travel
      |         chain strafe: 1 chunk(s) of 0.30s, change 2.8, best 2.8, hazards SHORT — one push, so `best` IS the whole leg's travel
      |     it 231  k=133 -> 136  escape:left     fix=None
      |         chain push: 1 chunk(s) of 0.40s, change 2.9, best 2.9, hazards SHORT — one push, so `best` IS the whole leg's travel
      |     it 232  k=133 -> 136  miss            fix=None
      |         chain push: 1 chunk(s) of 0.40s, change 4.1, best 4.1, hazards none — one push, so `best` IS the whole leg's travel
      |     it 233  k=133 -> 136  miss            fix=None
      |         chain push: 1 chunk(s) of 0.40s, change 3.1, best 3.1, hazards none — one push, so `best` IS the whole leg's travel
      |         chain strafe: 1 chunk(s) of 0.30s, change 3.5, best 3.5, hazards none — one push, so `best` IS the whole leg's travel
      |     it 234  k=133 -> 136  escape:right    fix=None
      |         chain push: 1 chunk(s) of 0.40s, change 3.9, best 3.9, hazards none — one push, so `best` IS the whole leg's travel
      |     it 235  k=133 -> 136  miss            fix=None
      |         chain push: 1 chunk(s) of 0.40s, change 1.7, best 1.7, hazards SHORT — one push, so `best` IS the whole leg's travel
      |     it 236  k=133 -> 136  miss            fix=None
      |         chain push: 1 chunk(s) of 0.40s, change 2.2, best 2.2, hazards SHORT — one push, so `best` IS the whole leg's travel
      |         chain strafe: 1 chunk(s) of 0.30s, change 4.3, best 4.3, hazards none — one push, so `best` IS the whole leg's travel
      |     it 237  k=133 -> 136  escape:left     fix=None
      |         chain push: 1 chunk(s) of 0.40s, change 4.2, best 4.2, hazards none — one push, so `best` IS the whole leg's travel
      |     it 238  k=133 -> 136  miss            fix=None
      |         chain push: 1 chunk(s) of 0.40s, change 2.6, best 2.6, hazards SHORT — one push, so `best` IS the whole leg's travel
      |     it 239  k=133 -> 136  miss            fix=None
      |         chain push: 1 chunk(s) of 0.40s, change 1.9, best 1.9, hazards SHORT — one push, so `best` IS the whole leg's travel
      |         chain strafe: 1 chunk(s) of 0.30s, change 4.3, best 4.3, hazards none — one push, so `best` IS the whole leg's travel
      |     it 240  k=133 -> 136  escape:right    fix=None
      |         chain push: 1 chunk(s) of 0.40s, change 3.4, best 3.4, hazards none — one push, so `best` IS the whole leg's travel
      |     it 241  k=133 -> 136  miss            fix=None
      |         chain push: 1 chunk(s) of 0.40s, change 3.7, best 3.7, hazards none — one push, so `best` IS the whole leg's travel
      |     it 242  k=133 -> 136  miss            fix=None
      |         chain push: 1 chunk(s) of 0.40s, change 2.8, best 2.8, hazards SHORT — one push, so `best` IS the whole leg's travel
      |         chain strafe: 1 chunk(s) of 0.30s, change 3.1, best 3.1, hazards none — one push, so `best` IS the whole leg's travel
      |     it 243  k=133 -> 136  escape:left     fix=None
      |         chain push: 1 chunk(s) of 0.40s, change 2.3, best 2.3, hazards SHORT — one push, so `best` IS the whole leg's travel
      |     it 244  k=133 -> 136  miss            fix=None
      |         chain push: 1 chunk(s) of 0.40s, change 3.7, best 3.7, hazards none — one push, so `best` IS the whole leg's travel
      |     it 245  k=133 -> 136  miss            fix=None
      |         chain push: 1 chunk(s) of 0.40s, change 1.9, best 1.9, hazards SHORT — one push, so `best` IS the whole leg's travel
      |         chain strafe: 1 chunk(s) of 0.30s, change 3.8, best 3.8, hazards none — one push, so `best` IS the whole leg's travel
      |     it 246  k=133 -> 136  escape:right    fix=None
      |         chain push: 1 chunk(s) of 0.40s, change 5.2, best 5.2, hazards none — one push, so `best` IS the whole leg's travel
      |     it 247  k=133 -> 136  miss            fix=None
      |         chain push: 1 chunk(s) of 0.40s, change 2.9, best 2.9, hazards SHORT — one push, so `best` IS the whole leg's travel
      |     it 248  k=133 -> 136  miss            fix=None
      |         chain push: 1 chunk(s) of 0.40s, change 2.8, best 2.8, hazards SHORT — one push, so `best` IS the whole leg's travel
      |         chain strafe: 1 chunk(s) of 0.30s, change 4.0, best 4.0, hazards none — one push, so `best` IS the whole leg's travel
      |     it 249  k=133 -> 136  escape:left     fix=None
      |         chain push: 1 chunk(s) of 0.40s, change 3.0, best 3.0, hazards SHORT — one push, so `best` IS the whole leg's travel
      |     it 250  k=133 -> 136  miss            fix=None
      |         chain push: 1 chunk(s) of 0.40s, change 2.1, best 2.1, hazards SHORT — one push, so `best` IS the whole leg's travel
      |     it 251  k=133 -> 136  miss            fix=None
      |         chain push: 1 chunk(s) of 0.40s, change 1.2, best 1.2, hazards SHORT — one push, so `best` IS the whole leg's travel
      |         chain strafe: 1 chunk(s) of 0.30s, change 3.4, best 3.4, hazards none — one push, so `best` IS the whole leg's travel
      |     it 252  k=133 -> 136  escape:right    fix=None
      |         chain push: 1 chunk(s) of 0.40s, change 3.9, best 3.9, hazards none — one push, so `best` IS the whole leg's travel
      |     it 253  k=133 -> 136  miss            fix=None
      |         chain push: 1 chunk(s) of 0.40s, change 3.0, best 3.0, hazards none — one push, so `best` IS the whole leg's travel
      |     it 254  k=133 -> 136  miss            fix=None
      |         chain push: 1 chunk(s) of 0.40s, change 2.8, best 2.8, hazards SHORT — one push, so `best` IS the whole leg's travel
      |         chain strafe: 1 chunk(s) of 0.30s, change 2.9, best 2.9, hazards SHORT — one push, so `best` IS the whole leg's travel
      |     it 255  k=133 -> 136  escape:left     fix=None
      |         chain push: 1 chunk(s) of 0.40s, change 1.9, best 1.9, hazards SHORT — one push, so `best` IS the whole leg's travel
      |     it 256  k=133 -> 136  miss            fix=None
      |         chain push: 1 chunk(s) of 0.40s, change 2.0, best 2.0, hazards SHORT — one push, so `best` IS the whole leg's travel
      |     it 257  k=133 -> 136  miss            fix=None
      |         chain push: 1 chunk(s) of 0.40s, change 1.4, best 1.4, hazards SHORT — one push, so `best` IS the whole leg's travel
      |         chain strafe: 1 chunk(s) of 0.30s, change 4.7, best 4.7, hazards none — one push, so `best` IS the whole leg's travel
      |     it 258  k=133 -> 136  escape:right    fix=None
      |         chain push: 1 chunk(s) of 0.40s, change 6.0, best 6.0, hazards none — one push, so `best` IS the whole leg's travel
      |     it 259  k=133 -> 136  miss            fix=None
      |         chain push: 1 chunk(s) of 0.40s, change 2.9, best 2.9, hazards SHORT — one push, so `best` IS the whole leg's travel
      |     it 260  k=133 -> 136  miss            fix=None
      |         chain push: 1 chunk(s) of 0.40s, change 2.8, best 2.8, hazards SHORT — one push, so `best` IS the whole leg's travel
      |         chain strafe: 1 chunk(s) of 0.30s, change 3.8, best 3.8, hazards none — one push, so `best` IS the whole leg's travel
      |     it 261  k=133 -> 136  escape:left     fix=None
      |         chain push: 1 chunk(s) of 0.40s, change 2.0, best 2.0, hazards SHORT — one push, so `best` IS the whole leg's travel
      |     it 262  k=133 -> 136  miss            fix=None
      |         chain push: 1 chunk(s) of 0.40s, change 2.1, best 2.1, hazards SHORT — one push, so `best` IS the whole leg's travel
      |     it 263  k=133 -> 136  miss            fix=None
      |         chain push: 1 chunk(s) of 0.40s, change 1.7, best 1.7, hazards SHORT — one push, so `best` IS the whole leg's travel
      |         chain strafe: 1 chunk(s) of 0.30s, change 3.6, best 3.6, hazards none — one push, so `best` IS the whole leg's travel
      |     it 264  k=133 -> 136  escape:right    fix=None
      |         chain push: 1 chunk(s) of 0.40s, change 4.0, best 4.0, hazards none — one push, so `best` IS the whole leg's travel
      |     it 265  k=133 -> 136  miss            fix=None
      |         chain push: 1 chunk(s) of 0.40s, change 2.9, best 2.9, hazards SHORT — one push, so `best` IS the whole leg's travel
      |     it 266  k=133 -> 136  miss            fix=None
      |         chain push: 1 chunk(s) of 0.40s, change 2.9, best 2.9, hazards SHORT — one push, so `best` IS the whole leg's travel
      |         chain strafe: 1 chunk(s) of 0.30s, change 2.9, best 2.9, hazards SHORT — one push, so `best` IS the whole leg's travel
      |     it 267  k=133 -> 136  escape:left     fix=None
      |         chain push: 1 chunk(s) of 0.40s, change 2.3, best 2.3, hazards SHORT — one push, so `best` IS the whole leg's travel
      |     it 268  k=133 -> 136  miss            fix=None
      |         chain push: 1 chunk(s) of 0.40s, change 1.8, best 1.8, hazards SHORT — one push, so `best` IS the whole leg's travel
      |     it 269  k=133 -> 136  miss            fix=None
      |         chain push: 1 chunk(s) of 0.40s, change 1.4, best 1.4, hazards SHORT — one push, so `best` IS the whole leg's travel
      |         chain strafe: 1 chunk(s) of 0.30s, change 4.6, best 4.6, hazards none — one push, so `best` IS the whole leg's travel
      |     it 270  k=133 -> 136  escape:right    fix=None
      |         chain push: 1 chunk(s) of 0.40s, change 5.5, best 5.5, hazards none — one push, so `best` IS the whole leg's travel
      |     it 271  k=133 -> 136  miss            fix=None
      |         chain push: 1 chunk(s) of 0.40s, change 2.8, best 2.8, hazards SHORT — one push, so `best` IS the whole leg's travel
      |     it 272  k=133 -> 136  miss            fix=None
      |         chain push: 1 chunk(s) of 0.40s, change 2.6, best 2.6, hazards SHORT — one push, so `best` IS the whole leg's travel
      |         chain strafe: 1 chunk(s) of 0.30s, change 3.4, best 3.4, hazards none — one push, so `best` IS the whole leg's travel
      |     it 273  k=133 -> 136  escape:left     fix=None
      |         chain push: 1 chunk(s) of 0.40s, change 2.5, best 2.5, hazards SHORT — one push, so `best` IS the whole leg's travel
      |     it 274  k=133 -> 136  miss            fix=None
      |         chain push: 1 chunk(s) of 0.40s, change 1.9, best 1.9, hazards SHORT — one push, so `best` IS the whole leg's travel
      |     it 275  k=133 -> 136  miss            fix=None
      |         chain push: 1 chunk(s) of 0.40s, change 2.3, best 2.3, hazards SHORT — one push, so `best` IS the whole leg's travel
      |         chain strafe: 1 chunk(s) of 0.30s, change 3.5, best 3.5, hazards none — one push, so `best` IS the whole leg's travel
      |     it 276  k=133 -> 136  escape:right    fix=None
      |         chain push: 1 chunk(s) of 0.40s, change 3.7, best 3.7, hazards none — one push, so `best` IS the whole leg's travel
      |     it 277  k=133 -> 136  miss            fix=None
      |         chain push: 1 chunk(s) of 0.40s, change 2.2, best 2.2, hazards SHORT — one push, so `best` IS the whole leg's travel
      |     it 278  k=133 -> 136  miss            fix=None
      |         chain push: 1 chunk(s) of 0.40s, change 2.0, best 2.0, hazards SHORT — one push, so `best` IS the whole leg's travel
      |         chain strafe: 1 chunk(s) of 0.30s, change 2.5, best 2.5, hazards SHORT — one push, so `best` IS the whole leg's travel
      |     it 279  k=133 -> 136  escape:left     fix=None
      |         chain push: 1 chunk(s) of 0.40s, change 3.4, best 3.4, hazards none — one push, so `best` IS the whole leg's travel
      |     it 280  k=133 -> 136  miss            fix=None
      |         chain push: 1 chunk(s) of 0.40s, change 2.6, best 2.6, hazards SHORT — one push, so `best` IS the whole leg's travel
      |     it 281  k=133 -> 136  miss            fix=None
      |         chain push: 1 chunk(s) of 0.40s, change 2.6, best 2.6, hazards SHORT — one push, so `best` IS the whole leg's travel
      |         chain strafe: 1 chunk(s) of 0.30s, change 6.0, best 6.0, hazards none — one push, so `best` IS the whole leg's travel
      |     it 282  k=133 -> 136  escape:right    fix=None
      |         chain push: 1 chunk(s) of 0.40s, change 6.2, best 6.2, hazards none — one push, so `best` IS the whole leg's travel
      |     it 283  k=133 -> 136  miss            fix=None
      |         chain push: 1 chunk(s) of 0.40s, change 2.1, best 2.1, hazards SHORT — one push, so `best` IS the whole leg's travel
      |     it 284  k=133 -> 136  miss            fix=None
      |         chain push: 1 chunk(s) of 0.40s, change 1.8, best 1.8, hazards SHORT — one push, so `best` IS the whole leg's travel
      |         chain strafe: 1 chunk(s) of 0.30s, change 3.8, best 3.8, hazards none — one push, so `best` IS the whole leg's travel
      |     it 285  k=133 -> 136  escape:left     fix=None
      |         chain push: 1 chunk(s) of 0.40s, change 2.1, best 2.1, hazards SHORT — one push, so `best` IS the whole leg's travel
      |     it 286  k=133 -> 136  miss            fix=None
      |         chain push: 1 chunk(s) of 0.40s, change 2.0, best 2.0, hazards SHORT — one push, so `best` IS the whole leg's travel
      |     it 287  k=133 -> 136  miss            fix=None
      |         chain push: 1 chunk(s) of 0.40s, change 2.2, best 2.2, hazards SHORT — one push, so `best` IS the whole leg's travel
      |         chain strafe: 1 chunk(s) of 0.30s, change 3.2, best 3.2, hazards none — one push, so `best` IS the whole leg's travel
      |     it 288  k=133 -> 136  escape:right    fix=None
      |         chain push: 1 chunk(s) of 0.40s, change 3.3, best 3.3, hazards none — one push, so `best` IS the whole leg's travel
      |     it 289  k=133 -> 136  miss            fix=None
      |         chain push: 1 chunk(s) of 0.40s, change 2.6, best 2.6, hazards SHORT — one push, so `best` IS the whole leg's travel
      |     it 290  k=133 -> 136  miss            fix=None
      |         chain push: 1 chunk(s) of 0.40s, change 2.5, best 2.5, hazards SHORT — one push, so `best` IS the whole leg's travel
      |         chain strafe: 1 chunk(s) of 0.30s, change 2.7, best 2.7, hazards SHORT — one push, so `best` IS the whole leg's travel
      |     it 291  k=133 -> 136  escape:left     fix=None
      |         chain push: 1 chunk(s) of 0.40s, change 2.2, best 2.2, hazards SHORT — one push, so `best` IS the whole leg's travel
      |     it 292  k=133 -> 136  miss            fix=None
      |         chain push: 1 chunk(s) of 0.40s, change 1.9, best 1.9, hazards SHORT — one push, so `best` IS the whole leg's travel
      |     it 293  k=133 -> 136  miss            fix=None
      |         chain push: 1 chunk(s) of 0.40s, change 1.7, best 1.7, hazards SHORT — one push, so `best` IS the whole leg's travel
      |         chain strafe: 1 chunk(s) of 0.30s, change 5.5, best 5.5, hazards none — one push, so `best` IS the whole leg's travel
      |     it 294  k=133 -> 136  escape:right    fix=None
      |         chain push: 1 chunk(s) of 0.40s, change 6.4, best 6.4, hazards none — one push, so `best` IS the whole leg's travel
      |     it 295  k=133 -> 136  miss            fix=None
      |         chain push: 1 chunk(s) of 0.40s, change 2.8, best 2.8, hazards SHORT — one push, so `best` IS the whole leg's travel
      |     it 296  k=133 -> 136  miss            fix=None
      |         chain push: 1 chunk(s) of 0.40s, change 2.3, best 2.3, hazards SHORT — one push, so `best` IS the whole leg's travel
      |         chain strafe: 1 chunk(s) of 0.30s, change 3.4, best 3.4, hazards none — one push, so `best` IS the whole leg's travel
      |     it 297  k=133 -> 136  escape:left     fix=None
      |         chain push: 1 chunk(s) of 0.40s, change 2.1, best 2.1, hazards SHORT — one push, so `best` IS the whole leg's travel
      |     it 298  k=133 -> 136  miss            fix=None
      |         chain push: 1 chunk(s) of 0.40s, change 2.8, best 2.8, hazards SHORT — one push, so `best` IS the whole leg's travel
      |     it 299  k=133 -> 136  miss            fix=None
      |         chain push: 1 chunk(s) of 0.40s, change 2.3, best 2.3, hazards SHORT — one push, so `best` IS the whole leg's travel
      |         chain strafe: 1 chunk(s) of 0.30s, change 3.8, best 3.8, hazards none — one push, so `best` IS the whole leg's travel
      |     it 300  k=133 -> 136  escape:right    fix=None
      |         chain push: 1 chunk(s) of 0.40s, change 4.0, best 4.0, hazards none — one push, so `best` IS the whole leg's travel
      |     it 301  k=133 -> 136  miss            fix=None
      |         chain push: 1 chunk(s) of 0.40s, change 2.0, best 2.0, hazards SHORT — one push, so `best` IS the whole leg's travel
      |     it 302  k=133 -> 136  miss            fix=None
      |         chain push: 1 chunk(s) of 0.40s, change 1.8, best 1.8, hazards SHORT — one push, so `best` IS the whole leg's travel
      |         chain strafe: 1 chunk(s) of 0.30s, change 2.9, best 2.9, hazards SHORT — one push, so `best` IS the whole leg's travel
      |     it 303  k=133 -> 136  escape:left     fix=None
      |         chain push: 1 chunk(s) of 0.40s, change 2.4, best 2.4, hazards SHORT — one push, so `best` IS the whole leg's travel
      |     it 304  k=133 -> 136  miss            fix=None
      |         chain push: 1 chunk(s) of 0.40s, change 2.1, best 2.1, hazards SHORT — one push, so `best` IS the whole leg's travel
      |     it 305  k=133 -> 136  miss            fix=None
      |         chain push: 1 chunk(s) of 0.40s, change 2.6, best 2.6, hazards SHORT — one push, so `best` IS the whole leg's travel
      |         chain strafe: 1 chunk(s) of 0.30s, change 5.4, best 5.4, hazards none — one push, so `best` IS the whole leg's travel
      |     it 306  k=133 -> 136  escape:right    fix=None
      |         chain push: 1 chunk(s) of 0.40s, change 6.0, best 6.0, hazards none — one push, so `best` IS the whole leg's travel
      |     it 307  k=133 -> 136  miss            fix=None
      |         chain push: 1 chunk(s) of 0.40s, change 2.4, best 2.4, hazards SHORT — one push, so `best` IS the whole leg's travel
      |     it 308  k=133 -> 136  miss            fix=None
      |         chain push: 1 chunk(s) of 0.40s, change 1.9, best 1.9, hazards SHORT — one push, so `best` IS the whole leg's travel
      |         chain strafe: 1 chunk(s) of 0.30s, change 2.8, best 2.8, hazards SHORT — one push, so `best` IS the whole leg's travel
      |     it 309  k=133 -> 136  escape:left     fix=None
      |         chain push: 1 chunk(s) of 0.40s, change 1.9, best 1.9, hazards SHORT — one push, so `best` IS the whole leg's travel
      |     it 310  k=133 -> 136  miss            fix=None
      |         chain push: 1 chunk(s) of 0.40s, change 2.6, best 2.6, hazards SHORT — one push, so `best` IS the whole leg's travel
      |     it 311  k=133 -> 136  miss            fix=None
      |         chain push: 1 chunk(s) of 0.40s, change 2.3, best 2.3, hazards SHORT — one push, so `best` IS the whole leg's travel
      |         chain strafe: 1 chunk(s) of 0.30s, change 3.8, best 3.8, hazards none — one push, so `best` IS the whole leg's travel
      |     it 312  k=133 -> 136  escape:right    fix=None
      |         chain push: 1 chunk(s) of 0.40s, change 3.9, best 3.9, hazards none — one push, so `best` IS the whole leg's travel
      |     it 313  k=133 -> 136  miss            fix=None
      |         chain push: 1 chunk(s) of 0.40s, change 2.2, best 2.2, hazards SHORT — one push, so `best` IS the whole leg's travel
      |     it 314  k=133 -> 136  miss            fix=None
      |         chain push: 1 chunk(s) of 0.40s, change 2.0, best 2.0, hazards SHORT — one push, so `best` IS the whole leg's travel
      |         chain strafe: 1 chunk(s) of 0.30s, change 3.0, best 3.0, hazards SHORT — one push, so `best` IS the whole leg's travel
      |     it 315  k=133 -> 136  escape:left     fix=None
      |         chain push: 1 chunk(s) of 0.40s, change 2.9, best 2.9, hazards SHORT — one push, so `best` IS the whole leg's travel
      |     it 316  k=133 -> 136  miss            fix=None
      |         chain push: 1 chunk(s) of 0.40s, change 2.1, best 2.1, hazards SHORT — one push, so `best` IS the whole leg's travel
      |     it 317  k=133 -> 136  miss            fix=None
      |         chain push: 1 chunk(s) of 0.40s, change 2.5, best 2.5, hazards SHORT — one push, so `best` IS the whole leg's travel
      |         chain strafe: 1 chunk(s) of 0.30s, change 5.0, best 5.0, hazards none — one push, so `best` IS the whole leg's travel
      |     it 318  k=133 -> 136  escape:right    fix=None
      |         chain push: 1 chunk(s) of 0.40s, change 5.1, best 5.1, hazards none — one push, so `best` IS the whole leg's travel
      |     it 319  k=133 -> 136  miss            fix=None
      |         chain push: 1 chunk(s) of 0.40s, change 2.5, best 2.5, hazards SHORT — one push, so `best` IS the whole leg's travel
      |     it 320  k=133 -> 136  miss            fix=None
      |         chain push: 1 chunk(s) of 0.40s, change 2.0, best 2.0, hazards SHORT — one push, so `best` IS the whole leg's travel
      |         chain strafe: 1 chunk(s) of 0.30s, change 3.2, best 3.2, hazards none — one push, so `best` IS the whole leg's travel
      |     it 321  k=133 -> 136  escape:left     fix=None
      |         chain push: 1 chunk(s) of 0.40s, change 1.9, best 1.9, hazards SHORT — one push, so `best` IS the whole leg's travel
      |     it 322  k=133 -> 136  miss            fix=None
      |         chain push: 1 chunk(s) of 0.40s, change 3.1, best 3.1, hazards none — one push, so `best` IS the whole leg's travel
      |     it 323  k=133 -> 136  miss            fix=None
      |         chain push: 1 chunk(s) of 0.40s, change 2.5, best 2.5, hazards SHORT — one push, so `best` IS the whole leg's travel
      |         chain strafe: 1 chunk(s) of 0.30s, change 3.4, best 3.4, hazards none — one push, so `best` IS the whole leg's travel
      |     it 324  k=133 -> 136  escape:right    fix=None
      |         chain push: 1 chunk(s) of 0.40s, change 3.3, best 3.3, hazards none — one push, so `best` IS the whole leg's travel
      |     it 325  k=133 -> 136  miss            fix=None
      |         chain push: 1 chunk(s) of 0.40s, change 2.3, best 2.3, hazards SHORT — one push, so `best` IS the whole leg's travel
      |     it 326  k=133 -> 136  miss            fix=None
      |         chain push: 1 chunk(s) of 0.40s, change 1.7, best 1.7, hazards SHORT — one push, so `best` IS the whole leg's travel
      |         chain strafe: 1 chunk(s) of 0.30s, change 2.5, best 2.5, hazards SHORT — one push, so `best` IS the whole leg's travel
      |     it 327  k=133 -> 136  escape:left     fix=None
      |         chain push: 1 chunk(s) of 0.40s, change 2.9, best 2.9, hazards SHORT — one push, so `best` IS the whole leg's travel
      |     it 328  k=133 -> 136  miss            fix=None
      |         chain push: 1 chunk(s) of 0.40s, change 2.2, best 2.2, hazards SHORT — one push, so `best` IS the whole leg's travel
      |     it 329  k=133 -> 136  miss            fix=None
      |         chain push: 1 chunk(s) of 0.40s, change 2.4, best 2.4, hazards SHORT — one push, so `best` IS the whole leg's travel
      |         chain strafe: 1 chunk(s) of 0.30s, change 5.1, best 5.1, hazards none — one push, so `best` IS the whole leg's travel
      |     it 330  k=133 -> 136  escape:right    fix=None
      |         chain push: 1 chunk(s) of 0.40s, change 5.0, best 5.0, hazards none — one push, so `best` IS the whole leg's travel
      |     it 331  k=133 -> 136  miss            fix=None
      |         chain push: 1 chunk(s) of 0.40s, change 2.3, best 2.3, hazards SHORT — one push, so `best` IS the whole leg's travel
      |     it 332  k=133 -> 136  miss            fix=None
      |         chain push: 1 chunk(s) of 0.40s, change 1.7, best 1.7, hazards SHORT — one push, so `best` IS the whole leg's travel
      |         chain strafe: 1 chunk(s) of 0.30s, change 2.5, best 2.5, hazards SHORT — one push, so `best` IS the whole leg's travel
      |     it 333  k=133 -> 136  escape:left     fix=None
      |         chain push: 1 chunk(s) of 0.40s, change 2.1, best 2.1, hazards SHORT — one push, so `best` IS the whole leg's travel
      |     it 334  k=133 -> 136  miss            fix=None
      |   chain_walk: 400.8s >= cap 400s at k=133 of 204 — TIMED OUT
      |   chain_walk: NAVIGATION: 334 iterations at a median 0.96s (1 advanced) — the cap allowed the >= 204 iterations this chain needs, so the time went into not advancing. k stopped at 133 of 204.
[ 4] TIMED_OUT k=133/205  it=334  pushes=330  seconds=415.5 (walk 400.76, setup 12.8)  failure=timed out
     NAVIGATION: 334 iterations at a median 0.96s (1 advanced) — the cap allowed the >= 204 iterations this chain needs, so the time went into not advancing. k stopped at 133 of 204.
      |   pause menu open (selected 'Resume')
      |   selected: Load Last Save
      |   confirmation dialog up (delta 78.0) -> YES
      |   world back after 3.3s, spawn bearing 87 (E)
      |   setup 13.3s (reset 10.8s, Chain.load 2.6s for 205 waypoints) of a 180s budget
      |   chain_walk: 205 waypoints -> plan of 47 targets (41 push, 6 turn-only); the prompt is checked on every iteration; k rises by at most 1 per iteration, so >= 204 iteration(s). The 400s cap allows 1.96s each. At the last waypoint the walk may spend 3 more iteration(s) — 0.540 walk-units of forward push against OPEN-22's measured 0.05 — and then gives up rather than walking on past the table.
      |         turn to 271.3: TURNED to 270.0 (err +1.3) in 2 push(es)
      |     it   1  k=  3 ->   3  turned to 271.3168428039934
      |         chain push: 1 chunk(s) of 0.40s, change 21.6, best 21.6, hazards none — one push, so `best` IS the whole leg's travel
      |     it   2  k=  4 ->   4  advanced-weak   fix={'k': 6, 'k_float': 6.0, 'inliers': 26, 'dx': -31.5, 'dy': -10.939987182617188, 'scale': 1.201924860350127, 'second': 23, 'detail': 'k=6 (6.00) inliers=26 second=23 dx=-32 scale=1.202 window=[2,6] fitted=[2, 3, 4, 5, 6]'}
      |         chain push: 1 chunk(s) of 0.40s, change 19.0, best 19.0, hazards none — one push, so `best` IS the whole leg's travel
      |     it   3  k=  7 ->   7  advanced-weak   fix={'k': 7, 'k_float': 7.0, 'inliers': 10, 'dx': -5.0591888427734375, 'dy': 31.228424072265625, 'scale': 1.365716846275806, 'second': 10, 'detail': 'k=7 (7.00) inliers=10 second=10 dx=-5 scale=1.366 window=[3,7] fitted=[3, 4, 5, 6, 7]'}
      |         chain push: 1 chunk(s) of 0.40s, change 15.4, best 15.4, hazards none — one push, so `best` IS the whole leg's travel
      |     it   4  k= 10 ->  10  advanced-weak   fix={'k': 8, 'k_float': 8.0, 'inliers': 14, 'dx': -47.34303283691406, 'dy': 51.833160400390625, 'scale': 1.4929977606067732, 'second': 11, 'detail': 'k=8 (8.00) inliers=14 second=11 dx=-47 scale=1.493 window=[6,10] fitted=[6, 7, 8, 9, 10]'}
      |         chain push: 1 chunk(s) of 0.40s, change 9.2, best 9.2, hazards none — one push, so `best` IS the whole leg's travel
      |     it   5  k= 13 ->  13  advanced-weak   fix={'k': 11, 'k_float': 11.0, 'inliers': 7, 'dx': -91.65309143066406, 'dy': 57.369659423828125, 'scale': 1.8281877948626863, 'second': 6, 'detail': 'k=11 (11.00) inliers=7 second=6 dx=-92 scale=1.828 window=[9,13] fitted=[9, 11, 12]'}
      |         chain push: 1 chunk(s) of 0.40s, change 10.1, best 10.1, hazards none — one push, so `best` IS the whole leg's travel
      |     it   6  k= 16 ->  16  blind-advance   fix=None
      |         chain push: 1 chunk(s) of 0.40s, change 9.2, best 9.2, hazards none — one push, so `best` IS the whole leg's travel
      |     it   7  k= 19 ->  19  blind-advance   fix=None
      |         turn to 1.6: TURNED to 1.0 (err +0.6) in 1 push(es)
      |     it   8  k= 39 ->  39  turned to 1.6055901753868653
      |         chain push: 1 chunk(s) of 0.40s, change 16.1, best 16.1, hazards none — one push, so `best` IS the whole leg's travel
      |     it   9  k= 40 ->  40  advanced        fix={'k': 42, 'k_float': 42.0, 'inliers': 63, 'dx': 19.20001220703125, 'dy': 295.67999267578125, 'scale': 1.2245938629215518, 'second': 49, 'detail': 'k=42 (42.00) inliers=63 second=49 dx=+19 scale=1.225 window=[38,42] fitted=[38, 39, 40, 41, 42]'}
      |         chain push: 1 chunk(s) of 0.40s, change 20.2, best 20.2, hazards none — one push, so `best` IS the whole leg's travel
      |     it  10  k= 43 ->  43  advanced-weak   fix={'k': 41, 'k_float': 41.0, 'inliers': 24, 'dx': 5.8406982421875, 'dy': 361.4200439453125, 'scale': 1.234546165039947, 'second': 24, 'detail': 'k=41 (41.00) inliers=24 second=24 dx=+6 scale=1.235 window=[39,43] fitted=[39, 40, 41, 42, 43]'}
      |         chain push: 1 chunk(s) of 0.40s, change 34.2, best 34.2, hazards none — one push, so `best` IS the whole leg's travel
      |     it  11  k= 43 ->  46  stalled         fix={'k': 44, 'k_float': 44.0, 'inliers': 48, 'dx': 13.132843017578125, 'dy': 313.12420654296875, 'scale': 1.2879824051138045, 'second': 42, 'detail': 'k=44 (44.00) inliers=48 second=42 dx=+13 scale=1.288 window=[42,46] fitted=[42, 43, 44, 45, 46]'}
      |         chain push: 1 chunk(s) of 0.40s, change 34.3, best 34.3, hazards none — one push, so `best` IS the whole leg's travel
      |     it  12  k= 46 ->  46  advanced        fix={'k': 46, 'k_float': 46.0, 'inliers': 43, 'dx': 22.3948974609375, 'dy': 259.03424072265625, 'scale': 1.3975824875827016, 'second': 41, 'detail': 'k=46 (46.00) inliers=43 second=41 dx=+22 scale=1.398 window=[42,46] fitted=[42, 43, 44, 45, 46]'}
      |         chain push: 1 chunk(s) of 0.40s, change 21.3, best 21.3, hazards none — one push, so `best` IS the whole leg's travel
      |     it  13  k= 49 ->  49  advanced        fix={'k': 49, 'k_float': 49.0, 'inliers': 164, 'dx': 25.696014404296875, 'dy': 223.33444213867188, 'scale': 1.380065779611607, 'second': 113, 'detail': 'k=49 (49.00) inliers=164 second=113 dx=+26 scale=1.380 window=[45,49] fitted=[45, 46, 47, 48, 49]'}
      |         chain push: 1 chunk(s) of 0.40s, change 15.4, best 15.4, hazards none — one push, so `best` IS the whole leg's travel
      |     it  14  k= 52 ->  52  advanced        fix={'k': 52, 'k_float': 52.0, 'inliers': 120, 'dx': 7.2000732421875, 'dy': 210.0278778076172, 'scale': 1.3306632163601584, 'second': 115, 'detail': 'k=52 (52.00) inliers=120 second=115 dx=+7 scale=1.331 window=[48,52] fitted=[48, 49, 50, 51, 52]'}
      |         chain push: 1 chunk(s) of 0.40s, change 19.8, best 19.8, hazards none — one push, so `best` IS the whole leg's travel
      |     it  15  k= 52 ->  55  stalled         fix={'k': 54, 'k_float': 54.0, 'inliers': 92, 'dx': 29.15673828125, 'dy': 178.68357849121094, 'scale': 1.3765134110314199, 'second': 87, 'detail': 'k=54 (54.00) inliers=92 second=87 dx=+29 scale=1.377 window=[51,55] fitted=[51, 52, 53, 54, 55]'}
      |         chain push: 1 chunk(s) of 0.40s, change 23.1, best 23.1, hazards none — one push, so `best` IS the whole leg's travel
      |     it  16  k= 55 ->  55  advanced        fix={'k': 55, 'k_float': 55.0, 'inliers': 40, 'dx': -19.20001220703125, 'dy': 255.50001525878906, 'scale': 1.1244875816760442, 'second': 35, 'detail': 'k=55 (55.00) inliers=40 second=35 dx=-19 scale=1.124 window=[51,55] fitted=[51, 52, 53, 54, 55]'}
      |         chain push: 1 chunk(s) of 0.40s, change 28.8, best 28.8, hazards none — one push, so `best` IS the whole leg's travel
      |     it  17  k= 58 ->  58  advanced        fix={'k': 58, 'k_float': 58.0, 'inliers': 103, 'dx': -12.0, 'dy': 275.0, 'scale': 1.0379262067146993, 'second': 95, 'detail': 'k=58 (58.00) inliers=103 second=95 dx=-12 scale=1.038 window=[54,58] fitted=[54, 55, 56, 57, 58]'}
      |         chain push: 1 chunk(s) of 0.40s, change 30.4, best 30.4, hazards none — one push, so `best` IS the whole leg's travel
      |     it  18  k= 61 ->  61  advanced        fix={'k': 61, 'k_float': 61.0, 'inliers': 127, 'dx': -9.953277587890625, 'dy': 301.20001220703125, 'scale': 1.0242589577105534, 'second': 122, 'detail': 'k=61 (61.00) inliers=127 second=122 dx=-10 scale=1.024 window=[57,61] fitted=[57, 58, 59, 60, 61]'}
      |         chain push: 1 chunk(s) of 0.40s, change 25.8, best 25.8, hazards none — one push, so `best` IS the whole leg's travel
      |     it  19  k= 61 ->  64  stalled         fix={'k': 60, 'k_float': 60.0, 'inliers': 127, 'dx': -12.44158935546875, 'dy': 303.60003662109375, 'scale': 1.1202733848660176, 'second': 125, 'detail': 'k=60 (60.00) inliers=127 second=125 dx=-12 scale=1.120 window=[60,64] fitted=[60, 61, 62, 63, 64]'}
      |         chain push: 1 chunk(s) of 0.40s, change 21.5, best 21.5, hazards none — one push, so `best` IS the whole leg's travel
      |     it  20  k= 64 ->  64  advanced        fix={'k': 64, 'k_float': 64.0, 'inliers': 142, 'dx': 9.800018310546875, 'dy': 295.20001220703125, 'scale': 1.0565935659725254, 'second': 129, 'detail': 'k=64 (64.00) inliers=142 second=129 dx=+10 scale=1.057 window=[60,64] fitted=[60, 61, 62, 63, 64]'}
      |     it  21  k= 88 ->  88  turned (skipped, same heading) to 1.3495539744498237
      |         chain push: 1 chunk(s) of 0.40s, change 16.4, best 16.4, hazards none — one push, so `best` IS the whole leg's travel
      |     it  22  k= 89 ->  89  advanced        fix={'k': 90, 'k_float': 90.0, 'inliers': 83, 'dx': -23.52001953125, 'dy': -7.20001220703125, 'scale': 1.1552619556087993, 'second': 83, 'detail': 'k=90 (90.00) inliers=83 second=83 dx=-24 scale=1.155 window=[87,91] fitted=[87, 88, 89, 90, 91]'}
      |         chain push: 1 chunk(s) of 0.40s, change 16.5, best 16.5, hazards none — one push, so `best` IS the whole leg's travel
      |     it  23  k= 89 ->  92  stalled         fix={'k': 90, 'k_float': 90.0, 'inliers': 101, 'dx': -30.199981689453125, 'dy': -51.75706481933594, 'scale': 1.2070306010149112, 'second': 95, 'detail': 'k=90 (90.00) inliers=101 second=95 dx=-30 scale=1.207 window=[88,92] fitted=[88, 89, 90, 91, 92]'}
      |         chain push: 1 chunk(s) of 0.40s, change 18.2, best 18.2, hazards none — one push, so `best` IS the whole leg's travel
      |     it  24  k= 89 ->  92  stalled         fix={'k': 88, 'k_float': 88.0, 'inliers': 76, 'dx': -15.231979370117188, 'dy': -28.655990600585938, 'scale': 1.1518766542577346, 'second': 74, 'detail': 'k=88 (88.00) inliers=76 second=74 dx=-15 scale=1.152 window=[88,92] fitted=[88, 89, 90, 91, 92]'}
      |         chain push: 1 chunk(s) of 0.40s, change 16.3, best 16.3, hazards none — one push, so `best` IS the whole leg's travel
      |     it  25  k= 92 ->  92  advanced        fix={'k': 92, 'k_float': 92.0, 'inliers': 67, 'dx': -16.79998779296875, 'dy': -33.120025634765625, 'scale': 1.1705074019254211, 'second': 66, 'detail': 'k=92 (92.00) inliers=67 second=66 dx=-17 scale=1.171 window=[88,92] fitted=[88, 89, 90, 91, 92]'}
      |         chain push: 1 chunk(s) of 0.40s, change 18.4, best 18.4, hazards none — one push, so `best` IS the whole leg's travel
      |     it  26  k= 94 ->  94  advanced        fix={'k': 95, 'k_float': 95.0, 'inliers': 119, 'dx': -29.721588134765625, 'dy': -7.199981689453125, 'scale': 1.2281956018619327, 'second': 93, 'detail': 'k=95 (95.00) inliers=119 second=93 dx=-30 scale=1.228 window=[91,95] fitted=[91, 92, 93, 94, 95]'}
      |         chain push: 1 chunk(s) of 0.40s, change 18.3, best 18.3, hazards none — one push, so `best` IS the whole leg's travel
      |     it  27  k= 94 ->  96  stalled         fix={'k': 94, 'k_float': 94.0, 'inliers': 133, 'dx': -33.215972900390625, 'dy': -24.385467529296875, 'scale': 1.4402695569532231, 'second': 127, 'detail': 'k=94 (94.00) inliers=133 second=127 dx=-33 scale=1.440 window=[93,97] fitted=[93, 94, 95, 96, 97]'}
      |         chain push: 1 chunk(s) of 0.40s, change 20.3, best 20.3, hazards none — one push, so `best` IS the whole leg's travel
      |         chain strafe: 1 chunk(s) of 0.10s, change 11.7, best 11.7, hazards none — one push, so `best` IS the whole leg's travel
      |     it  28  k= 96 ->  96  advanced        fix={'k': 97, 'k_float': 97.0, 'inliers': 135, 'dx': -39.3599853515625, 'dy': 16.8768310546875, 'scale': 1.4067159321052518, 'second': 125, 'detail': 'k=97 (97.00) inliers=135 second=125 dx=-39 scale=1.407 window=[93,97] fitted=[93, 94, 95, 96, 97]'}  strafe left 0.10s
      |         chain push: 1 chunk(s) of 0.40s, change 24.2, best 24.2, hazards none — one push, so `best` IS the whole leg's travel
      |     it  29  k= 98 ->  98  advanced        fix={'k': 99, 'k_float': 99.0, 'inliers': 142, 'dx': -25.480377197265625, 'dy': 0.1566925048828125, 'scale': 1.4535521150288009, 'second': 116, 'detail': 'k=99 (99.00) inliers=142 second=116 dx=-25 scale=1.454 window=[95,99] fitted=[95, 96, 97, 98, 99]'}
      |         chain push: 1 chunk(s) of 0.40s, change 23.9, best 23.9, hazards none — one push, so `best` IS the whole leg's travel
      |     it  30  k=100 -> 100  advanced        fix={'k': 101, 'k_float': 101.0, 'inliers': 152, 'dx': -27.909103393554688, 'dy': -8.739990234375, 'scale': 1.4909267994492803, 'second': 109, 'detail': 'k=101 (101.00) inliers=152 second=109 dx=-28 scale=1.491 window=[97,101] fitted=[97, 98, 99, 100, 101]'}
      |         chain push: 1 chunk(s) of 0.40s, change 25.5, best 25.5, hazards none — one push, so `best` IS the whole leg's travel
      |     it  31  k=102 -> 102  advanced        fix={'k': 103, 'k_float': 103.0, 'inliers': 144, 'dx': -29.551345825195312, 'dy': -13.759979248046875, 'scale': 1.5351490360376827, 'second': 133, 'detail': 'k=103 (103.00) inliers=144 second=133 dx=-30 scale=1.535 window=[99,103] fitted=[99, 100, 101, 102, 103]'}
      |         chain push: 1 chunk(s) of 0.40s, change 23.3, best 23.3, hazards none — one push, so `best` IS the whole leg's travel
      |     it  32  k=104 -> 104  advanced        fix={'k': 104, 'k_float': 104.0, 'inliers': 157, 'dx': -33.744293212890625, 'dy': -22.05596923828125, 'scale': 1.7104737105122498, 'second': 136, 'detail': 'k=104 (104.00) inliers=157 second=136 dx=-34 scale=1.710 window=[101,105] fitted=[101, 102, 103, 104, 105]'}
      |         chain push: 1 chunk(s) of 0.40s, change 19.0, best 19.0, hazards none — one push, so `best` IS the whole leg's travel
      |         chain strafe: 1 chunk(s) of 0.17s, change 13.3, best 13.3, hazards none — one push, so `best` IS the whole leg's travel
      |     it  33  k=107 -> 107  advanced        fix={'k': 107, 'k_float': 107.0, 'inliers': 154, 'dx': -120.80299377441406, 'dy': -25.93145751953125, 'scale': 1.6733096455410135, 'second': 129, 'detail': 'k=107 (107.00) inliers=154 second=129 dx=-121 scale=1.673 window=[103,107] fitted=[103, 104, 105, 106, 107]'}  strafe left 0.17s
      |         chain push: 1 chunk(s) of 0.40s, change 18.4, best 18.4, hazards none — one push, so `best` IS the whole leg's travel
      |         chain strafe: 1 chunk(s) of 0.17s, change 14.8, best 14.8, hazards none — one push, so `best` IS the whole leg's travel
      |     it  34  k=109 -> 109  advanced        fix={'k': 109, 'k_float': 109.0, 'inliers': 114, 'dx': -125.30158233642578, 'dy': -45.078041076660156, 'scale': 1.8082784505209106, 'second': 104, 'detail': 'k=109 (109.00) inliers=114 second=104 dx=-125 scale=1.808 window=[106,110] fitted=[106, 107, 108, 109, 110]'}  strafe left 0.17s
      |         chain push: 1 chunk(s) of 0.40s, change 19.0, best 19.0, hazards none — one push, so `best` IS the whole leg's travel
      |     it  35  k=109 -> 112  stalled         fix={'k': 110, 'k_float': 110.0, 'inliers': 133, 'dx': -0.6790771484375, 'dy': 7.77801513671875, 'scale': 2.432025681883582, 'second': 85, 'detail': 'k=110 (110.00) inliers=133 second=85 dx=-1 scale=2.432 window=[108,112] fitted=[108, 109, 110, 111, 112]'}
      |         chain push: 1 chunk(s) of 0.40s, change 30.1, best 30.1, hazards none — one push, so `best` IS the whole leg's travel
      |     it  36  k=112 -> 112  advanced-weak   fix={'k': 112, 'k_float': 112.0, 'inliers': 9, 'dx': 186.0849609375, 'dy': -162.04893493652344, 'scale': 2.857978379631678, 'second': 7, 'detail': 'k=112 (112.00) inliers=9 second=7 dx=+186 scale=2.858 window=[108,112] fitted=[110, 111, 112]'}
      |         chain push: 1 chunk(s) of 0.40s, change 43.0, best 43.0, hazards none — one push, so `best` IS the whole leg's travel
      |     it  37  k=114 -> 114  advanced-weak   fix={'k': 115, 'k_float': 115.0, 'inliers': 10, 'dx': -43.97705078125, 'dy': -122.30158996582031, 'scale': 4.473765842394735, 'second': 0, 'detail': 'k=115 (115.00) inliers=10 second=0 dx=-44 scale=4.474 window=[111,115] fitted=[115]'}
      |         turn to 303.3: TURNED to 302.1 (err +1.2) in 2 push(es)
      |     it  38  k=129 -> 129  turned to 303.34476843910807
      |         turn to 299.8: NO-OP, already inside 4.0 deg (at 302.1, err -2.4) — nothing was sent, the recorded curve was discarded, and the caller's step line will look like a turn that happened
      |         chain push: 1 chunk(s) of 0.40s, change 18.0, best 18.0, hazards none — one push, so `best` IS the whole leg's travel
      |     it  39  k=130 -> 130  blind-advance   fix=None
      |         turn to 298.3: NO-OP, already inside 4.0 deg (at 302.1, err -3.9) — nothing was sent, the recorded curve was discarded, and the caller's step line will look like a turn that happened
      |         chain push: 1 chunk(s) of 0.40s, change 13.4, best 13.4, hazards none — one push, so `best` IS the whole leg's travel
      |     it  40  k=133 -> 133  blind-advance   fix=None
      |         chain push: 1 chunk(s) of 0.40s, change 4.3, best 4.3, hazards none — one push, so `best` IS the whole leg's travel
      |     it  41  k=136 -> 136  blind-advance   fix=None
      |         chain push: 1 chunk(s) of 0.40s, change 3.9, best 3.9, hazards none — one push, so `best` IS the whole leg's travel
      |     it  42  k=139 -> 139  blind-advance   fix=None
      |         chain push: 1 chunk(s) of 0.40s, change 3.8, best 3.8, hazards none — one push, so `best` IS the whole leg's travel
      |     it  43  k=139 -> 142  miss            fix=None
      |         chain push: 1 chunk(s) of 0.40s, change 3.7, best 3.7, hazards none — one push, so `best` IS the whole leg's travel
      |     it  44  k=139 -> 142  miss            fix=None
      |         chain push: 1 chunk(s) of 0.40s, change 3.2, best 3.2, hazards none — one push, so `best` IS the whole leg's travel
      |     it  45  k=139 -> 142  escape:jump     fix=None
      |         chain push: 1 chunk(s) of 0.40s, change 9.2, best 9.2, hazards none — one push, so `best` IS the whole leg's travel
      |     it  46  k=139 -> 142  miss            fix=None
      |         chain push: 1 chunk(s) of 0.40s, change 8.1, best 8.1, hazards none — one push, so `best` IS the whole leg's travel
      |     it  47  k=139 -> 142  miss            fix=None
      |         chain push: 1 chunk(s) of 0.40s, change 5.7, best 5.7, hazards none — one push, so `best` IS the whole leg's travel
      |         chain strafe: 1 chunk(s) of 0.30s, change 15.3, best 15.3, hazards none — one push, so `best` IS the whole leg's travel
      |     it  48  k=139 -> 142  escape:left     fix=None
      |         chain push: 1 chunk(s) of 0.40s, change 21.4, best 21.4, hazards none — one push, so `best` IS the whole leg's travel
      |         chain strafe: 1 chunk(s) of 0.30s, change 23.1, best 23.1, hazards none — one push, so `best` IS the whole leg's travel
      |     it  49  k=139 -> 142  stalled         fix={'k': 140, 'k_float': 140.7353542466836, 'inliers': 137, 'dx': -278.69189453125, 'dy': -17.0, 'scale': 1.0622663067453002, 'second': 119, 'detail': 'k=140 (140.74) inliers=137 second=119 dx=-279 scale=1.062 window=[138,142] fitted=[138, 139, 140, 141, 142]'}  strafe left 0.30s
      |         chain push: 1 chunk(s) of 0.40s, change 28.0, best 28.0, hazards none — one push, so `best` IS the whole leg's travel
      |         chain strafe: 1 chunk(s) of 0.30s, change 27.0, best 27.0, hazards none — one push, so `best` IS the whole leg's travel
      |     it  50  k=139 -> 142  stalled         fix={'k': 139, 'k_float': 139.0, 'inliers': 154, 'dx': -271.0655822753906, 'dy': -72.0199966430664, 'scale': 1.4777113689614807, 'second': 121, 'detail': 'k=139 (139.00) inliers=154 second=121 dx=-271 scale=1.478 window=[138,142] fitted=[138, 139, 140, 141, 142]'}  strafe left 0.30s
      |         chain push: 1 chunk(s) of 0.40s, change 30.7, best 30.7, hazards none — one push, so `best` IS the whole leg's travel
      |         chain strafe: 1 chunk(s) of 0.30s, change 36.5, best 36.5, hazards none — one push, so `best` IS the whole leg's travel
      |     it  51  k=142 -> 142  advanced        fix={'k': 142, 'k_float': 142.0, 'inliers': 73, 'dx': -219.55276489257812, 'dy': -123.4022216796875, 'scale': 1.6943573840588628, 'second': 67, 'detail': 'k=142 (142.00) inliers=73 second=67 dx=-220 scale=1.694 window=[138,142] fitted=[138, 139, 140, 141, 142]'}  strafe left 0.30s
      |         turn to 2.2: TURNED to 2.6 (err -0.4) in 2 push(es)
      |     it  52  k=166 -> 166  turned to 2.2489998976495684
      |         chain push: 1 chunk(s) of 0.40s, change 33.1, best 33.1, hazards none — one push, so `best` IS the whole leg's travel
