chain trials: 25 of route_user_1853 (walk cap 180s + setup budget 180s = external ceiling 360s)
  config {'PUSH_MAG': 0.45, 'PUSH_SEC': 0.4, 'MISS_MAX': 3, 'STALL_MAX': 4, 'WINDOW': 3, 'LATERAL_GAIN': 2400.0, 'LATERAL_MAG': 0.3, 'LATERAL_CAP_SEC': 0.3, 'LATERAL_TOL_PX': 35.0, 'TABLE_CHECK_TAIL': None, 'END_PUSH_UNITS': 0.05, 'end_iteration_budget': 1}
  205 waypoints -> >= 204 iterations (k rises by at most 3 each), so the 180s cap allows 0.88s per iteration. An iteration is one turn, one push, three captures and a locate — if that budget looks impossible, the chain is too dense and every trial will TIME OUT for a reason that is not navigation.
      |   pause menu open (selected 'Resume')
      |   selected: Load Last Save
      |   confirmation dialog up (delta 80.7) -> YES
      |   world back after 3.3s, spawn bearing 87 (E)
      |   setup 13.0s (reset 10.4s, Chain.load 2.6s for 205 waypoints) of a 180s budget
      |   chain_walk: 205 waypoints -> plan of 47 targets (41 push, 6 turn-only); the prompt is checked on every iteration; k rises by at most 1 per iteration, so >= 204 iteration(s). The 180s cap allows 0.88s each. At the last waypoint the walk may spend 3 more iteration(s) — 0.540 walk-units of forward push against OPEN-22's measured 0.05 — and then gives up rather than walking on past the table.
      |         turn to 271.3: TURNED to 272.1 (err -0.8) in 2 push(es)
      |     it   1  k=  3 ->   3  turned to 271.3168428039934  (193 inliers at the stop)
      |         chain push: 1 chunk(s) of 0.40s, change 20.6, best 20.6, hazards none — one push, so `best` IS the whole leg's travel
      |     it   2  k=  4 ->   4  advanced-weak   fix={'k': 6, 'k_float': 6.0, 'inliers': 25, 'dx': 13.0, 'dy': 16.600006103515625, 'scale': 1.1072178656788252, 'second': 18, 'detail': 'k=6 (6.00) inliers=25 second=18 dx=+13 scale=1.107 window=[2,6] fitted=[2, 3, 4, 5, 6]'}
      |         chain push: 1 chunk(s) of 0.40s, change 18.1, best 18.1, hazards none — one push, so `best` IS the whole leg's travel
      |     it   3  k=  7 ->   7  advanced-weak   fix={'k': 7, 'k_float': 7.0, 'inliers': 19, 'dx': -47.399993896484375, 'dy': 27.302398681640625, 'scale': 1.2449662859370432, 'second': 14, 'detail': 'k=7 (7.00) inliers=19 second=14 dx=-47 scale=1.245 window=[3,7] fitted=[3, 4, 5, 6, 7]'}
      |         chain push: 1 chunk(s) of 0.40s, change 14.9, best 14.9, hazards none — one push, so `best` IS the whole leg's travel
      |     it   4  k= 10 ->  10  advanced-weak   fix={'k': 10, 'k_float': 10.0, 'inliers': 27, 'dx': 13.0, 'dy': 28.665435791015625, 'scale': 1.2675575981259202, 'second': 18, 'detail': 'k=10 (10.00) inliers=27 second=18 dx=+13 scale=1.268 window=[6,10] fitted=[6, 7, 8, 9, 10]'}
      |         chain push: 1 chunk(s) of 0.40s, change 14.4, best 14.4, hazards none — one push, so `best` IS the whole leg's travel
      |     it   5  k= 13 ->  13  blind-advance   fix=None
      |         chain push: 1 chunk(s) of 0.40s, change 6.6, best 6.6, hazards none — one push, so `best` IS the whole leg's travel
      |     it   6  k= 16 ->  16  blind-advance   fix=None
      |         chain push: 1 chunk(s) of 0.40s, change 7.2, best 7.2, hazards none — one push, so `best` IS the whole leg's travel
      |     it   7  k= 19 ->  19  blind-advance   fix=None
      |         turn to 1.6: TURNED to 0.7 (err +0.9) in 2 push(es)
      |     it   8  k= 39 ->  39  turned to 1.6055901753868653  (38 inliers at the stop)
      |         chain push: 1 chunk(s) of 0.40s, change 12.3, best 12.3, hazards none — one push, so `best` IS the whole leg's travel
      |     it   9  k= 40 ->  40  advanced-weak   fix={'k': 38, 'k_float': 38.0, 'inliers': 28, 'dx': -6.8250732421875, 'dy': 307.10400390625, 'scale': 1.189696302278589, 'second': 26, 'detail': 'k=38 (38.00) inliers=28 second=26 dx=-7 scale=1.190 window=[38,42] fitted=[38, 39, 40, 41, 42]'}
      |         chain push: 1 chunk(s) of 0.40s, change 18.7, best 18.7, hazards none — one push, so `best` IS the whole leg's travel
      |         chain strafe: 1 chunk(s) of 0.10s, change 2.0, best 2.0, hazards SHORT — one push, so `best` IS the whole leg's travel
      |     it  10  k= 43 ->  43  advanced        fix={'k': 43, 'k_float': 43.0, 'inliers': 34, 'dx': 49.717864990234375, 'dy': 295.2240295410156, 'scale': 1.373200282567924, 'second': 18, 'detail': 'k=43 (43.00) inliers=34 second=18 dx=+50 scale=1.373 window=[39,43] fitted=[39, 40, 41, 42, 43]'}  strafe right 0.10s
      |         chain push: 1 chunk(s) of 0.40s, change 28.9, best 28.9, hazards none — one push, so `best` IS the whole leg's travel
      |     it  11  k= 43 ->  46  stalled         fix={'k': 45, 'k_float': 45.0, 'inliers': 32, 'dx': -5.660003662109375, 'dy': 305.2800598144531, 'scale': 1.1757845396441309, 'second': 31, 'detail': 'k=45 (45.00) inliers=32 second=31 dx=-6 scale=1.176 window=[42,46] fitted=[42, 43, 44, 45, 46]'}
      |         chain push: 1 chunk(s) of 0.40s, change 29.9, best 29.9, hazards none — one push, so `best` IS the whole leg's travel
      |     it  12  k= 46 ->  46  advanced        fix={'k': 46, 'k_float': 46.0, 'inliers': 42, 'dx': 2.944549560546875, 'dy': 273.93927001953125, 'scale': 1.2660439510125059, 'second': 39, 'detail': 'k=46 (46.00) inliers=42 second=39 dx=+3 scale=1.266 window=[42,46] fitted=[42, 43, 44, 45, 46]'}
      |         chain push: 1 chunk(s) of 0.40s, change 31.7, best 31.7, hazards none — one push, so `best` IS the whole leg's travel
      |     it  13  k= 49 ->  49  advanced        fix={'k': 49, 'k_float': 49.0, 'inliers': 170, 'dx': 0.10003662109375, 'dy': 250.9528350830078, 'scale': 1.2610765427805533, 'second': 109, 'detail': 'k=49 (49.00) inliers=170 second=109 dx=+0 scale=1.261 window=[45,49] fitted=[45, 46, 47, 48, 49]'}
      |         chain push: 1 chunk(s) of 0.40s, change 18.8, best 18.8, hazards none — one push, so `best` IS the whole leg's travel
      |     it  14  k= 52 ->  52  advanced        fix={'k': 52, 'k_float': 52.0, 'inliers': 170, 'dx': -23.119964599609375, 'dy': 248.0640411376953, 'scale': 1.1948899877455974, 'second': 160, 'detail': 'k=52 (52.00) inliers=170 second=160 dx=-23 scale=1.195 window=[48,52] fitted=[48, 49, 50, 51, 52]'}
      |         chain push: 1 chunk(s) of 0.40s, change 20.0, best 20.0, hazards none — one push, so `best` IS the whole leg's travel
      |         chain strafe: 1 chunk(s) of 0.10s, change 6.1, best 6.1, hazards none — one push, so `best` IS the whole leg's travel
      |     it  15  k= 55 ->  55  advanced        fix={'k': 55, 'k_float': 55.0, 'inliers': 127, 'dx': -41.79998779296875, 'dy': 228.09603881835938, 'scale': 1.160185157412099, 'second': 123, 'detail': 'k=55 (55.00) inliers=127 second=123 dx=-42 scale=1.160 window=[51,55] fitted=[51, 52, 53, 54, 55]'}  strafe left 0.10s
      |         chain push: 1 chunk(s) of 0.40s, change 23.0, best 23.0, hazards none — one push, so `best` IS the whole leg's travel
      |     it  16  k= 58 ->  58  advanced        fix={'k': 58, 'k_float': 58.0, 'inliers': 112, 'dx': -7.20001220703125, 'dy': 290.8800048828125, 'scale': 1.0085584440332784, 'second': 97, 'detail': 'k=58 (58.00) inliers=112 second=97 dx=-7 scale=1.009 window=[54,58] fitted=[54, 55, 56, 57, 58]'}
      |         chain push: 1 chunk(s) of 0.40s, change 28.7, best 28.7, hazards none — one push, so `best` IS the whole leg's travel
      |     it  17  k= 61 ->  61  advanced        fix={'k': 61, 'k_float': 61.0, 'inliers': 131, 'dx': -1.727996826171875, 'dy': 296.52484130859375, 'scale': 1.0016801185681774, 'second': 117, 'detail': 'k=61 (61.00) inliers=131 second=117 dx=-2 scale=1.002 window=[57,61] fitted=[57, 58, 59, 60, 61]'}
      |         chain push: 1 chunk(s) of 0.40s, change 31.4, best 31.4, hazards none — one push, so `best` IS the whole leg's travel
      |     it  18  k= 61 ->  64  stalled         fix={'k': 64, 'k_float': 63.00063672654201, 'inliers': 154, 'dx': 16.79999542236328, 'dy': 290.30401611328125, 'scale': 0.952715203552325, 'second': 130, 'detail': 'k=64 (63.00) inliers=154 second=130 dx=+17 scale=0.953 window=[60,64] fitted=[60, 61, 62, 63, 64]'}
      |         chain push: 1 chunk(s) of 0.40s, change 26.5, best 26.5, hazards none — one push, so `best` IS the whole leg's travel
      |     it  19  k= 64 ->  64  advanced        fix={'k': 64, 'k_float': 64.0, 'inliers': 145, 'dx': 2.488311767578125, 'dy': 298.59844970703125, 'scale': 1.020433016312764, 'second': 124, 'detail': 'k=64 (64.00) inliers=145 second=124 dx=+2 scale=1.020 window=[60,64] fitted=[60, 61, 62, 63, 64]'}
      |     it  20  k= 88 ->  88  turned (skipped, same heading) to 1.3495539744498237  (110 inliers at the stop)
      |         chain push: 1 chunk(s) of 0.40s, change 18.4, best 18.4, hazards none — one push, so `best` IS the whole leg's travel
      |     it  21  k= 89 ->  89  advanced        fix={'k': 91, 'k_float': 91.0, 'inliers': 115, 'dx': -10.368011474609375, 'dy': 8.95794677734375, 'scale': 1.0428055711977984, 'second': 110, 'detail': 'k=91 (91.00) inliers=115 second=110 dx=-10 scale=1.043 window=[87,91] fitted=[87, 88, 89, 90, 91]'}
      |         chain push: 1 chunk(s) of 0.40s, change 15.0, best 15.0, hazards none — one push, so `best` IS the whole leg's travel
      |     it  22  k= 92 ->  92  advanced        fix={'k': 92, 'k_float': 92.0, 'inliers': 104, 'dx': 17.9158935546875, 'dy': 12.44158935546875, 'scale': 1.0360270586951676, 'second': 100, 'detail': 'k=92 (92.00) inliers=104 second=100 dx=+18 scale=1.036 window=[88,92] fitted=[88, 89, 90, 91, 92]'}
      |         chain push: 1 chunk(s) of 0.40s, change 17.7, best 17.7, hazards none — one push, so `best` IS the whole leg's travel
      |     it  23  k= 94 ->  94  advanced        fix={'k': 95, 'k_float': 95.0, 'inliers': 95, 'dx': -24.0, 'dy': 0.0, 'scale': 1.0508187233564426, 'second': 86, 'detail': 'k=95 (95.00) inliers=95 second=86 dx=-24 scale=1.051 window=[91,95] fitted=[91, 92, 93, 94, 95]'}
      |         chain push: 1 chunk(s) of 0.40s, change 15.4, best 15.4, hazards none — one push, so `best` IS the whole leg's travel
      |     it  24  k= 96 ->  96  advanced        fix={'k': 96, 'k_float': 96.89610683952124, 'inliers': 118, 'dx': -14.4000244140625, 'dy': 1.727996826171875, 'scale': 1.0475640349310902, 'second': 98, 'detail': 'k=96 (96.90) inliers=118 second=98 dx=-14 scale=1.048 window=[93,97] fitted=[93, 94, 95, 96, 97]'}
      |         chain push: 1 chunk(s) of 0.40s, change 15.7, best 15.7, hazards none — one push, so `best` IS the whole leg's travel
      |     it  25  k= 98 ->  98  advanced        fix={'k': 98, 'k_float': 98.79811325923173, 'inliers': 135, 'dx': -19.0, 'dy': 13.0, 'scale': 1.048397868252372, 'second': 125, 'detail': 'k=98 (98.80) inliers=135 second=125 dx=-19 scale=1.048 window=[95,99] fitted=[95, 96, 97, 98, 99]'}
      |         chain push: 1 chunk(s) of 0.40s, change 17.3, best 17.3, hazards none — one push, so `best` IS the whole leg's travel
      |     it  26  k=100 -> 100  advanced        fix={'k': 101, 'k_float': 100.77991612752281, 'inliers': 135, 'dx': -29.859832763671875, 'dy': 11.943939208984375, 'scale': 0.9844526704574093, 'second': 112, 'detail': 'k=101 (100.78) inliers=135 second=112 dx=-30 scale=0.984 window=[97,101] fitted=[97, 98, 99, 100, 101]'}
      |         chain push: 1 chunk(s) of 0.40s, change 18.2, best 18.2, hazards none — one push, so `best` IS the whole leg's travel
      |     it  27  k=100 -> 102  stalled         fix={'k': 101, 'k_float': 102.29605117504289, 'inliers': 174, 'dx': -28.0, 'dy': 11.0, 'scale': 1.0786027967909828, 'second': 153, 'detail': 'k=101 (102.30) inliers=174 second=153 dx=-28 scale=1.079 window=[99,103] fitted=[99, 100, 101, 102, 103]'}
      |         chain push: 1 chunk(s) of 0.40s, change 22.5, best 22.5, hazards none — one push, so `best` IS the whole leg's travel
      |     it  28  k=100 -> 102  stalled         fix={'k': 100, 'k_float': 100.0, 'inliers': 155, 'dx': -33.443023681640625, 'dy': 11.808013916015625, 'scale': 1.2740550763182765, 'second': 150, 'detail': 'k=100 (100.00) inliers=155 second=150 dx=-33 scale=1.274 window=[99,103] fitted=[99, 100, 101, 102, 103]'}
      |         chain push: 1 chunk(s) of 0.40s, change 24.9, best 24.9, hazards none — one push, so `best` IS the whole leg's travel
      |         chain strafe: 1 chunk(s) of 0.10s, change 13.8, best 13.8, hazards none — one push, so `best` IS the whole leg's travel
      |     it  29  k=102 -> 102  advanced        fix={'k': 103, 'k_float': 103.0, 'inliers': 177, 'dx': -58.0, 'dy': 3.0517578125e-05, 'scale': 1.229471682821448, 'second': 150, 'detail': 'k=103 (103.00) inliers=177 second=150 dx=-58 scale=1.229 window=[99,103] fitted=[99, 100, 101, 102, 103]'}  strafe left 0.10s
      |         chain push: 1 chunk(s) of 0.40s, change 28.8, best 28.8, hazards none — one push, so `best` IS the whole leg's travel
      |     it  30  k=102 -> 104  stalled         fix={'k': 103, 'k_float': 103.0, 'inliers': 183, 'dx': -11.347137451171875, 'dy': -8.0, 'scale': 1.4143819087872824, 'second': 168, 'detail': 'k=103 (103.00) inliers=183 second=168 dx=-11 scale=1.414 window=[101,105] fitted=[101, 102, 103, 104, 105]'}
      |         chain push: 1 chunk(s) of 0.40s, change 23.3, best 23.3, hazards none — one push, so `best` IS the whole leg's travel
      |     it  31  k=104 -> 104  advanced        fix={'k': 105, 'k_float': 105.0, 'inliers': 175, 'dx': -17.7637939453125, 'dy': -9.3599853515625, 'scale': 1.4287465520135212, 'second': 162, 'detail': 'k=105 (105.00) inliers=175 second=162 dx=-18 scale=1.429 window=[101,105] fitted=[101, 102, 103, 104, 105]'}
      |         chain push: 1 chunk(s) of 0.40s, change 19.7, best 19.7, hazards none — one push, so `best` IS the whole leg's travel
      |         chain strafe: 1 chunk(s) of 0.10s, change 1.6, best 1.6, hazards SHORT — one push, so `best` IS the whole leg's travel
      |     it  32  k=107 -> 107  advanced        fix={'k': 107, 'k_float': 107.0, 'inliers': 181, 'dx': -74.303955078125, 'dy': -12.441558837890625, 'scale': 1.4753702922128795, 'second': 148, 'detail': 'k=107 (107.00) inliers=181 second=148 dx=-74 scale=1.475 window=[103,107] fitted=[103, 104, 105, 106, 107]'}  strafe left 0.10s
      |         chain push: 1 chunk(s) of 0.40s, change 21.1, best 21.1, hazards none — one push, so `best` IS the whole leg's travel
      |         chain strafe: 1 chunk(s) of 0.14s, change 15.8, best 15.8, hazards none — one push, so `best` IS the whole leg's travel
      |     it  33  k=109 -> 109  advanced        fix={'k': 110, 'k_float': 110.0, 'inliers': 145, 'dx': -100.99197387695312, 'dy': -24.048004150390625, 'scale': 1.412660735843644, 'second': 135, 'detail': 'k=110 (110.00) inliers=145 second=135 dx=-101 scale=1.413 window=[106,110] fitted=[106, 107, 108, 109, 110]'}  strafe left 0.14s
      |         chain push: 1 chunk(s) of 0.40s, change 18.4, best 18.4, hazards none — one push, so `best` IS the whole leg's travel
      |         chain strafe: 1 chunk(s) of 0.10s, change 12.3, best 12.3, hazards none — one push, so `best` IS the whole leg's travel
      |     it  34  k=109 -> 112  stalled         fix={'k': 110, 'k_float': 110.0, 'inliers': 117, 'dx': -61.939178466796875, 'dy': -50.439971923828125, 'scale': 1.7739955826881386, 'second': 114, 'detail': 'k=110 (110.00) inliers=117 second=114 dx=-62 scale=1.774 window=[108,112] fitted=[108, 109, 110, 111, 112]'}  strafe left 0.10s
      |         chain push: 1 chunk(s) of 0.40s, change 19.9, best 19.9, hazards none — one push, so `best` IS the whole leg's travel
      |         chain strafe: 1 chunk(s) of 0.10s, change 13.7, best 13.7, hazards none — one push, so `best` IS the whole leg's travel
      |     it  35  k=112 -> 112  advanced        fix={'k': 112, 'k_float': 112.0, 'inliers': 106, 'dx': 55.01411437988281, 'dy': 24.431472778320312, 'scale': 2.1602955234872168, 'second': 81, 'detail': 'k=112 (112.00) inliers=106 second=81 dx=+55 scale=2.160 window=[108,112] fitted=[108, 109, 110, 111, 112]'}  strafe right 0.10s
      |         chain push: 1 chunk(s) of 0.40s, change 29.7, best 29.7, hazards none — one push, so `best` IS the whole leg's travel
      |     it  36  k=114 -> 114  advanced        fix={'k': 115, 'k_float': 115.0, 'inliers': 127, 'dx': 13.451812744140625, 'dy': 4.121917724609375, 'scale': 2.6307378536707273, 'second': 45, 'detail': 'k=115 (115.00) inliers=127 second=45 dx=+13 scale=2.631 window=[111,115] fitted=[111, 112, 113, 114, 115]'}
      |         turn to 303.3: TURNED to 303.7 (err -0.3) in 2 push(es)
      |     it  37  k=129 -> 129  turned to 303.34476843910807  (146 inliers at the stop)
      |         turn to 299.8: NO-OP, already inside 4.0 deg (at 303.7, err -3.9) — nothing was sent, the recorded curve was discarded, and the caller's step line will look like a turn that happened
      |         chain push: 1 chunk(s) of 0.40s, change 14.6, best 14.6, hazards none — one push, so `best` IS the whole leg's travel
      |         chain strafe: 1 chunk(s) of 0.30s, change 14.1, best 14.1, hazards none — one push, so `best` IS the whole leg's travel
      |     it  38  k=129 -> 130  stalled         fix={'k': 129, 'k_float': 129.0, 'inliers': 86, 'dx': -274.0, 'dy': -24.884002685546875, 'scale': 1.290158166855726, 'second': 61, 'detail': 'k=129 (129.00) inliers=86 second=61 dx=-274 scale=1.290 window=[128,132] fitted=[128, 129, 130, 131, 132]'}  strafe left 0.30s
      |         chain push: 1 chunk(s) of 0.40s, change 11.5, best 11.5, hazards none — one push, so `best` IS the whole leg's travel
      |         chain strafe: 1 chunk(s) of 0.30s, change 14.2, best 14.2, hazards none — one push, so `best` IS the whole leg's travel
      |     it  39  k=130 -> 130  advanced        fix={'k': 130, 'k_float': 130.0, 'inliers': 187, 'dx': -291.5199890136719, 'dy': -34.12799072265625, 'scale': 1.3972501349323303, 'second': 125, 'detail': 'k=130 (130.00) inliers=187 second=125 dx=-292 scale=1.397 window=[128,132] fitted=[128, 129, 130, 131, 132]'}  strafe left 0.30s
      |         turn to 298.3: TURNED to 297.4 (err +0.8) in 1 push(es)
      |         chain push: 1 chunk(s) of 0.40s, change 20.5, best 20.5, hazards none — one push, so `best` IS the whole leg's travel
      |         chain strafe: 1 chunk(s) of 0.21s, change 5.6, best 5.6, hazards none — one push, so `best` IS the whole leg's travel
      |     it  40  k=133 -> 133  advanced        fix={'k': 133, 'k_float': 133.0, 'inliers': 127, 'dx': -149.12637329101562, 'dy': -69.83999633789062, 'scale': 1.475593913095442, 'second': 112, 'detail': 'k=133 (133.00) inliers=127 second=112 dx=-149 scale=1.476 window=[129,133] fitted=[129, 130, 131, 132, 133]'}  strafe left 0.21s
      |         chain push: 1 chunk(s) of 0.40s, change 25.6, best 25.6, hazards none — one push, so `best` IS the whole leg's travel
      |         chain strafe: 1 chunk(s) of 0.26s, change 24.7, best 24.7, hazards none — one push, so `best` IS the whole leg's travel
      |     it  41  k=133 -> 136  stalled         fix={'k': 135, 'k_float': 135.0, 'inliers': 151, 'dx': -188.96640014648438, 'dy': -82.05923461914062, 'scale': 1.706767767616482, 'second': 113, 'detail': 'k=135 (135.00) inliers=151 second=113 dx=-189 scale=1.707 window=[132,136] fitted=[132, 133, 134, 135, 136]'}  strafe left 0.26s
      |         chain push: 1 chunk(s) of 0.40s, change 28.2, best 28.2, hazards none — one push, so `best` IS the whole leg's travel
      |         chain strafe: 1 chunk(s) of 0.18s, change 26.9, best 26.9, hazards none — one push, so `best` IS the whole leg's travel
      |     it  42  k=136 -> 136  advanced        fix={'k': 136, 'k_float': 136.0, 'inliers': 87, 'dx': -132.0614013671875, 'dy': -139.927978515625, 'scale': 2.140295783689856, 'second': 71, 'detail': 'k=136 (136.00) inliers=87 second=71 dx=-132 scale=2.140 window=[132,136] fitted=[132, 133, 134, 135, 136]'}  strafe left 0.18s
      |         chain push: 1 chunk(s) of 0.40s, change 36.2, best 36.2, hazards none — one push, so `best` IS the whole leg's travel
      |     it  43  k=139 -> 139  advanced-weak   fix={'k': 139, 'k_float': 139.0, 'inliers': 28, 'dx': -127.13267517089844, 'dy': -191.43771362304688, 'scale': 2.631803096336332, 'second': 22, 'detail': 'k=139 (139.00) inliers=28 second=22 dx=-127 scale=2.632 window=[135,139] fitted=[135, 136, 137, 138, 139]'}
      |         chain push: 1 chunk(s) of 0.40s, change 44.0, best 44.0, hazards none — one push, so `best` IS the whole leg's travel
      |     it  44  k=142 -> 142  advanced-weak   fix={'k': 142, 'k_float': 142.0, 'inliers': 25, 'dx': -205.87274169921875, 'dy': -148.16061401367188, 'scale': 2.198765410353119, 'second': 22, 'detail': 'k=142 (142.00) inliers=25 second=22 dx=-206 scale=2.199 window=[138,142] fitted=[138, 139, 140, 141, 142]'}
      |         turn to 2.2: TURNED to 0.5 (err +1.8) in 1 push(es)
      |     it  45  k=166 -> 166  turned to 2.2489998976495684  (115 inliers at the stop)
      |         chain push: 1 chunk(s) of 0.40s, change 31.6, best 31.6, hazards none — one push, so `best` IS the whole leg's travel
      |         chain strafe: 1 chunk(s) of 0.30s, change 33.6, best 33.6, hazards none — one push, so `best` IS the whole leg's travel
      |     it  46  k=167 -> 167  advanced        fix={'k': 169, 'k_float': 169.0, 'inliers': 100, 'dx': 270.17205810546875, 'dy': -69.27999877929688, 'scale': 1.2228656543561596, 'second': 95, 'detail': 'k=169 (169.00) inliers=100 second=95 dx=+270 scale=1.223 window=[165,169] fitted=[165, 166, 167, 168, 169]'}  strafe right 0.30s
      |         turn to 4.3: NO-OP, already inside 4.0 deg (at 0.6, err +3.7) — nothing was sent, the recorded curve was discarded, and the caller's step line will look like a turn that happened
      |         chain push: 1 chunk(s) of 0.40s, change 41.3, best 41.3, hazards none — one push, so `best` IS the whole leg's travel
      |         chain strafe: 1 chunk(s) of 0.30s, change 39.6, best 39.6, hazards none — one push, so `best` IS the whole leg's travel
      |     it  47  k=167 -> 169  stalled         fix={'k': 168, 'k_float': 168.0, 'inliers': 127, 'dx': 243.0145263671875, 'dy': -66.00955200195312, 'scale': 1.4052936915632728, 'second': 116, 'detail': 'k=168 (168.00) inliers=127 second=116 dx=+243 scale=1.405 window=[166,170] fitted=[166, 167, 168, 169, 170]'}  strafe right 0.30s
      |         chain push: 1 chunk(s) of 0.40s, change 32.8, best 32.8, hazards none — one push, so `best` IS the whole leg's travel
      |         chain strafe: 1 chunk(s) of 0.29s, change 22.3, best 22.3, hazards none — one push, so `best` IS the whole leg's travel
      |     it  48  k=169 -> 169  advanced-past   fix={'k': 167, 'k_float': 167.0, 'inliers': 107, 'dx': 209.1849365234375, 'dy': -73.21185302734375, 'scale': 1.6986845633740872, 'second': 101, 'detail': 'k=167 (167.00) inliers=107 second=101 dx=+209 scale=1.699 window=[166,170] fitted=[166, 167, 168, 169, 170]'}  strafe right 0.29s
      |         turn to 2.2: NO-OP, already inside 4.0 deg (at 0.6, err +1.6) — nothing was sent, the recorded curve was discarded, and the caller's step line will look like a turn that happened
      |         chain push: 1 chunk(s) of 0.40s, change 34.2, best 34.2, hazards none — one push, so `best` IS the whole leg's travel
      |         chain strafe: 1 chunk(s) of 0.10s, change 10.9, best 10.9, hazards none — one push, so `best` IS the whole leg's travel
      |     it  49  k=171 -> 171  advanced        fix={'k': 172, 'k_float': 172.0, 'inliers': 43, 'dx': -72.02302551269531, 'dy': -112.25083923339844, 'scale': 1.389481927736811, 'second': 42, 'detail': 'k=172 (172.00) inliers=43 second=42 dx=-72 scale=1.389 window=[168,172] fitted=[168, 169, 170, 171, 172]'}  strafe left 0.10s
      |         chain push: 1 chunk(s) of 0.40s, change 36.0, best 36.0, hazards none — one push, so `best` IS the whole leg's travel
      |         chain strafe: 1 chunk(s) of 0.10s, change 18.5, best 18.5, hazards none — one push, so `best` IS the whole leg's travel
      |     it  50  k=173 -> 173  advanced        fix={'k': 174, 'k_float': 174.0, 'inliers': 44, 'dx': 45.82025146484375, 'dy': -143.25518798828125, 'scale': 2.0699565278431944, 'second': 29, 'detail': 'k=174 (174.00) inliers=44 second=29 dx=+46 scale=2.070 window=[170,174] fitted=[170, 171, 172, 173, 174]'}  strafe right 0.10s
      |         chain push: 1 chunk(s) of 0.40s, change 29.5, best 29.5, hazards none — one push, so `best` IS the whole leg's travel
      |     it  51  k=176 -> 176  advanced        fix={'k': 176, 'k_float': 176.0, 'inliers': 41, 'dx': 27.451324462890625, 'dy': -160.84605407714844, 'scale': 2.205898507179978, 'second': 32, 'detail': 'k=176 (176.00) inliers=41 second=32 dx=+27 scale=2.206 window=[172,176] fitted=[172, 173, 174, 175, 176]'}
      |         turn to 89.5: TURNED to 88.0 (err +1.5) in 1 push(es)
      |         chain strafe: 1 chunk(s) of 0.44s, change 31.8, best 31.8, hazards none — one push, so `best` IS the whole leg's travel
      |     it  52  k=196 -> 196  turned-aligned to 89.491477293153  (113 inliers at the stop)
      |         chain push: 1 chunk(s) of 0.40s, change 31.1, best 31.1, hazards none — one push, so `best` IS the whole leg's travel
      |         chain strafe: 1 chunk(s) of 0.30s, change 18.6, best 18.6, hazards none — one push, so `best` IS the whole leg's travel
      |     it  53  k=197 -> 197  advanced        fix={'k': 199, 'k_float': 199.0, 'inliers': 105, 'dx': 247.10403442382812, 'dy': -34.399993896484375, 'scale': 1.0952448806198332, 'second': 97, 'detail': 'k=199 (199.00) inliers=105 second=97 dx=+247 scale=1.095 window=[195,199] fitted=[195, 196, 197, 198, 199]'}  strafe right 0.30s
      |         chain push: 1 chunk(s) of 0.40s, change 43.4, best 43.4, hazards none — one push, so `best` IS the whole leg's travel
      |         chain strafe: 1 chunk(s) of 0.30s, change 36.1, best 36.1, hazards none — one push, so `best` IS the whole leg's travel
      |     it  54  k=197 -> 200  stalled         fix={'k': 199, 'k_float': 199.0, 'inliers': 139, 'dx': 299.65606689453125, 'dy': 8.784027099609375, 'scale': 1.6782058755834732, 'second': 103, 'detail': 'k=199 (199.00) inliers=139 second=103 dx=+300 scale=1.678 window=[196,200] fitted=[196, 197, 198, 199, 200]'}  strafe right 0.30s
      |         chain push: 1 chunk(s) of 0.40s, change 46.2, best 46.2, hazards none — one push, so `best` IS the whole leg's travel
      |   chain_walk: ARRIVED at iteration 55, k=197 (target 200 of 204), 49 push(es)
[ 1] ARRIVED   k=197/205  it=55  pushes=49  seconds=89.1 (walk 74.28, setup 13.0)  failure=None
      |   pause menu open (selected 'Resume')
      |   selected: Load Last Save
      |   confirmation dialog up (delta 84.8) -> YES
      |   world back after 3.2s, spawn bearing 87 (E)
      |   setup 13.3s (reset 10.6s, Chain.load 2.7s for 205 waypoints) of a 180s budget
      |   chain_walk: 205 waypoints -> plan of 47 targets (41 push, 6 turn-only); the prompt is checked on every iteration; k rises by at most 1 per iteration, so >= 204 iteration(s). The 180s cap allows 0.88s each. At the last waypoint the walk may spend 3 more iteration(s) — 0.540 walk-units of forward push against OPEN-22's measured 0.05 — and then gives up rather than walking on past the table.
      |         turn to 271.3: TURNED to 271.0 (err +0.3) in 2 push(es)
      |     it   1  k=  3 ->   3  turned to 271.3168428039934  (198 inliers at the stop)
      |         chain push: 1 chunk(s) of 0.40s, change 19.9, best 19.9, hazards none — one push, so `best` IS the whole leg's travel
      |         chain strafe: 1 chunk(s) of 0.10s, change 11.2, best 11.2, hazards none — one push, so `best` IS the whole leg's travel
      |     it   2  k=  4 ->   4  advanced        fix={'k': 6, 'k_float': 6.0, 'inliers': 32, 'dx': -36.74400329589844, 'dy': -3.399993896484375, 'scale': 1.151742275446641, 'second': 22, 'detail': 'k=6 (6.00) inliers=32 second=22 dx=-37 scale=1.152 window=[2,6] fitted=[2, 3, 4, 5, 6]'}  strafe left 0.10s
      |         chain push: 1 chunk(s) of 0.40s, change 21.0, best 21.0, hazards none — one push, so `best` IS the whole leg's travel
      |     it   3  k=  7 ->   7  advanced-weak   fix={'k': 7, 'k_float': 7.0, 'inliers': 15, 'dx': -7.603179931640625, 'dy': 29.9520263671875, 'scale': 1.2342721458534145, 'second': 12, 'detail': 'k=7 (7.00) inliers=15 second=12 dx=-8 scale=1.234 window=[3,7] fitted=[3, 4, 5, 6, 7]'}
      |         chain push: 1 chunk(s) of 0.40s, change 15.9, best 15.9, hazards none — one push, so `best` IS the whole leg's travel
      |     it   4  k= 10 ->  10  blind-advance   fix={'k': 8, 'k_float': 8.0, 'inliers': 14, 'dx': -41.67932891845703, 'dy': 48.66053771972656, 'scale': 1.4381638710708358, 'second': 12, 'detail': 'k=8 (8.00) inliers=14 second=12 dx=-42 scale=1.438 window=[6,10] fitted=[6, 7, 8, 9, 10]'}
      |         chain push: 1 chunk(s) of 0.40s, change 10.8, best 10.8, hazards none — one push, so `best` IS the whole leg's travel
      |     it   5  k= 13 ->  13  blind-advance   fix={'k': 12, 'k_float': 12.0, 'inliers': 8, 'dx': -93.32166290283203, 'dy': 41.41261291503906, 'scale': 1.1883164154189423, 'second': 7, 'detail': 'k=12 (12.00) inliers=8 second=7 dx=-93 scale=1.188 window=[9,13] fitted=[9, 11, 12, 13]'}
      |         chain push: 1 chunk(s) of 0.40s, change 9.0, best 9.0, hazards none — one push, so `best` IS the whole leg's travel
      |     it   6  k= 16 ->  16  blind-advance   fix=None
      |         chain push: 1 chunk(s) of 0.40s, change 8.5, best 8.5, hazards none — one push, so `best` IS the whole leg's travel
      |     it   7  k= 19 ->  19  blind-advance   fix=None
      |         turn to 1.6: TURNED to 3.3 (err -1.7) in 1 push(es)
      |     it   8  k= 39 ->  39  turned to 1.6055901753868653  (35 inliers at the stop)
      |         chain push: 1 chunk(s) of 0.40s, change 18.1, best 18.1, hazards none — one push, so `best` IS the whole leg's travel
      |         chain strafe: 1 chunk(s) of 0.10s, change 7.5, best 7.5, hazards none — one push, so `best` IS the whole leg's travel
      |     it   9  k= 40 ->  40  advanced        fix={'k': 41, 'k_float': 41.0, 'inliers': 51, 'dx': -54.1439208984375, 'dy': 300.0, 'scale': 1.2474715412089186, 'second': 41, 'detail': 'k=41 (41.00) inliers=51 second=41 dx=-54 scale=1.247 window=[38,42] fitted=[38, 39, 40, 41, 42]'}  strafe left 0.10s
      |         chain push: 1 chunk(s) of 0.40s, change 16.9, best 16.9, hazards none — one push, so `best` IS the whole leg's travel
      |     it  10  k= 43 ->  43  advanced-weak   fix={'k': 43, 'k_float': 43.0, 'inliers': 28, 'dx': 13.10400390625, 'dy': 300.9600524902344, 'scale': 1.3563815571971074, 'second': 18, 'detail': 'k=43 (43.00) inliers=28 second=18 dx=+13 scale=1.356 window=[39,43] fitted=[39, 40, 41, 42, 43]'}
      |         chain push: 1 chunk(s) of 0.40s, change 27.4, best 27.4, hazards none — one push, so `best` IS the whole leg's travel
      |         chain strafe: 1 chunk(s) of 0.10s, change 13.3, best 13.3, hazards none — one push, so `best` IS the whole leg's travel
      |     it  11  k= 43 ->  46  stalled         fix={'k': 45, 'k_float': 45.0, 'inliers': 37, 'dx': -57.0, 'dy': 303.5520935058594, 'scale': 1.148841002279395, 'second': 31, 'detail': 'k=45 (45.00) inliers=37 second=31 dx=-57 scale=1.149 window=[42,46] fitted=[42, 43, 44, 45, 46]'}  strafe left 0.10s
      |         chain push: 1 chunk(s) of 0.40s, change 29.9, best 29.9, hazards none — one push, so `best` IS the whole leg's travel
      |     it  12  k= 46 ->  46  advanced        fix={'k': 46, 'k_float': 46.0, 'inliers': 49, 'dx': -32.8458251953125, 'dy': 269.2362976074219, 'scale': 1.2738483062521253, 'second': 42, 'detail': 'k=46 (46.00) inliers=49 second=42 dx=-33 scale=1.274 window=[42,46] fitted=[42, 43, 44, 45, 46]'}
      |         chain push: 1 chunk(s) of 0.40s, change 31.6, best 31.6, hazards none — one push, so `best` IS the whole leg's travel
      |         chain strafe: 1 chunk(s) of 0.10s, change 7.5, best 7.5, hazards none — one push, so `best` IS the whole leg's travel
      |     it  13  k= 49 ->  49  advanced        fix={'k': 49, 'k_float': 49.0, 'inliers': 171, 'dx': -47.7757568359375, 'dy': 251.75997924804688, 'scale': 1.2268427072307992, 'second': 113, 'detail': 'k=49 (49.00) inliers=171 second=113 dx=-48 scale=1.227 window=[45,49] fitted=[45, 46, 47, 48, 49]'}  strafe left 0.10s
      |         chain push: 1 chunk(s) of 0.40s, change 17.7, best 17.7, hazards none — one push, so `best` IS the whole leg's travel
      |         chain strafe: 1 chunk(s) of 0.10s, change 6.0, best 6.0, hazards none — one push, so `best` IS the whole leg's travel
      |     it  14  k= 52 ->  52  advanced        fix={'k': 52, 'k_float': 52.0, 'inliers': 166, 'dx': -55.953582763671875, 'dy': 246.22000122070312, 'scale': 1.1688431210416597, 'second': 149, 'detail': 'k=52 (52.00) inliers=166 second=149 dx=-56 scale=1.169 window=[48,52] fitted=[48, 49, 50, 51, 52]'}  strafe left 0.10s
      |         chain push: 1 chunk(s) of 0.40s, change 17.9, best 17.9, hazards none — one push, so `best` IS the whole leg's travel
      |         chain strafe: 1 chunk(s) of 0.10s, change 6.0, best 6.0, hazards none — one push, so `best` IS the whole leg's travel
      |     it  15  k= 52 ->  55  stalled         fix={'k': 54, 'k_float': 54.0, 'inliers': 124, 'dx': -39.499969482421875, 'dy': 231.55201721191406, 'scale': 1.178869511829213, 'second': 124, 'detail': 'k=54 (54.00) inliers=124 second=124 dx=-39 scale=1.179 window=[51,55] fitted=[51, 52, 53, 54, 55]'}  strafe left 0.10s
      |         chain push: 1 chunk(s) of 0.40s, change 20.0, best 20.0, hazards none — one push, so `best` IS the whole leg's travel
      |     it  16  k= 55 ->  55  advanced        fix={'k': 55, 'k_float': 55.0, 'inliers': 82, 'dx': 32.698486328125, 'dy': 155.62933349609375, 'scale': 1.376962866164701, 'second': 74, 'detail': 'k=55 (55.00) inliers=82 second=74 dx=+33 scale=1.377 window=[51,55] fitted=[51, 52, 53, 54, 55]'}
      |         chain push: 1 chunk(s) of 0.40s, change 26.0, best 26.0, hazards none — one push, so `best` IS the whole leg's travel
      |         chain strafe: 1 chunk(s) of 0.10s, change 16.9, best 16.9, hazards none — one push, so `best` IS the whole leg's travel
      |     it  17  k= 55 ->  58  stalled         fix={'k': 57, 'k_float': 54.97071216426727, 'inliers': 83, 'dx': -51.839996337890625, 'dy': 265.0, 'scale': 1.073336208044555, 'second': 73, 'detail': 'k=57 (54.97) inliers=83 second=73 dx=-52 scale=1.073 window=[54,58] fitted=[54, 55, 56, 57, 58]'}  strafe left 0.10s
      |         chain push: 1 chunk(s) of 0.40s, change 30.5, best 30.5, hazards none — one push, so `best` IS the whole leg's travel
      |         chain strafe: 1 chunk(s) of 0.10s, change 19.2, best 19.2, hazards none — one push, so `best` IS the whole leg's travel
      |     it  18  k= 55 ->  58  stalled         fix={'k': 57, 'k_float': 57.0, 'inliers': 94, 'dx': -46.656005859375, 'dy': 267.84002685546875, 'scale': 1.1253536873091174, 'second': 89, 'detail': 'k=57 (57.00) inliers=94 second=89 dx=-47 scale=1.125 window=[54,58] fitted=[54, 55, 56, 57, 58]'}  strafe left 0.10s
      |         chain push: 1 chunk(s) of 0.40s, change 32.2, best 32.2, hazards none — one push, so `best` IS the whole leg's travel
      |         chain strafe: 1 chunk(s) of 0.10s, change 10.1, best 10.1, hazards none — one push, so `best` IS the whole leg's travel
      |     it  19  k= 55 ->  58  stalled         fix={'k': 57, 'k_float': 57.0, 'inliers': 89, 'dx': -40.642547607421875, 'dy': 272.8000183105469, 'scale': 1.228982924033289, 'second': 84, 'detail': 'k=57 (57.00) inliers=89 second=84 dx=-41 scale=1.229 window=[54,58] fitted=[54, 55, 56, 57, 58]'}  strafe left 0.10s
      |         chain push: 1 chunk(s) of 0.40s, change 23.2, best 23.2, hazards none — one push, so `best` IS the whole leg's travel
      |     it  20  k= 55 ->  58  escape:jump     fix={'k': 57, 'k_float': 57.0, 'inliers': 72, 'dx': -40.08000183105469, 'dy': 278.5368347167969, 'scale': 1.2973891872589203, 'second': 65, 'detail': 'k=57 (57.00) inliers=72 second=65 dx=-40 scale=1.297 window=[54,58] fitted=[54, 55, 56, 57, 58]'}
      |         chain push: 1 chunk(s) of 0.40s, change 17.7, best 17.7, hazards none — one push, so `best` IS the whole leg's travel
      |         chain strafe: 1 chunk(s) of 0.10s, change 7.7, best 7.7, hazards none — one push, so `best` IS the whole leg's travel
      |     it  21  k= 55 ->  58  stalled         fix={'k': 57, 'k_float': 57.0, 'inliers': 71, 'dx': -42.21844482421875, 'dy': 284.6400451660156, 'scale': 1.3650875708815347, 'second': 68, 'detail': 'k=57 (57.00) inliers=71 second=68 dx=-42 scale=1.365 window=[54,58] fitted=[55, 56, 57, 58]'}  strafe left 0.10s
      |         chain push: 1 chunk(s) of 0.40s, change 17.3, best 17.3, hazards none — one push, so `best` IS the whole leg's travel
      |         chain strafe: 1 chunk(s) of 0.10s, change 7.5, best 7.5, hazards none — one push, so `best` IS the whole leg's travel
      |     it  22  k= 58 ->  58  advanced        fix={'k': 58, 'k_float': 58.0, 'inliers': 72, 'dx': -38.01708984375, 'dy': 271.364013671875, 'scale': 1.3885781706341633, 'second': 64, 'detail': 'k=58 (58.00) inliers=72 second=64 dx=-38 scale=1.389 window=[54,58] fitted=[54, 55, 56, 57, 58]'}  strafe left 0.10s
      |         chain push: 1 chunk(s) of 0.40s, change 20.3, best 20.3, hazards none — one push, so `best` IS the whole leg's travel
      |     it  23  k= 58 ->  61  stalled         fix={'k': 60, 'k_float': 60.0, 'inliers': 107, 'dx': -27.55999755859375, 'dy': 257.8000183105469, 'scale': 1.428434394561614, 'second': 70, 'detail': 'k=60 (60.00) inliers=107 second=70 dx=-28 scale=1.428 window=[57,61] fitted=[57, 58, 59, 60, 61]'}
      |         chain push: 1 chunk(s) of 0.40s, change 16.9, best 16.9, hazards none — one push, so `best` IS the whole leg's travel
      |     it  24  k= 61 ->  61  advanced        fix={'k': 61, 'k_float': 61.0, 'inliers': 119, 'dx': -29.439971923828125, 'dy': 261.6800231933594, 'scale': 1.5291044137810694, 'second': 100, 'detail': 'k=61 (61.00) inliers=119 second=100 dx=-29 scale=1.529 window=[57,61] fitted=[57, 58, 59, 60, 61]'}
      |         chain push: 1 chunk(s) of 0.40s, change 17.6, best 17.6, hazards none — one push, so `best` IS the whole leg's travel
      |     it  25  k= 61 ->  64  stalled         fix={'k': 62, 'k_float': 62.0, 'inliers': 118, 'dx': -31.286834716796875, 'dy': 259.94659423828125, 'scale': 1.6237074502576343, 'second': 111, 'detail': 'k=62 (62.00) inliers=118 second=111 dx=-31 scale=1.624 window=[60,64] fitted=[60, 61, 62, 63, 64]'}
      |         chain push: 1 chunk(s) of 0.40s, change 19.3, best 19.3, hazards none — one push, so `best` IS the whole leg's travel
      |         chain strafe: 1 chunk(s) of 0.10s, change 8.9, best 8.9, hazards none — one push, so `best` IS the whole leg's travel
      |     it  26  k= 61 ->  64  stalled         fix={'k': 63, 'k_float': 63.0, 'inliers': 107, 'dx': -37.27862548828125, 'dy': 262.96575927734375, 'scale': 1.7100738095008825, 'second': 95, 'detail': 'k=63 (63.00) inliers=107 second=95 dx=-37 scale=1.710 window=[60,64] fitted=[60, 61, 62, 63, 64]'}  strafe left 0.10s
      |         chain push: 1 chunk(s) of 0.40s, change 19.9, best 19.9, hazards none — one push, so `best` IS the whole leg's travel
      |         chain strafe: 1 chunk(s) of 0.10s, change 11.8, best 11.8, hazards none — one push, so `best` IS the whole leg's travel
      |     it  27  k= 61 ->  64  stalled         fix={'k': 60, 'k_float': 60.0, 'inliers': 111, 'dx': -36.62200927734375, 'dy': 271.7937927246094, 'scale': 2.0832617316874535, 'second': 103, 'detail': 'k=60 (60.00) inliers=111 second=103 dx=-37 scale=2.083 window=[60,64] fitted=[60, 61, 62, 63, 64]'}  strafe left 0.10s
      |         chain push: 1 chunk(s) of 0.40s, change 23.5, best 23.5, hazards none — one push, so `best` IS the whole leg's travel
      |     it  28  k= 64 ->  64  advanced-past   fix={'k': 61, 'k_float': 61.0, 'inliers': 30, 'dx': -9.5579833984375, 'dy': 284.18499755859375, 'scale': 2.20802664084954, 'second': 28, 'detail': 'k=61 (61.00) inliers=30 second=28 dx=-10 scale=2.208 window=[60,64] fitted=[60, 61, 62, 63, 64]'}
      |         chain strafe: 1 chunk(s) of 0.26s, change 16.3, best 16.3, hazards none — one push, so `best` IS the whole leg's travel
      |     it  29  k= 88 ->  88  turned-aligned (skipped, same heading) to 1.3495539744498237  (30 inliers at the stop)
      |         chain push: 1 chunk(s) of 0.40s, change 24.6, best 24.6, hazards none — one push, so `best` IS the whole leg's travel
      |     it  30  k= 89 ->  89  blind-advance   fix={'k': 87, 'k_float': 87.0, 'inliers': 9, 'dx': 130.60009765625, 'dy': -22.55999755859375, 'scale': 1.2941110660359825, 'second': 9, 'detail': 'k=87 (87.00) inliers=9 second=9 dx=+131 scale=1.294 window=[87,91] fitted=[87, 88, 89, 90, 91]'}
      |         chain push: 1 chunk(s) of 0.40s, change 26.7, best 26.7, hazards none — one push, so `best` IS the whole leg's travel
      |     it  31  k=105 ->  92  relocalised     fix={'k': 105, 'k_float': 110.76878862547895, 'inliers': 166, 'dx': -98.43533325195312, 'dy': -12.801589965820312, 'scale': 1.495304971006192, 'second': 164, 'detail': 'k=105 (110.77) inliers=166 second=164 dx=-98 scale=1.495 window=[89,150] fitted=[90, 91, 92, 93, 94, 95, 96, 97, 98, 99, 100, 101, 102, 103, 104, 105, 106, 107, 108, 109, 110, 111, 112, 113, 114, 115, 116, 117, 118, 119, 120, 121, 122, 123, 124, 125, 126, 127, 128, 132, 138, 139, 150]'}
      |         chain push: 1 chunk(s) of 0.40s, change 20.6, best 20.6, hazards none — one push, so `best` IS the whole leg's travel
      |         chain strafe: 1 chunk(s) of 0.17s, change 15.9, best 15.9, hazards none — one push, so `best` IS the whole leg's travel
      |     it  32  k=107 -> 107  advanced        fix={'k': 108, 'k_float': 108.0, 'inliers': 152, 'dx': -123.85150146484375, 'dy': -23.55999755859375, 'scale': 1.4599154323568622, 'second': 140, 'detail': 'k=108 (108.00) inliers=152 second=140 dx=-124 scale=1.460 window=[104,108] fitted=[104, 105, 106, 107, 108]'}  strafe left 0.17s
      |         chain push: 1 chunk(s) of 0.40s, change 20.3, best 20.3, hazards none — one push, so `best` IS the whole leg's travel
      |         chain strafe: 1 chunk(s) of 0.21s, change 14.0, best 14.0, hazards none — one push, so `best` IS the whole leg's travel
      |     it  33  k=109 -> 109  advanced        fix={'k': 109, 'k_float': 109.0, 'inliers': 127, 'dx': -149.52955627441406, 'dy': -36.527984619140625, 'scale': 1.6601544880443642, 'second': 122, 'detail': 'k=109 (109.00) inliers=127 second=122 dx=-150 scale=1.660 window=[106,110] fitted=[106, 107, 108, 109, 110]'}  strafe left 0.21s
      |         chain push: 1 chunk(s) of 0.40s, change 21.7, best 21.7, hazards none — one push, so `best` IS the whole leg's travel
      |         chain strafe: 1 chunk(s) of 0.15s, change 14.9, best 14.9, hazards none — one push, so `best` IS the whole leg's travel
      |     it  34  k=109 -> 112  stalled         fix={'k': 110, 'k_float': 110.0, 'inliers': 102, 'dx': -104.974609375, 'dy': -7.0493621826171875, 'scale': 2.4316678582819424, 'second': 88, 'detail': 'k=110 (110.00) inliers=102 second=88 dx=-105 scale=2.432 window=[108,112] fitted=[108, 109, 110, 111, 112]'}  strafe left 0.15s
      |         chain push: 1 chunk(s) of 0.40s, change 27.1, best 27.1, hazards none — one push, so `best` IS the whole leg's travel
      |     it  35  k=112 -> 112  advanced-weak   fix={'k': 111, 'k_float': 111.0, 'inliers': 18, 'dx': -27.0181884765625, 'dy': -50.84637451171875, 'scale': 3.8715635025491975, 'second': 14, 'detail': 'k=111 (111.00) inliers=18 second=14 dx=-27 scale=3.872 window=[108,112] fitted=[110, 111, 112]'}
      |         chain push: 1 chunk(s) of 0.40s, change 45.9, best 45.9, hazards none — one push, so `best` IS the whole leg's travel
      |     it  36  k=114 -> 114  blind-advance   fix={'k': 112, 'k_float': 112.0, 'inliers': 6, 'dx': -57.83265686035156, 'dy': -68.04957580566406, 'scale': 0.8357830817926818, 'second': 0, 'detail': 'k=112 (112.00) inliers=6 second=0 dx=-58 scale=0.836 window=[111,115] fitted=[112]'}
      |         turn to 303.3: TURNED to 302.6 (err +0.8) in 2 push(es)
      |     it  37  k=129 -> 129  turned to 303.34476843910807  (85 inliers at the stop)
      |         turn to 299.8: NO-OP, already inside 4.0 deg (at 302.6, err -2.9) — nothing was sent, the recorded curve was discarded, and the caller's step line will look like a turn that happened
      |         chain push: 1 chunk(s) of 0.40s, change 19.3, best 19.3, hazards none — one push, so `best` IS the whole leg's travel
      |     it  38  k=130 -> 130  blind-advance   fix=None
      |         turn to 298.3: TURNED to 298.9 (err -0.7) in 1 push(es)
      |         chain push: 1 chunk(s) of 0.40s, change 12.2, best 12.2, hazards none — one push, so `best` IS the whole leg's travel
      |     it  39  k=133 -> 133  blind-advance   fix=None
      |         chain push: 1 chunk(s) of 0.40s, change 6.1, best 6.1, hazards none — one push, so `best` IS the whole leg's travel
      |     it  40  k=136 -> 136  blind-advance   fix=None
      |         chain push: 1 chunk(s) of 0.40s, change 1.8, best 1.8, hazards SHORT — one push, so `best` IS the whole leg's travel
      |     it  41  k=139 -> 139  blind-advance   fix=None
      |         chain push: 1 chunk(s) of 0.40s, change 2.2, best 2.2, hazards SHORT — one push, so `best` IS the whole leg's travel
      |     it  42  k=142 -> 142  blind-advance   fix=None
      |         turn to 2.2: TURNED to 3.2 (err -1.0) in 2 push(es)
      |         turn to 337.2: TURNED to 339.9 (err -2.7) in 1 push(es)
      |         turn to 27.2: TURNED to 27.3 (err -0.0) in 1 push(es)
      |         turn to 2.2: TURNED to 4.3 (err -2.0) in 1 push(es)
      |         turn to 298.3: TURNED to 298.3 (err +0.0) in 2 push(es)
      |         chain push: 1 chunk(s) of 0.40s, change 3.7, best 3.7, hazards none — one push, so `best` IS the whole leg's travel
      |     it  43  k=142 -> 166  turn-retry 1/3: the stop's frame did not fit (0 inliers); one more push along 298.3
      |         turn to 2.2: TURNED to 0.2 (err +2.1) in 1 push(es)
      |         turn to 337.2: TURNED to 337.1 (err +0.2) in 2 push(es)
      |         turn to 27.2: TURNED to 26.8 (err +0.4) in 1 push(es)
      |         turn to 2.2: TURNED to 3.2 (err -0.9) in 2 push(es)
      |         turn to 298.3: TURNED to 300.4 (err -2.1) in 1 push(es)
      |         chain push: 1 chunk(s) of 0.40s, change 1.0, best 1.0, hazards SHORT — one push, so `best` IS the whole leg's travel
      |     it  44  k=142 -> 166  turn-retry 2/3: the stop's frame did not fit (0 inliers); one more push along 298.3
      |         turn to 2.2: TURNED to 3.5 (err -1.3) in 1 push(es)
      |         turn to 337.2: TURNED to 340.6 (err -3.4) in 1 push(es)
      |         turn to 27.2: TURNED to 29.2 (err -2.0) in 1 push(es)
      |         turn to 2.2: TURNED to 4.7 (err -2.4) in 1 push(es)
      |         turn to 298.3: TURNED to 299.6 (err -1.4) in 2 push(es)
      |         chain push: 1 chunk(s) of 0.40s, change 1.6, best 1.6, hazards SHORT — one push, so `best` IS the whole leg's travel
      |     it  45  k=142 -> 166  turn-retry 3/3: the stop's frame did not fit (0 inliers); one more push along 298.3
      |         turn to 2.2: TURNED to 1.6 (err +0.6) in 1 push(es)
      |         turn to 337.2: TURNED to 337.4 (err -0.2) in 1 push(es)
      |         turn to 27.2: TURNED to 24.3 (err +2.9) in 2 push(es)
      |         turn to 2.2: TURNED to 5.9 (err -3.7) in 1 push(es)
      |     it  46  k=166 -> 166  turned-unverified to 2.2489998976495684  (0 inliers at the stop)
      |         chain push: 1 chunk(s) of 0.40s, change 5.4, best 5.4, hazards none — one push, so `best` IS the whole leg's travel
      |     it  47  k=166 -> 167  miss            fix=None
      |         chain push: 1 chunk(s) of 0.40s, change 6.1, best 6.1, hazards none — one push, so `best` IS the whole leg's travel
      |     it  48  k=166 -> 167  miss            fix=None
      |         chain push: 1 chunk(s) of 0.40s, change 7.7, best 7.7, hazards none — one push, so `best` IS the whole leg's travel
      |         chain strafe: 1 chunk(s) of 0.30s, change 11.4, best 11.4, hazards none — one push, so `best` IS the whole leg's travel
      |     it  49  k=166 -> 167  escape:left     fix=None
      |         chain push: 1 chunk(s) of 0.40s, change 3.7, best 3.7, hazards none — one push, so `best` IS the whole leg's travel
      |     it  50  k=166 -> 167  miss            fix=None
      |         chain push: 1 chunk(s) of 0.40s, change 5.4, best 5.4, hazards none — one push, so `best` IS the whole leg's travel
      |     it  51  k=166 -> 167  miss            fix=None
      |         chain push: 1 chunk(s) of 0.40s, change 8.3, best 8.3, hazards none — one push, so `best` IS the whole leg's travel
      |         chain strafe: 1 chunk(s) of 0.30s, change 35.0, best 35.0, hazards none — one push, so `best` IS the whole leg's travel
      |     it  52  k=166 -> 167  escape:right    fix=None
      |         chain push: 1 chunk(s) of 0.40s, change 17.1, best 17.1, hazards none — one push, so `best` IS the whole leg's travel
      |     it  53  k=166 -> 167  miss            fix=None
      |         chain push: 1 chunk(s) of 0.40s, change 12.9, best 12.9, hazards none — one push, so `best` IS the whole leg's travel
      |     it  54  k=166 -> 167  miss            fix=None
      |         chain push: 1 chunk(s) of 0.40s, change 16.8, best 16.8, hazards none — one push, so `best` IS the whole leg's travel
      |         chain strafe: 1 chunk(s) of 0.30s, change 41.7, best 41.7, hazards none — one push, so `best` IS the whole leg's travel
      |   chain_walk: LOST — 9 iterations with nothing credible after the blind budget at k=166 of 204
[ 2] FAILED    k=166/205  it=55  pushes=50  seconds=109.8 (walk 94.68, setup 13.3)  failure=lost at k=166 of 204: 9 iterations with no credible fix after 6 blind advances
      |   pause menu open (selected 'Resume')
      |   selected: Load Last Save
      |   confirmation dialog up (delta 82.3) -> YES
      |   YES press 1 did not register, retrying
      |   world back after 3.2s, spawn bearing 87 (E)
      |   setup 15.1s (reset 12.4s, Chain.load 2.7s for 205 waypoints) of a 180s budget
      |   chain_walk: 205 waypoints -> plan of 47 targets (41 push, 6 turn-only); the prompt is checked on every iteration; k rises by at most 1 per iteration, so >= 204 iteration(s). The 180s cap allows 0.88s each. At the last waypoint the walk may spend 3 more iteration(s) — 0.540 walk-units of forward push against OPEN-22's measured 0.05 — and then gives up rather than walking on past the table.
      |         turn to 271.3: TURNED to 273.5 (err -2.2) in 2 push(es)
      |     it   1  k=  3 ->   3  turned to 271.3168428039934  (182 inliers at the stop)
      |         chain push: 1 chunk(s) of 0.40s, change 20.4, best 20.4, hazards none — one push, so `best` IS the whole leg's travel
      |     it   2  k=  4 ->   4  advanced-weak   fix={'k': 6, 'k_float': 6.0, 'inliers': 24, 'dx': -59.35246276855469, 'dy': 18.835205078125, 'scale': 1.1059075897190218, 'second': 20, 'detail': 'k=6 (6.00) inliers=24 second=20 dx=-59 scale=1.106 window=[2,6] fitted=[2, 3, 4, 5, 6]'}
      |         chain push: 1 chunk(s) of 0.40s, change 18.7, best 18.7, hazards none — one push, so `best` IS the whole leg's travel
      |     it   3  k=  7 ->   7  advanced-weak   fix={'k': 7, 'k_float': 7.0, 'inliers': 26, 'dx': -83.8702163696289, 'dy': 27.786285400390625, 'scale': 1.2446138258600548, 'second': 13, 'detail': 'k=7 (7.00) inliers=26 second=13 dx=-84 scale=1.245 window=[3,7] fitted=[3, 4, 5, 6, 7]'}
      |         chain push: 1 chunk(s) of 0.40s, change 16.9, best 16.9, hazards none — one push, so `best` IS the whole leg's travel
      |     it   4  k= 10 ->  10  blind-advance   fix={'k': 9, 'k_float': 9.0, 'inliers': 11, 'dx': -164.57472229003906, 'dy': 41.679412841796875, 'scale': 1.427858200401148, 'second': 7, 'detail': 'k=9 (9.00) inliers=11 second=7 dx=-165 scale=1.428 window=[6,10] fitted=[6, 7, 8, 9, 10]'}
      |         chain push: 1 chunk(s) of 0.40s, change 11.3, best 11.3, hazards none — one push, so `best` IS the whole leg's travel
      |     it   5  k= 13 ->  13  blind-advance   fix=None
      |         chain push: 1 chunk(s) of 0.40s, change 7.7, best 7.7, hazards none — one push, so `best` IS the whole leg's travel
      |     it   6  k= 16 ->  16  blind-advance   fix=None
      |         chain push: 1 chunk(s) of 0.40s, change 8.1, best 8.1, hazards none — one push, so `best` IS the whole leg's travel
      |     it   7  k= 19 ->  19  blind-advance   fix=None
      |         turn to 1.6: TURNED to 2.5 (err -0.9) in 2 push(es)
      |     it   8  k= 39 ->  39  turned to 1.6055901753868653  (85 inliers at the stop)
      |         chain push: 1 chunk(s) of 0.40s, change 17.8, best 17.8, hazards none — one push, so `best` IS the whole leg's travel
      |     it   9  k= 39 ->  40  stalled         fix={'k': 38, 'k_float': 38.0, 'inliers': 30, 'dx': -17.280029296875, 'dy': 353.5200500488281, 'scale': 1.1585799003707766, 'second': 28, 'detail': 'k=38 (38.00) inliers=30 second=28 dx=-17 scale=1.159 window=[38,42] fitted=[38, 39, 40, 41, 42]'}
      |         chain push: 1 chunk(s) of 0.40s, change 30.5, best 30.5, hazards none — one push, so `best` IS the whole leg's travel
      |     it  10  k= 39 ->  40  stalled         fix={'k': 38, 'k_float': 38.0, 'inliers': 30, 'dx': -1.55999755859375, 'dy': 357.4223937988281, 'scale': 1.3191663523030182, 'second': 29, 'detail': 'k=38 (38.00) inliers=30 second=29 dx=-2 scale=1.319 window=[38,42] fitted=[38, 39, 40, 41, 42]'}
      |         chain push: 1 chunk(s) of 0.40s, change 31.6, best 31.6, hazards none — one push, so `best` IS the whole leg's travel
      |     it  11  k= 40 ->  40  advanced        fix={'k': 42, 'k_float': 42.0, 'inliers': 44, 'dx': 13.469818115234375, 'dy': 319.7264099121094, 'scale': 1.4532444746159194, 'second': 44, 'detail': 'k=42 (42.00) inliers=44 second=44 dx=+13 scale=1.453 window=[38,42] fitted=[38, 39, 40, 41, 42]'}
      |         chain push: 1 chunk(s) of 0.40s, change 32.8, best 32.8, hazards none — one push, so `best` IS the whole leg's travel
      |         chain strafe: 1 chunk(s) of 0.10s, change 4.6, best 4.6, hazards none — one push, so `best` IS the whole leg's travel
      |     it  12  k= 40 ->  43  stalled         fix={'k': 39, 'k_float': 39.0, 'inliers': 39, 'dx': 39.55999755859375, 'dy': 318.5050964355469, 'scale': 1.7310855134022554, 'second': 37, 'detail': 'k=39 (39.00) inliers=39 second=37 dx=+40 scale=1.731 window=[39,43] fitted=[39, 40, 41, 42, 43]'}  strafe right 0.10s
      |         chain push: 1 chunk(s) of 0.40s, change 18.1, best 18.1, hazards none — one push, so `best` IS the whole leg's travel
      |         chain strafe: 1 chunk(s) of 0.10s, change 3.0, best 3.0, hazards SHORT — one push, so `best` IS the whole leg's travel
      |     it  13  k= 40 ->  43  stalled         fix={'k': 39, 'k_float': 39.0, 'inliers': 33, 'dx': 70.30670166015625, 'dy': 286.9477233886719, 'scale': 2.0542449349595313, 'second': 27, 'detail': 'k=39 (39.00) inliers=33 second=27 dx=+70 scale=2.054 window=[39,43] fitted=[39, 40, 41, 42, 43]'}  strafe right 0.10s
      |         chain push: 1 chunk(s) of 0.40s, change 19.8, best 19.8, hazards none — one push, so `best` IS the whole leg's travel
      |     it  14  k= 43 ->  43  blind-advance   fix={'k': 43, 'k_float': 43.0, 'inliers': 12, 'dx': 160.516845703125, 'dy': 156.18592834472656, 'scale': 2.721064219075387, 'second': 12, 'detail': 'k=43 (43.00) inliers=12 second=12 dx=+161 scale=2.721 window=[39,43] fitted=[39, 40, 41, 42, 43]'}
      |         chain push: 1 chunk(s) of 0.40s, change 28.0, best 28.0, hazards none — one push, so `best` IS the whole leg's travel
      |     it  15  k= 71 ->  46  relocalised     fix={'k': 71, 'k_float': 60.481068622536434, 'inliers': 157, 'dx': -31.44000244140625, 'dy': 223.2576141357422, 'scale': 0.8208864241968566, 'second': 157, 'detail': 'k=71 (60.48) inliers=157 second=157 dx=-31 scale=0.821 window=[43,104] fitted=[48, 49, 50, 51, 52, 53, 54, 55, 56, 57, 58, 59, 60, 61, 62, 63, 64, 65, 66, 67, 68, 69, 70, 71, 72, 73, 74, 75, 76, 77, 78, 79, 80, 81, 82, 83, 84, 85, 86, 87, 88, 89, 90, 91, 92, 93, 94, 95, 96, 97, 98, 99, 100, 101, 102, 103, 104]'}
      |     it  16  k= 88 ->  88  turned (skipped, same heading) to 1.3495539744498237  (148 inliers at the stop)
      |         chain push: 1 chunk(s) of 0.40s, change 23.9, best 23.9, hazards none — one push, so `best` IS the whole leg's travel
      |     it  17  k= 88 ->  89  stalled         fix={'k': 87, 'k_float': 87.0, 'inliers': 151, 'dx': -30.27459716796875, 'dy': 31.399993896484375, 'scale': 0.8457546624238583, 'second': 142, 'detail': 'k=87 (87.00) inliers=151 second=142 dx=-30 scale=0.846 window=[87,91] fitted=[87, 88, 89, 90, 91]'}
      |         chain push: 1 chunk(s) of 0.40s, change 28.6, best 28.6, hazards none — one push, so `best` IS the whole leg's travel
      |         chain strafe: 1 chunk(s) of 0.10s, change 16.7, best 16.7, hazards none — one push, so `best` IS the whole leg's travel
      |     it  18  k= 88 ->  89  stalled         fix={'k': 88, 'k_float': 88.0, 'inliers': 117, 'dx': -36.287994384765625, 'dy': 12.541107177734375, 'scale': 0.9163872373722917, 'second': 115, 'detail': 'k=88 (88.00) inliers=117 second=115 dx=-36 scale=0.916 window=[87,91] fitted=[87, 88, 89, 90, 91]'}  strafe left 0.10s
      |         chain push: 1 chunk(s) of 0.40s, change 27.2, best 27.2, hazards none — one push, so `best` IS the whole leg's travel
      |         chain strafe: 1 chunk(s) of 0.10s, change 14.1, best 14.1, hazards none — one push, so `best` IS the whole leg's travel
      |     it  19  k= 88 ->  89  stalled         fix={'k': 88, 'k_float': 88.0, 'inliers': 123, 'dx': -35.831817626953125, 'dy': 17.279998779296875, 'scale': 0.9994625770839229, 'second': 113, 'detail': 'k=88 (88.00) inliers=123 second=113 dx=-36 scale=0.999 window=[87,91] fitted=[87, 88, 89, 90, 91]'}  strafe left 0.10s
      |         chain push: 1 chunk(s) of 0.40s, change 19.1, best 19.1, hazards none — one push, so `best` IS the whole leg's travel
      |     it  20  k= 89 ->  89  advanced        fix={'k': 91, 'k_float': 91.0, 'inliers': 131, 'dx': -21.49908447265625, 'dy': 14.33270263671875, 'scale': 1.0125130687918409, 'second': 109, 'detail': 'k=91 (91.00) inliers=131 second=109 dx=-21 scale=1.013 window=[87,91] fitted=[87, 88, 89, 90, 91]'}
      |         chain push: 1 chunk(s) of 0.40s, change 21.0, best 21.0, hazards none — one push, so `best` IS the whole leg's travel
      |     it  21  k= 89 ->  92  stalled         fix={'k': 90, 'k_float': 90.0, 'inliers': 104, 'dx': -33.303985595703125, 'dy': -51.97853088378906, 'scale': 1.2447662131447204, 'second': 88, 'detail': 'k=90 (90.00) inliers=104 second=88 dx=-33 scale=1.245 window=[88,92] fitted=[88, 89, 90, 91, 92]'}
      |         chain push: 1 chunk(s) of 0.40s, change 18.3, best 18.3, hazards none — one push, so `best` IS the whole leg's travel
      |     it  22  k= 92 ->  92  advanced        fix={'k': 92, 'k_float': 92.0, 'inliers': 78, 'dx': -34.32940673828125, 'dy': -34.7327880859375, 'scale': 1.1195798642593853, 'second': 68, 'detail': 'k=92 (92.00) inliers=78 second=68 dx=-34 scale=1.120 window=[88,92] fitted=[88, 89, 90, 91, 92]'}
      |         chain push: 1 chunk(s) of 0.40s, change 16.5, best 16.5, hazards none — one push, so `best` IS the whole leg's travel
      |         chain strafe: 1 chunk(s) of 0.10s, change 2.2, best 2.2, hazards SHORT — one push, so `best` IS the whole leg's travel
      |     it  23  k= 94 ->  94  advanced        fix={'k': 94, 'k_float': 94.0, 'inliers': 91, 'dx': -44.35198974609375, 'dy': -33.177581787109375, 'scale': 1.2084121815582798, 'second': 86, 'detail': 'k=94 (94.00) inliers=91 second=86 dx=-44 scale=1.208 window=[91,95] fitted=[91, 92, 93, 94, 95]'}  strafe left 0.10s
      |         chain push: 1 chunk(s) of 0.40s, change 18.9, best 18.9, hazards none — one push, so `best` IS the whole leg's travel
      |         chain strafe: 1 chunk(s) of 0.10s, change 11.1, best 11.1, hazards none — one push, so `best` IS the whole leg's travel
      |     it  24  k= 96 ->  96  advanced        fix={'k': 97, 'k_float': 97.0, 'inliers': 145, 'dx': -53.040008544921875, 'dy': 13.4000244140625, 'scale': 1.18053928671937, 'second': 133, 'detail': 'k=97 (97.00) inliers=145 second=133 dx=-53 scale=1.181 window=[93,97] fitted=[93, 94, 95, 96, 97]'}  strafe left 0.10s
      |         chain push: 1 chunk(s) of 0.40s, change 20.3, best 20.3, hazards none — one push, so `best` IS the whole leg's travel
      |         chain strafe: 1 chunk(s) of 0.10s, change 10.0, best 10.0, hazards none — one push, so `best` IS the whole leg's travel
      |     it  25  k= 98 ->  98  advanced        fix={'k': 99, 'k_float': 99.0, 'inliers': 166, 'dx': -50.61997985839844, 'dy': 10.774765014648438, 'scale': 1.1973557337721363, 'second': 151, 'detail': 'k=99 (99.00) inliers=166 second=151 dx=-51 scale=1.197 window=[95,99] fitted=[95, 96, 97, 98, 99]'}  strafe left 0.10s
      |         chain push: 1 chunk(s) of 0.40s, change 21.0, best 21.0, hazards none — one push, so `best` IS the whole leg's travel
      |         chain strafe: 1 chunk(s) of 0.10s, change 9.9, best 9.9, hazards none — one push, so `best` IS the whole leg's travel
      |     it  26  k= 98 -> 100  stalled         fix={'k': 97, 'k_float': 97.0, 'inliers': 187, 'dx': -36.6280517578125, 'dy': 10.749542236328125, 'scale': 1.4425267573357938, 'second': 180, 'detail': 'k=97 (97.00) inliers=187 second=180 dx=-37 scale=1.443 window=[97,101] fitted=[97, 98, 99, 100, 101]'}  strafe left 0.10s
      |         chain push: 1 chunk(s) of 0.40s, change 22.3, best 22.3, hazards none — one push, so `best` IS the whole leg's travel
      |     it  27  k=100 -> 100  advanced        fix={'k': 101, 'k_float': 101.0, 'inliers': 141, 'dx': -30.93115234375, 'dy': -2.93756103515625, 'scale': 1.3406433027734461, 'second': 139, 'detail': 'k=101 (101.00) inliers=141 second=139 dx=-31 scale=1.341 window=[97,101] fitted=[97, 98, 99, 100, 101]'}
      |         chain push: 1 chunk(s) of 0.40s, change 27.3, best 27.3, hazards none — one push, so `best` IS the whole leg's travel
      |         chain strafe: 1 chunk(s) of 0.10s, change 13.3, best 13.3, hazards none — one push, so `best` IS the whole leg's travel
      |     it  28  k=102 -> 102  advanced        fix={'k': 103, 'k_float': 103.0, 'inliers': 159, 'dx': -36.3599853515625, 'dy': -7.44000244140625, 'scale': 1.3887750552087537, 'second': 153, 'detail': 'k=103 (103.00) inliers=159 second=153 dx=-36 scale=1.389 window=[99,103] fitted=[99, 100, 101, 102, 103]'}  strafe left 0.10s
      |         chain push: 1 chunk(s) of 0.40s, change 24.2, best 24.2, hazards none — one push, so `best` IS the whole leg's travel
      |         chain strafe: 1 chunk(s) of 0.10s, change 9.7, best 9.7, hazards none — one push, so `best` IS the whole leg's travel
      |     it  29  k=104 -> 104  advanced        fix={'k': 105, 'k_float': 105.0, 'inliers': 173, 'dx': -55.157745361328125, 'dy': -7.519989013671875, 'scale': 1.4018896355413972, 'second': 165, 'detail': 'k=105 (105.00) inliers=173 second=165 dx=-55 scale=1.402 window=[101,105] fitted=[101, 102, 103, 104, 105]'}  strafe left 0.10s
      |         chain push: 1 chunk(s) of 0.40s, change 21.6, best 21.6, hazards none — one push, so `best` IS the whole leg's travel
      |         chain strafe: 1 chunk(s) of 0.10s, change 13.0, best 13.0, hazards none — one push, so `best` IS the whole leg's travel
      |     it  30  k=104 -> 107  stalled         fix={'k': 106, 'k_float': 106.0, 'inliers': 159, 'dx': -62.857666015625, 'dy': -30.095977783203125, 'scale': 1.715939413641421, 'second': 128, 'detail': 'k=106 (106.00) inliers=159 second=128 dx=-63 scale=1.716 window=[103,107] fitted=[103, 104, 105, 106, 107]'}  strafe left 0.10s
      |         chain push: 1 chunk(s) of 0.40s, change 17.9, best 17.9, hazards none — one push, so `best` IS the whole leg's travel
      |         chain strafe: 1 chunk(s) of 0.10s, change 10.9, best 10.9, hazards none — one push, so `best` IS the whole leg's travel
      |     it  31  k=107 -> 107  advanced        fix={'k': 107, 'k_float': 107.0, 'inliers': 103, 'dx': -38.123443603515625, 'dy': -51.577301025390625, 'scale': 1.9748663279621401, 'second': 94, 'detail': 'k=107 (107.00) inliers=103 second=94 dx=-38 scale=1.975 window=[103,107] fitted=[103, 104, 105, 106, 107]'}  strafe left 0.10s
      |         chain push: 1 chunk(s) of 0.40s, change 20.0, best 20.0, hazards none — one push, so `best` IS the whole leg's travel
      |         chain strafe: 1 chunk(s) of 0.10s, change 13.3, best 13.3, hazards none — one push, so `best` IS the whole leg's travel
      |     it  32  k=109 -> 109  advanced        fix={'k': 110, 'k_float': 110.0, 'inliers': 78, 'dx': 66.3902587890625, 'dy': -13.755264282226562, 'scale': 2.3570720224910264, 'second': 53, 'detail': 'k=110 (110.00) inliers=78 second=53 dx=+66 scale=2.357 window=[106,110] fitted=[106, 107, 108, 109, 110]'}  strafe right 0.10s
      |         chain push: 1 chunk(s) of 0.40s, change 27.8, best 27.8, hazards none — one push, so `best` IS the whole leg's travel
      |     it  33  k=112 -> 112  advanced-weak   fix={'k': 112, 'k_float': 112.0, 'inliers': 18, 'dx': -2.3938751220703125, 'dy': -45.84637451171875, 'scale': 3.5598212350856335, 'second': 14, 'detail': 'k=112 (112.00) inliers=18 second=14 dx=-2 scale=3.560 window=[108,112] fitted=[111, 112]'}
      |         chain push: 1 chunk(s) of 0.40s, change 42.1, best 42.1, hazards none — one push, so `best` IS the whole leg's travel
      |     it  34  k=114 -> 114  blind-advance   fix={'k': 111, 'k_float': 111.0, 'inliers': 6, 'dx': 181.03106689453125, 'dy': -68.87806701660156, 'scale': 0.06479608811151391, 'second': 0, 'detail': 'k=111 (111.00) inliers=6 second=0 dx=+181 scale=0.065 window=[111,115] fitted=[111]'}
      |         turn to 303.3: TURNED to 305.7 (err -2.3) in 1 push(es)
      |         turn to 278.3: TURNED to 279.5 (err -1.1) in 1 push(es)
      |         turn to 328.3: TURNED to 329.2 (err -0.9) in 1 push(es)
      |         turn to 303.3: TURNED to 303.3 (err +0.0) in 2 push(es)
      |         chain strafe: 1 chunk(s) of 0.55s, change 18.0, best 18.0, hazards none — one push, so `best` IS the whole leg's travel
      |     it  35  k=129 -> 129  turned-looked to 303.34476843910807  (174 inliers at the stop)
      |         turn to 299.8: NO-OP, already inside 4.0 deg (at 303.3, err -3.5) — nothing was sent, the recorded curve was discarded, and the caller's step line will look like a turn that happened
      |         chain push: 1 chunk(s) of 0.40s, change 12.6, best 12.6, hazards none — one push, so `best` IS the whole leg's travel
      |         chain strafe: 1 chunk(s) of 0.30s, change 13.0, best 13.0, hazards none — one push, so `best` IS the whole leg's travel
      |     it  36  k=130 -> 130  advanced        fix={'k': 131, 'k_float': 131.0, 'inliers': 123, 'dx': -330.32452392578125, 'dy': -56.5999755859375, 'scale': 1.4046201829232696, 'second': 116, 'detail': 'k=131 (131.00) inliers=123 second=116 dx=-330 scale=1.405 window=[128,132] fitted=[128, 129, 130, 131, 132]'}  strafe left 0.30s
      |         turn to 298.3: TURNED to 300.1 (err -1.9) in 1 push(es)
      |         chain push: 1 chunk(s) of 0.40s, change 14.0, best 14.0, hazards none — one push, so `best` IS the whole leg's travel
      |         chain strafe: 1 chunk(s) of 0.30s, change 18.8, best 18.8, hazards none — one push, so `best` IS the whole leg's travel
      |     it  37  k=130 -> 133  stalled         fix={'k': 132, 'k_float': 132.0, 'inliers': 148, 'dx': -221.72000122070312, 'dy': -69.8111572265625, 'scale': 1.5561479101016622, 'second': 88, 'detail': 'k=132 (132.00) inliers=148 second=88 dx=-222 scale=1.556 window=[129,133] fitted=[129, 130, 131, 132, 133]'}  strafe left 0.30s
      |         chain push: 1 chunk(s) of 0.40s, change 21.9, best 21.9, hazards none — one push, so `best` IS the whole leg's travel
      |         chain strafe: 1 chunk(s) of 0.28s, change 21.6, best 21.6, hazards none — one push, so `best` IS the whole leg's travel
      |     it  38  k=130 -> 133  stalled         fix={'k': 131, 'k_float': 131.0, 'inliers': 161, 'dx': -200.56637573242188, 'dy': -101.83036804199219, 'scale': 2.0511047302063994, 'second': 160, 'detail': 'k=131 (131.00) inliers=161 second=160 dx=-201 scale=2.051 window=[129,133] fitted=[129, 130, 131, 132, 133]'}  strafe left 0.28s
      |         chain push: 1 chunk(s) of 0.40s, change 25.8, best 25.8, hazards none — one push, so `best` IS the whole leg's travel
      |         chain strafe: 1 chunk(s) of 0.20s, change 24.9, best 24.9, hazards none — one push, so `best` IS the whole leg's travel
      |     it  39  k=133 -> 133  advanced        fix={'k': 133, 'k_float': 133.0, 'inliers': 78, 'dx': -145.7412872314453, 'dy': -172.41796875, 'scale': 2.474738236694371, 'second': 50, 'detail': 'k=133 (133.00) inliers=78 second=50 dx=-146 scale=2.475 window=[129,133] fitted=[129, 130, 131, 132, 133]'}  strafe left 0.20s
      |         chain push: 1 chunk(s) of 0.40s, change 35.8, best 35.8, hazards none — one push, so `best` IS the whole leg's travel
      |     it  40  k=136 -> 136  advanced-weak   fix={'k': 136, 'k_float': 136.0, 'inliers': 15, 'dx': -127.205322265625, 'dy': -212.97183227539062, 'scale': 3.248958134510779, 'second': 12, 'detail': 'k=136 (136.00) inliers=15 second=12 dx=-127 scale=3.249 window=[132,136] fitted=[133, 134, 135, 136]'}
      |         chain push: 1 chunk(s) of 0.40s, change 37.9, best 37.9, hazards none — one push, so `best` IS the whole leg's travel
      |     it  41  k=139 -> 139  advanced-weak   fix={'k': 138, 'k_float': 138.0, 'inliers': 15, 'dx': 171.6251220703125, 'dy': -111.2969970703125, 'scale': 1.032257244480646, 'second': 15, 'detail': 'k=138 (138.00) inliers=15 second=15 dx=+172 scale=1.032 window=[135,139] fitted=[135, 136, 137, 138, 139]'}
      |         chain push: 1 chunk(s) of 0.40s, change 47.5, best 47.5, hazards none — one push, so `best` IS the whole leg's travel
      |     it  42  k=142 -> 142  advanced-weak   fix={'k': 142, 'k_float': 142.0, 'inliers': 28, 'dx': 84.24005126953125, 'dy': -54.5, 'scale': 1.0864607301155462, 'second': 26, 'detail': 'k=142 (142.00) inliers=28 second=26 dx=+84 scale=1.086 window=[138,142] fitted=[138, 139, 140, 141, 142]'}
      |         turn to 2.2: TURNED to 3.2 (err -1.0) in 1 push(es)
      |     it  43  k=166 -> 166  turned to 2.2489998976495684  (126 inliers at the stop)
      |         chain push: 1 chunk(s) of 0.40s, change 23.4, best 23.4, hazards none — one push, so `best` IS the whole leg's travel
      |         chain strafe: 1 chunk(s) of 0.30s, change 27.3, best 27.3, hazards none — one push, so `best` IS the whole leg's travel
      |     it  44  k=167 -> 167  advanced        fix={'k': 168, 'k_float': 168.0, 'inliers': 132, 'dx': 215.44430541992188, 'dy': -84.69599914550781, 'scale': 1.2300304529942616, 'second': 116, 'detail': 'k=168 (168.00) inliers=132 second=116 dx=+215 scale=1.230 window=[165,169] fitted=[165, 166, 167, 168, 169]'}  strafe right 0.30s
      |         turn to 4.3: NO-OP, already inside 4.0 deg (at 3.2, err +1.0) — nothing was sent, the recorded curve was discarded, and the caller's step line will look like a turn that happened
      |         chain push: 1 chunk(s) of 0.40s, change 32.3, best 32.3, hazards none — one push, so `best` IS the whole leg's travel
      |         chain strafe: 1 chunk(s) of 0.26s, change 27.9, best 27.9, hazards none — one push, so `best` IS the whole leg's travel
      |     it  45  k=169 -> 169  advanced        fix={'k': 169, 'k_float': 169.0, 'inliers': 156, 'dx': 185.04086303710938, 'dy': -89.10478210449219, 'scale': 1.4401338706452305, 'second': 144, 'detail': 'k=169 (169.00) inliers=156 second=144 dx=+185 scale=1.440 window=[166,170] fitted=[166, 167, 168, 169, 170]'}  strafe right 0.26s
      |         turn to 2.2: NO-OP, already inside 4.0 deg (at 3.3, err -1.1) — nothing was sent, the recorded curve was discarded, and the caller's step line will look like a turn that happened
      |         chain push: 1 chunk(s) of 0.40s, change 35.2, best 35.2, hazards none — one push, so `best` IS the whole leg's travel
      |         chain strafe: 1 chunk(s) of 0.28s, change 26.8, best 26.8, hazards none — one push, so `best` IS the whole leg's travel
      |     it  46  k=171 -> 171  advanced-past   fix={'k': 169, 'k_float': 169.0, 'inliers': 65, 'dx': 200.98175048828125, 'dy': -101.0008544921875, 'scale': 2.0079789694661576, 'second': 64, 'detail': 'k=169 (169.00) inliers=65 second=64 dx=+201 scale=2.008 window=[168,172] fitted=[168, 169, 170, 171, 172]'}  strafe right 0.28s
      |         chain push: 1 chunk(s) of 0.40s, change 30.2, best 30.2, hazards none — one push, so `best` IS the whole leg's travel
      |         chain strafe: 1 chunk(s) of 0.12s, change 16.0, best 16.0, hazards none — one push, so `best` IS the whole leg's travel
      |     it  47  k=173 -> 173  advanced        fix={'k': 173, 'k_float': 173.0, 'inliers': 66, 'dx': -87.17756652832031, 'dy': -130.93629455566406, 'scale': 1.732822795269541, 'second': 47, 'detail': 'k=173 (173.00) inliers=66 second=47 dx=-87 scale=1.733 window=[170,174] fitted=[170, 171, 172, 173, 174]'}  strafe left 0.12s
      |         chain push: 1 chunk(s) of 0.40s, change 35.7, best 35.7, hazards none — one push, so `best` IS the whole leg's travel
      |     it  48  k=176 -> 176  advanced        fix={'k': 176, 'k_float': 176.0, 'inliers': 54, 'dx': -29.655975341796875, 'dy': -150.05836486816406, 'scale': 1.7901558321687054, 'second': 41, 'detail': 'k=176 (176.00) inliers=54 second=41 dx=-30 scale=1.790 window=[172,176] fitted=[172, 173, 174, 175, 176]'}
      |         turn to 89.5: TURNED to 85.8 (err +3.7) in 1 push(es)
      |     it  49  k=196 -> 196  turned to 89.491477293153  (92 inliers at the stop)
      |         chain push: 1 chunk(s) of 0.40s, change 33.5, best 33.5, hazards none — one push, so `best` IS the whole leg's travel
      |         chain strafe: 1 chunk(s) of 0.30s, change 29.2, best 29.2, hazards none — one push, so `best` IS the whole leg's travel
      |     it  50  k=197 -> 197  advanced        fix={'k': 199, 'k_float': 199.0, 'inliers': 109, 'dx': 298.8000183105469, 'dy': -54.0, 'scale': 1.1176630530899774, 'second': 105, 'detail': 'k=199 (199.00) inliers=109 second=105 dx=+299 scale=1.118 window=[195,199] fitted=[195, 196, 197, 198, 199]'}  strafe right 0.30s
      |         chain push: 1 chunk(s) of 0.40s, change 36.6, best 36.6, hazards none — one push, so `best` IS the whole leg's travel
      |         chain strafe: 1 chunk(s) of 0.30s, change 30.1, best 30.1, hazards none — one push, so `best` IS the whole leg's travel
      |     it  51  k=197 -> 200  stalled         fix={'k': 199, 'k_float': 199.0, 'inliers': 111, 'dx': 219.02407836914062, 'dy': -31.56475830078125, 'scale': 1.4315346377671725, 'second': 88, 'detail': 'k=199 (199.00) inliers=111 second=88 dx=+219 scale=1.432 window=[196,200] fitted=[196, 197, 198, 199, 200]'}  strafe right 0.30s
      |         chain push: 1 chunk(s) of 0.40s, change 49.0, best 49.0, hazards none — one push, so `best` IS the whole leg's travel
      |         chain strafe: 1 chunk(s) of 0.16s, change 36.8, best 36.8, hazards none — one push, so `best` IS the whole leg's travel
      |     it  52  k=200 -> 200  advanced        fix={'k': 200, 'k_float': 200.0, 'inliers': 106, 'dx': 116.13285827636719, 'dy': 9.279647827148438, 'scale': 1.827069906826774, 'second': 91, 'detail': 'k=200 (200.00) inliers=106 second=91 dx=+116 scale=1.827 window=[196,200] fitted=[196, 197, 198, 199, 200]'}  strafe right 0.16s
      |         chain push: 1 chunk(s) of 0.40s, change 43.1, best 43.1, hazards none — one push, so `best` IS the whole leg's travel
      |   chain_walk: ARRIVED at iteration 53, k=200 (target 203 of 204), 47 push(es)
[ 3] ARRIVED   k=200/205  it=53  pushes=47  seconds=94.7 (walk 77.82, setup 15.1)  failure=None
      |   pause menu open (selected 'Resume')
      |   selected: Load Last Save
      |   confirmation dialog up (delta 80.3) -> YES
      |   world back after 3.2s, spawn bearing 87 (E)
      |   setup 13.2s (reset 10.6s, Chain.load 2.6s for 205 waypoints) of a 180s budget
      |   chain_walk: 205 waypoints -> plan of 47 targets (41 push, 6 turn-only); the prompt is checked on every iteration; k rises by at most 1 per iteration, so >= 204 iteration(s). The 180s cap allows 0.88s each. At the last waypoint the walk may spend 3 more iteration(s) — 0.540 walk-units of forward push against OPEN-22's measured 0.05 — and then gives up rather than walking on past the table.
      |         turn to 271.3: TURNED to 271.4 (err -0.1) in 2 push(es)
      |     it   1  k=  3 ->   3  turned to 271.3168428039934  (196 inliers at the stop)
      |         chain push: 1 chunk(s) of 0.40s, change 20.8, best 20.8, hazards none — one push, so `best` IS the whole leg's travel
      |     it   2  k=  4 ->   4  advanced-weak   fix={'k': 6, 'k_float': 6.0, 'inliers': 22, 'dx': 9.6280517578125, 'dy': 16.432022094726562, 'scale': 1.1274630576747078, 'second': 17, 'detail': 'k=6 (6.00) inliers=22 second=17 dx=+10 scale=1.127 window=[2,6] fitted=[2, 3, 4, 5, 6]'}
      |         chain push: 1 chunk(s) of 0.40s, change 19.4, best 19.4, hazards none — one push, so `best` IS the whole leg's travel
      |     it   3  k=  7 ->   7  blind-advance   fix={'k': 6, 'k_float': 6.0, 'inliers': 11, 'dx': -49.55999755859375, 'dy': 34.560028076171875, 'scale': 1.4829821949343152, 'second': 10, 'detail': 'k=6 (6.00) inliers=11 second=10 dx=-50 scale=1.483 window=[3,7] fitted=[3, 4, 5, 6, 7]'}
      |         chain push: 1 chunk(s) of 0.40s, change 12.8, best 12.8, hazards none — one push, so `best` IS the whole leg's travel
      |     it   4  k= 10 ->  10  blind-advance   fix={'k': 8, 'k_float': 8.0, 'inliers': 14, 'dx': -78.72996520996094, 'dy': 47.361114501953125, 'scale': 1.578886471266165, 'second': 10, 'detail': 'k=8 (8.00) inliers=14 second=10 dx=-79 scale=1.579 window=[6,10] fitted=[6, 8, 9, 10]'}
      |         chain push: 1 chunk(s) of 0.40s, change 10.8, best 10.8, hazards none — one push, so `best` IS the whole leg's travel
      |     it   5  k= 13 ->  13  blind-advance   fix={'k': 11, 'k_float': 11.0, 'inliers': 6, 'dx': -141.00482177734375, 'dy': 52.586578369140625, 'scale': 1.4719459945895037, 'second': 0, 'detail': 'k=11 (11.00) inliers=6 second=0 dx=-141 scale=1.472 window=[9,13] fitted=[11]'}
      |         chain push: 1 chunk(s) of 0.40s, change 8.7, best 8.7, hazards none — one push, so `best` IS the whole leg's travel
      |     it   6  k= 16 ->  16  blind-advance   fix=None
      |         chain push: 1 chunk(s) of 0.40s, change 7.2, best 7.2, hazards none — one push, so `best` IS the whole leg's travel
      |     it   7  k= 19 ->  19  blind-advance   fix=None
      |         turn to 1.6: TURNED to 0.0 (err +1.6) in 1 push(es)
      |     it   8  k= 39 ->  39  turned to 1.6055901753868653  (100 inliers at the stop)
      |         chain push: 1 chunk(s) of 0.40s, change 18.8, best 18.8, hazards none — one push, so `best` IS the whole leg's travel
      |         chain strafe: 1 chunk(s) of 0.12s, change 11.2, best 11.2, hazards none — one push, so `best` IS the whole leg's travel
      |     it   9  k= 40 ->  40  advanced        fix={'k': 40, 'k_float': 40.0, 'inliers': 42, 'dx': 83.26083374023438, 'dy': 355.00042724609375, 'scale': 1.1836228754728635, 'second': 42, 'detail': 'k=40 (40.00) inliers=42 second=42 dx=+83 scale=1.184 window=[38,42] fitted=[38, 39, 40, 41, 42]'}  strafe right 0.12s
      |         chain push: 1 chunk(s) of 0.40s, change 30.0, best 30.0, hazards none — one push, so `best` IS the whole leg's travel
      |         chain strafe: 1 chunk(s) of 0.12s, change 16.5, best 16.5, hazards none — one push, so `best` IS the whole leg's travel
      |     it  10  k= 40 ->  43  stalled         fix={'k': 40, 'k_float': 40.0, 'inliers': 45, 'dx': 86.8800048828125, 'dy': 347.5686340332031, 'scale': 1.315432043911176, 'second': 38, 'detail': 'k=40 (40.00) inliers=45 second=38 dx=+87 scale=1.315 window=[39,43] fitted=[39, 40, 41, 42, 43]'}  strafe right 0.12s
      |         chain push: 1 chunk(s) of 0.40s, change 36.3, best 36.3, hazards none — one push, so `best` IS the whole leg's travel
      |         chain strafe: 1 chunk(s) of 0.13s, change 18.5, best 18.5, hazards none — one push, so `best` IS the whole leg's travel
      |     it  11  k= 40 ->  43  stalled         fix={'k': 39, 'k_float': 39.0, 'inliers': 41, 'dx': 91.4000244140625, 'dy': 337.20001220703125, 'scale': 1.503332947229648, 'second': 40, 'detail': 'k=39 (39.00) inliers=41 second=40 dx=+91 scale=1.503 window=[39,43] fitted=[39, 40, 41, 42, 43]'}  strafe right 0.13s
      |         chain push: 1 chunk(s) of 0.40s, change 30.1, best 30.1, hazards none — one push, so `best` IS the whole leg's travel
      |         chain strafe: 1 chunk(s) of 0.12s, change 6.9, best 6.9, hazards none — one push, so `best` IS the whole leg's travel
      |     it  12  k= 40 ->  43  stalled         fix={'k': 41, 'k_float': 41.0, 'inliers': 40, 'dx': 84.76425170898438, 'dy': 309.2240295410156, 'scale': 1.6558346173262841, 'second': 38, 'detail': 'k=41 (41.00) inliers=40 second=38 dx=+85 scale=1.656 window=[39,43] fitted=[39, 40, 41, 42, 43]'}  strafe right 0.12s
      |         chain push: 1 chunk(s) of 0.40s, change 20.2, best 20.2, hazards none — one push, so `best` IS the whole leg's travel
      |     it  13  k= 40 ->  43  escape:jump     fix={'k': 41, 'k_float': 41.0, 'inliers': 37, 'dx': 100.16656494140625, 'dy': 280.48004150390625, 'scale': 1.927420936519359, 'second': 33, 'detail': 'k=41 (41.00) inliers=37 second=33 dx=+100 scale=1.927 window=[39,43] fitted=[39, 40, 41, 42, 43]'}
      |         chain push: 1 chunk(s) of 0.40s, change 18.6, best 18.6, hazards none — one push, so `best` IS the whole leg's travel
      |     it  14  k= 43 ->  43  advanced-weak   fix={'k': 43, 'k_float': 43.0, 'inliers': 21, 'dx': 21.731414794921875, 'dy': 297.0087890625, 'scale': 1.4598320841328065, 'second': 18, 'detail': 'k=43 (43.00) inliers=21 second=18 dx=+22 scale=1.460 window=[39,43] fitted=[39, 40, 41, 42, 43]'}
      |         chain push: 1 chunk(s) of 0.40s, change 19.3, best 19.3, hazards none — one push, so `best` IS the whole leg's travel
      |     it  15  k= 46 ->  46  blind-advance   fix={'k': 46, 'k_float': 46.0, 'inliers': 12, 'dx': 187.041748046875, 'dy': 223.39585876464844, 'scale': 2.4263116252946664, 'second': 11, 'detail': 'k=46 (46.00) inliers=12 second=11 dx=+187 scale=2.426 window=[42,46] fitted=[42, 43, 44, 45, 46]'}
      |         chain push: 1 chunk(s) of 0.40s, change 20.0, best 20.0, hazards none — one push, so `best` IS the whole leg's travel
      |     it  16  k= 49 ->  49  advanced-weak   fix={'k': 49, 'k_float': 49.0, 'inliers': 26, 'dx': 328.4532775878906, 'dy': 249.1039581298828, 'scale': 2.700116472640831, 'second': 17, 'detail': 'k=49 (49.00) inliers=26 second=17 dx=+328 scale=2.700 window=[45,49] fitted=[45, 46, 47, 48, 49]'}
      |         chain push: 1 chunk(s) of 0.40s, change 32.5, best 32.5, hazards none — one push, so `best` IS the whole leg's travel
      |     it  17  k= 91 ->  52  relocalised     fix={'k': 91, 'k_float': 61.83390869468261, 'inliers': 154, 'dx': 8.818527221679688, 'dy': 31.71935272216797, 'scale': 0.8244709025954996, 'second': 153, 'detail': 'k=91 (61.83) inliers=154 second=153 dx=+9 scale=0.824 window=[49,110] fitted=[49, 50, 51, 52, 53, 54, 55, 56, 57, 58, 59, 60, 61, 62, 63, 64, 65, 66, 67, 68, 69, 70, 71, 72, 73, 74, 75, 76, 77, 78, 79, 80, 81, 82, 83, 84, 85, 86, 87, 88, 89, 90, 91, 92, 93, 94, 95, 96, 97, 98, 99, 100, 101, 102, 103, 104, 105, 106, 107, 108, 109, 110]'}
      |         chain push: 1 chunk(s) of 0.40s, change 24.6, best 24.6, hazards none — one push, so `best` IS the whole leg's travel
      |     it  18  k= 91 ->  92  stalled         fix={'k': 92, 'k_float': 92.0, 'inliers': 137, 'dx': 4.895965576171875, 'dy': 37.727996826171875, 'scale': 0.8254884923958526, 'second': 134, 'detail': 'k=92 (92.00) inliers=137 second=134 dx=+5 scale=0.825 window=[90,94] fitted=[90, 91, 92, 93, 94]'}
      |         chain push: 1 chunk(s) of 0.40s, change 28.4, best 28.4, hazards none — one push, so `best` IS the whole leg's travel
      |     it  19  k= 92 ->  92  advanced        fix={'k': 94, 'k_float': 94.0, 'inliers': 123, 'dx': 5.374755859375, 'dy': 57.839996337890625, 'scale': 0.8090964150252216, 'second': 122, 'detail': 'k=94 (94.00) inliers=123 second=122 dx=+5 scale=0.809 window=[90,94] fitted=[90, 91, 92, 93, 94]'}
      |         chain push: 1 chunk(s) of 0.40s, change 18.9, best 18.9, hazards none — one push, so `best` IS the whole leg's travel
      |     it  20  k= 94 ->  94  advanced        fix={'k': 95, 'k_float': 92.85425587947309, 'inliers': 107, 'dx': -2.160003662109375, 'dy': 93.39999389648438, 'scale': 0.8389204858497334, 'second': 87, 'detail': 'k=95 (92.85) inliers=107 second=87 dx=-2 scale=0.839 window=[91,95] fitted=[91, 92, 93, 94, 95]'}
      |         chain push: 1 chunk(s) of 0.40s, change 18.0, best 18.0, hazards none — one push, so `best` IS the whole leg's travel
      |     it  21  k= 94 ->  96  stalled         fix={'k': 94, 'k_float': 93.68086074448061, 'inliers': 94, 'dx': -13.199981689453125, 'dy': 24.0, 'scale': 0.9806683702512804, 'second': 85, 'detail': 'k=94 (93.68) inliers=94 second=85 dx=-13 scale=0.981 window=[93,97] fitted=[93, 94, 95, 96, 97]'}
      |         chain push: 1 chunk(s) of 0.40s, change 18.8, best 18.8, hazards none — one push, so `best` IS the whole leg's travel
      |     it  22  k= 94 ->  96  stalled         fix={'k': 95, 'k_float': 95.6073048384775, 'inliers': 101, 'dx': -5.760009765625, 'dy': 8.4000244140625, 'scale': 1.0409712170050869, 'second': 75, 'detail': 'k=95 (95.61) inliers=101 second=75 dx=-6 scale=1.041 window=[93,97] fitted=[93, 94, 95, 96, 97]'}
      |         chain push: 1 chunk(s) of 0.40s, change 18.8, best 18.8, hazards none — one push, so `best` IS the whole leg's travel
      |     it  23  k= 96 ->  96  advanced        fix={'k': 96, 'k_float': 96.0, 'inliers': 125, 'dx': -6.0, 'dy': 3.456024169921875, 'scale': 1.0666181091694937, 'second': 118, 'detail': 'k=96 (96.00) inliers=125 second=118 dx=-6 scale=1.067 window=[93,97] fitted=[93, 94, 95, 96, 97]'}
      |         chain push: 1 chunk(s) of 0.40s, change 18.2, best 18.2, hazards none — one push, so `best` IS the whole leg's travel
      |     it  24  k= 98 ->  98  advanced        fix={'k': 98, 'k_float': 98.98195319482807, 'inliers': 130, 'dx': -8.819992065429688, 'dy': 13.199996948242188, 'scale': 1.0625135631516465, 'second': 118, 'detail': 'k=98 (98.98) inliers=130 second=118 dx=-9 scale=1.063 window=[95,99] fitted=[95, 96, 97, 98, 99]'}
      |         chain push: 1 chunk(s) of 0.40s, change 18.2, best 18.2, hazards none — one push, so `best` IS the whole leg's travel
      |     it  25  k=100 -> 100  advanced        fix={'k': 100, 'k_float': 100.98351240959398, 'inliers': 155, 'dx': -14.515228271484375, 'dy': 14.929931640625, 'scale': 1.069072600419648, 'second': 152, 'detail': 'k=100 (100.98) inliers=155 second=152 dx=-15 scale=1.069 window=[97,101] fitted=[97, 98, 99, 100, 101]'}
      |         chain push: 1 chunk(s) of 0.40s, change 20.7, best 20.7, hazards none — one push, so `best` IS the whole leg's travel
      |     it  26  k=100 -> 102  stalled         fix={'k': 99, 'k_float': 102.92380674163593, 'inliers': 166, 'dx': -18.258377075195312, 'dy': 10.727996826171875, 'scale': 1.2000859837444837, 'second': 151, 'detail': 'k=99 (102.92) inliers=166 second=151 dx=-18 scale=1.200 window=[99,103] fitted=[99, 100, 101, 102, 103]'}
      |         chain push: 1 chunk(s) of 0.40s, change 23.3, best 23.3, hazards none — one push, so `best` IS the whole leg's travel
      |     it  27  k=102 -> 102  advanced        fix={'k': 102, 'k_float': 102.0, 'inliers': 160, 'dx': -24.377578735351562, 'dy': 9.360000610351562, 'scale': 1.1873609050797616, 'second': 149, 'detail': 'k=102 (102.00) inliers=160 second=149 dx=-24 scale=1.187 window=[99,103] fitted=[99, 100, 101, 102, 103]'}
      |         chain push: 1 chunk(s) of 0.40s, change 24.4, best 24.4, hazards none — one push, so `best` IS the whole leg's travel
      |     it  28  k=104 -> 104  advanced        fix={'k': 104, 'k_float': 104.0, 'inliers': 166, 'dx': -29.482559204101562, 'dy': 5.4971466064453125, 'scale': 1.1925553892776775, 'second': 149, 'detail': 'k=104 (104.00) inliers=166 second=149 dx=-29 scale=1.193 window=[101,105] fitted=[101, 102, 103, 104, 105]'}
      |         chain push: 1 chunk(s) of 0.40s, change 25.4, best 25.4, hazards none — one push, so `best` IS the whole leg's travel
      |         chain strafe: 1 chunk(s) of 0.10s, change 9.9, best 9.9, hazards none — one push, so `best` IS the whole leg's travel
      |     it  29  k=104 -> 107  stalled         fix={'k': 106, 'k_float': 106.0, 'inliers': 165, 'dx': -58.060791015625, 'dy': 0.0, 'scale': 1.18849250723006, 'second': 162, 'detail': 'k=106 (106.00) inliers=165 second=162 dx=-58 scale=1.188 window=[103,107] fitted=[103, 104, 105, 106, 107]'}  strafe left 0.10s
      |         chain push: 1 chunk(s) of 0.40s, change 26.7, best 26.7, hazards none — one push, so `best` IS the whole leg's travel
      |         chain strafe: 1 chunk(s) of 0.10s, change 10.5, best 10.5, hazards none — one push, so `best` IS the whole leg's travel
      |     it  30  k=107 -> 107  advanced        fix={'k': 107, 'k_float': 107.0, 'inliers': 175, 'dx': -68.447998046875, 'dy': -10.36798095703125, 'scale': 1.4367901044315445, 'second': 147, 'detail': 'k=107 (107.00) inliers=175 second=147 dx=-68 scale=1.437 window=[103,107] fitted=[103, 104, 105, 106, 107]'}  strafe left 0.10s
      |         chain push: 1 chunk(s) of 0.40s, change 18.7, best 18.7, hazards none — one push, so `best` IS the whole leg's travel
      |         chain strafe: 1 chunk(s) of 0.10s, change 11.3, best 11.3, hazards none — one push, so `best` IS the whole leg's travel
      |     it  31  k=109 -> 109  advanced        fix={'k': 109, 'k_float': 109.0, 'inliers': 175, 'dx': -67.04635620117188, 'dy': -17.279998779296875, 'scale': 1.4650720650963829, 'second': 160, 'detail': 'k=109 (109.00) inliers=175 second=160 dx=-67 scale=1.465 window=[106,110] fitted=[106, 107, 108, 109, 110]'}  strafe left 0.10s
      |         chain push: 1 chunk(s) of 0.40s, change 19.3, best 19.3, hazards none — one push, so `best` IS the whole leg's travel
      |         chain strafe: 1 chunk(s) of 0.10s, change 12.0, best 12.0, hazards none — one push, so `best` IS the whole leg's travel
      |     it  32  k=112 -> 112  advanced        fix={'k': 112, 'k_float': 112.0, 'inliers': 136, 'dx': -55.7659912109375, 'dy': -25.683494567871094, 'scale': 1.424795810363506, 'second': 108, 'detail': 'k=112 (112.00) inliers=136 second=108 dx=-56 scale=1.425 window=[108,112] fitted=[108, 109, 110, 111, 112]'}  strafe left 0.10s
      |         chain push: 1 chunk(s) of 0.40s, change 21.2, best 21.2, hazards none — one push, so `best` IS the whole leg's travel
      |     it  33  k=114 -> 114  advanced        fix={'k': 114, 'k_float': 114.0, 'inliers': 122, 'dx': 29.262741088867188, 'dy': -4.35595703125, 'scale': 1.8457107365190424, 'second': 110, 'detail': 'k=114 (114.00) inliers=122 second=110 dx=+29 scale=1.846 window=[111,115] fitted=[111, 112, 113, 114, 115]'}
      |         turn to 303.3: TURNED to 304.3 (err -0.9) in 1 push(es)
      |     it  34  k=129 -> 129  turned to 303.34476843910807  (117 inliers at the stop)
      |         turn to 299.8: TURNED to 299.0 (err +0.7) in 1 push(es)
      |         chain push: 1 chunk(s) of 0.40s, change 15.1, best 15.1, hazards none — one push, so `best` IS the whole leg's travel
      |         chain strafe: 1 chunk(s) of 0.10s, change 8.6, best 8.6, hazards none — one push, so `best` IS the whole leg's travel
      |     it  35  k=129 -> 130  stalled         fix={'k': 129, 'k_float': 129.0, 'inliers': 132, 'dx': -37.46238708496094, 'dy': -18.0, 'scale': 1.1862932956114927, 'second': 119, 'detail': 'k=129 (129.00) inliers=132 second=119 dx=-37 scale=1.186 window=[128,132] fitted=[128, 129, 130, 131, 132]'}  strafe left 0.10s
      |         chain push: 1 chunk(s) of 0.40s, change 15.2, best 15.2, hazards none — one push, so `best` IS the whole leg's travel
      |         chain strafe: 1 chunk(s) of 0.10s, change 10.4, best 10.4, hazards none — one push, so `best` IS the whole leg's travel
      |     it  36  k=129 -> 130  stalled         fix={'k': 129, 'k_float': 129.0, 'inliers': 155, 'dx': -45.887969970703125, 'dy': -24.519989013671875, 'scale': 1.3649410163982965, 'second': 132, 'detail': 'k=129 (129.00) inliers=155 second=132 dx=-46 scale=1.365 window=[128,132] fitted=[128, 129, 130, 131, 132]'}  strafe left 0.10s
      |         chain push: 1 chunk(s) of 0.40s, change 23.0, best 23.0, hazards none — one push, so `best` IS the whole leg's travel
      |         chain strafe: 1 chunk(s) of 0.20s, change 19.2, best 19.2, hazards none — one push, so `best` IS the whole leg's travel
      |     it  37  k=130 -> 130  advanced        fix={'k': 131, 'k_float': 131.0, 'inliers': 160, 'dx': -143.60540771484375, 'dy': -52.24317932128906, 'scale': 1.6540714786963284, 'second': 153, 'detail': 'k=131 (131.00) inliers=160 second=153 dx=-144 scale=1.654 window=[128,132] fitted=[128, 129, 130, 131, 132]'}  strafe left 0.20s
      |         turn to 298.3: NO-OP, already inside 4.0 deg (at 299.1, err -0.8) — nothing was sent, the recorded curve was discarded, and the caller's step line will look like a turn that happened
      |         chain push: 1 chunk(s) of 0.40s, change 24.7, best 24.7, hazards none — one push, so `best` IS the whole leg's travel
      |         chain strafe: 1 chunk(s) of 0.13s, change 14.5, best 14.5, hazards none — one push, so `best` IS the whole leg's travel
      |     it  38  k=133 -> 133  advanced-past   fix={'k': 130, 'k_float': 130.0, 'inliers': 127, 'dx': -90.378173828125, 'dy': -86.26448059082031, 'scale': 2.258724983316474, 'second': 87, 'detail': 'k=130 (130.00) inliers=127 second=87 dx=-90 scale=2.259 window=[129,133] fitted=[129, 130, 131, 132, 133]'}  strafe left 0.13s
      |         chain push: 1 chunk(s) of 0.40s, change 28.4, best 28.4, hazards none — one push, so `best` IS the whole leg's travel
      |         chain strafe: 1 chunk(s) of 0.14s, change 31.0, best 31.0, hazards none — one push, so `best` IS the whole leg's travel
      |     it  39  k=133 -> 136  stalled         fix={'k': 135, 'k_float': 135.0, 'inliers': 73, 'dx': -101.61553955078125, 'dy': -162.68954467773438, 'scale': 2.6212486083018964, 'second': 72, 'detail': 'k=135 (135.00) inliers=73 second=72 dx=-102 scale=2.621 window=[132,136] fitted=[132, 133, 134, 135, 136]'}  strafe left 0.14s
      |         chain push: 1 chunk(s) of 0.40s, change 35.4, best 35.4, hazards none — one push, so `best` IS the whole leg's travel
      |     it  40  k=136 -> 136  blind-advance   fix={'k': 136, 'k_float': 136.0, 'inliers': 9, 'dx': -62.747283935546875, 'dy': -207.57461547851562, 'scale': 3.2492982036984994, 'second': 9, 'detail': 'k=136 (136.00) inliers=9 second=9 dx=-63 scale=3.249 window=[132,136] fitted=[134, 135, 136]'}
      |         chain push: 1 chunk(s) of 0.40s, change 37.7, best 37.7, hazards none — one push, so `best` IS the whole leg's travel
      |     it  41  k=139 -> 139  advanced-weak   fix={'k': 138, 'k_float': 138.0, 'inliers': 18, 'dx': -204.76522827148438, 'dy': -140.55023193359375, 'scale': 3.0732486594893644, 'second': 16, 'detail': 'k=138 (138.00) inliers=18 second=16 dx=-205 scale=3.073 window=[135,139] fitted=[135, 136, 137, 138, 139]'}
      |         chain push: 1 chunk(s) of 0.40s, change 43.2, best 43.2, hazards none — one push, so `best` IS the whole leg's travel
      |     it  42  k=142 -> 142  advanced-weak   fix={'k': 142, 'k_float': 142.0, 'inliers': 25, 'dx': 87.09124755859375, 'dy': -17.95196533203125, 'scale': 1.3742398617057594, 'second': 25, 'detail': 'k=142 (142.00) inliers=25 second=25 dx=+87 scale=1.374 window=[138,142] fitted=[138, 139, 140, 141, 142]'}
      |         turn to 2.2: TURNED to 3.4 (err -1.2) in 1 push(es)
      |     it  43  k=166 -> 166  turned to 2.2489998976495684  (72 inliers at the stop)
      |         chain push: 1 chunk(s) of 0.40s, change 23.8, best 23.8, hazards none — one push, so `best` IS the whole leg's travel
      |         chain strafe: 1 chunk(s) of 0.10s, change 16.1, best 16.1, hazards none — one push, so `best` IS the whole leg's travel
      |     it  44  k=167 -> 167  advanced        fix={'k': 169, 'k_float': 169.0, 'inliers': 71, 'dx': 75.47908020019531, 'dy': -77.06878662109375, 'scale': 1.2386050531315593, 'second': 69, 'detail': 'k=169 (169.00) inliers=71 second=69 dx=+75 scale=1.239 window=[165,169] fitted=[165, 166, 167, 168, 169]'}  strafe right 0.10s
      |         turn to 4.3: NO-OP, already inside 4.0 deg (at 3.4, err +0.8) — nothing was sent, the recorded curve was discarded, and the caller's step line will look like a turn that happened
      |         chain push: 1 chunk(s) of 0.40s, change 30.7, best 30.7, hazards none — one push, so `best` IS the whole leg's travel
      |         chain strafe: 1 chunk(s) of 0.10s, change 21.5, best 21.5, hazards none — one push, so `best` IS the whole leg's travel
      |     it  45  k=169 -> 169  advanced        fix={'k': 170, 'k_float': 170.0, 'inliers': 75, 'dx': 48.1075439453125, 'dy': -51.839996337890625, 'scale': 1.173954373485652, 'second': 64, 'detail': 'k=170 (170.00) inliers=75 second=64 dx=+48 scale=1.174 window=[166,170] fitted=[166, 167, 168, 169, 170]'}  strafe right 0.10s
      |         turn to 2.2: NO-OP, already inside 4.0 deg (at 3.3, err -1.1) — nothing was sent, the recorded curve was discarded, and the caller's step line will look like a turn that happened
      |         chain push: 1 chunk(s) of 0.40s, change 30.5, best 30.5, hazards none — one push, so `best` IS the whole leg's travel
      |     it  46  k=171 -> 171  advanced        fix={'k': 172, 'k_float': 172.0, 'inliers': 93, 'dx': 28.319992065429688, 'dy': -89.5679931640625, 'scale': 1.1869492956959058, 'second': 72, 'detail': 'k=172 (172.00) inliers=93 second=72 dx=+28 scale=1.187 window=[168,172] fitted=[168, 169, 170, 171, 172]'}
      |         chain push: 1 chunk(s) of 0.40s, change 31.2, best 31.2, hazards none — one push, so `best` IS the whole leg's travel
      |         chain strafe: 1 chunk(s) of 0.10s, change 13.2, best 13.2, hazards none — one push, so `best` IS the whole leg's travel
      |     it  47  k=173 -> 173  advanced        fix={'k': 174, 'k_float': 174.0, 'inliers': 84, 'dx': 37.11310577392578, 'dy': -91.58555603027344, 'scale': 1.1946556791837983, 'second': 74, 'detail': 'k=174 (174.00) inliers=84 second=74 dx=+37 scale=1.195 window=[170,174] fitted=[170, 171, 172, 173, 174]'}  strafe right 0.10s
      |         chain push: 1 chunk(s) of 0.40s, change 31.5, best 31.5, hazards none — one push, so `best` IS the whole leg's travel
      |         chain strafe: 1 chunk(s) of 0.10s, change 15.1, best 15.1, hazards none — one push, so `best` IS the whole leg's travel
      |     it  48  k=176 -> 176  advanced        fix={'k': 176, 'k_float': 176.0, 'inliers': 72, 'dx': 44.17628860473633, 'dy': -92.46527862548828, 'scale': 1.2000761927148953, 'second': 62, 'detail': 'k=176 (176.00) inliers=72 second=62 dx=+44 scale=1.200 window=[172,176] fitted=[172, 173, 174, 175, 176]'}  strafe right 0.10s
      |         turn to 89.5: TURNED to 85.9 (err +3.5) in 1 push(es)
      |     it  49  k=196 -> 196  turned to 89.491477293153  (143 inliers at the stop)
      |         chain push: 1 chunk(s) of 0.40s, change 29.4, best 29.4, hazards none — one push, so `best` IS the whole leg's travel
      |         chain strafe: 1 chunk(s) of 0.12s, change 19.1, best 19.1, hazards none — one push, so `best` IS the whole leg's travel
      |     it  50  k=196 -> 197  stalled         fix={'k': 195, 'k_float': 198.2141891453212, 'inliers': 169, 'dx': 83.52001953125, 'dy': -25.20001220703125, 'scale': 1.0566688634510668, 'second': 130, 'detail': 'k=195 (198.21) inliers=169 second=130 dx=+84 scale=1.057 window=[195,199] fitted=[195, 196, 197, 198, 199]'}  strafe right 0.12s
      |         chain push: 1 chunk(s) of 0.40s, change 32.2, best 32.2, hazards none — one push, so `best` IS the whole leg's travel
      |     it  51  k=197 -> 197  advanced        fix={'k': 198, 'k_float': 198.0, 'inliers': 107, 'dx': 33.9840087890625, 'dy': -14.8800048828125, 'scale': 1.245687845535055, 'second': 105, 'detail': 'k=198 (198.00) inliers=107 second=105 dx=+34 scale=1.246 window=[195,199] fitted=[195, 196, 197, 198, 199]'}
      |         chain push: 1 chunk(s) of 0.40s, change 48.9, best 48.9, hazards none — one push, so `best` IS the whole leg's travel
      |   chain_walk: ARRIVED at iteration 52, k=197 (target 200 of 204), 47 push(es)
[ 4] ARRIVED   k=197/205  it=52  pushes=47  seconds=83.1 (walk 67.88, setup 13.2)  failure=None
      |   pause menu open (selected 'Resume')
      |   selected: Load Last Save
      |   confirmation dialog up (delta 83.5) -> YES
      |   world back after 3.4s, spawn bearing 87 (E)
      |   setup 14.0s (reset 11.1s, Chain.load 2.9s for 205 waypoints) of a 180s budget
      |   chain_walk: 205 waypoints -> plan of 47 targets (41 push, 6 turn-only); the prompt is checked on every iteration; k rises by at most 1 per iteration, so >= 204 iteration(s). The 180s cap allows 0.88s each. At the last waypoint the walk may spend 3 more iteration(s) — 0.540 walk-units of forward push against OPEN-22's measured 0.05 — and then gives up rather than walking on past the table.
      |         turn to 271.3: TURNED to 271.4 (err -0.1) in 2 push(es)
      |     it   1  k=  3 ->   3  turned to 271.3168428039934  (197 inliers at the stop)
      |         chain push: 1 chunk(s) of 0.40s, change 21.6, best 21.6, hazards none — one push, so `best` IS the whole leg's travel
      |     it   2  k=  4 ->   4  advanced-weak   fix={'k': 6, 'k_float': 6.0, 'inliers': 22, 'dx': 29.779266357421875, 'dy': 16.594436645507812, 'scale': 1.116678249768704, 'second': 22, 'detail': 'k=6 (6.00) inliers=22 second=22 dx=+30 scale=1.117 window=[2,6] fitted=[2, 3, 4, 5, 6]'}
      |         chain push: 1 chunk(s) of 0.40s, change 19.4, best 19.4, hazards none — one push, so `best` IS the whole leg's travel
      |     it   3  k=  7 ->   7  advanced-weak   fix={'k': 7, 'k_float': 7.0, 'inliers': 21, 'dx': -33.69598388671875, 'dy': 28.224029541015625, 'scale': 1.2809821956796221, 'second': 11, 'detail': 'k=7 (7.00) inliers=21 second=11 dx=-34 scale=1.281 window=[3,7] fitted=[3, 4, 5, 6, 7]'}
      |         chain push: 1 chunk(s) of 0.40s, change 15.6, best 15.6, hazards none — one push, so `best` IS the whole leg's travel
      |     it   4  k= 10 ->  10  advanced-weak   fix={'k': 10, 'k_float': 10.0, 'inliers': 15, 'dx': -74.64962768554688, 'dy': 34.637451171875, 'scale': 1.2666174684019036, 'second': 13, 'detail': 'k=10 (10.00) inliers=15 second=13 dx=-75 scale=1.267 window=[6,10] fitted=[6, 7, 8, 9, 10]'}
      |         chain push: 1 chunk(s) of 0.40s, change 12.2, best 12.2, hazards none — one push, so `best` IS the whole leg's travel
      |     it   5  k= 13 ->  13  blind-advance   fix=None
      |         chain push: 1 chunk(s) of 0.40s, change 7.0, best 7.0, hazards none — one push, so `best` IS the whole leg's travel
      |     it   6  k= 16 ->  16  blind-advance   fix=None
      |         chain push: 1 chunk(s) of 0.40s, change 8.2, best 8.2, hazards none — one push, so `best` IS the whole leg's travel
      |     it   7  k= 19 ->  19  blind-advance   fix=None
      |         turn to 1.6: TURNED to 359.2 (err +2.4) in 2 push(es)
      |     it   8  k= 39 ->  39  turned to 1.6055901753868653  (65 inliers at the stop)
      |         chain push: 1 chunk(s) of 0.40s, change 15.9, best 15.9, hazards none — one push, so `best` IS the whole leg's travel
      |         chain strafe: 1 chunk(s) of 0.10s, change 9.2, best 9.2, hazards none — one push, so `best` IS the whole leg's travel
      |     it   9  k= 40 ->  40  advanced        fix={'k': 42, 'k_float': 42.0, 'inliers': 33, 'dx': 38.81781005859375, 'dy': 331.36138916015625, 'scale': 1.1122947525568252, 'second': 29, 'detail': 'k=42 (42.00) inliers=33 second=29 dx=+39 scale=1.112 window=[38,42] fitted=[38, 39, 40, 41, 42]'}  strafe right 0.10s
      |         chain push: 1 chunk(s) of 0.40s, change 24.1, best 24.1, hazards none — one push, so `best` IS the whole leg's travel
      |         chain strafe: 1 chunk(s) of 0.10s, change 9.9, best 9.9, hazards none — one push, so `best` IS the whole leg's travel
      |     it  10  k= 43 ->  43  advanced        fix={'k': 43, 'k_float': 43.0, 'inliers': 32, 'dx': 40.440032958984375, 'dy': 336.8360290527344, 'scale': 1.1294969170945803, 'second': 23, 'detail': 'k=43 (43.00) inliers=32 second=23 dx=+40 scale=1.129 window=[39,43] fitted=[39, 40, 41, 42, 43]'}  strafe right 0.10s
      |         chain push: 1 chunk(s) of 0.40s, change 34.8, best 34.8, hazards none — one push, so `best` IS the whole leg's travel
      |     it  11  k= 46 ->  46  advanced        fix={'k': 46, 'k_float': 46.0, 'inliers': 36, 'dx': 26.93603515625, 'dy': 279.2441101074219, 'scale': 1.2323157014823933, 'second': 33, 'detail': 'k=46 (46.00) inliers=36 second=33 dx=+27 scale=1.232 window=[42,46] fitted=[42, 43, 44, 45, 46]'}
      |         chain push: 1 chunk(s) of 0.40s, change 31.1, best 31.1, hazards none — one push, so `best` IS the whole leg's travel
      |     it  12  k= 49 ->  49  advanced        fix={'k': 49, 'k_float': 49.0, 'inliers': 162, 'dx': 17.060333251953125, 'dy': 266.2051696777344, 'scale': 1.1882675137599725, 'second': 128, 'detail': 'k=49 (49.00) inliers=162 second=128 dx=+17 scale=1.188 window=[45,49] fitted=[45, 46, 47, 48, 49]'}
      |         chain push: 1 chunk(s) of 0.40s, change 22.1, best 22.1, hazards none — one push, so `best` IS the whole leg's travel
      |     it  13  k= 52 ->  52  advanced        fix={'k': 52, 'k_float': 52.0, 'inliers': 170, 'dx': -12.879974365234375, 'dy': 268.6693115234375, 'scale': 1.123523733901409, 'second': 164, 'detail': 'k=52 (52.00) inliers=170 second=164 dx=-13 scale=1.124 window=[48,52] fitted=[48, 49, 50, 51, 52]'}
      |         chain push: 1 chunk(s) of 0.40s, change 15.0, best 15.0, hazards none — one push, so `best` IS the whole leg's travel
      |     it  14  k= 52 ->  55  stalled         fix={'k': 53, 'k_float': 53.0, 'inliers': 155, 'dx': 18.00006103515625, 'dy': 236.44805908203125, 'scale': 1.2360577382339801, 'second': 141, 'detail': 'k=53 (53.00) inliers=155 second=141 dx=+18 scale=1.236 window=[51,55] fitted=[51, 52, 53, 54, 55]'}
      |         chain push: 1 chunk(s) of 0.40s, change 18.1, best 18.1, hazards none — one push, so `best` IS the whole leg's travel
      |     it  15  k= 55 ->  55  advanced        fix={'k': 55, 'k_float': 55.0, 'inliers': 95, 'dx': 12.0, 'dy': 219.46987915039062, 'scale': 1.2214249929241872, 'second': 87, 'detail': 'k=55 (55.00) inliers=95 second=87 dx=+12 scale=1.221 window=[51,55] fitted=[51, 52, 53, 54, 55]'}
      |         chain push: 1 chunk(s) of 0.40s, change 23.7, best 23.7, hazards none — one push, so `best` IS the whole leg's travel
      |     it  16  k= 58 ->  58  advanced        fix={'k': 58, 'k_float': 58.0, 'inliers': 58, 'dx': -10.799957275390625, 'dy': 212.19921875, 'scale': 1.1536740187419725, 'second': 43, 'detail': 'k=58 (58.00) inliers=58 second=43 dx=-11 scale=1.154 window=[54,58] fitted=[54, 55, 56, 57, 58]'}
      |         chain push: 1 chunk(s) of 0.40s, change 26.9, best 26.9, hazards none — one push, so `best` IS the whole leg's travel
      |     it  17  k= 58 ->  61  stalled         fix={'k': 61, 'k_float': 60.81679205492604, 'inliers': 136, 'dx': 26.956787109375, 'dy': 296.4000244140625, 'scale': 0.991011748224156, 'second': 128, 'detail': 'k=61 (60.82) inliers=136 second=128 dx=+27 scale=0.991 window=[57,61] fitted=[57, 58, 59, 60, 61]'}
      |         chain push: 1 chunk(s) of 0.40s, change 34.7, best 34.7, hazards none — one push, so `best` IS the whole leg's travel
      |     it  18  k= 61 ->  61  advanced        fix={'k': 61, 'k_float': 61.0, 'inliers': 121, 'dx': 27.600006103515625, 'dy': 302.74566650390625, 'scale': 1.052336508916414, 'second': 115, 'detail': 'k=61 (61.00) inliers=121 second=115 dx=+28 scale=1.052 window=[57,61] fitted=[57, 58, 59, 60, 61]'}
      |         chain push: 1 chunk(s) of 0.40s, change 23.4, best 23.4, hazards none — one push, so `best` IS the whole leg's travel
      |         chain strafe: 1 chunk(s) of 0.10s, change 10.6, best 10.6, hazards none — one push, so `best` IS the whole leg's travel
      |     it  19  k= 61 ->  64  stalled         fix={'k': 63, 'k_float': 63.0, 'inliers': 127, 'dx': 47.20001220703125, 'dy': 296.6400146484375, 'scale': 1.0555510488957118, 'second': 109, 'detail': 'k=63 (63.00) inliers=127 second=109 dx=+47 scale=1.056 window=[60,64] fitted=[60, 61, 62, 63, 64]'}  strafe right 0.10s
      |         chain push: 1 chunk(s) of 0.40s, change 18.4, best 18.4, hazards none — one push, so `best` IS the whole leg's travel
      |     it  20  k= 61 ->  64  stalled         fix={'k': 63, 'k_float': 63.0, 'inliers': 125, 'dx': 25.91998291015625, 'dy': 302.74566650390625, 'scale': 1.1088419698770944, 'second': 123, 'detail': 'k=63 (63.00) inliers=125 second=123 dx=+26 scale=1.109 window=[60,64] fitted=[60, 61, 62, 63, 64]'}
      |         chain push: 1 chunk(s) of 0.40s, change 15.9, best 15.9, hazards none — one push, so `best` IS the whole leg's travel
      |     it  21  k= 64 ->  64  advanced        fix={'k': 64, 'k_float': 64.0, 'inliers': 124, 'dx': 27.380020141601562, 'dy': 290.044677734375, 'scale': 1.1291788492478718, 'second': 120, 'detail': 'k=64 (64.00) inliers=124 second=120 dx=+27 scale=1.129 window=[60,64] fitted=[60, 61, 62, 63, 64]'}
      |     it  22  k= 88 ->  88  turned (skipped, same heading) to 1.3495539744498237  (123 inliers at the stop)
      |         chain push: 1 chunk(s) of 0.40s, change 17.8, best 17.8, hazards none — one push, so `best` IS the whole leg's travel
      |     it  23  k= 89 ->  89  advanced        fix={'k': 90, 'k_float': 90.0, 'inliers': 78, 'dx': 24.710418701171875, 'dy': -24.80157470703125, 'scale': 1.1551419288571754, 'second': 76, 'detail': 'k=90 (90.00) inliers=78 second=76 dx=+25 scale=1.155 window=[87,91] fitted=[87, 88, 89, 90, 91]'}
      |         chain push: 1 chunk(s) of 0.40s, change 12.3, best 12.3, hazards none — one push, so `best` IS the whole leg's travel
      |     it  24  k= 92 ->  92  advanced        fix={'k': 92, 'k_float': 92.0, 'inliers': 84, 'dx': 23.4144287109375, 'dy': -32.68797302246094, 'scale': 1.1452174448538261, 'second': 75, 'detail': 'k=92 (92.00) inliers=84 second=75 dx=+23 scale=1.145 window=[88,92] fitted=[88, 89, 90, 91, 92]'}
      |         chain push: 1 chunk(s) of 0.40s, change 15.4, best 15.4, hazards none — one push, so `best` IS the whole leg's travel
      |     it  25  k= 94 ->  94  advanced        fix={'k': 94, 'k_float': 94.0, 'inliers': 98, 'dx': 16.419479370117188, 'dy': -32.44606018066406, 'scale': 1.2088625525758636, 'second': 90, 'detail': 'k=94 (94.00) inliers=98 second=90 dx=+16 scale=1.209 window=[91,95] fitted=[91, 92, 93, 94, 95]'}
      |         chain push: 1 chunk(s) of 0.40s, change 17.4, best 17.4, hazards none — one push, so `best` IS the whole leg's travel
      |     it  26  k= 94 ->  96  stalled         fix={'k': 95, 'k_float': 95.0, 'inliers': 117, 'dx': 16.8653564453125, 'dy': -4.777557373046875, 'scale': 1.2709165038948256, 'second': 114, 'detail': 'k=95 (95.00) inliers=117 second=114 dx=+17 scale=1.271 window=[93,97] fitted=[93, 94, 95, 96, 97]'}
      |         chain push: 1 chunk(s) of 0.40s, change 19.8, best 19.8, hazards none — one push, so `best` IS the whole leg's travel
      |     it  27  k= 96 ->  96  advanced        fix={'k': 96, 'k_float': 96.0, 'inliers': 153, 'dx': 16.45062255859375, 'dy': 2.388824462890625, 'scale': 1.3704984308855561, 'second': 135, 'detail': 'k=96 (96.00) inliers=153 second=135 dx=+16 scale=1.370 window=[93,97] fitted=[93, 94, 95, 96, 97]'}
      |         chain push: 1 chunk(s) of 0.40s, change 20.1, best 20.1, hazards none — one push, so `best` IS the whole leg's travel
      |     it  28  k= 96 ->  98  stalled         fix={'k': 97, 'k_float': 97.0, 'inliers': 182, 'dx': 17.225479125976562, 'dy': 12.028030395507812, 'scale': 1.433963583184223, 'second': 164, 'detail': 'k=97 (97.00) inliers=182 second=164 dx=+17 scale=1.434 window=[95,99] fitted=[95, 96, 97, 98, 99]'}
      |         chain push: 1 chunk(s) of 0.40s, change 25.0, best 25.0, hazards none — one push, so `best` IS the whole leg's travel
      |     it  29  k= 98 ->  98  advanced        fix={'k': 99, 'k_float': 99.0, 'inliers': 115, 'dx': 18.132598876953125, 'dy': -2.059722900390625, 'scale': 1.4674936096766027, 'second': 91, 'detail': 'k=99 (99.00) inliers=115 second=91 dx=+18 scale=1.467 window=[95,99] fitted=[95, 96, 97, 98, 99]'}
      |         chain push: 1 chunk(s) of 0.40s, change 27.2, best 27.2, hazards none — one push, so `best` IS the whole leg's travel
      |     it  30  k=100 -> 100  advanced        fix={'k': 101, 'k_float': 101.0, 'inliers': 132, 'dx': 17.716018676757812, 'dy': -9.3311767578125, 'scale': 1.5254479273752468, 'second': 123, 'detail': 'k=101 (101.00) inliers=132 second=123 dx=+18 scale=1.525 window=[97,101] fitted=[97, 98, 99, 100, 101]'}
      |         chain push: 1 chunk(s) of 0.40s, change 24.8, best 24.8, hazards none — one push, so `best` IS the whole leg's travel
      |     it  31  k=102 -> 102  advanced        fix={'k': 102, 'k_float': 102.0, 'inliers': 131, 'dx': 28.224090576171875, 'dy': -14.7916259765625, 'scale': 1.7128029006966625, 'second': 125, 'detail': 'k=102 (102.00) inliers=131 second=125 dx=+28 scale=1.713 window=[99,103] fitted=[99, 100, 101, 102, 103]'}
      |         chain push: 1 chunk(s) of 0.40s, change 19.4, best 19.4, hazards none — one push, so `best` IS the whole leg's travel
      |     it  32  k=104 -> 104  advanced        fix={'k': 105, 'k_float': 105.0, 'inliers': 142, 'dx': 29.400863647460938, 'dy': -25.239959716796875, 'scale': 1.7118557101132574, 'second': 138, 'detail': 'k=105 (105.00) inliers=142 second=138 dx=+29 scale=1.712 window=[101,105] fitted=[101, 102, 103, 104, 105]'}
      |         chain push: 1 chunk(s) of 0.40s, change 13.3, best 13.3, hazards none — one push, so `best` IS the whole leg's travel
      |         chain strafe: 1 chunk(s) of 0.10s, change 10.4, best 10.4, hazards none — one push, so `best` IS the whole leg's travel
      |     it  33  k=107 -> 107  advanced        fix={'k': 107, 'k_float': 107.0, 'inliers': 139, 'dx': -48.403167724609375, 'dy': -20.954803466796875, 'scale': 1.6077076001835473, 'second': 123, 'detail': 'k=107 (107.00) inliers=139 second=123 dx=-48 scale=1.608 window=[103,107] fitted=[103, 104, 105, 106, 107]'}  strafe left 0.10s
      |         chain push: 1 chunk(s) of 0.40s, change 19.6, best 19.6, hazards none — one push, so `best` IS the whole leg's travel
      |         chain strafe: 1 chunk(s) of 0.10s, change 4.0, best 4.0, hazards none — one push, so `best` IS the whole leg's travel
      |     it  34  k=109 -> 109  advanced        fix={'k': 109, 'k_float': 109.0, 'inliers': 109, 'dx': -51.88970947265625, 'dy': -41.173370361328125, 'scale': 1.803963316391441, 'second': 105, 'detail': 'k=109 (109.00) inliers=109 second=105 dx=-52 scale=1.804 window=[106,110] fitted=[106, 107, 108, 109, 110]'}  strafe left 0.10s
      |         chain push: 1 chunk(s) of 0.40s, change 21.4, best 21.4, hazards none — one push, so `best` IS the whole leg's travel
      |     it  35  k=112 -> 112  advanced        fix={'k': 112, 'k_float': 112.0, 'inliers': 130, 'dx': -28.8536376953125, 'dy': 10.993988037109375, 'scale': 2.2078277591388256, 'second': 80, 'detail': 'k=112 (112.00) inliers=130 second=80 dx=-29 scale=2.208 window=[108,112] fitted=[108, 109, 110, 111, 112]'}
      |         chain push: 1 chunk(s) of 0.40s, change 37.9, best 37.9, hazards none — one push, so `best` IS the whole leg's travel
      |     it  36  k=114 -> 114  advanced-weak   fix={'k': 115, 'k_float': 115.0, 'inliers': 22, 'dx': -61.65742492675781, 'dy': 5.299530029296875, 'scale': 3.225937022309519, 'second': 18, 'detail': 'k=115 (115.00) inliers=22 second=18 dx=-62 scale=3.226 window=[111,115] fitted=[113, 114, 115]'}
      |         turn to 303.3: TURNED to 305.8 (err -2.5) in 1 push(es)
      |     it  37  k=129 -> 129  turned to 303.34476843910807  (32 inliers at the stop)
      |         turn to 299.8: TURNED to 299.6 (err +0.1) in 1 push(es)
      |         chain push: 1 chunk(s) of 0.40s, change 13.2, best 13.2, hazards none — one push, so `best` IS the whole leg's travel
      |         chain strafe: 1 chunk(s) of 0.30s, change 13.5, best 13.5, hazards none — one push, so `best` IS the whole leg's travel
      |     it  38  k=130 -> 130  advanced        fix={'k': 130, 'k_float': 130.0, 'inliers': 193, 'dx': -292.0320129394531, 'dy': -26.8800048828125, 'scale': 1.2461977087777922, 'second': 135, 'detail': 'k=130 (130.00) inliers=193 second=135 dx=-292 scale=1.246 window=[128,132] fitted=[128, 129, 130, 131, 132]'}  strafe left 0.30s
      |         turn to 298.3: NO-OP, already inside 4.0 deg (at 299.6, err -1.4) — nothing was sent, the recorded curve was discarded, and the caller's step line will look like a turn that happened
      |         chain push: 1 chunk(s) of 0.40s, change 12.8, best 12.8, hazards none — one push, so `best` IS the whole leg's travel
      |         chain strafe: 1 chunk(s) of 0.30s, change 13.5, best 13.5, hazards none — one push, so `best` IS the whole leg's travel
      |     it  39  k=130 -> 133  stalled         fix={'k': 132, 'k_float': 132.0, 'inliers': 181, 'dx': -291.91998291015625, 'dy': -43.545562744140625, 'scale': 1.4349527333854997, 'second': 107, 'detail': 'k=132 (132.00) inliers=181 second=107 dx=-292 scale=1.435 window=[129,133] fitted=[129, 130, 131, 132, 133]'}  strafe left 0.30s
      |         chain push: 1 chunk(s) of 0.40s, change 21.9, best 21.9, hazards none — one push, so `best` IS the whole leg's travel
      |         chain strafe: 1 chunk(s) of 0.30s, change 20.4, best 20.4, hazards none — one push, so `best` IS the whole leg's travel
      |     it  40  k=133 -> 133  advanced        fix={'k': 133, 'k_float': 133.0, 'inliers': 125, 'dx': -247.13279724121094, 'dy': -78.31292724609375, 'scale': 1.7067645299640866, 'second': 102, 'detail': 'k=133 (133.00) inliers=125 second=102 dx=-247 scale=1.707 window=[129,133] fitted=[129, 130, 131, 132, 133]'}  strafe left 0.30s
      |         chain push: 1 chunk(s) of 0.40s, change 23.4, best 23.4, hazards none — one push, so `best` IS the whole leg's travel
      |         chain strafe: 1 chunk(s) of 0.25s, change 24.8, best 24.8, hazards none — one push, so `best` IS the whole leg's travel
      |     it  41  k=133 -> 136  stalled         fix={'k': 134, 'k_float': 134.0, 'inliers': 137, 'dx': -180.90396118164062, 'dy': -110.78717041015625, 'scale': 2.166602265105504, 'second': 92, 'detail': 'k=134 (134.00) inliers=137 second=92 dx=-181 scale=2.167 window=[132,136] fitted=[132, 133, 134, 135, 136]'}  strafe left 0.25s
      |         chain push: 1 chunk(s) of 0.40s, change 36.7, best 36.7, hazards none — one push, so `best` IS the whole leg's travel
      |         chain strafe: 1 chunk(s) of 0.15s, change 35.4, best 35.4, hazards none — one push, so `best` IS the whole leg's travel
      |     it  42  k=136 -> 136  advanced        fix={'k': 136, 'k_float': 136.0, 'inliers': 66, 'dx': -107.51837158203125, 'dy': -157.3563232421875, 'scale': 3.093794653855315, 'second': 22, 'detail': 'k=136 (136.00) inliers=66 second=22 dx=-108 scale=3.094 window=[132,136] fitted=[132, 133, 134, 135, 136]'}  strafe left 0.15s
      |         chain push: 1 chunk(s) of 0.40s, change 35.2, best 35.2, hazards none — one push, so `best` IS the whole leg's travel
      |         chain strafe: 1 chunk(s) of 0.20s, change 40.5, best 40.5, hazards none — one push, so `best` IS the whole leg's travel
      |     it  43  k=136 -> 139  stalled         fix={'k': 138, 'k_float': 138.0, 'inliers': 57, 'dx': -146.2427520751953, 'dy': -167.5736541748047, 'scale': 2.9890670820200773, 'second': 15, 'detail': 'k=138 (138.00) inliers=57 second=15 dx=-146 scale=2.989 window=[135,139] fitted=[137, 138, 139]'}  strafe left 0.20s
      |         chain push: 1 chunk(s) of 0.40s, change 38.9, best 38.9, hazards none — one push, so `best` IS the whole leg's travel
      |         chain strafe: 1 chunk(s) of 0.22s, change 39.4, best 39.4, hazards none — one push, so `best` IS the whole leg's travel
      |     it  44  k=136 -> 139  stalled         fix={'k': 137, 'k_float': 137.0, 'inliers': 48, 'dx': -155.8838653564453, 'dy': -118.16796112060547, 'scale': 3.2316754380304915, 'second': 26, 'detail': 'k=137 (137.00) inliers=48 second=26 dx=-156 scale=3.232 window=[135,139] fitted=[135, 136, 137, 138, 139]'}  strafe left 0.22s
      |         chain push: 1 chunk(s) of 0.40s, change 39.8, best 39.8, hazards none — one push, so `best` IS the whole leg's travel
      |         chain strafe: 1 chunk(s) of 0.22s, change 36.7, best 36.7, hazards none — one push, so `best` IS the whole leg's travel
      |     it  45  k=136 -> 139  stalled         fix={'k': 137, 'k_float': 137.0, 'inliers': 50, 'dx': -155.17544555664062, 'dy': -113.28618621826172, 'scale': 3.207648262601818, 'second': 23, 'detail': 'k=137 (137.00) inliers=50 second=23 dx=-155 scale=3.208 window=[135,139] fitted=[135, 136, 137, 138, 139]'}  strafe left 0.22s
      |         chain push: 1 chunk(s) of 0.40s, change 38.4, best 38.4, hazards none — one push, so `best` IS the whole leg's travel
      |     it  46  k=139 -> 139  advanced-weak   fix={'k': 138, 'k_float': 138.0, 'inliers': 26, 'dx': -133.10299682617188, 'dy': -140.467041015625, 'scale': 2.968614891943657, 'second': 23, 'detail': 'k=138 (138.00) inliers=26 second=23 dx=-133 scale=2.969 window=[135,139] fitted=[135, 136, 137, 138, 139]'}
      |         chain push: 1 chunk(s) of 0.40s, change 40.2, best 40.2, hazards none — one push, so `best` IS the whole leg's travel
      |         chain strafe: 1 chunk(s) of 0.28s, change 47.6, best 47.6, hazards none — one push, so `best` IS the whole leg's travel
      |     it  47  k=142 -> 142  advanced        fix={'k': 142, 'k_float': 139.99710771677726, 'inliers': 103, 'dx': -198.47998046875, 'dy': -133.92318725585938, 'scale': 2.186313142694318, 'second': 36, 'detail': 'k=142 (140.00) inliers=103 second=36 dx=-198 scale=2.186 window=[138,142] fitted=[138, 139, 140, 141, 142]'}  strafe left 0.28s
      |         turn to 2.2: TURNED to 1.6 (err +0.7) in 1 push(es)
      |         chain strafe: 1 chunk(s) of 0.17s, change 19.8, best 19.8, hazards none — one push, so `best` IS the whole leg's travel
      |     it  48  k=166 -> 166  turned-aligned to 2.2489998976495684  (93 inliers at the stop)
      |         chain push: 1 chunk(s) of 0.40s, change 28.6, best 28.6, hazards none — one push, so `best` IS the whole leg's travel
      |         chain strafe: 1 chunk(s) of 0.14s, change 17.8, best 17.8, hazards none — one push, so `best` IS the whole leg's travel
      |     it  49  k=167 -> 167  advanced        fix={'k': 169, 'k_float': 169.0, 'inliers': 72, 'dx': 101.430419921875, 'dy': -77.13790893554688, 'scale': 1.211301952910373, 'second': 72, 'detail': 'k=169 (169.00) inliers=72 second=72 dx=+101 scale=1.211 window=[165,169] fitted=[165, 166, 167, 168, 169]'}  strafe right 0.14s
      |         turn to 4.3: NO-OP, already inside 4.0 deg (at 1.7, err +2.6) — nothing was sent, the recorded curve was discarded, and the caller's step line will look like a turn that happened
      |         chain push: 1 chunk(s) of 0.40s, change 25.9, best 25.9, hazards none — one push, so `best` IS the whole leg's travel
      |         chain strafe: 1 chunk(s) of 0.10s, change 19.0, best 19.0, hazards none — one push, so `best` IS the whole leg's travel
      |     it  50  k=169 -> 169  advanced        fix={'k': 170, 'k_float': 170.0, 'inliers': 70, 'dx': 67.6800308227539, 'dy': -86.33087158203125, 'scale': 1.174522606152294, 'second': 68, 'detail': 'k=170 (170.00) inliers=70 second=68 dx=+68 scale=1.175 window=[166,170] fitted=[166, 167, 168, 169, 170]'}  strafe right 0.10s
      |         turn to 2.2: NO-OP, already inside 4.0 deg (at 1.6, err +0.6) — nothing was sent, the recorded curve was discarded, and the caller's step line will look like a turn that happened
      |         chain push: 1 chunk(s) of 0.40s, change 28.4, best 28.4, hazards none — one push, so `best` IS the whole leg's travel
      |     it  51  k=171 -> 171  advanced        fix={'k': 172, 'k_float': 172.0, 'inliers': 73, 'dx': 34.83650207519531, 'dy': -89.03999328613281, 'scale': 1.317413859452822, 'second': 72, 'detail': 'k=172 (172.00) inliers=73 second=72 dx=+35 scale=1.317 window=[168,172] fitted=[168, 169, 170, 171, 172]'}
      |         chain push: 1 chunk(s) of 0.40s, change 30.0, best 30.0, hazards none — one push, so `best` IS the whole leg's travel
      |     it  52  k=173 -> 173  advanced        fix={'k': 173, 'k_float': 173.0, 'inliers': 59, 'dx': 22.800003051757812, 'dy': -92.16000366210938, 'scale': 1.239146640041651, 'second': 53, 'detail': 'k=173 (173.00) inliers=59 second=53 dx=+23 scale=1.239 window=[170,174] fitted=[170, 171, 172, 173, 174]'}
      |         chain push: 1 chunk(s) of 0.40s, change 35.3, best 35.3, hazards none — one push, so `best` IS the whole leg's travel
      |         chain strafe: 1 chunk(s) of 0.29s, change 30.6, best 30.6, hazards none — one push, so `best` IS the whole leg's travel
      |     it  53  k=176 -> 176  advanced        fix={'k': 176, 'k_float': 176.0, 'inliers': 73, 'dx': 207.83999633789062, 'dy': -100.3599853515625, 'scale': 1.3843260278338336, 'second': 59, 'detail': 'k=176 (176.00) inliers=73 second=59 dx=+208 scale=1.384 window=[172,176] fitted=[172, 173, 174, 175, 176]'}  strafe right 0.29s
      |         turn to 89.5: TURNED to 89.0 (err +0.4) in 1 push(es)
      |     it  54  k=196 -> 196  turned to 89.491477293153  (166 inliers at the stop)
      |         chain push: 1 chunk(s) of 0.40s, change 30.1, best 30.1, hazards none — one push, so `best` IS the whole leg's travel
      |     it  55  k=197 -> 197  advanced        fix={'k': 197, 'k_float': 197.0, 'inliers': 159, 'dx': 23.904022216796875, 'dy': -18.247650146484375, 'scale': 1.151055481645582, 'second': 130, 'detail': 'k=197 (197.00) inliers=159 second=130 dx=+24 scale=1.151 window=[195,199] fitted=[195, 196, 197, 198, 199]'}
      |         chain push: 1 chunk(s) of 0.40s, change 36.4, best 36.4, hazards none — one push, so `best` IS the whole leg's travel
      |     it  56  k=197 -> 200  stalled         fix={'k': 196, 'k_float': 196.0, 'inliers': 121, 'dx': 19.837493896484375, 'dy': 5.280029296875, 'scale': 1.4600937346305183, 'second': 117, 'detail': 'k=196 (196.00) inliers=121 second=117 dx=+20 scale=1.460 window=[196,200] fitted=[196, 197, 198, 199, 200]'}
      |         chain push: 1 chunk(s) of 0.40s, change 49.9, best 49.9, hazards none — one push, so `best` IS the whole leg's travel
      |   chain_walk: ARRIVED at iteration 57, k=197 (target 200 of 204), 51 push(es)
[ 5] ARRIVED   k=197/205  it=57  pushes=51  seconds=88.6 (walk 72.94, setup 14.0)  failure=None
      |   pause menu open (selected 'Resume')
      |   selected: Load Last Save
      |   confirmation dialog up (delta 79.7) -> YES
      |   world back after 3.2s, spawn bearing 87 (E)
      |   setup 13.3s (reset 10.6s, Chain.load 2.7s for 205 waypoints) of a 180s budget
      |   chain_walk: 205 waypoints -> plan of 47 targets (41 push, 6 turn-only); the prompt is checked on every iteration; k rises by at most 1 per iteration, so >= 204 iteration(s). The 180s cap allows 0.88s each. At the last waypoint the walk may spend 3 more iteration(s) — 0.540 walk-units of forward push against OPEN-22's measured 0.05 — and then gives up rather than walking on past the table.
      |         turn to 271.3: TURNED to 272.8 (err -1.5) in 3 push(es)
      |     it   1  k=  3 ->   3  turned to 271.3168428039934  (194 inliers at the stop)
      |         chain push: 1 chunk(s) of 0.40s, change 20.5, best 20.5, hazards none — one push, so `best` IS the whole leg's travel
      |     it   2  k=  4 ->   4  advanced-weak   fix={'k': 6, 'k_float': 6.0, 'inliers': 28, 'dx': -4.089569091796875, 'dy': 19.059173583984375, 'scale': 1.1217827564316807, 'second': 18, 'detail': 'k=6 (6.00) inliers=28 second=18 dx=-4 scale=1.122 window=[2,6] fitted=[2, 3, 4, 5, 6]'}
      |         chain push: 1 chunk(s) of 0.40s, change 19.4, best 19.4, hazards none — one push, so `best` IS the whole leg's travel
      |     it   3  k=  7 ->   7  blind-advance   fix={'k': 7, 'k_float': 7.0, 'inliers': 13, 'dx': -75.6864013671875, 'dy': 31.449615478515625, 'scale': 1.2999858101081259, 'second': 11, 'detail': 'k=7 (7.00) inliers=13 second=11 dx=-76 scale=1.300 window=[3,7] fitted=[3, 4, 5, 6, 7]'}
      |         chain push: 1 chunk(s) of 0.40s, change 13.8, best 13.8, hazards none — one push, so `best` IS the whole leg's travel
      |     it   4  k= 10 ->  10  blind-advance   fix={'k': 10, 'k_float': 10.0, 'inliers': 14, 'dx': -49.55625915527344, 'dy': 32.62835693359375, 'scale': 1.2542954391431107, 'second': 12, 'detail': 'k=10 (10.00) inliers=14 second=12 dx=-50 scale=1.254 window=[6,10] fitted=[6, 7, 8, 9, 10]'}
      |         chain push: 1 chunk(s) of 0.40s, change 13.2, best 13.2, hazards none — one push, so `best` IS the whole leg's travel
      |     it   5  k= 13 ->  13  blind-advance   fix={'k': 13, 'k_float': 13.0, 'inliers': 9, 'dx': 21.744140625, 'dy': 40.320037841796875, 'scale': 1.251246975784037, 'second': 7, 'detail': 'k=13 (13.00) inliers=9 second=7 dx=+22 scale=1.251 window=[9,13] fitted=[10, 12, 13]'}
      |         chain push: 1 chunk(s) of 0.40s, change 7.6, best 7.6, hazards none — one push, so `best` IS the whole leg's travel
      |     it   6  k= 16 ->  16  blind-advance   fix=None
      |         chain push: 1 chunk(s) of 0.40s, change 8.2, best 8.2, hazards none — one push, so `best` IS the whole leg's travel
      |     it   7  k= 19 ->  19  blind-advance   fix=None
      |         turn to 1.6: TURNED to 3.1 (err -1.5) in 2 push(es)
      |         turn to 336.6: TURNED to 336.3 (err +0.3) in 1 push(es)
      |         turn to 26.6: TURNED to 25.2 (err +1.4) in 2 push(es)
      |         turn to 1.6: TURNED to 2.5 (err -0.9) in 1 push(es)
      |         turn to 271.3: TURNED to 270.0 (err +1.3) in 2 push(es)
      |         chain push: 1 chunk(s) of 0.40s, change 7.5, best 7.5, hazards none — one push, so `best` IS the whole leg's travel
      |     it   8  k= 19 ->  39  turn-retry 1/3: the stop's frame did not fit (12 inliers); one more push along 271.3
      |         turn to 1.6: TURNED to 1.1 (err +0.5) in 1 push(es)
      |     it   9  k= 39 ->  39  turned to 1.6055901753868653  (92 inliers at the stop)
      |         chain push: 1 chunk(s) of 0.40s, change 14.3, best 14.3, hazards none — one push, so `best` IS the whole leg's travel
      |     it  10  k= 40 ->  40  advanced        fix={'k': 42, 'k_float': 42.0, 'inliers': 78, 'dx': 1.4664993286132812, 'dy': 317.0880432128906, 'scale': 1.2985609551794552, 'second': 73, 'detail': 'k=42 (42.00) inliers=78 second=73 dx=+1 scale=1.299 window=[38,42] fitted=[38, 39, 40, 41, 42]'}
      |         chain push: 1 chunk(s) of 0.40s, change 23.7, best 23.7, hazards none — one push, so `best` IS the whole leg's travel
      |         chain strafe: 1 chunk(s) of 0.10s, change 11.8, best 11.8, hazards none — one push, so `best` IS the whole leg's travel
      |     it  11  k= 40 ->  43  stalled         fix={'k': 40, 'k_float': 40.0, 'inliers': 48, 'dx': 72.21524047851562, 'dy': 307.99188232421875, 'scale': 1.2299474212224135, 'second': 48, 'detail': 'k=40 (40.00) inliers=48 second=48 dx=+72 scale=1.230 window=[39,43] fitted=[39, 40, 41, 42, 43]'}  strafe right 0.10s
      |         chain push: 1 chunk(s) of 0.40s, change 41.0, best 41.0, hazards none — one push, so `best` IS the whole leg's travel
      |         chain strafe: 1 chunk(s) of 0.12s, change 14.3, best 14.3, hazards none — one push, so `best` IS the whole leg's travel
      |     it  12  k= 40 ->  43  stalled         fix={'k': 39, 'k_float': 39.0, 'inliers': 47, 'dx': 83.7120361328125, 'dy': 295.6800537109375, 'scale': 1.4273811820381364, 'second': 46, 'detail': 'k=39 (39.00) inliers=47 second=46 dx=+84 scale=1.427 window=[39,43] fitted=[39, 40, 41, 42, 43]'}  strafe right 0.12s
      |         chain push: 1 chunk(s) of 0.40s, change 32.5, best 32.5, hazards none — one push, so `best` IS the whole leg's travel
      |         chain strafe: 1 chunk(s) of 0.12s, change 10.1, best 10.1, hazards none — one push, so `best` IS the whole leg's travel
      |     it  13  k= 43 ->  43  advanced        fix={'k': 43, 'k_float': 43.0, 'inliers': 39, 'dx': 85.91632080078125, 'dy': 247.38058471679688, 'scale': 1.5346139175067555, 'second': 39, 'detail': 'k=43 (43.00) inliers=39 second=39 dx=+86 scale=1.535 window=[39,43] fitted=[39, 40, 41, 42, 43]'}  strafe right 0.12s
      |         chain push: 1 chunk(s) of 0.40s, change 21.6, best 21.6, hazards none — one push, so `best` IS the whole leg's travel
      |         chain strafe: 1 chunk(s) of 0.13s, change 5.9, best 5.9, hazards none — one push, so `best` IS the whole leg's travel
      |     it  14  k= 43 ->  46  stalled         fix={'k': 44, 'k_float': 44.0, 'inliers': 45, 'dx': 92.89923095703125, 'dy': 217.71661376953125, 'scale': 1.7882823550781062, 'second': 43, 'detail': 'k=44 (44.00) inliers=45 second=43 dx=+93 scale=1.788 window=[42,46] fitted=[42, 43, 44, 45, 46]'}  strafe right 0.13s
      |         chain push: 1 chunk(s) of 0.40s, change 18.6, best 18.6, hazards none — one push, so `best` IS the whole leg's travel
      |     it  15  k= 46 ->  46  advanced-weak   fix={'k': 42, 'k_float': 42.0, 'inliers': 22, 'dx': 156.99261474609375, 'dy': 154.17901611328125, 'scale': 2.4858884601098024, 'second': 21, 'detail': 'k=42 (42.00) inliers=22 second=21 dx=+157 scale=2.486 window=[42,46] fitted=[42, 43, 44, 45, 46]'}
      |         chain push: 1 chunk(s) of 0.40s, change 21.5, best 21.5, hazards none — one push, so `best` IS the whole leg's travel
      |         chain strafe: 1 chunk(s) of 0.30s, change 4.9, best 4.9, hazards none — one push, so `best` IS the whole leg's travel
      |     it  16  k= 46 ->  49  stalled         fix={'k': 48, 'k_float': 48.0, 'inliers': 31, 'dx': 246.6785888671875, 'dy': -34.165924072265625, 'scale': 2.43301134893786, 'second': 28, 'detail': 'k=48 (48.00) inliers=31 second=28 dx=+247 scale=2.433 window=[45,49] fitted=[45, 46, 47, 48, 49]'}  strafe right 0.30s
      |         chain push: 1 chunk(s) of 0.40s, change 26.9, best 26.9, hazards none — one push, so `best` IS the whole leg's travel
      |     it  17  k= 49 ->  49  blind-advance   fix={'k': 49, 'k_float': 49.0, 'inliers': 7, 'dx': 10.368011474609375, 'dy': 149.04000854492188, 'scale': 1.382209877138897, 'second': 0, 'detail': 'k=49 (49.00) inliers=7 second=0 dx=+10 scale=1.382 window=[45,49] fitted=[49]'}
      |         chain push: 1 chunk(s) of 0.40s, change 29.0, best 29.0, hazards none — one push, so `best` IS the whole leg's travel
      |     it  18  k= 64 ->  52  relocalised     fix={'k': 64, 'k_float': 62.026902080703984, 'inliers': 157, 'dx': -3.58319091796875, 'dy': 244.8507537841797, 'scale': 0.9167469777720536, 'second': 157, 'detail': 'k=64 (62.03) inliers=157 second=157 dx=-4 scale=0.917 window=[49,110] fitted=[49, 50, 51, 52, 53, 54, 55, 56, 57, 58, 59, 60, 61, 62, 63, 64, 65, 66, 67, 68, 69, 70, 71, 72, 73, 74, 75, 76, 77, 78, 79, 80, 81, 82, 83, 84, 85, 86, 87, 88, 89, 90, 91, 92, 93, 94, 95, 96, 97, 98, 99, 100, 101, 102, 103, 104, 105, 106, 107, 108, 109, 110]'}
      |     it  19  k= 88 ->  88  turned (skipped, same heading) to 1.3495539744498237  (150 inliers at the stop)
      |         chain push: 1 chunk(s) of 0.40s, change 31.1, best 31.1, hazards none — one push, so `best` IS the whole leg's travel
      |     it  20  k= 89 ->  89  advanced        fix={'k': 90, 'k_float': 90.0, 'inliers': 106, 'dx': -8.95794677734375, 'dy': -32.832000732421875, 'scale': 0.9425506719590419, 'second': 105, 'detail': 'k=90 (90.00) inliers=106 second=105 dx=-9 scale=0.943 window=[87,91] fitted=[87, 88, 89, 90, 91]'}
      |         chain push: 1 chunk(s) of 0.40s, change 23.1, best 23.1, hazards none — one push, so `best` IS the whole leg's travel
      |     it  21  k= 89 ->  92  stalled         fix={'k': 89, 'k_float': 90.56963190760864, 'inliers': 96, 'dx': -16.58880615234375, 'dy': -32.34819030761719, 'scale': 1.0254810941920482, 'second': 92, 'detail': 'k=89 (90.57) inliers=96 second=92 dx=-17 scale=1.025 window=[88,92] fitted=[88, 89, 90, 91, 92]'}
      |         chain push: 1 chunk(s) of 0.40s, change 19.5, best 19.5, hazards none — one push, so `best` IS the whole leg's travel
      |     it  22  k= 92 ->  92  advanced        fix={'k': 92, 'k_float': 92.0, 'inliers': 123, 'dx': 0.0, 'dy': -30.239990234375, 'scale': 1.0471368602918136, 'second': 111, 'detail': 'k=92 (92.00) inliers=123 second=111 dx=+0 scale=1.047 window=[88,92] fitted=[88, 89, 90, 91, 92]'}
      |         chain push: 1 chunk(s) of 0.40s, change 16.1, best 16.1, hazards none — one push, so `best` IS the whole leg's travel
      |     it  23  k= 94 ->  94  advanced        fix={'k': 94, 'k_float': 94.0, 'inliers': 104, 'dx': -3.0, 'dy': -40.160003662109375, 'scale': 1.0604630701679836, 'second': 92, 'detail': 'k=94 (94.00) inliers=104 second=92 dx=-3 scale=1.060 window=[91,95] fitted=[91, 92, 93, 94, 95]'}
      |         chain push: 1 chunk(s) of 0.40s, change 17.3, best 17.3, hazards none — one push, so `best` IS the whole leg's travel
      |     it  24  k= 96 ->  96  advanced        fix={'k': 96, 'k_float': 96.53380070703251, 'inliers': 133, 'dx': -25.0, 'dy': -41.760009765625, 'scale': 1.0329676210147147, 'second': 132, 'detail': 'k=96 (96.53) inliers=133 second=132 dx=-25 scale=1.033 window=[93,97] fitted=[93, 94, 95, 96, 97]'}
      |         chain push: 1 chunk(s) of 0.40s, change 14.4, best 14.4, hazards none — one push, so `best` IS the whole leg's travel
      |     it  25  k= 96 ->  98  stalled         fix={'k': 97, 'k_float': 98.45024976519119, 'inliers': 135, 'dx': -27.360015869140625, 'dy': -31.10400390625, 'scale': 1.0577658765974005, 'second': 134, 'detail': 'k=97 (98.45) inliers=135 second=134 dx=-27 scale=1.058 window=[95,99] fitted=[95, 96, 97, 98, 99]'}
      |         chain push: 1 chunk(s) of 0.40s, change 15.7, best 15.7, hazards none — one push, so `best` IS the whole leg's travel
      |     it  26  k= 96 ->  98  stalled         fix={'k': 96, 'k_float': 96.0, 'inliers': 131, 'dx': -31.65142822265625, 'dy': -47.347198486328125, 'scale': 1.1794796679263635, 'second': 129, 'detail': 'k=96 (96.00) inliers=131 second=129 dx=-32 scale=1.179 window=[95,99] fitted=[95, 96, 97, 98, 99]'}
      |         chain push: 1 chunk(s) of 0.40s, change 17.4, best 17.4, hazards none — one push, so `best` IS the whole leg's travel
      |         chain strafe: 1 chunk(s) of 0.10s, change 9.5, best 9.5, hazards none — one push, so `best` IS the whole leg's travel
      |     it  27  k= 96 ->  98  stalled         fix={'k': 97, 'k_float': 97.0, 'inliers': 133, 'dx': -36.9100341796875, 'dy': -35.42401123046875, 'scale': 1.244308998765217, 'second': 120, 'detail': 'k=97 (97.00) inliers=133 second=120 dx=-37 scale=1.244 window=[95,99] fitted=[95, 96, 97, 98, 99]'}  strafe left 0.10s
      |         chain push: 1 chunk(s) of 0.40s, change 19.8, best 19.8, hazards none — one push, so `best` IS the whole leg's travel
      |     it  28  k= 96 ->  98  escape:jump     fix={'k': 97, 'k_float': 97.0, 'inliers': 168, 'dx': -27.889862060546875, 'dy': -32.78126525878906, 'scale': 1.3966272565705762, 'second': 139, 'detail': 'k=97 (97.00) inliers=168 second=139 dx=-28 scale=1.397 window=[95,99] fitted=[95, 96, 97, 98, 99]'}
      |         chain push: 1 chunk(s) of 0.40s, change 28.7, best 28.7, hazards none — one push, so `best` IS the whole leg's travel
      |         chain strafe: 1 chunk(s) of 0.10s, change 11.9, best 11.9, hazards none — one push, so `best` IS the whole leg's travel
      |     it  29  k= 98 ->  98  advanced        fix={'k': 99, 'k_float': 99.0, 'inliers': 130, 'dx': -37.56391906738281, 'dy': -56.84539794921875, 'scale': 1.4795257676471603, 'second': 106, 'detail': 'k=99 (99.00) inliers=130 second=106 dx=-38 scale=1.480 window=[95,99] fitted=[95, 96, 97, 98, 99]'}  strafe left 0.10s
      |         chain push: 1 chunk(s) of 0.40s, change 25.4, best 25.4, hazards none — one push, so `best` IS the whole leg's travel
      |     it  30  k=100 -> 100  advanced        fix={'k': 101, 'k_float': 101.0, 'inliers': 137, 'dx': -24.63995361328125, 'dy': -57.26397705078125, 'scale': 1.5252665418789764, 'second': 120, 'detail': 'k=101 (101.00) inliers=137 second=120 dx=-25 scale=1.525 window=[97,101] fitted=[97, 98, 99, 100, 101]'}
      |         chain push: 1 chunk(s) of 0.40s, change 23.1, best 23.1, hazards none — one push, so `best` IS the whole leg's travel
      |     it  31  k=102 -> 102  advanced        fix={'k': 102, 'k_float': 102.0, 'inliers': 133, 'dx': -15.6431884765625, 'dy': -57.15838623046875, 'scale': 1.6394410212730157, 'second': 126, 'detail': 'k=102 (102.00) inliers=133 second=126 dx=-16 scale=1.639 window=[99,103] fitted=[99, 100, 101, 102, 103]'}
      |         chain push: 1 chunk(s) of 0.40s, change 19.9, best 19.9, hazards none — one push, so `best` IS the whole leg's travel
      |     it  32  k=104 -> 104  advanced        fix={'k': 104, 'k_float': 104.0, 'inliers': 151, 'dx': -21.639984130859375, 'dy': -67.31132507324219, 'scale': 1.6889756958663367, 'second': 128, 'detail': 'k=104 (104.00) inliers=151 second=128 dx=-22 scale=1.689 window=[101,105] fitted=[101, 102, 103, 104, 105]'}
      |         chain push: 1 chunk(s) of 0.40s, change 19.6, best 19.6, hazards none — one push, so `best` IS the whole leg's travel
      |         chain strafe: 1 chunk(s) of 0.16s, change 13.7, best 13.7, hazards none — one push, so `best` IS the whole leg's travel
      |     it  33  k=107 -> 107  advanced        fix={'k': 107, 'k_float': 107.0, 'inliers': 141, 'dx': -116.38699340820312, 'dy': -77.66317749023438, 'scale': 1.7109158060218281, 'second': 119, 'detail': 'k=107 (107.00) inliers=141 second=119 dx=-116 scale=1.711 window=[103,107] fitted=[103, 104, 105, 106, 107]'}  strafe left 0.16s
      |         chain push: 1 chunk(s) of 0.40s, change 18.8, best 18.8, hazards none — one push, so `best` IS the whole leg's travel
      |         chain strafe: 1 chunk(s) of 0.10s, change 13.3, best 13.3, hazards none — one push, so `best` IS the whole leg's travel
      |     it  34  k=109 -> 109  advanced        fix={'k': 110, 'k_float': 110.0, 'inliers': 101, 'dx': -45.427154541015625, 'dy': -30.26715087890625, 'scale': 1.85196607616449, 'second': 97, 'detail': 'k=110 (110.00) inliers=101 second=97 dx=-45 scale=1.852 window=[106,110] fitted=[106, 107, 108, 109, 110]'}  strafe left 0.10s
      |         chain push: 1 chunk(s) of 0.40s, change 20.3, best 20.3, hazards none — one push, so `best` IS the whole leg's travel
      |     it  35  k=109 -> 112  stalled         fix={'k': 111, 'k_float': 111.0, 'inliers': 89, 'dx': 2.167266845703125, 'dy': -61.189544677734375, 'scale': 2.390749509090454, 'second': 86, 'detail': 'k=111 (111.00) inliers=89 second=86 dx=+2 scale=2.391 window=[108,112] fitted=[108, 109, 110, 111, 112]'}
      |         chain push: 1 chunk(s) of 0.40s, change 26.3, best 26.3, hazards none — one push, so `best` IS the whole leg's travel
      |     it  36  k=112 -> 112  advanced-weak   fix={'k': 110, 'k_float': 110.0, 'inliers': 15, 'dx': 28.72955322265625, 'dy': -39.59771728515625, 'scale': 4.152192266943079, 'second': 13, 'detail': 'k=110 (110.00) inliers=15 second=13 dx=+29 scale=4.152 window=[108,112] fitted=[110, 111, 112]'}
      |         chain push: 1 chunk(s) of 0.40s, change 44.0, best 44.0, hazards none — one push, so `best` IS the whole leg's travel
      |     it  37  k=114 -> 114  blind-advance   fix=None
      |         turn to 303.3: TURNED to 303.5 (err -0.1) in 2 push(es)
      |     it  38  k=129 -> 129  turned to 303.34476843910807  (33 inliers at the stop)
      |         turn to 299.8: NO-OP, already inside 4.0 deg (at 303.5, err -3.7) — nothing was sent, the recorded curve was discarded, and the caller's step line will look like a turn that happened
      |         chain push: 1 chunk(s) of 0.40s, change 12.6, best 12.6, hazards none — one push, so `best` IS the whole leg's travel
      |     it  39  k=126 -> 130  regressed       fix={'k': 126, 'k_float': 126.0, 'inliers': 46, 'dx': 3.6727294921875, 'dy': -128.15939331054688, 'scale': 2.4967299510498235, 'second': 32, 'detail': 'k=126 (126.00) inliers=46 second=32 dx=+4 scale=2.497 window=[113,132] fitted=[114, 115, 116, 117, 118, 119, 120, 121, 122, 123, 124, 125, 126, 127, 128, 129, 130, 131, 132]'}
      |         chain push: 1 chunk(s) of 0.40s, change 15.5, best 15.5, hazards none — one push, so `best` IS the whole leg's travel
      |     it  40  k=130 -> 130  blind-advance   fix=None
      |         turn to 298.3: TURNED to 296.9 (err +1.3) in 1 push(es)
      |         chain push: 1 chunk(s) of 0.40s, change 10.0, best 10.0, hazards none — one push, so `best` IS the whole leg's travel
      |     it  41  k=133 -> 133  blind-advance   fix=None
      |         chain push: 1 chunk(s) of 0.40s, change 2.8, best 2.8, hazards SHORT — one push, so `best` IS the whole leg's travel
      |     it  42  k=136 -> 136  blind-advance   fix=None
      |         chain push: 1 chunk(s) of 0.40s, change 2.7, best 2.7, hazards SHORT — one push, so `best` IS the whole leg's travel
      |     it  43  k=139 -> 139  blind-advance   fix=None
      |         chain push: 1 chunk(s) of 0.40s, change 2.0, best 2.0, hazards SHORT — one push, so `best` IS the whole leg's travel
      |     it  44  k=142 -> 142  blind-advance   fix=None
      |         turn to 2.2: TURNED to 3.7 (err -1.5) in 1 push(es)
      |         turn to 337.2: TURNED to 337.8 (err -0.5) in 1 push(es)
      |         turn to 27.2: TURNED to 27.6 (err -0.4) in 1 push(es)
      |         turn to 2.2: TURNED to 4.9 (err -2.7) in 1 push(es)
      |         turn to 298.3: TURNED to 299.0 (err -0.8) in 2 push(es)
      |         chain push: 1 chunk(s) of 0.40s, change 2.4, best 2.4, hazards SHORT — one push, so `best` IS the whole leg's travel
      |     it  45  k=142 -> 166  turn-retry 1/3: the stop's frame did not fit (0 inliers); one more push along 298.3
      |         turn to 2.2: TURNED to 5.9 (err -3.7) in 1 push(es)
      |         turn to 337.2: TURNED to 336.4 (err +0.9) in 2 push(es)
      |         turn to 27.2: TURNED to 28.6 (err -1.3) in 1 push(es)
      |         turn to 2.2: TURNED to 3.7 (err -1.5) in 1 push(es)
      |         turn to 298.3: TURNED to 297.3 (err +1.0) in 1 push(es)
      |         chain push: 1 chunk(s) of 0.40s, change 1.3, best 1.3, hazards SHORT — one push, so `best` IS the whole leg's travel
      |     it  46  k=142 -> 166  turn-retry 2/3: the stop's frame did not fit (0 inliers); one more push along 298.3
      |         turn to 2.2: TURNED to 4.2 (err -2.0) in 2 push(es)
      |         turn to 337.2: TURNED to 340.7 (err -3.5) in 1 push(es)
      |         turn to 27.2: TURNED to 28.1 (err -0.9) in 1 push(es)
      |         turn to 2.2: TURNED to 2.9 (err -0.7) in 1 push(es)
      |         turn to 298.3: TURNED to 301.2 (err -2.9) in 1 push(es)
      |         chain push: 1 chunk(s) of 0.40s, change 1.1, best 1.1, hazards SHORT — one push, so `best` IS the whole leg's travel
      |     it  47  k=142 -> 166  turn-retry 3/3: the stop's frame did not fit (0 inliers); one more push along 298.3
      |         turn to 2.2: TURNED to 359.5 (err +2.7) in 1 push(es)
      |         turn to 337.2: TURNED to 339.5 (err -2.2) in 1 push(es)
      |         turn to 27.2: TURNED to 26.8 (err +0.4) in 1 push(es)
      |         turn to 2.2: TURNED to 3.2 (err -1.0) in 2 push(es)
      |     it  48  k=166 -> 166  turned-unverified to 2.2489998976495684  (0 inliers at the stop)
      |         chain push: 1 chunk(s) of 0.40s, change 4.1, best 4.1, hazards none — one push, so `best` IS the whole leg's travel
      |     it  49  k=166 -> 167  miss            fix=None
      |         chain push: 1 chunk(s) of 0.40s, change 5.3, best 5.3, hazards none — one push, so `best` IS the whole leg's travel
      |     it  50  k=166 -> 167  miss            fix=None
      |         chain push: 1 chunk(s) of 0.40s, change 6.6, best 6.6, hazards none — one push, so `best` IS the whole leg's travel
      |         chain strafe: 1 chunk(s) of 0.30s, change 9.9, best 9.9, hazards none — one push, so `best` IS the whole leg's travel
      |     it  51  k=166 -> 167  escape:left     fix=None
      |         chain push: 1 chunk(s) of 0.40s, change 3.9, best 3.9, hazards none — one push, so `best` IS the whole leg's travel
      |     it  52  k=166 -> 167  miss            fix=None
      |         chain push: 1 chunk(s) of 0.40s, change 4.5, best 4.5, hazards none — one push, so `best` IS the whole leg's travel
      |     it  53  k=166 -> 167  miss            fix=None
      |         chain push: 1 chunk(s) of 0.40s, change 5.2, best 5.2, hazards none — one push, so `best` IS the whole leg's travel
      |         chain strafe: 1 chunk(s) of 0.30s, change 36.5, best 36.5, hazards none — one push, so `best` IS the whole leg's travel
      |     it  54  k=166 -> 167  escape:right    fix=None
      |         chain push: 1 chunk(s) of 0.40s, change 10.8, best 10.8, hazards none — one push, so `best` IS the whole leg's travel
      |     it  55  k=166 -> 167  miss            fix=None
      |         chain push: 1 chunk(s) of 0.40s, change 14.8, best 14.8, hazards none — one push, so `best` IS the whole leg's travel
      |     it  56  k=166 -> 167  miss            fix=None
      |         chain push: 1 chunk(s) of 0.40s, change 13.7, best 13.7, hazards none — one push, so `best` IS the whole leg's travel
      |         chain strafe: 1 chunk(s) of 0.30s, change 38.8, best 38.8, hazards none — one push, so `best` IS the whole leg's travel
      |   chain_walk: LOST — 9 iterations with nothing credible after the blind budget at k=166 of 204
[ 6] FAILED    k=166/205  it=57  pushes=52  seconds=115.3 (walk 100.37, setup 13.3)  failure=lost at k=166 of 204: 9 iterations with no credible fix after 6 blind advances
      |   pause menu open (selected 'Resume')
      |   selected: Load Last Save
      |   confirmation dialog up (delta 81.2) -> YES
      |   world back after 3.2s, spawn bearing 87 (E)
      |   setup 13.4s (reset 10.7s, Chain.load 2.7s for 205 waypoints) of a 180s budget
      |   chain_walk: 205 waypoints -> plan of 47 targets (41 push, 6 turn-only); the prompt is checked on every iteration; k rises by at most 1 per iteration, so >= 204 iteration(s). The 180s cap allows 0.88s each. At the last waypoint the walk may spend 3 more iteration(s) — 0.540 walk-units of forward push against OPEN-22's measured 0.05 — and then gives up rather than walking on past the table.
      |         turn to 271.3: TURNED to 275.3 (err -3.9) in 2 push(es)
      |     it   1  k=  3 ->   3  turned to 271.3168428039934  (70 inliers at the stop)
      |         chain push: 1 chunk(s) of 0.40s, change 20.4, best 20.4, hazards none — one push, so `best` IS the whole leg's travel
      |         chain strafe: 1 chunk(s) of 0.10s, change 8.6, best 8.6, hazards none — one push, so `best` IS the whole leg's travel
      |     it   2  k=  4 ->   4  advanced        fix={'k': 6, 'k_float': 6.0, 'inliers': 33, 'dx': -57.5999755859375, 'dy': 18.247711181640625, 'scale': 1.1113982462263974, 'second': 25, 'detail': 'k=6 (6.00) inliers=33 second=25 dx=-58 scale=1.111 window=[2,6] fitted=[2, 3, 4, 5, 6]'}  strafe left 0.10s
      |         chain push: 1 chunk(s) of 0.40s, change 18.6, best 18.6, hazards none — one push, so `best` IS the whole leg's travel
      |     it   3  k=  7 ->   7  advanced-weak   fix={'k': 7, 'k_float': 7.0, 'inliers': 24, 'dx': 5.7264404296875, 'dy': 24.916427612304688, 'scale': 1.2831547076284808, 'second': 15, 'detail': 'k=7 (7.00) inliers=24 second=15 dx=+6 scale=1.283 window=[3,7] fitted=[3, 4, 5, 6, 7]'}
      |         chain push: 1 chunk(s) of 0.40s, change 14.4, best 14.4, hazards none — one push, so `best` IS the whole leg's travel
      |     it   4  k= 10 ->  10  advanced        fix={'k': 10, 'k_float': 10.0, 'inliers': 59, 'dx': -14.4000244140625, 'dy': 44.927978515625, 'scale': 1.0707154217951622, 'second': 25, 'detail': 'k=10 (10.00) inliers=59 second=25 dx=-14 scale=1.071 window=[6,10] fitted=[6, 7, 8, 9, 10]'}
      |         chain push: 1 chunk(s) of 0.40s, change 11.6, best 11.6, hazards none — one push, so `best` IS the whole leg's travel
      |     it   5  k= 13 ->  13  blind-advance   fix={'k': 12, 'k_float': 12.0, 'inliers': 9, 'dx': 7.29608154296875, 'dy': 22.176025390625, 'scale': 1.7703281114709652, 'second': 8, 'detail': 'k=12 (12.00) inliers=9 second=8 dx=+7 scale=1.770 window=[9,13] fitted=[12, 13]'}
      |         chain push: 1 chunk(s) of 0.40s, change 8.8, best 8.8, hazards none — one push, so `best` IS the whole leg's travel
      |     it   6  k= 16 ->  16  blind-advance   fix=None
      |         chain push: 1 chunk(s) of 0.40s, change 6.5, best 6.5, hazards none — one push, so `best` IS the whole leg's travel
      |     it   7  k= 19 ->  19  blind-advance   fix=None
      |         turn to 1.6: TURNED to 357.7 (err +3.9) in 1 push(es)
      |         turn to 336.6: TURNED to 338.3 (err -1.7) in 1 push(es)
      |         turn to 26.6: TURNED to 25.0 (err +1.6) in 3 push(es)
      |         turn to 1.6: TURNED to 3.1 (err -1.5) in 2 push(es)
      |         turn to 271.3: TURNED to 273.0 (err -1.7) in 1 push(es)
      |         chain push: 1 chunk(s) of 0.40s, change 6.6, best 6.6, hazards none — one push, so `best` IS the whole leg's travel
      |     it   8  k= 19 ->  39  turn-retry 1/3: the stop's frame did not fit (14 inliers); one more push along 271.3
      |         turn to 1.6: TURNED to 3.2 (err -1.6) in 2 push(es)
      |     it   9  k= 39 ->  39  turned to 1.6055901753868653  (66 inliers at the stop)
      |         chain push: 1 chunk(s) of 0.40s, change 17.2, best 17.2, hazards none — one push, so `best` IS the whole leg's travel
      |         chain strafe: 1 chunk(s) of 0.10s, change 12.1, best 12.1, hazards none — one push, so `best` IS the whole leg's travel
      |     it  10  k= 40 ->  40  advanced        fix={'k': 40, 'k_float': 40.0, 'inliers': 29, 'dx': -38.79998779296875, 'dy': 302.4000244140625, 'scale': 1.1576615787576998, 'second': 28, 'detail': 'k=40 (40.00) inliers=29 second=28 dx=-39 scale=1.158 window=[38,42] fitted=[38, 39, 40, 41, 42]'}  strafe left 0.10s
      |         chain push: 1 chunk(s) of 0.40s, change 26.0, best 26.0, hazards none — one push, so `best` IS the whole leg's travel
      |     it  11  k= 43 ->  43  advanced        fix={'k': 43, 'k_float': 43.0, 'inliers': 47, 'dx': -13.823974609375, 'dy': 290.8799743652344, 'scale': 1.2034522459604442, 'second': 42, 'detail': 'k=43 (43.00) inliers=47 second=42 dx=-14 scale=1.203 window=[39,43] fitted=[39, 40, 41, 42, 43]'}
      |         chain push: 1 chunk(s) of 0.40s, change 34.1, best 34.1, hazards none — one push, so `best` IS the whole leg's travel
      |     it  12  k= 46 ->  46  advanced        fix={'k': 46, 'k_float': 46.0, 'inliers': 60, 'dx': -21.2559814453125, 'dy': 230.0164337158203, 'scale': 1.2373925252749869, 'second': 56, 'detail': 'k=46 (46.00) inliers=60 second=56 dx=-21 scale=1.237 window=[42,46] fitted=[42, 43, 44, 45, 46]'}
      |         chain push: 1 chunk(s) of 0.40s, change 31.9, best 31.9, hazards none — one push, so `best` IS the whole leg's travel
      |         chain strafe: 1 chunk(s) of 0.10s, change 7.7, best 7.7, hazards none — one push, so `best` IS the whole leg's travel
      |     it  13  k= 49 ->  49  advanced        fix={'k': 49, 'k_float': 49.0, 'inliers': 174, 'dx': -35.199951171875, 'dy': 212.67205810546875, 'scale': 1.2069945335010244, 'second': 124, 'detail': 'k=49 (49.00) inliers=174 second=124 dx=-35 scale=1.207 window=[45,49] fitted=[45, 46, 47, 48, 49]'}  strafe left 0.10s
      |         chain push: 1 chunk(s) of 0.40s, change 16.9, best 16.9, hazards none — one push, so `best` IS the whole leg's travel
      |     it  14  k= 49 ->  52  stalled         fix={'k': 51, 'k_float': 51.0, 'inliers': 171, 'dx': -16.2431640625, 'dy': 200.800048828125, 'scale': 1.201044457220113, 'second': 152, 'detail': 'k=51 (51.00) inliers=171 second=152 dx=-16 scale=1.201 window=[48,52] fitted=[48, 49, 50, 51, 52]'}
      |         chain push: 1 chunk(s) of 0.40s, change 14.6, best 14.6, hazards none — one push, so `best` IS the whole leg's travel
      |     it  15  k= 52 ->  52  advanced        fix={'k': 52, 'k_float': 52.0, 'inliers': 148, 'dx': 4.98834228515625, 'dy': 168.25364685058594, 'scale': 1.2936571816179339, 'second': 128, 'detail': 'k=52 (52.00) inliers=148 second=128 dx=+5 scale=1.294 window=[48,52] fitted=[48, 49, 50, 51, 52]'}
      |         chain push: 1 chunk(s) of 0.40s, change 18.9, best 18.9, hazards none — one push, so `best` IS the whole leg's travel
      |     it  16  k= 55 ->  55  advanced        fix={'k': 55, 'k_float': 55.0, 'inliers': 98, 'dx': -29.999969482421875, 'dy': 157.90420532226562, 'scale': 1.2263102316134133, 'second': 78, 'detail': 'k=55 (55.00) inliers=98 second=78 dx=-30 scale=1.226 window=[51,55] fitted=[51, 52, 53, 54, 55]'}
      |         chain push: 1 chunk(s) of 0.40s, change 25.0, best 25.0, hazards none — one push, so `best` IS the whole leg's travel
      |         chain strafe: 1 chunk(s) of 0.10s, change 14.5, best 14.5, hazards none — one push, so `best` IS the whole leg's travel
      |     it  17  k= 55 ->  58  stalled         fix={'k': 57, 'k_float': 57.0, 'inliers': 97, 'dx': -54.0, 'dy': 230.0, 'scale': 1.0584742133962644, 'second': 78, 'detail': 'k=57 (57.00) inliers=97 second=78 dx=-54 scale=1.058 window=[54,58] fitted=[54, 55, 56, 57, 58]'}  strafe left 0.10s
      |         chain push: 1 chunk(s) of 0.40s, change 30.6, best 30.6, hazards none — one push, so `best` IS the whole leg's travel
      |         chain strafe: 1 chunk(s) of 0.10s, change 17.5, best 17.5, hazards none — one push, so `best` IS the whole leg's travel
      |     it  18  k= 55 ->  58  stalled         fix={'k': 57, 'k_float': 57.0, 'inliers': 115, 'dx': -51.839996337890625, 'dy': 224.4000244140625, 'scale': 1.1071958680889835, 'second': 98, 'detail': 'k=57 (57.00) inliers=115 second=98 dx=-52 scale=1.107 window=[54,58] fitted=[54, 55, 56, 57, 58]'}  strafe left 0.10s
      |         chain push: 1 chunk(s) of 0.40s, change 31.4, best 31.4, hazards none — one push, so `best` IS the whole leg's travel
      |         chain strafe: 1 chunk(s) of 0.10s, change 20.2, best 20.2, hazards none — one push, so `best` IS the whole leg's travel
      |     it  19  k= 58 ->  58  advanced        fix={'k': 58, 'k_float': 58.0, 'inliers': 115, 'dx': -46.5999755859375, 'dy': 237.8400115966797, 'scale': 1.1618834774727365, 'second': 108, 'detail': 'k=58 (58.00) inliers=115 second=108 dx=-47 scale=1.162 window=[54,58] fitted=[54, 55, 56, 57, 58]'}  strafe left 0.10s
      |         chain push: 1 chunk(s) of 0.40s, change 24.8, best 24.8, hazards none — one push, so `best` IS the whole leg's travel
      |         chain strafe: 1 chunk(s) of 0.10s, change 9.6, best 9.6, hazards none — one push, so `best` IS the whole leg's travel
      |     it  20  k= 58 ->  61  stalled         fix={'k': 59, 'k_float': 59.0, 'inliers': 141, 'dx': -37.1519775390625, 'dy': 255.0, 'scale': 1.238196466200711, 'second': 124, 'detail': 'k=59 (59.00) inliers=141 second=124 dx=-37 scale=1.238 window=[57,61] fitted=[57, 58, 59, 60, 61]'}  strafe left 0.10s
      |         chain push: 1 chunk(s) of 0.40s, change 18.9, best 18.9, hazards none — one push, so `best` IS the whole leg's travel
      |         chain strafe: 1 chunk(s) of 0.10s, change 8.8, best 8.8, hazards none — one push, so `best` IS the whole leg's travel
      |     it  21  k= 58 ->  61  stalled         fix={'k': 59, 'k_float': 59.0, 'inliers': 120, 'dx': -35.76478576660156, 'dy': 261.1080322265625, 'scale': 1.2682571134325893, 'second': 112, 'detail': 'k=59 (59.00) inliers=120 second=112 dx=-36 scale=1.268 window=[57,61] fitted=[57, 58, 59, 60, 61]'}  strafe left 0.10s
      |         chain push: 1 chunk(s) of 0.40s, change 16.9, best 16.9, hazards none — one push, so `best` IS the whole leg's travel
      |     it  22  k= 58 ->  61  stalled         fix={'k': 59, 'k_float': 59.0, 'inliers': 131, 'dx': -21.79998779296875, 'dy': 249.72789001464844, 'scale': 1.3572295403535781, 'second': 115, 'detail': 'k=59 (59.00) inliers=131 second=115 dx=-22 scale=1.357 window=[57,61] fitted=[57, 58, 59, 60, 61]'}
      |         chain push: 1 chunk(s) of 0.40s, change 17.8, best 17.8, hazards none — one push, so `best` IS the whole leg's travel
      |     it  23  k= 58 ->  61  escape:jump     fix={'k': 60, 'k_float': 60.0, 'inliers': 132, 'dx': -23.975982666015625, 'dy': 219.02069091796875, 'scale': 1.42570221562441, 'second': 112, 'detail': 'k=60 (60.00) inliers=132 second=112 dx=-24 scale=1.426 window=[57,61] fitted=[57, 58, 59, 60, 61]'}
      |         chain push: 1 chunk(s) of 0.40s, change 19.8, best 19.8, hazards none — one push, so `best` IS the whole leg's travel
      |     it  24  k= 58 ->  61  stalled         fix={'k': 60, 'k_float': 60.0, 'inliers': 108, 'dx': -27.289566040039062, 'dy': 208.56289672851562, 'scale': 1.546983791864844, 'second': 79, 'detail': 'k=60 (60.00) inliers=108 second=79 dx=-27 scale=1.547 window=[57,61] fitted=[57, 58, 59, 60, 61]'}
      |         chain push: 1 chunk(s) of 0.40s, change 15.6, best 15.6, hazards none — one push, so `best` IS the whole leg's travel
      |     it  25  k= 58 ->  61  stalled         fix={'k': 59, 'k_float': 59.0, 'inliers': 127, 'dx': -31.55999755859375, 'dy': 214.34402465820312, 'scale': 1.743352662377018, 'second': 114, 'detail': 'k=59 (59.00) inliers=127 second=114 dx=-32 scale=1.743 window=[57,61] fitted=[57, 58, 59, 60, 61]'}
      |         chain push: 1 chunk(s) of 0.40s, change 17.2, best 17.2, hazards none — one push, so `best` IS the whole leg's travel
      |     it  26  k= 61 ->  61  advanced        fix={'k': 61, 'k_float': 61.0, 'inliers': 125, 'dx': -31.5020751953125, 'dy': 226.25604248046875, 'scale': 1.7811011477063834, 'second': 102, 'detail': 'k=61 (61.00) inliers=125 second=102 dx=-32 scale=1.781 window=[57,61] fitted=[57, 58, 59, 60, 61]'}
      |         chain push: 1 chunk(s) of 0.40s, change 19.5, best 19.5, hazards none — one push, so `best` IS the whole leg's travel
      |         chain strafe: 1 chunk(s) of 0.10s, change 12.4, best 12.4, hazards none — one push, so `best` IS the whole leg's travel
      |     it  27  k= 61 ->  64  stalled         fix={'k': 62, 'k_float': 62.0, 'inliers': 98, 'dx': -36.181549072265625, 'dy': 227.8196258544922, 'scale': 1.9553271315061316, 'second': 88, 'detail': 'k=62 (62.00) inliers=98 second=88 dx=-36 scale=1.955 window=[60,64] fitted=[60, 61, 62, 63, 64]'}  strafe left 0.10s
      |         chain push: 1 chunk(s) of 0.40s, change 23.0, best 23.0, hazards none — one push, so `best` IS the whole leg's travel
      |         chain strafe: 1 chunk(s) of 0.10s, change 12.0, best 12.0, hazards none — one push, so `best` IS the whole leg's travel
      |     it  28  k= 64 ->  64  advanced-past   fix={'k': 61, 'k_float': 61.0, 'inliers': 40, 'dx': -36.46453857421875, 'dy': 241.03939819335938, 'scale': 2.1968073916660926, 'second': 31, 'detail': 'k=61 (61.00) inliers=40 second=31 dx=-36 scale=2.197 window=[60,64] fitted=[60, 61, 62, 63, 64]'}  strafe left 0.10s
      |     it  29  k=111 ->  88  relocalised past the stop: 195 inliers at 111
      |         chain push: 1 chunk(s) of 0.40s, change 26.1, best 26.1, hazards none — one push, so `best` IS the whole leg's travel
      |         chain strafe: 1 chunk(s) of 0.10s, change 14.1, best 14.1, hazards none — one push, so `best` IS the whole leg's travel
      |     it  30  k=111 -> 112  stalled         fix={'k': 110, 'k_float': 110.0, 'inliers': 185, 'dx': -51.264007568359375, 'dy': -27.93603515625, 'scale': 0.8443109388338299, 'second': 177, 'detail': 'k=110 (110.00) inliers=185 second=177 dx=-51 scale=0.844 window=[110,114] fitted=[110, 111, 112, 113, 114]'}  strafe left 0.10s
      |         chain push: 1 chunk(s) of 0.40s, change 26.6, best 26.6, hazards none — one push, so `best` IS the whole leg's travel
      |     it  31  k=111 -> 112  stalled         fix={'k': 110, 'k_float': 110.0, 'inliers': 190, 'dx': -17.915924072265625, 'dy': -32.832000732421875, 'scale': 0.9744606247168335, 'second': 173, 'detail': 'k=110 (110.00) inliers=190 second=173 dx=-18 scale=0.974 window=[110,114] fitted=[110, 111, 112, 113, 114]'}
      |         chain push: 1 chunk(s) of 0.40s, change 22.0, best 22.0, hazards none — one push, so `best` IS the whole leg's travel
      |         chain strafe: 1 chunk(s) of 0.10s, change 12.9, best 12.9, hazards none — one push, so `best` IS the whole leg's travel
      |     it  32  k=112 -> 112  advanced        fix={'k': 114, 'k_float': 112.59983563658169, 'inliers': 189, 'dx': -45.785125732421875, 'dy': -14.20001220703125, 'scale': 0.844680276068134, 'second': 184, 'detail': 'k=114 (112.60) inliers=189 second=184 dx=-46 scale=0.845 window=[110,114] fitted=[110, 111, 112, 113, 114]'}  strafe left 0.10s
      |         chain push: 1 chunk(s) of 0.40s, change 18.3, best 18.3, hazards none — one push, so `best` IS the whole leg's travel
      |     it  33  k=114 -> 114  advanced        fix={'k': 115, 'k_float': 114.17308689030857, 'inliers': 157, 'dx': -11.232025146484375, 'dy': -48.384002685546875, 'scale': 0.8913100001930163, 'second': 150, 'detail': 'k=115 (114.17) inliers=157 second=150 dx=-11 scale=0.891 window=[111,115] fitted=[111, 112, 113, 114, 115]'}
      |         turn to 303.3: TURNED to 303.9 (err -0.6) in 2 push(es)
      |     it  34  k=129 -> 129  turned to 303.34476843910807  (152 inliers at the stop)
      |         turn to 299.8: TURNED to 300.3 (err -0.5) in 1 push(es)
      |         chain push: 1 chunk(s) of 0.40s, change 17.5, best 17.5, hazards none — one push, so `best` IS the whole leg's travel
      |         chain strafe: 1 chunk(s) of 0.24s, change 17.6, best 17.6, hazards none — one push, so `best` IS the whole leg's travel
      |     it  35  k=129 -> 130  stalled         fix={'k': 129, 'k_float': 129.0, 'inliers': 182, 'dx': 176.17312622070312, 'dy': -60.8800048828125, 'scale': 1.185463595015808, 'second': 155, 'detail': 'k=129 (129.00) inliers=182 second=155 dx=+176 scale=1.185 window=[128,132] fitted=[128, 129, 130, 131, 132]'}  strafe right 0.24s
      |         chain push: 1 chunk(s) of 0.40s, change 21.1, best 21.1, hazards none — one push, so `best` IS the whole leg's travel
      |         chain strafe: 1 chunk(s) of 0.18s, change 22.8, best 22.8, hazards none — one push, so `best` IS the whole leg's travel
      |     it  36  k=129 -> 130  stalled         fix={'k': 129, 'k_float': 129.0, 'inliers': 133, 'dx': 128.280029296875, 'dy': -82.1375732421875, 'scale': 1.445237573644292, 'second': 120, 'detail': 'k=129 (129.00) inliers=133 second=120 dx=+128 scale=1.445 window=[128,132] fitted=[128, 129, 130, 131, 132]'}  strafe right 0.18s
      |         chain push: 1 chunk(s) of 0.40s, change 24.2, best 24.2, hazards none — one push, so `best` IS the whole leg's travel
      |     it  37  k=130 -> 130  advanced-past   fix={'k': 129, 'k_float': 129.0, 'inliers': 121, 'dx': -3.165618896484375, 'dy': -109.81785583496094, 'scale': 1.764718225317987, 'second': 119, 'detail': 'k=129 (129.00) inliers=121 second=119 dx=-3 scale=1.765 window=[128,132] fitted=[128, 129, 130, 131, 132]'}
      |         turn to 298.3: NO-OP, already inside 4.0 deg (at 300.3, err -2.0) — nothing was sent, the recorded curve was discarded, and the caller's step line will look like a turn that happened
      |         chain push: 1 chunk(s) of 0.40s, change 20.0, best 20.0, hazards none — one push, so `best` IS the whole leg's travel
      |         chain strafe: 1 chunk(s) of 0.14s, change 20.8, best 20.8, hazards none — one push, so `best` IS the whole leg's travel
      |     it  38  k=133 -> 133  advanced        fix={'k': 133, 'k_float': 133.0, 'inliers': 109, 'dx': -103.68795776367188, 'dy': -140.17535400390625, 'scale': 1.7893174325440724, 'second': 101, 'detail': 'k=133 (133.00) inliers=109 second=101 dx=-104 scale=1.789 window=[129,133] fitted=[129, 130, 131, 132, 133]'}  strafe left 0.14s
      |         chain push: 1 chunk(s) of 0.40s, change 28.1, best 28.1, hazards none — one push, so `best` IS the whole leg's travel
      |         chain strafe: 1 chunk(s) of 0.10s, change 25.4, best 25.4, hazards none — one push, so `best` IS the whole leg's travel
      |     it  39  k=136 -> 136  advanced        fix={'k': 136, 'k_float': 136.0, 'inliers': 134, 'dx': -66.907958984375, 'dy': -167.30999755859375, 'scale': 2.1652857367533436, 'second': 84, 'detail': 'k=136 (136.00) inliers=134 second=84 dx=-67 scale=2.165 window=[132,136] fitted=[132, 133, 134, 135, 136]'}  strafe left 0.10s
      |         chain push: 1 chunk(s) of 0.40s, change 38.2, best 38.2, hazards none — one push, so `best` IS the whole leg's travel
      |         chain strafe: 1 chunk(s) of 0.10s, change 28.2, best 28.2, hazards none — one push, so `best` IS the whole leg's travel
      |     it  40  k=136 -> 139  stalled         fix={'k': 138, 'k_float': 138.0, 'inliers': 74, 'dx': -73.16647338867188, 'dy': -192.7035675048828, 'scale': 2.860404087123918, 'second': 10, 'detail': 'k=138 (138.00) inliers=74 second=10 dx=-73 scale=2.860 window=[135,139] fitted=[138, 139]'}  strafe left 0.10s
      |         chain push: 1 chunk(s) of 0.40s, change 38.1, best 38.1, hazards none — one push, so `best` IS the whole leg's travel
      |     it  41  k=139 -> 139  advanced-weak   fix={'k': 136, 'k_float': 136.0, 'inliers': 23, 'dx': -133.17727661132812, 'dy': -203.65872192382812, 'scale': 3.388562783222152, 'second': 21, 'detail': 'k=136 (136.00) inliers=23 second=21 dx=-133 scale=3.389 window=[135,139] fitted=[136, 137, 139]'}
      |         chain push: 1 chunk(s) of 0.40s, change 37.8, best 37.8, hazards none — one push, so `best` IS the whole leg's travel
      |         chain strafe: 1 chunk(s) of 0.30s, change 28.5, best 28.5, hazards none — one push, so `best` IS the whole leg's travel
      |     it  42  k=139 -> 142  stalled         fix={'k': 140, 'k_float': 140.0, 'inliers': 52, 'dx': -213.54791259765625, 'dy': -175.35614013671875, 'scale': 2.6724892846578596, 'second': 22, 'detail': 'k=140 (140.00) inliers=52 second=22 dx=-214 scale=2.672 window=[138,142] fitted=[138, 139, 140, 141, 142]'}  strafe left 0.30s
      |         chain push: 1 chunk(s) of 0.40s, change 48.9, best 48.9, hazards none — one push, so `best` IS the whole leg's travel
      |     it  43  k=142 -> 142  advanced-weak   fix={'k': 142, 'k_float': 142.0, 'inliers': 25, 'dx': 76.7232666015625, 'dy': -69.0, 'scale': 1.0964403640056049, 'second': 25, 'detail': 'k=142 (142.00) inliers=25 second=25 dx=+77 scale=1.096 window=[138,142] fitted=[138, 139, 140, 141, 142]'}
      |         turn to 2.2: TURNED to 0.9 (err +1.3) in 1 push(es)
      |         chain strafe: 1 chunk(s) of 0.18s, change 19.9, best 19.9, hazards none — one push, so `best` IS the whole leg's travel
      |     it  44  k=166 -> 166  turned-aligned to 2.2489998976495684  (72 inliers at the stop)
      |         chain push: 1 chunk(s) of 0.40s, change 18.0, best 18.0, hazards none — one push, so `best` IS the whole leg's travel
      |         chain strafe: 1 chunk(s) of 0.24s, change 21.4, best 21.4, hazards none — one push, so `best` IS the whole leg's travel
      |     it  45  k=166 -> 167  stalled         fix={'k': 166, 'k_float': 166.0, 'inliers': 80, 'dx': 174.0096435546875, 'dy': -119.78399658203125, 'scale': 1.1503888773255735, 'second': 76, 'detail': 'k=166 (166.00) inliers=80 second=76 dx=+174 scale=1.150 window=[165,169] fitted=[165, 166, 167, 168, 169]'}  strafe right 0.24s
      |         chain push: 1 chunk(s) of 0.40s, change 25.5, best 25.5, hazards none — one push, so `best` IS the whole leg's travel
      |         chain strafe: 1 chunk(s) of 0.10s, change 15.0, best 15.0, hazards none — one push, so `best` IS the whole leg's travel
      |     it  46  k=166 -> 167  stalled         fix={'k': 166, 'k_float': 166.0, 'inliers': 68, 'dx': 43.63999938964844, 'dy': -131.04000854492188, 'scale': 1.2537192418318055, 'second': 66, 'detail': 'k=166 (166.00) inliers=68 second=66 dx=+44 scale=1.254 window=[165,169] fitted=[165, 166, 167, 168, 169]'}  strafe right 0.10s
      |         chain push: 1 chunk(s) of 0.40s, change 29.6, best 29.6, hazards none — one push, so `best` IS the whole leg's travel
      |     it  47  k=166 -> 167  stalled         fix={'k': 166, 'k_float': 166.0, 'inliers': 66, 'dx': 9.020294189453125, 'dy': -143.4065399169922, 'scale': 1.4146457452331542, 'second': 59, 'detail': 'k=166 (166.00) inliers=66 second=59 dx=+9 scale=1.415 window=[165,169] fitted=[165, 166, 167, 168, 169]'}
      |         chain push: 1 chunk(s) of 0.40s, change 29.5, best 29.5, hazards none — one push, so `best` IS the whole leg's travel
      |     it  48  k=167 -> 167  advanced        fix={'k': 168, 'k_float': 168.0, 'inliers': 48, 'dx': -15.612449645996094, 'dy': -157.74078369140625, 'scale': 1.5912461123823287, 'second': 46, 'detail': 'k=168 (168.00) inliers=48 second=46 dx=-16 scale=1.591 window=[165,169] fitted=[165, 166, 167, 168, 169]'}
      |         turn to 4.3: NO-OP, already inside 4.0 deg (at 1.0, err +3.2) — nothing was sent, the recorded curve was discarded, and the caller's step line will look like a turn that happened
      |         chain push: 1 chunk(s) of 0.40s, change 33.3, best 33.3, hazards none — one push, so `best` IS the whole leg's travel
      |         chain strafe: 1 chunk(s) of 0.10s, change 14.1, best 14.1, hazards none — one push, so `best` IS the whole leg's travel
      |     it  49  k=169 -> 169  advanced        fix={'k': 170, 'k_float': 170.0, 'inliers': 41, 'dx': -51.53279113769531, 'dy': -178.22589111328125, 'scale': 1.7025747743332256, 'second': 35, 'detail': 'k=170 (170.00) inliers=41 second=35 dx=-52 scale=1.703 window=[166,170] fitted=[166, 167, 168, 169, 170]'}  strafe left 0.10s
      |         turn to 2.2: NO-OP, already inside 4.0 deg (at 0.9, err +1.3) — nothing was sent, the recorded curve was discarded, and the caller's step line will look like a turn that happened
      |         chain push: 1 chunk(s) of 0.40s, change 25.2, best 25.2, hazards none — one push, so `best` IS the whole leg's travel
      |         chain strafe: 1 chunk(s) of 0.10s, change 9.6, best 9.6, hazards none — one push, so `best` IS the whole leg's travel
      |     it  50  k=171 -> 171  advanced        fix={'k': 171, 'k_float': 171.0, 'inliers': 50, 'dx': -65.02174377441406, 'dy': -185.15631103515625, 'scale': 1.8396342030928041, 'second': 41, 'detail': 'k=171 (171.00) inliers=50 second=41 dx=-65 scale=1.840 window=[168,172] fitted=[168, 169, 170, 171, 172]'}  strafe left 0.10s
      |         chain push: 1 chunk(s) of 0.40s, change 25.0, best 25.0, hazards none — one push, so `best` IS the whole leg's travel
      |         chain strafe: 1 chunk(s) of 0.10s, change 14.7, best 14.7, hazards none — one push, so `best` IS the whole leg's travel
      |     it  51  k=173 -> 173  advanced        fix={'k': 174, 'k_float': 174.0, 'inliers': 34, 'dx': -62.01997375488281, 'dy': -203.40863037109375, 'scale': 1.9051413037980207, 'second': 30, 'detail': 'k=174 (174.00) inliers=34 second=30 dx=-62 scale=1.905 window=[170,174] fitted=[170, 171, 172, 173, 174]'}  strafe left 0.10s
      |         chain push: 1 chunk(s) of 0.40s, change 22.3, best 22.3, hazards none — one push, so `best` IS the whole leg's travel
      |     it  52  k=176 -> 176  blind-advance   fix={'k': 175, 'k_float': 175.0, 'inliers': 6, 'dx': -58.7017936706543, 'dy': -227.5819091796875, 'scale': 2.6500439627047063, 'second': 0, 'detail': 'k=175 (175.00) inliers=6 second=0 dx=-59 scale=2.650 window=[172,176] fitted=[175]'}
      |         turn to 89.5: TURNED to 88.5 (err +1.0) in 1 push(es)
      |     it  53  k=196 -> 196  turned-past to 89.491477293153: the stop's frame fits waypoint 199 at 24 inliers, no evidence of being short
      |         chain push: 1 chunk(s) of 0.40s, change 10.4, best 10.4, hazards none — one push, so `best` IS the whole leg's travel
      |         chain strafe: 1 chunk(s) of 0.30s, change 38.8, best 38.8, hazards none — one push, so `best` IS the whole leg's travel
      |     it  54  k=185 -> 197  regressed       fix={'k': 185, 'k_float': 187.56352884185137, 'inliers': 145, 'dx': 362.35205078125, 'dy': -104.31036376953125, 'scale': 1.4113004885766671, 'second': 138, 'detail': 'k=185 (187.56) inliers=145 second=138 dx=+362 scale=1.411 window=[175,199] fitted=[175, 176, 177, 178, 179, 180, 181, 182, 183, 184, 185, 186, 187, 188, 189, 190, 191, 192, 193, 194, 195, 196, 197, 198, 199]'}  strafe right 0.30s
      |         chain push: 1 chunk(s) of 0.40s, change 50.1, best 50.1, hazards none — one push, so `best` IS the whole leg's travel
      |         chain strafe: 1 chunk(s) of 0.28s, change 10.4, best 10.4, hazards none — one push, so `best` IS the whole leg's travel
      |     it  55  k=185 -> 197  stalled         fix={'k': 188, 'k_float': 187.85964350374817, 'inliers': 44, 'dx': -204.56759643554688, 'dy': -99.20001220703125, 'scale': 0.8059686878021242, 'second': 44, 'detail': 'k=188 (187.86) inliers=44 second=44 dx=-205 scale=0.806 window=[184,188] fitted=[184, 185, 186, 187, 188]'}  strafe left 0.28s
      |         chain push: 1 chunk(s) of 0.40s, change 63.8, best 63.8, hazards none — one push, so `best` IS the whole leg's travel
      |     it  56  k=197 -> 197  blind-advance   fix={'k': 188, 'k_float': 188.0, 'inliers': 9, 'dx': -221.875244140625, 'dy': -77.06881713867188, 'scale': 0.9574014256502854, 'second': 0, 'detail': 'k=188 (188.00) inliers=9 second=0 dx=-222 scale=0.957 window=[184,188] fitted=[188]'}
      |         chain push: 1 chunk(s) of 0.40s, change 28.3, best 28.3, hazards none — one push, so `best` IS the whole leg's travel
      |     it  57  k=200 -> 200  blind-advance   fix={'k': 197, 'k_float': 197.0, 'inliers': 7, 'dx': 560.1707763671875, 'dy': -76.32000732421875, 'scale': 1.1183093607694143, 'second': 7, 'detail': 'k=197 (197.00) inliers=7 second=7 dx=+560 scale=1.118 window=[196,200] fitted=[196, 197]'}
      |         chain push: 1 chunk(s) of 0.40s, change 19.7, best 19.7, hazards none — one push, so `best` IS the whole leg's travel
      |     it  58  k=200 -> 203  weak            fix={'k': 199, 'k_float': 199.0, 'inliers': 10, 'dx': 571.065673828125, 'dy': -78.05281066894531, 'scale': 0.9874830369943502, 'second': 9, 'detail': 'k=199 (199.00) inliers=10 second=9 dx=+571 scale=0.987 window=[199,203] fitted=[199, 200, 201, 203]'}
      |         chain push: 1 chunk(s) of 0.40s, change 19.8, best 19.8, hazards none — one push, so `best` IS the whole leg's travel
      |     it  59  k=200 -> 203  weak            fix={'k': 199, 'k_float': 199.0, 'inliers': 10, 'dx': 571.065673828125, 'dy': -78.05281066894531, 'scale': 0.9886263253719408, 'second': 9, 'detail': 'k=199 (199.00) inliers=10 second=9 dx=+571 scale=0.989 window=[199,203] fitted=[199, 200, 201, 203]'}
      |         chain push: 1 chunk(s) of 0.40s, change 11.1, best 11.1, hazards none — one push, so `best` IS the whole leg's travel
      |     it  60  k=200 -> 203  weak            fix={'k': 201, 'k_float': 201.0, 'inliers': 10, 'dx': 586.7169189453125, 'dy': -56.949378967285156, 'scale': 0.8796995443011879, 'second': 8, 'detail': 'k=201 (201.00) inliers=10 second=8 dx=+587 scale=0.880 window=[199,203] fitted=[199, 200, 201, 202, 203]'}
      |         chain push: 1 chunk(s) of 0.40s, change 19.8, best 19.8, hazards none — one push, so `best` IS the whole leg's travel
      |         chain strafe: 1 chunk(s) of 0.30s, change 43.0, best 43.0, hazards none — one push, so `best` IS the whole leg's travel
      |     it  61  k=200 -> 203  escape:left     fix={'k': 199, 'k_float': 199.0, 'inliers': 8, 'dx': 570.79296875, 'dy': -77.98370361328125, 'scale': 0.9916998849989451, 'second': 8, 'detail': 'k=199 (199.00) inliers=8 second=8 dx=+571 scale=0.992 window=[199,203] fitted=[199, 200, 201, 202, 203]'}
      |         chain push: 1 chunk(s) of 0.40s, change 20.8, best 20.8, hazards none — one push, so `best` IS the whole leg's travel
      |     it  62  k=200 -> 203  weak            fix={'k': 200, 'k_float': 200.0, 'inliers': 6, 'dx': 676.3968505859375, 'dy': 29.779205322265625, 'scale': 0.9372046304314747, 'second': 0, 'detail': 'k=200 (200.00) inliers=6 second=0 dx=+676 scale=0.937 window=[199,203] fitted=[200]'}
      |         chain push: 1 chunk(s) of 0.40s, change 10.4, best 10.4, hazards none — one push, so `best` IS the whole leg's travel
      |     it  63  k=200 -> 203  weak            fix={'k': 202, 'k_float': 202.0, 'inliers': 6, 'dx': 690.1771240234375, 'dy': 58.31793212890625, 'scale': 0.6844962184114645, 'second': 0, 'detail': 'k=202 (202.00) inliers=6 second=0 dx=+690 scale=0.684 window=[199,203] fitted=[202]'}
      |         chain push: 1 chunk(s) of 0.40s, change 24.2, best 24.2, hazards none — one push, so `best` IS the whole leg's travel
      |     it  64  k=200 -> 203  weak            fix={'k': 202, 'k_float': 202.0, 'inliers': 6, 'dx': 689.0325317382812, 'dy': 57.032310485839844, 'scale': 2.0418520030427083, 'second': 0, 'detail': 'k=202 (202.00) inliers=6 second=0 dx=+689 scale=2.042 window=[199,203] fitted=[202]'}
      |         chain push: 1 chunk(s) of 0.40s, change 23.1, best 23.1, hazards none — one push, so `best` IS the whole leg's travel
      |         chain strafe: 1 chunk(s) of 0.30s, change 77.0, best 77.0, hazards none — one push, so `best` IS the whole leg's travel
      |     it  65  k=200 -> 203  escape:right    fix={'k': 200, 'k_float': 200.0, 'inliers': 7, 'dx': 675.99365234375, 'dy': 20.400009155273438, 'scale': 0.9344560924332297, 'second': 6, 'detail': 'k=200 (200.00) inliers=7 second=6 dx=+676 scale=0.934 window=[199,203] fitted=[200, 202, 203]'}
      |         chain push: 1 chunk(s) of 0.40s, change 56.5, best 56.5, hazards none — one push, so `best` IS the whole leg's travel
      |         chain strafe: 1 chunk(s) of 0.30s, change 26.3, best 26.3, hazards none — one push, so `best` IS the whole leg's travel
      |     it  66  k=200 -> 203  stalled         fix={'k': 200, 'k_float': 200.84637367652772, 'inliers': 114, 'dx': 585.7920532226562, 'dy': -62.891998291015625, 'scale': 1.0481436380437728, 'second': 109, 'detail': 'k=200 (200.85) inliers=114 second=109 dx=+586 scale=1.048 window=[199,203] fitted=[199, 200, 201, 202, 203]'}  strafe right 0.30s
      |         chain push: 1 chunk(s) of 0.40s, change 31.2, best 31.2, hazards none — one push, so `best` IS the whole leg's travel
      |         chain strafe: 1 chunk(s) of 0.30s, change 23.9, best 23.9, hazards none — one push, so `best` IS the whole leg's travel
      |     it  67  k=203 -> 203  advanced        fix={'k': 203, 'k_float': 203.0, 'inliers': 110, 'dx': 646.9632568359375, 'dy': -67.68002319335938, 'scale': 1.0275870234528461, 'second': 68, 'detail': 'k=203 (203.00) inliers=110 second=68 dx=+647 scale=1.028 window=[199,203] fitted=[199, 200, 201, 202, 203]'}  strafe right 0.30s
      |         chain push: 1 chunk(s) of 0.40s, change 33.4, best 33.4, hazards none — one push, so `best` IS the whole leg's travel
      |         chain strafe: 1 chunk(s) of 0.30s, change 32.9, best 32.9, hazards none — one push, so `best` IS the whole leg's travel
      |     it  68  k=203 -> 204  stalled         fix={'k': 203, 'k_float': 203.0, 'inliers': 65, 'dx': 734.6400146484375, 'dy': -31.518646240234375, 'scale': 1.5497586963481382, 'second': 43, 'detail': 'k=203 (203.00) inliers=65 second=43 dx=+735 scale=1.550 window=[202,204] fitted=[202, 203, 204]'}  strafe right 0.30s
      |         chain push: 1 chunk(s) of 0.40s, change 35.6, best 35.6, hazards none — one push, so `best` IS the whole leg's travel
      |         chain strafe: 1 chunk(s) of 0.30s, change 40.0, best 40.0, hazards none — one push, so `best` IS the whole leg's travel
      |     it  69  k=204 -> 204  advanced        fix={'k': 204, 'k_float': 204.0, 'inliers': 45, 'dx': 727.787841796875, 'dy': 4.777618408203125, 'scale': 1.794963214041207, 'second': 40, 'detail': 'k=204 (204.00) inliers=45 second=40 dx=+728 scale=1.795 window=[202,204] fitted=[202, 203, 204]'}  strafe right 0.30s
      |         chain push: 1 chunk(s) of 0.40s, change 32.4, best 32.4, hazards none — one push, so `best` IS the whole leg's travel
      |     it  70  k=204 -> 204  weak            fix={'k': 204, 'k_float': 204.0, 'inliers': 8, 'dx': 403.492919921875, 'dy': 142.8800048828125, 'scale': 1.6625663998030202, 'second': 8, 'detail': 'k=204 (204.00) inliers=8 second=8 dx=+403 scale=1.663 window=[203,204] fitted=[203, 204]'}
      |         chain push: 1 chunk(s) of 0.40s, change 41.6, best 41.6, hazards none — one push, so `best` IS the whole leg's travel
      |     it  71  k=204 -> 204  weak            fix={'k': 203, 'k_float': 203.0, 'inliers': 14, 'dx': 28.656005859375, 'dy': -0.0671844482421875, 'scale': 1.2545469280232928, 'second': 0, 'detail': 'k=203 (203.00) inliers=14 second=0 dx=+29 scale=1.255 window=[203,204] fitted=[203]'}
      |         chain push: 1 chunk(s) of 0.40s, change 47.9, best 47.9, hazards none — one push, so `best` IS the whole leg's travel
      |     it  72  k=204 -> 204  advanced-weak   fix={'k': 203, 'k_float': 203.42400856234084, 'inliers': 15, 'dx': 10.948623657226562, 'dy': -87.16029357910156, 'scale': 1.4529086783370593, 'second': 6, 'detail': 'k=203 (203.42) inliers=15 second=6 dx=+11 scale=1.453 window=[203,204] fitted=[203, 204]'}
      |   chain_walk: at the LAST waypoint (204 of 204) and the prompt is not on screen after 3 terminal iteration(s) — giving up rather than walking on past the table
[ 7] FAILED    k=204/205  it=72  pushes=66  seconds=121.9 (walk 106.85, setup 13.4)  failure=reached the last waypoint (204 of 204) without the prompt; spent the 3-iteration end budget (~0.540 walk-units against OPEN-22's measured 0.05 to the prompt zone). Either the sensor is early or the walk landed where the prompt is not — OPEN-22 measured both.
      |   pause menu open (selected 'Resume')
      |   selected: Load Last Save
      |   confirmation dialog up (delta 86.8) -> YES
      |   world back after 3.2s, spawn bearing 87 (E)
      |   setup 13.4s (reset 10.7s, Chain.load 2.8s for 205 waypoints) of a 180s budget
      |   chain_walk: 205 waypoints -> plan of 47 targets (41 push, 6 turn-only); the prompt is checked on every iteration; k rises by at most 1 per iteration, so >= 204 iteration(s). The 180s cap allows 0.88s each. At the last waypoint the walk may spend 3 more iteration(s) — 0.540 walk-units of forward push against OPEN-22's measured 0.05 — and then gives up rather than walking on past the table.
      |         turn to 271.3: TURNED to 271.8 (err -0.5) in 2 push(es)
      |     it   1  k=  3 ->   3  turned to 271.3168428039934  (198 inliers at the stop)
      |         chain push: 1 chunk(s) of 0.40s, change 20.0, best 20.0, hazards none — one push, so `best` IS the whole leg's travel
      |     it   2  k=  4 ->   4  advanced        fix={'k': 6, 'k_float': 6.0, 'inliers': 31, 'dx': -21.42718505859375, 'dy': 17.0, 'scale': 1.0877439745289998, 'second': 16, 'detail': 'k=6 (6.00) inliers=31 second=16 dx=-21 scale=1.088 window=[2,6] fitted=[2, 3, 4, 5, 6]'}
      |         chain push: 1 chunk(s) of 0.40s, change 20.0, best 20.0, hazards none — one push, so `best` IS the whole leg's travel
      |     it   3  k=  7 ->   7  advanced-weak   fix={'k': 7, 'k_float': 7.0, 'inliers': 18, 'dx': 11.376022338867188, 'dy': 25.878585815429688, 'scale': 1.2774787028812409, 'second': 12, 'detail': 'k=7 (7.00) inliers=18 second=12 dx=+11 scale=1.277 window=[3,7] fitted=[3, 4, 5, 6, 7]'}
      |         chain push: 1 chunk(s) of 0.40s, change 14.8, best 14.8, hazards none — one push, so `best` IS the whole leg's travel
      |     it   4  k= 10 ->  10  advanced-weak   fix={'k': 10, 'k_float': 10.0, 'inliers': 17, 'dx': -86.59356689453125, 'dy': 34.836517333984375, 'scale': 1.2569742110351663, 'second': 15, 'detail': 'k=10 (10.00) inliers=17 second=15 dx=-87 scale=1.257 window=[6,10] fitted=[6, 7, 8, 9, 10]'}
      |         chain push: 1 chunk(s) of 0.40s, change 11.4, best 11.4, hazards none — one push, so `best` IS the whole leg's travel
      |     it   5  k= 13 ->  13  advanced-weak   fix={'k': 13, 'k_float': 13.0, 'inliers': 15, 'dx': -127.20294189453125, 'dy': 34.600006103515625, 'scale': 1.1801151478555811, 'second': 8, 'detail': 'k=13 (13.00) inliers=15 second=8 dx=-127 scale=1.180 window=[9,13] fitted=[10, 11, 12, 13]'}
      |         chain push: 1 chunk(s) of 0.40s, change 7.5, best 7.5, hazards none — one push, so `best` IS the whole leg's travel
      |     it   6  k= 16 ->  16  blind-advance   fix={'k': 15, 'k_float': 15.0, 'inliers': 8, 'dx': -173.52001953125, 'dy': 29.448013305664062, 'scale': 1.2269262708461095, 'second': 0, 'detail': 'k=15 (15.00) inliers=8 second=0 dx=-174 scale=1.227 window=[12,16] fitted=[15]'}
      |         chain push: 1 chunk(s) of 0.40s, change 7.0, best 7.0, hazards none — one push, so `best` IS the whole leg's travel
      |     it   7  k= 19 ->  19  blind-advance   fix=None
      |         turn to 1.6: TURNED to 1.6 (err -0.0) in 1 push(es)
      |         turn to 336.6: TURNED to 338.6 (err -2.0) in 1 push(es)
      |         turn to 26.6: TURNED to 26.2 (err +0.4) in 2 push(es)
      |         turn to 1.6: TURNED to 1.3 (err +0.3) in 2 push(es)
      |         turn to 271.3: TURNED to 270.5 (err +0.8) in 2 push(es)
      |         chain push: 1 chunk(s) of 0.40s, change 6.8, best 6.8, hazards none — one push, so `best` IS the whole leg's travel
      |     it   8  k= 19 ->  39  turn-retry 1/3: the stop's frame did not fit (8 inliers); one more push along 271.3
      |         turn to 1.6: TURNED to 1.6 (err +0.0) in 1 push(es)
      |     it   9  k= 39 ->  39  turned to 1.6055901753868653  (162 inliers at the stop)
      |         chain push: 1 chunk(s) of 0.40s, change 17.7, best 17.7, hazards none — one push, so `best` IS the whole leg's travel
      |     it  10  k= 39 ->  40  stalled         fix={'k': 39, 'k_float': 39.0, 'inliers': 49, 'dx': 21.3599853515625, 'dy': 305.068115234375, 'scale': 1.1402818406004342, 'second': 47, 'detail': 'k=39 (39.00) inliers=49 second=47 dx=+21 scale=1.140 window=[38,42] fitted=[38, 39, 40, 41, 42]'}
      |         chain push: 1 chunk(s) of 0.40s, change 27.3, best 27.3, hazards none — one push, so `best` IS the whole leg's travel
      |         chain strafe: 1 chunk(s) of 0.10s, change 8.7, best 8.7, hazards none — one push, so `best` IS the whole leg's travel
      |     it  11  k= 40 ->  40  advanced        fix={'k': 40, 'k_float': 40.0, 'inliers': 45, 'dx': 38.60003662109375, 'dy': 306.5472412109375, 'scale': 1.270069225180112, 'second': 43, 'detail': 'k=40 (40.00) inliers=45 second=43 dx=+39 scale=1.270 window=[38,42] fitted=[38, 39, 40, 41, 42]'}  strafe right 0.10s
      |         chain push: 1 chunk(s) of 0.40s, change 37.3, best 37.3, hazards none — one push, so `best` IS the whole leg's travel
      |         chain strafe: 1 chunk(s) of 0.10s, change 18.9, best 18.9, hazards none — one push, so `best` IS the whole leg's travel
      |     it  12  k= 43 ->  43  advanced        fix={'k': 43, 'k_float': 43.0, 'inliers': 52, 'dx': 45.591583251953125, 'dy': 261.6204833984375, 'scale': 1.370765649024066, 'second': 48, 'detail': 'k=43 (43.00) inliers=52 second=48 dx=+46 scale=1.371 window=[39,43] fitted=[39, 40, 41, 42, 43]'}  strafe right 0.10s
      |         chain push: 1 chunk(s) of 0.40s, change 32.1, best 32.1, hazards none — one push, so `best` IS the whole leg's travel
      |     it  13  k= 46 ->  46  advanced        fix={'k': 46, 'k_float': 46.0, 'inliers': 49, 'dx': 17.91363525390625, 'dy': 208.32223510742188, 'scale': 1.434240131502561, 'second': 42, 'detail': 'k=46 (46.00) inliers=49 second=42 dx=+18 scale=1.434 window=[42,46] fitted=[42, 43, 44, 45, 46]'}
      |         chain push: 1 chunk(s) of 0.40s, change 17.3, best 17.3, hazards none — one push, so `best` IS the whole leg's travel
      |     it  14  k= 49 ->  49  advanced        fix={'k': 49, 'k_float': 49.0, 'inliers': 159, 'dx': 16.1856689453125, 'dy': 178.8480224609375, 'scale': 1.3762837198087308, 'second': 120, 'detail': 'k=49 (49.00) inliers=159 second=120 dx=+16 scale=1.376 window=[45,49] fitted=[45, 46, 47, 48, 49]'}
      |         chain push: 1 chunk(s) of 0.40s, change 16.3, best 16.3, hazards none — one push, so `best` IS the whole leg's travel
      |     it  15  k= 52 ->  52  advanced        fix={'k': 52, 'k_float': 52.0, 'inliers': 140, 'dx': 9.678497314453125, 'dy': 153.2602996826172, 'scale': 1.3690167093009218, 'second': 106, 'detail': 'k=52 (52.00) inliers=140 second=106 dx=+10 scale=1.369 window=[48,52] fitted=[48, 49, 50, 51, 52]'}
      |         chain push: 1 chunk(s) of 0.40s, change 23.3, best 23.3, hazards none — one push, so `best` IS the whole leg's travel
      |         chain strafe: 1 chunk(s) of 0.11s, change 1.8, best 1.8, hazards SHORT — one push, so `best` IS the whole leg's travel
      |     it  16  k= 55 ->  55  advanced        fix={'k': 55, 'k_float': 55.0, 'inliers': 57, 'dx': 75.84002685546875, 'dy': 57.720001220703125, 'scale': 1.5008296745780414, 'second': 54, 'detail': 'k=55 (55.00) inliers=57 second=54 dx=+76 scale=1.501 window=[51,55] fitted=[51, 52, 53, 54, 55]'}  strafe right 0.10s
      |         chain push: 1 chunk(s) of 0.40s, change 28.3, best 28.3, hazards none — one push, so `best` IS the whole leg's travel
      |     it  17  k= 58 ->  58  advanced        fix={'k': 58, 'k_float': 58.0, 'inliers': 94, 'dx': -22.800018310546875, 'dy': 228.248046875, 'scale': 1.0382027517127144, 'second': 83, 'detail': 'k=58 (58.00) inliers=94 second=83 dx=-23 scale=1.038 window=[54,58] fitted=[54, 55, 56, 57, 58]'}
      |         chain push: 1 chunk(s) of 0.40s, change 29.6, best 29.6, hazards none — one push, so `best` IS the whole leg's travel
      |     it  18  k= 61 ->  61  advanced        fix={'k': 61, 'k_float': 61.0, 'inliers': 116, 'dx': -20.735992431640625, 'dy': 254.0, 'scale': 1.0364833308182178, 'second': 113, 'detail': 'k=61 (61.00) inliers=116 second=113 dx=-21 scale=1.036 window=[57,61] fitted=[57, 58, 59, 60, 61]'}
      |         chain push: 1 chunk(s) of 0.40s, change 29.6, best 29.6, hazards none — one push, so `best` IS the whole leg's travel
      |     it  19  k= 61 ->  64  stalled         fix={'k': 63, 'k_float': 63.0, 'inliers': 130, 'dx': -6.110382080078125, 'dy': 247.6800079345703, 'scale': 1.0356273954985669, 'second': 113, 'detail': 'k=63 (63.00) inliers=130 second=113 dx=-6 scale=1.036 window=[60,64] fitted=[60, 61, 62, 63, 64]'}
      |         chain push: 1 chunk(s) of 0.40s, change 19.4, best 19.4, hazards none — one push, so `best` IS the whole leg's travel
      |     it  20  k= 61 ->  64  stalled         fix={'k': 63, 'k_float': 63.0, 'inliers': 132, 'dx': -8.619964599609375, 'dy': 253.46401977539062, 'scale': 1.0875445561994914, 'second': 125, 'detail': 'k=63 (63.00) inliers=132 second=125 dx=-9 scale=1.088 window=[60,64] fitted=[60, 61, 62, 63, 64]'}
      |         chain push: 1 chunk(s) of 0.40s, change 17.6, best 17.6, hazards none — one push, so `best` IS the whole leg's travel
      |     it  21  k= 64 ->  64  advanced        fix={'k': 64, 'k_float': 64.0, 'inliers': 124, 'dx': -21.719985961914062, 'dy': 246.36001586914062, 'scale': 1.1101339020529757, 'second': 118, 'detail': 'k=64 (64.00) inliers=124 second=118 dx=-22 scale=1.110 window=[60,64] fitted=[60, 61, 62, 63, 64]'}
      |     it  22  k= 88 ->  88  turned (skipped, same heading) to 1.3495539744498237  (94 inliers at the stop)
      |         chain push: 1 chunk(s) of 0.40s, change 18.3, best 18.3, hazards none — one push, so `best` IS the whole leg's travel
      |     it  23  k= 89 ->  89  advanced        fix={'k': 90, 'k_float': 90.0, 'inliers': 86, 'dx': 32.8800048828125, 'dy': -61.71034240722656, 'scale': 1.1395621459732392, 'second': 86, 'detail': 'k=90 (90.00) inliers=86 second=86 dx=+33 scale=1.140 window=[87,91] fitted=[87, 88, 89, 90, 91]'}
      |         chain push: 1 chunk(s) of 0.40s, change 15.7, best 15.7, hazards none — one push, so `best` IS the whole leg's travel
      |         chain strafe: 1 chunk(s) of 0.10s, change 9.1, best 9.1, hazards none — one push, so `best` IS the whole leg's travel
      |     it  24  k= 89 ->  92  stalled         fix={'k': 91, 'k_float': 91.0, 'inliers': 87, 'dx': -35.423980712890625, 'dy': -82.32000732421875, 'scale': 1.2693088579956555, 'second': 77, 'detail': 'k=91 (91.00) inliers=87 second=77 dx=-35 scale=1.269 window=[88,92] fitted=[88, 89, 90, 91, 92]'}  strafe left 0.10s
      |         chain push: 1 chunk(s) of 0.40s, change 15.9, best 15.9, hazards none — one push, so `best` IS the whole leg's travel
      |     it  25  k= 89 ->  92  stalled         fix={'k': 88, 'k_float': 88.0, 'inliers': 96, 'dx': -29.23773193359375, 'dy': -74.26939392089844, 'scale': 1.3916549212827665, 'second': 86, 'detail': 'k=88 (88.00) inliers=96 second=86 dx=-29 scale=1.392 window=[88,92] fitted=[88, 89, 90, 91, 92]'}
      |         chain push: 1 chunk(s) of 0.40s, change 17.3, best 17.3, hazards none — one push, so `best` IS the whole leg's travel
      |         chain strafe: 1 chunk(s) of 0.10s, change 9.6, best 9.6, hazards none — one push, so `best` IS the whole leg's travel
      |     it  26  k= 92 ->  92  advanced        fix={'k': 92, 'k_float': 92.0, 'inliers': 90, 'dx': -35.262664794921875, 'dy': -76.35931396484375, 'scale': 1.416812780844252, 'second': 68, 'detail': 'k=92 (92.00) inliers=90 second=68 dx=-35 scale=1.417 window=[88,92] fitted=[88, 89, 90, 91, 92]'}  strafe left 0.10s
      |         chain push: 1 chunk(s) of 0.40s, change 18.0, best 18.0, hazards none — one push, so `best` IS the whole leg's travel
      |     it  27  k= 94 ->  94  advanced        fix={'k': 95, 'k_float': 95.0, 'inliers': 145, 'dx': -28.9151611328125, 'dy': -48.190399169921875, 'scale': 1.3700835781977938, 'second': 100, 'detail': 'k=95 (95.00) inliers=145 second=100 dx=-29 scale=1.370 window=[91,95] fitted=[91, 92, 93, 94, 95]'}
      |         chain push: 1 chunk(s) of 0.40s, change 25.1, best 25.1, hazards none — one push, so `best` IS the whole leg's travel
      |     it  28  k= 96 ->  96  advanced        fix={'k': 97, 'k_float': 97.0, 'inliers': 110, 'dx': -26.419174194335938, 'dy': -46.50238037109375, 'scale': 1.4905933060946546, 'second': 88, 'detail': 'k=97 (97.00) inliers=110 second=88 dx=-26 scale=1.491 window=[93,97] fitted=[93, 94, 95, 96, 97]'}
      |         chain push: 1 chunk(s) of 0.40s, change 25.1, best 25.1, hazards none — one push, so `best` IS the whole leg's travel
      |         chain strafe: 1 chunk(s) of 0.10s, change 14.1, best 14.1, hazards none — one push, so `best` IS the whole leg's travel
      |     it  29  k= 98 ->  98  advanced        fix={'k': 99, 'k_float': 99.0, 'inliers': 100, 'dx': -39.68840026855469, 'dy': -52.39198303222656, 'scale': 1.5296620123341353, 'second': 93, 'detail': 'k=99 (99.00) inliers=100 second=93 dx=-40 scale=1.530 window=[95,99] fitted=[95, 96, 97, 98, 99]'}  strafe left 0.10s
      |         chain push: 1 chunk(s) of 0.40s, change 25.8, best 25.8, hazards none — one push, so `best` IS the whole leg's travel
      |     it  30  k=100 -> 100  advanced        fix={'k': 100, 'k_float': 100.0, 'inliers': 133, 'dx': -12.719970703125, 'dy': -57.39642333984375, 'scale': 1.6796026364373857, 'second': 125, 'detail': 'k=100 (100.00) inliers=133 second=125 dx=-13 scale=1.680 window=[97,101] fitted=[97, 98, 99, 100, 101]'}
      |         chain push: 1 chunk(s) of 0.40s, change 21.6, best 21.6, hazards none — one push, so `best` IS the whole leg's travel
      |     it  31  k=102 -> 102  advanced        fix={'k': 103, 'k_float': 103.0, 'inliers': 150, 'dx': -17.726181030273438, 'dy': -66.50515747070312, 'scale': 1.6507804737539253, 'second': 131, 'detail': 'k=103 (103.00) inliers=150 second=131 dx=-18 scale=1.651 window=[99,103] fitted=[99, 100, 101, 102, 103]'}
      |         chain push: 1 chunk(s) of 0.40s, change 20.7, best 20.7, hazards none — one push, so `best` IS the whole leg's travel
      |     it  32  k=104 -> 104  advanced        fix={'k': 105, 'k_float': 105.0, 'inliers': 125, 'dx': -26.351959228515625, 'dy': -77.07997131347656, 'scale': 1.816962368723405, 'second': 117, 'detail': 'k=105 (105.00) inliers=125 second=117 dx=-26 scale=1.817 window=[101,105] fitted=[101, 102, 103, 104, 105]'}
      |         chain push: 1 chunk(s) of 0.40s, change 18.6, best 18.6, hazards none — one push, so `best` IS the whole leg's travel
      |         chain strafe: 1 chunk(s) of 0.20s, change 16.2, best 16.2, hazards none — one push, so `best` IS the whole leg's travel
      |     it  33  k=107 -> 107  advanced        fix={'k': 107, 'k_float': 107.0, 'inliers': 102, 'dx': -141.00668334960938, 'dy': -91.3403549194336, 'scale': 1.9623099221390277, 'second': 93, 'detail': 'k=107 (107.00) inliers=102 second=93 dx=-141 scale=1.962 window=[103,107] fitted=[103, 104, 105, 106, 107]'}  strafe left 0.20s
      |         chain push: 1 chunk(s) of 0.40s, change 19.9, best 19.9, hazards none — one push, so `best` IS the whole leg's travel
      |     it  34  k=109 -> 109  advanced        fix={'k': 110, 'k_float': 110.0, 'inliers': 87, 'dx': 4.801666259765625, 'dy': -114.57597351074219, 'scale': 1.9905656681774397, 'second': 78, 'detail': 'k=110 (110.00) inliers=87 second=78 dx=+5 scale=1.991 window=[106,110] fitted=[106, 107, 108, 109, 110]'}
      |         chain push: 1 chunk(s) of 0.40s, change 26.1, best 26.1, hazards none — one push, so `best` IS the whole leg's travel
      |     it  35  k=109 -> 112  stalled         fix={'k': 110, 'k_float': 110.0, 'inliers': 44, 'dx': 6.75567626953125, 'dy': -48.63885498046875, 'scale': 3.663534512228658, 'second': 20, 'detail': 'k=110 (110.00) inliers=44 second=20 dx=+7 scale=3.664 window=[108,112] fitted=[108, 109, 110, 111, 112]'}
      |         chain push: 1 chunk(s) of 0.40s, change 44.7, best 44.7, hazards none — one push, so `best` IS the whole leg's travel
      |     it  36  k=112 -> 112  blind-advance   fix=None
      |         chain push: 1 chunk(s) of 0.40s, change 18.7, best 18.7, hazards none — one push, so `best` IS the whole leg's travel
      |     it  37  k=114 -> 114  blind-advance   fix=None
      |         turn to 303.3: TURNED to 305.8 (err -2.5) in 1 push(es)
      |         turn to 278.3: TURNED to 278.7 (err -0.3) in 1 push(es)
      |         turn to 328.3: TURNED to 328.4 (err -0.1) in 1 push(es)
      |         turn to 303.3: TURNED to 307.3 (err -3.9) in 1 push(es)
      |         chain strafe: 1 chunk(s) of 0.56s, change 19.8, best 19.8, hazards none — one push, so `best` IS the whole leg's travel
      |     it  38  k=129 -> 129  turned-looked to 303.34476843910807  (163 inliers at the stop)
      |         turn to 299.8: TURNED to 301.4 (err -1.6) in 1 push(es)
      |         chain push: 1 chunk(s) of 0.40s, change 12.6, best 12.6, hazards none — one push, so `best` IS the whole leg's travel
      |         chain strafe: 1 chunk(s) of 0.30s, change 11.7, best 11.7, hazards none — one push, so `best` IS the whole leg's travel
      |     it  39  k=130 -> 130  advanced        fix={'k': 131, 'k_float': 131.0, 'inliers': 150, 'dx': -268.0, 'dy': -100.85760498046875, 'scale': 1.271439402741616, 'second': 136, 'detail': 'k=131 (131.00) inliers=150 second=136 dx=-268 scale=1.271 window=[128,132] fitted=[128, 129, 130, 131, 132]'}  strafe left 0.30s
      |         turn to 298.3: NO-OP, already inside 4.0 deg (at 301.3, err -3.1) — nothing was sent, the recorded curve was discarded, and the caller's step line will look like a turn that happened
      |         chain push: 1 chunk(s) of 0.40s, change 11.8, best 11.8, hazards none — one push, so `best` IS the whole leg's travel
      |         chain strafe: 1 chunk(s) of 0.20s, change 3.0, best 3.0, hazards SHORT — one push, so `best` IS the whole leg's travel
      |     it  40  k=130 -> 133  stalled         fix={'k': 129, 'k_float': 129.0, 'inliers': 130, 'dx': -142.6175994873047, 'dy': -107.51614379882812, 'scale': 1.4533066158594794, 'second': 128, 'detail': 'k=129 (129.00) inliers=130 second=128 dx=-143 scale=1.453 window=[129,133] fitted=[129, 130, 131, 132, 133]'}  strafe left 0.20s
      |         chain push: 1 chunk(s) of 0.40s, change 21.6, best 21.6, hazards none — one push, so `best` IS the whole leg's travel
      |         chain strafe: 1 chunk(s) of 0.30s, change 20.9, best 20.9, hazards none — one push, so `best` IS the whole leg's travel
      |     it  41  k=130 -> 133  stalled         fix={'k': 132, 'k_float': 132.0, 'inliers': 110, 'dx': -296.39532470703125, 'dy': -138.65008544921875, 'scale': 1.804293200908688, 'second': 97, 'detail': 'k=132 (132.00) inliers=110 second=97 dx=-296 scale=1.804 window=[129,133] fitted=[129, 130, 131, 132, 133]'}  strafe left 0.30s
      |         chain push: 1 chunk(s) of 0.40s, change 23.1, best 23.1, hazards none — one push, so `best` IS the whole leg's travel
      |         chain strafe: 1 chunk(s) of 0.30s, change 25.2, best 25.2, hazards none — one push, so `best` IS the whole leg's travel
      |     it  42  k=133 -> 133  advanced-past   fix={'k': 130, 'k_float': 130.0, 'inliers': 116, 'dx': -218.95046997070312, 'dy': -169.37530517578125, 'scale': 2.394764273309282, 'second': 70, 'detail': 'k=130 (130.00) inliers=116 second=70 dx=-219 scale=2.395 window=[129,133] fitted=[129, 130, 131, 132, 133]'}  strafe left 0.30s
      |         chain push: 1 chunk(s) of 0.40s, change 32.9, best 32.9, hazards none — one push, so `best` IS the whole leg's travel
      |     it  43  k=136 -> 136  advanced-weak   fix={'k': 135, 'k_float': 135.0, 'inliers': 23, 'dx': -211.7427978515625, 'dy': -195.71478271484375, 'scale': 3.0891688394466006, 'second': 19, 'detail': 'k=135 (135.00) inliers=23 second=19 dx=-212 scale=3.089 window=[132,136] fitted=[132, 133, 134, 135, 136]'}
      |         chain push: 1 chunk(s) of 0.40s, change 40.6, best 40.6, hazards none — one push, so `best` IS the whole leg's travel
      |     it  44  k=139 -> 139  advanced-weak   fix={'k': 137, 'k_float': 137.0, 'inliers': 19, 'dx': 162.0, 'dy': -106.37567138671875, 'scale': 1.115923588276204, 'second': 17, 'detail': 'k=137 (137.00) inliers=19 second=17 dx=+162 scale=1.116 window=[135,139] fitted=[135, 136, 137, 138, 139]'}
      |         chain push: 1 chunk(s) of 0.40s, change 52.7, best 52.7, hazards none — one push, so `best` IS the whole leg's travel
      |     it  45  k=142 -> 142  advanced        fix={'k': 142, 'k_float': 142.0, 'inliers': 34, 'dx': 29.95941162109375, 'dy': -110.8711929321289, 'scale': 1.4279713887000178, 'second': 32, 'detail': 'k=142 (142.00) inliers=34 second=32 dx=+30 scale=1.428 window=[138,142] fitted=[138, 139, 140, 141, 142]'}
      |         turn to 2.2: TURNED to 1.9 (err +0.4) in 2 push(es)
      |     it  46  k=166 -> 166  turned to 2.2489998976495684  (125 inliers at the stop)
      |         chain push: 1 chunk(s) of 0.40s, change 21.0, best 21.0, hazards none — one push, so `best` IS the whole leg's travel
      |         chain strafe: 1 chunk(s) of 0.30s, change 23.0, best 23.0, hazards none — one push, so `best` IS the whole leg's travel
      |     it  47  k=166 -> 167  stalled         fix={'k': 166, 'k_float': 166.0, 'inliers': 115, 'dx': 247.10406494140625, 'dy': -120.72000122070312, 'scale': 1.2277324380054726, 'second': 113, 'detail': 'k=166 (166.00) inliers=115 second=113 dx=+247 scale=1.228 window=[165,169] fitted=[165, 166, 167, 168, 169]'}  strafe right 0.30s
      |         chain push: 1 chunk(s) of 0.40s, change 34.0, best 34.0, hazards none — one push, so `best` IS the whole leg's travel
      |         chain strafe: 1 chunk(s) of 0.30s, change 27.2, best 27.2, hazards none — one push, so `best` IS the whole leg's travel
      |     it  48  k=167 -> 167  advanced-past   fix={'k': 166, 'k_float': 166.0, 'inliers': 110, 'dx': 280.1896057128906, 'dy': -130.22573852539062, 'scale': 1.603246449035269, 'second': 97, 'detail': 'k=166 (166.00) inliers=110 second=97 dx=+280 scale=1.603 window=[165,169] fitted=[165, 166, 167, 168, 169]'}  strafe right 0.30s
      |         turn to 4.3: NO-OP, already inside 4.0 deg (at 1.9, err +2.3) — nothing was sent, the recorded curve was discarded, and the caller's step line will look like a turn that happened
      |         chain push: 1 chunk(s) of 0.40s, change 31.8, best 31.8, hazards none — one push, so `best` IS the whole leg's travel
      |     it  49  k=169 -> 169  advanced        fix={'k': 170, 'k_float': 170.0, 'inliers': 42, 'dx': -22.574562072753906, 'dy': -174.59999084472656, 'scale': 1.419422628033665, 'second': 40, 'detail': 'k=170 (170.00) inliers=42 second=40 dx=-23 scale=1.419 window=[166,170] fitted=[166, 167, 168, 169, 170]'}
      |         turn to 2.2: NO-OP, already inside 4.0 deg (at 1.9, err +0.3) — nothing was sent, the recorded curve was discarded, and the caller's step line will look like a turn that happened
      |         chain push: 1 chunk(s) of 0.40s, change 34.6, best 34.6, hazards none — one push, so `best` IS the whole leg's travel
      |         chain strafe: 1 chunk(s) of 0.16s, change 18.9, best 18.9, hazards none — one push, so `best` IS the whole leg's travel
      |     it  50  k=171 -> 171  advanced        fix={'k': 172, 'k_float': 172.0, 'inliers': 34, 'dx': 116.56303405761719, 'dy': -193.16502380371094, 'scale': 1.9893600477869604, 'second': 33, 'detail': 'k=172 (172.00) inliers=34 second=33 dx=+117 scale=1.989 window=[168,172] fitted=[168, 169, 170, 171, 172]'}  strafe right 0.16s
      |         chain push: 1 chunk(s) of 0.40s, change 23.4, best 23.4, hazards none — one push, so `best` IS the whole leg's travel
      |         chain strafe: 1 chunk(s) of 0.13s, change 21.6, best 21.6, hazards none — one push, so `best` IS the whole leg's travel
      |     it  51  k=173 -> 173  advanced        fix={'k': 174, 'k_float': 174.0, 'inliers': 43, 'dx': 95.76806640625, 'dy': -197.59677124023438, 'scale': 1.937743965172986, 'second': 33, 'detail': 'k=174 (174.00) inliers=43 second=33 dx=+96 scale=1.938 window=[170,174] fitted=[170, 171, 172, 173, 174]'}  strafe right 0.13s
      |         chain push: 1 chunk(s) of 0.40s, change 33.8, best 33.8, hazards none — one push, so `best` IS the whole leg's travel
      |         chain strafe: 1 chunk(s) of 0.10s, change 24.1, best 24.1, hazards none — one push, so `best` IS the whole leg's travel
      |     it  52  k=176 -> 176  advanced        fix={'k': 176, 'k_float': 176.0, 'inliers': 42, 'dx': 39.513458251953125, 'dy': -235.09564208984375, 'scale': 2.3489861646676164, 'second': 26, 'detail': 'k=176 (176.00) inliers=42 second=26 dx=+40 scale=2.349 window=[172,176] fitted=[172, 173, 174, 175, 176]'}  strafe right 0.10s
      |         turn to 89.5: TURNED to 91.8 (err -2.3) in 1 push(es)
      |     it  53  k=196 -> 196  turned to 89.491477293153  (144 inliers at the stop)
      |         chain push: 1 chunk(s) of 0.40s, change 41.5, best 41.5, hazards none — one push, so `best` IS the whole leg's travel
      |         chain strafe: 1 chunk(s) of 0.30s, change 33.2, best 33.2, hazards none — one push, so `best` IS the whole leg's travel
      |     it  54  k=197 -> 197  advanced        fix={'k': 199, 'k_float': 199.0, 'inliers': 136, 'dx': 316.0, 'dy': -100.80001831054688, 'scale': 1.0488592097349398, 'second': 117, 'detail': 'k=199 (199.00) inliers=136 second=117 dx=+316 scale=1.049 window=[195,199] fitted=[195, 196, 197, 198, 199]'}  strafe right 0.30s
      |         chain push: 1 chunk(s) of 0.40s, change 41.1, best 41.1, hazards none — one push, so `best` IS the whole leg's travel
      |         chain strafe: 1 chunk(s) of 0.30s, change 33.7, best 33.7, hazards none — one push, so `best` IS the whole leg's travel
      |     it  55  k=200 -> 200  advanced        fix={'k': 200, 'k_float': 200.0, 'inliers': 142, 'dx': 292.4688720703125, 'dy': -75.88798522949219, 'scale': 1.2017082002652624, 'second': 114, 'detail': 'k=200 (200.00) inliers=142 second=114 dx=+292 scale=1.202 window=[196,200] fitted=[196, 197, 198, 199, 200]'}  strafe right 0.30s
      |         chain push: 1 chunk(s) of 0.40s, change 35.4, best 35.4, hazards none — one push, so `best` IS the whole leg's travel
      |         chain strafe: 1 chunk(s) of 0.30s, change 34.0, best 34.0, hazards none — one push, so `best` IS the whole leg's travel
      |     it  56  k=203 -> 203  advanced        fix={'k': 203, 'k_float': 203.0, 'inliers': 136, 'dx': 215.62721252441406, 'dy': -87.04559326171875, 'scale': 1.0324591035361892, 'second': 125, 'detail': 'k=203 (203.00) inliers=136 second=125 dx=+216 scale=1.032 window=[199,203] fitted=[199, 200, 201, 202, 203]'}  strafe right 0.30s
      |         chain push: 1 chunk(s) of 0.40s, change 51.4, best 51.4, hazards none — one push, so `best` IS the whole leg's travel
      |   chain_walk: ARRIVED at iteration 57, k=203 (target 204 of 204), 51 push(es)
[ 8] ARRIVED   k=203/205  it=57  pushes=51  seconds=102.7 (walk 87.17, setup 13.4)  failure=None
      |   pause menu open (selected 'Resume')
      |   selected: Load Last Save
      |   no dialog yet (delta 2.9) — the commit press did not land, retrying (1/3)
      |   confirmation dialog up (delta 81.6) -> YES
      |   world back after 3.2s, spawn bearing 87 (E)
      |   setup 17.7s (reset 15.0s, Chain.load 2.7s for 205 waypoints) of a 180s budget
      |   chain_walk: 205 waypoints -> plan of 47 targets (41 push, 6 turn-only); the prompt is checked on every iteration; k rises by at most 1 per iteration, so >= 204 iteration(s). The 180s cap allows 0.88s each. At the last waypoint the walk may spend 3 more iteration(s) — 0.540 walk-units of forward push against OPEN-22's measured 0.05 — and then gives up rather than walking on past the table.
      |         turn to 271.3: TURNED to 273.3 (err -2.0) in 2 push(es)
      |     it   1  k=  3 ->   3  turned to 271.3168428039934  (189 inliers at the stop)
      |         chain push: 1 chunk(s) of 0.40s, change 20.5, best 20.5, hazards none — one push, so `best` IS the whole leg's travel
      |     it   2  k=  4 ->   4  advanced-weak   fix={'k': 6, 'k_float': 6.0, 'inliers': 23, 'dx': -6.56634521484375, 'dy': 19.920013427734375, 'scale': 1.1591151475589518, 'second': 16, 'detail': 'k=6 (6.00) inliers=23 second=16 dx=-7 scale=1.159 window=[2,6] fitted=[2, 3, 4, 5, 6]'}
      |         chain push: 1 chunk(s) of 0.40s, change 18.4, best 18.4, hazards none — one push, so `best` IS the whole leg's travel
      |     it   3  k=  7 ->   7  advanced-weak   fix={'k': 6, 'k_float': 6.0, 'inliers': 15, 'dx': -100.61105346679688, 'dy': 36.633636474609375, 'scale': 1.4712055231228243, 'second': 14, 'detail': 'k=6 (6.00) inliers=15 second=14 dx=-101 scale=1.471 window=[3,7] fitted=[3, 4, 5, 6, 7]'}
      |         chain push: 1 chunk(s) of 0.40s, change 14.7, best 14.7, hazards none — one push, so `best` IS the whole leg's travel
      |     it   4  k= 10 ->  10  blind-advance   fix={'k': 10, 'k_float': 10.0, 'inliers': 11, 'dx': -163.75997924804688, 'dy': 42.965057373046875, 'scale': 1.3036440224478454, 'second': 9, 'detail': 'k=10 (10.00) inliers=11 second=9 dx=-164 scale=1.304 window=[6,10] fitted=[6, 8, 9, 10]'}
      |         chain push: 1 chunk(s) of 0.40s, change 9.9, best 9.9, hazards none — one push, so `best` IS the whole leg's travel
      |     it   5  k= 13 ->  13  blind-advance   fix=None
      |         chain push: 1 chunk(s) of 0.40s, change 7.4, best 7.4, hazards none — one push, so `best` IS the whole leg's travel
      |     it   6  k= 16 ->  16  blind-advance   fix=None
      |         chain push: 1 chunk(s) of 0.40s, change 6.6, best 6.6, hazards none — one push, so `best` IS the whole leg's travel
      |     it   7  k= 19 ->  19  blind-advance   fix=None
      |         turn to 1.6: TURNED to 0.7 (err +0.9) in 1 push(es)
      |     it   8  k= 39 ->  39  turned to 1.6055901753868653  (86 inliers at the stop)
      |         chain push: 1 chunk(s) of 0.40s, change 13.0, best 13.0, hazards none — one push, so `best` IS the whole leg's travel
      |     it   9  k= 40 ->  40  advanced        fix={'k': 42, 'k_float': 42.0, 'inliers': 84, 'dx': 21.05095672607422, 'dy': 372.7421875, 'scale': 1.3180225840081516, 'second': 67, 'detail': 'k=42 (42.00) inliers=84 second=67 dx=+21 scale=1.318 window=[38,42] fitted=[38, 39, 40, 41, 42]'}
      |         chain push: 1 chunk(s) of 0.40s, change 26.7, best 26.7, hazards none — one push, so `best` IS the whole leg's travel
      |         chain strafe: 1 chunk(s) of 0.13s, change 15.4, best 15.4, hazards none — one push, so `best` IS the whole leg's travel
      |     it  10  k= 40 ->  43  stalled         fix={'k': 40, 'k_float': 40.0, 'inliers': 45, 'dx': 91.800048828125, 'dy': 353.3760681152344, 'scale': 1.2724871870505141, 'second': 44, 'detail': 'k=40 (40.00) inliers=45 second=44 dx=+92 scale=1.272 window=[39,43] fitted=[39, 40, 41, 42, 43]'}  strafe right 0.13s
      |         chain push: 1 chunk(s) of 0.40s, change 41.8, best 41.8, hazards none — one push, so `best` IS the whole leg's travel
      |         chain strafe: 1 chunk(s) of 0.14s, change 21.6, best 21.6, hazards none — one push, so `best` IS the whole leg's travel
      |     it  11  k= 40 ->  43  stalled         fix={'k': 41, 'k_float': 41.0, 'inliers': 45, 'dx': 98.60003662109375, 'dy': 328.624267578125, 'scale': 1.4639325302987196, 'second': 42, 'detail': 'k=41 (41.00) inliers=45 second=42 dx=+99 scale=1.464 window=[39,43] fitted=[39, 40, 41, 42, 43]'}  strafe right 0.14s
      |         chain push: 1 chunk(s) of 0.40s, change 39.0, best 39.0, hazards none — one push, so `best` IS the whole leg's travel
      |         chain strafe: 1 chunk(s) of 0.15s, change 7.7, best 7.7, hazards none — one push, so `best` IS the whole leg's travel
      |     it  12  k= 43 ->  43  advanced        fix={'k': 43, 'k_float': 43.0, 'inliers': 33, 'dx': 108.67987060546875, 'dy': 281.4913635253906, 'scale': 1.758733621630164, 'second': 33, 'detail': 'k=43 (43.00) inliers=33 second=33 dx=+109 scale=1.759 window=[39,43] fitted=[39, 40, 41, 42, 43]'}  strafe right 0.15s
      |         chain push: 1 chunk(s) of 0.40s, change 16.9, best 16.9, hazards none — one push, so `best` IS the whole leg's travel
      |     it  13  k= 46 ->  46  advanced-weak   fix={'k': 46, 'k_float': 46.0, 'inliers': 28, 'dx': 114.71630859375, 'dy': 175.61961364746094, 'scale': 2.0335172523898875, 'second': 24, 'detail': 'k=46 (46.00) inliers=28 second=24 dx=+115 scale=2.034 window=[42,46] fitted=[42, 43, 44, 45, 46]'}
      |         chain push: 1 chunk(s) of 0.40s, change 19.7, best 19.7, hazards none — one push, so `best` IS the whole leg's travel
      |         chain strafe: 1 chunk(s) of 0.25s, change 2.7, best 2.7, hazards SHORT — one push, so `best` IS the whole leg's travel
      |     it  14  k= 49 ->  49  advanced        fix={'k': 49, 'k_float': 49.0, 'inliers': 39, 'dx': 180.81353759765625, 'dy': 87.83551025390625, 'scale': 2.113725919306132, 'second': 33, 'detail': 'k=49 (49.00) inliers=39 second=33 dx=+181 scale=2.114 window=[45,49] fitted=[45, 46, 47, 48, 49]'}  strafe right 0.25s
      |         chain push: 1 chunk(s) of 0.40s, change 24.2, best 24.2, hazards none — one push, so `best` IS the whole leg's travel
      |     it  15  k= 52 ->  52  advanced-weak   fix={'k': 52, 'k_float': 52.0, 'inliers': 21, 'dx': 252.43212890625, 'dy': -3.411773681640625, 'scale': 2.0863062920368876, 'second': 18, 'detail': 'k=52 (52.00) inliers=21 second=18 dx=+252 scale=2.086 window=[48,52] fitted=[48, 49, 50, 51, 52]'}
      |         chain push: 1 chunk(s) of 0.40s, change 32.3, best 32.3, hazards none — one push, so `best` IS the whole leg's travel
      |     it  16  k= 55 ->  55  advanced        fix={'k': 55, 'k_float': 55.0, 'inliers': 31, 'dx': -7.79998779296875, 'dy': 251.42404174804688, 'scale': 1.0827064273548663, 'second': 10, 'detail': 'k=55 (55.00) inliers=31 second=10 dx=-8 scale=1.083 window=[51,55] fitted=[52, 53, 54, 55]'}
      |         chain push: 1 chunk(s) of 0.40s, change 31.2, best 31.2, hazards none — one push, so `best` IS the whole leg's travel
      |     it  17  k= 55 ->  58  stalled         fix={'k': 57, 'k_float': 57.0, 'inliers': 86, 'dx': -8.247177124023438, 'dy': 274.8797607421875, 'scale': 1.2064141547615823, 'second': 68, 'detail': 'k=57 (57.00) inliers=86 second=68 dx=-8 scale=1.206 window=[54,58] fitted=[54, 55, 56, 57, 58]'}
      |         chain push: 1 chunk(s) of 0.40s, change 22.0, best 22.0, hazards none — one push, so `best` IS the whole leg's travel
      |     it  18  k= 58 ->  58  advanced        fix={'k': 58, 'k_float': 58.0, 'inliers': 78, 'dx': -9.183975219726562, 'dy': 292.03070068359375, 'scale': 1.2729104606117874, 'second': 69, 'detail': 'k=58 (58.00) inliers=78 second=69 dx=-9 scale=1.273 window=[54,58] fitted=[54, 55, 56, 57, 58]'}
      |         chain push: 1 chunk(s) of 0.40s, change 17.7, best 17.7, hazards none — one push, so `best` IS the whole leg's travel
      |     it  19  k= 61 ->  61  advanced        fix={'k': 61, 'k_float': 61.0, 'inliers': 99, 'dx': -6.9119873046875, 'dy': 307.67999267578125, 'scale': 1.2614949351279265, 'second': 81, 'detail': 'k=61 (61.00) inliers=99 second=81 dx=-7 scale=1.261 window=[57,61] fitted=[57, 58, 59, 60, 61]'}
      |         chain push: 1 chunk(s) of 0.40s, change 19.3, best 19.3, hazards none — one push, so `best` IS the whole leg's travel
      |         chain strafe: 1 chunk(s) of 0.10s, change 7.6, best 7.6, hazards none — one push, so `best` IS the whole leg's travel
      |     it  20  k= 64 ->  64  advanced        fix={'k': 64, 'k_float': 64.0, 'inliers': 98, 'dx': 60.988800048828125, 'dy': 269.91363525390625, 'scale': 1.1484190132582732, 'second': 95, 'detail': 'k=64 (64.00) inliers=98 second=95 dx=+61 scale=1.148 window=[60,64] fitted=[60, 61, 62, 63, 64]'}  strafe right 0.10s
      |     it  21  k= 88 ->  88  turned (skipped, same heading) to 1.3495539744498237  (88 inliers at the stop)
      |         chain push: 1 chunk(s) of 0.40s, change 17.3, best 17.3, hazards none — one push, so `best` IS the whole leg's travel
      |     it  22  k= 89 ->  89  advanced        fix={'k': 91, 'k_float': 91.0, 'inliers': 65, 'dx': -10.08001708984375, 'dy': -29.721588134765625, 'scale': 1.1716198519947463, 'second': 62, 'detail': 'k=91 (91.00) inliers=65 second=62 dx=-10 scale=1.172 window=[87,91] fitted=[87, 88, 89, 90, 91]'}
      |         chain push: 1 chunk(s) of 0.40s, change 15.8, best 15.8, hazards none — one push, so `best` IS the whole leg's travel
      |     it  23  k= 89 ->  92  stalled         fix={'k': 90, 'k_float': 90.0, 'inliers': 88, 'dx': -18.742050170898438, 'dy': -27.579986572265625, 'scale': 1.3869405478701256, 'second': 74, 'detail': 'k=90 (90.00) inliers=88 second=74 dx=-19 scale=1.387 window=[88,92] fitted=[88, 89, 90, 91, 92]'}
      |         chain push: 1 chunk(s) of 0.40s, change 18.0, best 18.0, hazards none — one push, so `best` IS the whole leg's travel
      |     it  24  k= 89 ->  92  stalled         fix={'k': 91, 'k_float': 91.0, 'inliers': 88, 'dx': -23.67999267578125, 'dy': -29.442520141601562, 'scale': 1.4843150400546576, 'second': 82, 'detail': 'k=91 (91.00) inliers=88 second=82 dx=-24 scale=1.484 window=[88,92] fitted=[88, 89, 90, 91, 92]'}
      |         chain push: 1 chunk(s) of 0.40s, change 14.8, best 14.8, hazards none — one push, so `best` IS the whole leg's travel
      |     it  25  k= 92 ->  92  advanced        fix={'k': 92, 'k_float': 92.0, 'inliers': 89, 'dx': -27.769622802734375, 'dy': -27.647918701171875, 'scale': 1.4891252243902182, 'second': 74, 'detail': 'k=92 (92.00) inliers=89 second=74 dx=-28 scale=1.489 window=[88,92] fitted=[88, 89, 90, 91, 92]'}
      |         chain push: 1 chunk(s) of 0.40s, change 16.7, best 16.7, hazards none — one push, so `best` IS the whole leg's travel
      |     it  26  k= 94 ->  94  advanced        fix={'k': 94, 'k_float': 94.0, 'inliers': 92, 'dx': -31.40118408203125, 'dy': -24.167938232421875, 'scale': 1.4470101802562445, 'second': 80, 'detail': 'k=94 (94.00) inliers=92 second=80 dx=-31 scale=1.447 window=[91,95] fitted=[91, 92, 93, 94, 95]'}
      |         chain push: 1 chunk(s) of 0.40s, change 22.2, best 22.2, hazards none — one push, so `best` IS the whole leg's travel
      |         chain strafe: 1 chunk(s) of 0.10s, change 12.1, best 12.1, hazards none — one push, so `best` IS the whole leg's travel
      |     it  27  k= 96 ->  96  advanced        fix={'k': 97, 'k_float': 97.0, 'inliers': 130, 'dx': -36.79998779296875, 'dy': 14.544998168945312, 'scale': 1.4249824577353989, 'second': 130, 'detail': 'k=97 (97.00) inliers=130 second=130 dx=-37 scale=1.425 window=[93,97] fitted=[93, 94, 95, 96, 97]'}  strafe left 0.10s
      |         chain push: 1 chunk(s) of 0.40s, change 18.6, best 18.6, hazards none — one push, so `best` IS the whole leg's travel
      |     it  28  k= 98 ->  98  advanced        fix={'k': 99, 'k_float': 99.0, 'inliers': 119, 'dx': -23.279998779296875, 'dy': 4.89373779296875, 'scale': 1.3555805968151617, 'second': 119, 'detail': 'k=99 (99.00) inliers=119 second=119 dx=-23 scale=1.356 window=[95,99] fitted=[95, 96, 97, 98, 99]'}
      |         chain push: 1 chunk(s) of 0.40s, change 25.6, best 25.6, hazards none — one push, so `best` IS the whole leg's travel
      |         chain strafe: 1 chunk(s) of 0.10s, change 12.8, best 12.8, hazards none — one push, so `best` IS the whole leg's travel
      |     it  29  k=100 -> 100  advanced        fix={'k': 101, 'k_float': 101.0, 'inliers': 148, 'dx': -55.70396423339844, 'dy': -5.662384033203125, 'scale': 1.4124732289466317, 'second': 130, 'detail': 'k=101 (101.00) inliers=148 second=130 dx=-56 scale=1.412 window=[97,101] fitted=[97, 98, 99, 100, 101]'}  strafe left 0.10s
      |         chain push: 1 chunk(s) of 0.40s, change 27.4, best 27.4, hazards none — one push, so `best` IS the whole leg's travel
      |     it  30  k=102 -> 102  advanced        fix={'k': 103, 'k_float': 103.0, 'inliers': 168, 'dx': -8.059158325195312, 'dy': -9.211181640625, 'scale': 1.458167361251315, 'second': 127, 'detail': 'k=103 (103.00) inliers=168 second=127 dx=-8 scale=1.458 window=[99,103] fitted=[99, 100, 101, 102, 103]'}
      |         chain push: 1 chunk(s) of 0.40s, change 27.0, best 27.0, hazards none — one push, so `best` IS the whole leg's travel
      |     it  31  k=104 -> 104  advanced        fix={'k': 104, 'k_float': 104.0, 'inliers': 145, 'dx': -7.5279541015625, 'dy': -16.88824462890625, 'scale': 1.6609270923251176, 'second': 144, 'detail': 'k=104 (104.00) inliers=145 second=144 dx=-8 scale=1.661 window=[101,105] fitted=[101, 102, 103, 104, 105]'}
      |         chain push: 1 chunk(s) of 0.40s, change 23.0, best 23.0, hazards none — one push, so `best` IS the whole leg's travel
      |         chain strafe: 1 chunk(s) of 0.13s, change 13.3, best 13.3, hazards none — one push, so `best` IS the whole leg's travel
      |     it  32  k=107 -> 107  advanced        fix={'k': 107, 'k_float': 107.0, 'inliers': 148, 'dx': -94.0531005859375, 'dy': -27.818038940429688, 'scale': 1.714804230949409, 'second': 128, 'detail': 'k=107 (107.00) inliers=148 second=128 dx=-94 scale=1.715 window=[103,107] fitted=[103, 104, 105, 106, 107]'}  strafe left 0.13s
      |         chain push: 1 chunk(s) of 0.40s, change 20.6, best 20.6, hazards none — one push, so `best` IS the whole leg's travel
      |         chain strafe: 1 chunk(s) of 0.12s, change 12.5, best 12.5, hazards none — one push, so `best` IS the whole leg's travel
      |     it  33  k=109 -> 109  advanced        fix={'k': 109, 'k_float': 109.0, 'inliers': 98, 'dx': -88.86347961425781, 'dy': -62.171478271484375, 'scale': 2.004128364949631, 'second': 93, 'detail': 'k=109 (109.00) inliers=98 second=93 dx=-89 scale=2.004 window=[106,110] fitted=[106, 107, 108, 109, 110]'}  strafe left 0.12s
      |         chain push: 1 chunk(s) of 0.40s, change 29.1, best 29.1, hazards none — one push, so `best` IS the whole leg's travel
      |     it  34  k=112 -> 112  advanced-weak   fix={'k': 111, 'k_float': 111.0, 'inliers': 20, 'dx': 39.979095458984375, 'dy': -8.807037353515625, 'scale': 4.099176082506205, 'second': 17, 'detail': 'k=111 (111.00) inliers=20 second=17 dx=+40 scale=4.099 window=[108,112] fitted=[110, 111, 112]'}
      |         chain push: 1 chunk(s) of 0.40s, change 41.8, best 41.8, hazards none — one push, so `best` IS the whole leg's travel
      |     it  35  k=114 -> 114  blind-advance   fix=None
      |         turn to 303.3: TURNED to 306.2 (err -2.9) in 1 push(es)
      |         turn to 278.3: TURNED to 281.5 (err -3.2) in 1 push(es)
      |         turn to 328.3: TURNED to 330.1 (err -1.8) in 1 push(es)
      |         turn to 303.3: TURNED to 304.0 (err -0.6) in 2 push(es)
      |         chain strafe: 1 chunk(s) of 0.60s, change 20.5, best 20.5, hazards none — one push, so `best` IS the whole leg's travel
      |     it  36  k=129 -> 129  turned-looked to 303.34476843910807  (184 inliers at the stop)
      |         turn to 299.8: TURNED to 300.4 (err -0.7) in 1 push(es)
      |         chain push: 1 chunk(s) of 0.40s, change 14.4, best 14.4, hazards none — one push, so `best` IS the whole leg's travel
      |         chain strafe: 1 chunk(s) of 0.10s, change 7.4, best 7.4, hazards none — one push, so `best` IS the whole leg's travel
      |     it  37  k=129 -> 130  stalled         fix={'k': 128, 'k_float': 128.0, 'inliers': 135, 'dx': -56.23603820800781, 'dy': -37.79998779296875, 'scale': 1.28414836088024, 'second': 132, 'detail': 'k=128 (128.00) inliers=135 second=132 dx=-56 scale=1.284 window=[128,132] fitted=[128, 129, 130, 131, 132]'}  strafe left 0.10s
      |         chain push: 1 chunk(s) of 0.40s, change 16.5, best 16.5, hazards none — one push, so `best` IS the whole leg's travel
      |         chain strafe: 1 chunk(s) of 0.30s, change 20.1, best 20.1, hazards none — one push, so `best` IS the whole leg's travel
      |     it  38  k=130 -> 130  advanced        fix={'k': 130, 'k_float': 130.0, 'inliers': 114, 'dx': -256.267822265625, 'dy': -71.06663513183594, 'scale': 1.6598678646008573, 'second': 102, 'detail': 'k=130 (130.00) inliers=114 second=102 dx=-256 scale=1.660 window=[128,132] fitted=[128, 129, 130, 131, 132]'}  strafe left 0.30s
      |         turn to 298.3: NO-OP, already inside 4.0 deg (at 300.4, err -2.2) — nothing was sent, the recorded curve was discarded, and the caller's step line will look like a turn that happened
      |         chain push: 1 chunk(s) of 0.40s, change 24.0, best 24.0, hazards none — one push, so `best` IS the whole leg's travel
      |         chain strafe: 1 chunk(s) of 0.30s, change 25.0, best 25.0, hazards none — one push, so `best` IS the whole leg's travel
      |     it  39  k=133 -> 133  advanced        fix={'k': 133, 'k_float': 133.0, 'inliers': 112, 'dx': -234.46078491210938, 'dy': -110.6505355834961, 'scale': 1.798074826142317, 'second': 99, 'detail': 'k=133 (133.00) inliers=112 second=99 dx=-234 scale=1.798 window=[129,133] fitted=[129, 130, 131, 132, 133]'}  strafe left 0.30s
      |         chain push: 1 chunk(s) of 0.40s, change 26.3, best 26.3, hazards none — one push, so `best` IS the whole leg's travel
      |         chain strafe: 1 chunk(s) of 0.22s, change 26.1, best 26.1, hazards none — one push, so `best` IS the whole leg's travel
      |     it  40  k=136 -> 136  advanced        fix={'k': 136, 'k_float': 136.0, 'inliers': 142, 'dx': -161.59835815429688, 'dy': -98.801025390625, 'scale': 2.0431814588219046, 'second': 110, 'detail': 'k=136 (136.00) inliers=142 second=110 dx=-162 scale=2.043 window=[132,136] fitted=[132, 133, 134, 135, 136]'}  strafe left 0.22s
      |         chain push: 1 chunk(s) of 0.40s, change 35.9, best 35.9, hazards none — one push, so `best` IS the whole leg's travel
      |         chain strafe: 1 chunk(s) of 0.13s, change 33.3, best 33.3, hazards none — one push, so `best` IS the whole leg's travel
      |     it  41  k=136 -> 139  stalled         fix={'k': 138, 'k_float': 138.0, 'inliers': 83, 'dx': -94.86135864257812, 'dy': -170.57086181640625, 'scale': 2.7159251242681166, 'second': 15, 'detail': 'k=138 (138.00) inliers=83 second=15 dx=-95 scale=2.716 window=[135,139] fitted=[135, 137, 138, 139]'}  strafe left 0.13s
      |         chain push: 1 chunk(s) of 0.40s, change 30.2, best 30.2, hazards none — one push, so `best` IS the whole leg's travel
      |         chain strafe: 1 chunk(s) of 0.13s, change 36.7, best 36.7, hazards none — one push, so `best` IS the whole leg's travel
      |     it  42  k=139 -> 139  advanced-past   fix={'k': 136, 'k_float': 136.0, 'inliers': 46, 'dx': -92.45668029785156, 'dy': -157.91799926757812, 'scale': 3.3414000587926753, 'second': 20, 'detail': 'k=136 (136.00) inliers=46 second=20 dx=-92 scale=3.341 window=[135,139] fitted=[135, 136, 137, 138, 139]'}  strafe left 0.13s
      |         chain push: 1 chunk(s) of 0.40s, change 40.9, best 40.9, hazards none — one push, so `best` IS the whole leg's travel
      |         chain strafe: 1 chunk(s) of 0.10s, change 32.5, best 32.5, hazards none — one push, so `best` IS the whole leg's travel
      |     it  43  k=142 -> 142  advanced        fix={'k': 142, 'k_float': 142.0, 'inliers': 150, 'dx': -74.09436798095703, 'dy': -121.82923889160156, 'scale': 2.062428181078792, 'second': 61, 'detail': 'k=142 (142.00) inliers=150 second=61 dx=-74 scale=2.062 window=[138,142] fitted=[138, 139, 140, 141, 142]'}  strafe left 0.10s
      |         turn to 2.2: TURNED to 2.4 (err -0.1) in 1 push(es)
      |         chain strafe: 1 chunk(s) of 0.22s, change 27.7, best 27.7, hazards none — one push, so `best` IS the whole leg's travel
      |     it  44  k=166 -> 166  turned-aligned to 2.2489998976495684  (84 inliers at the stop)
      |         chain push: 1 chunk(s) of 0.40s, change 25.5, best 25.5, hazards none — one push, so `best` IS the whole leg's travel
      |         chain strafe: 1 chunk(s) of 0.21s, change 23.0, best 23.0, hazards none — one push, so `best` IS the whole leg's travel
      |     it  45  k=167 -> 167  advanced        fix={'k': 169, 'k_float': 169.0, 'inliers': 73, 'dx': 154.0, 'dy': -90.48001098632812, 'scale': 1.0938593236827197, 'second': 73, 'detail': 'k=169 (169.00) inliers=73 second=73 dx=+154 scale=1.094 window=[165,169] fitted=[165, 166, 167, 168, 169]'}  strafe right 0.21s
      |         turn to 4.3: NO-OP, already inside 4.0 deg (at 2.4, err +1.9) — nothing was sent, the recorded curve was discarded, and the caller's step line will look like a turn that happened
      |         chain push: 1 chunk(s) of 0.40s, change 28.8, best 28.8, hazards none — one push, so `best` IS the whole leg's travel
      |         chain strafe: 1 chunk(s) of 0.13s, change 19.0, best 19.0, hazards none — one push, so `best` IS the whole leg's travel
      |     it  46  k=169 -> 169  advanced        fix={'k': 170, 'k_float': 170.0, 'inliers': 81, 'dx': 93.4000244140625, 'dy': -101.3759765625, 'scale': 1.1838162837285373, 'second': 58, 'detail': 'k=170 (170.00) inliers=81 second=58 dx=+93 scale=1.184 window=[166,170] fitted=[166, 167, 168, 169, 170]'}  strafe right 0.13s
      |         turn to 2.2: NO-OP, already inside 4.0 deg (at 2.4, err -0.2) — nothing was sent, the recorded curve was discarded, and the caller's step line will look like a turn that happened
      |         chain push: 1 chunk(s) of 0.40s, change 33.0, best 33.0, hazards none — one push, so `best` IS the whole leg's travel
      |     it  47  k=171 -> 171  advanced        fix={'k': 171, 'k_float': 171.0, 'inliers': 114, 'dx': -0.5279922485351562, 'dy': -98.91836547851562, 'scale': 1.3104531487582833, 'second': 112, 'detail': 'k=171 (171.00) inliers=114 second=112 dx=-1 scale=1.310 window=[168,172] fitted=[168, 169, 170, 171, 172]'}
      |         chain push: 1 chunk(s) of 0.40s, change 42.0, best 42.0, hazards none — one push, so `best` IS the whole leg's travel
      |         chain strafe: 1 chunk(s) of 0.11s, change 19.5, best 19.5, hazards none — one push, so `best` IS the whole leg's travel
      |     it  48  k=173 -> 173  advanced        fix={'k': 174, 'k_float': 174.0, 'inliers': 92, 'dx': 75.86616516113281, 'dy': -106.83992004394531, 'scale': 1.2949926649804824, 'second': 90, 'detail': 'k=174 (174.00) inliers=92 second=90 dx=+76 scale=1.295 window=[170,174] fitted=[170, 171, 172, 173, 174]'}  strafe right 0.10s
      |         chain push: 1 chunk(s) of 0.40s, change 34.5, best 34.5, hazards none — one push, so `best` IS the whole leg's travel
      |         chain strafe: 1 chunk(s) of 0.14s, change 16.2, best 16.2, hazards none — one push, so `best` IS the whole leg's travel
      |     it  49  k=176 -> 176  advanced        fix={'k': 176, 'k_float': 176.0, 'inliers': 67, 'dx': 99.64801025390625, 'dy': -108.17280578613281, 'scale': 1.2907605834064837, 'second': 65, 'detail': 'k=176 (176.00) inliers=67 second=65 dx=+100 scale=1.291 window=[172,176] fitted=[172, 173, 174, 175, 176]'}  strafe right 0.14s
      |         turn to 89.5: TURNED to 86.1 (err +3.4) in 1 push(es)
      |     it  50  k=196 -> 196  turned to 89.491477293153  (135 inliers at the stop)
      |         chain push: 1 chunk(s) of 0.40s, change 30.2, best 30.2, hazards none — one push, so `best` IS the whole leg's travel
      |     it  51  k=197 -> 197  advanced        fix={'k': 197, 'k_float': 197.0, 'inliers': 135, 'dx': 20.448028564453125, 'dy': -33.399993896484375, 'scale': 1.1716383619306059, 'second': 101, 'detail': 'k=197 (197.00) inliers=135 second=101 dx=+20 scale=1.172 window=[195,199] fitted=[195, 196, 197, 198, 199]'}
      |         chain push: 1 chunk(s) of 0.40s, change 33.4, best 33.4, hazards none — one push, so `best` IS the whole leg's travel
      |     it  52  k=197 -> 200  stalled         fix={'k': 197, 'k_float': 197.0, 'inliers': 127, 'dx': 14.57281494140625, 'dy': -18.519989013671875, 'scale': 1.3792638119166944, 'second': 109, 'detail': 'k=197 (197.00) inliers=127 second=109 dx=+15 scale=1.379 window=[196,200] fitted=[196, 197, 198, 199, 200]'}
      |         chain push: 1 chunk(s) of 0.40s, change 49.5, best 49.5, hazards none — one push, so `best` IS the whole leg's travel
      |   chain_walk: ARRIVED at iteration 53, k=197 (target 200 of 204), 47 push(es)
[ 9] ARRIVED   k=197/205  it=53  pushes=47  seconds=94.7 (walk 75.32, setup 17.7)  failure=None
      |   pause menu open (selected 'Resume')
      |   selected: Load Last Save
      |   confirmation dialog up (delta 82.5) -> YES
      |   world back after 3.2s, spawn bearing 87 (E)
      |   setup 13.5s (reset 10.6s, Chain.load 2.9s for 205 waypoints) of a 180s budget
      |   chain_walk: 205 waypoints -> plan of 47 targets (41 push, 6 turn-only); the prompt is checked on every iteration; k rises by at most 1 per iteration, so >= 204 iteration(s). The 180s cap allows 0.88s each. At the last waypoint the walk may spend 3 more iteration(s) — 0.540 walk-units of forward push against OPEN-22's measured 0.05 — and then gives up rather than walking on past the table.
      |         turn to 271.3: TURNED to 269.4 (err +1.9) in 2 push(es)
      |     it   1  k=  3 ->   3  turned to 271.3168428039934  (197 inliers at the stop)
      |         chain push: 1 chunk(s) of 0.40s, change 22.9, best 22.9, hazards none — one push, so `best` IS the whole leg's travel
      |     it   2  k=  4 ->   4  advanced-weak   fix={'k': 6, 'k_float': 6.0, 'inliers': 28, 'dx': -19.203998565673828, 'dy': -9.899978637695312, 'scale': 1.2014352757076245, 'second': 18, 'detail': 'k=6 (6.00) inliers=28 second=18 dx=-19 scale=1.201 window=[2,6] fitted=[2, 3, 4, 5, 6]'}
      |         chain push: 1 chunk(s) of 0.40s, change 18.2, best 18.2, hazards none — one push, so `best` IS the whole leg's travel
      |     it   3  k=  7 ->   7  advanced-weak   fix={'k': 7, 'k_float': 7.0, 'inliers': 17, 'dx': 11.75042724609375, 'dy': 29.0303955078125, 'scale': 1.2210334668733716, 'second': 11, 'detail': 'k=7 (7.00) inliers=17 second=11 dx=+12 scale=1.221 window=[3,7] fitted=[3, 4, 5, 6, 7]'}
      |         chain push: 1 chunk(s) of 0.40s, change 15.4, best 15.4, hazards none — one push, so `best` IS the whole leg's travel
      |     it   4  k= 10 ->  10  blind-advance   fix={'k': 8, 'k_float': 8.0, 'inliers': 13, 'dx': -13.4783935546875, 'dy': 44.92803955078125, 'scale': 1.3665611877061812, 'second': 13, 'detail': 'k=8 (8.00) inliers=13 second=13 dx=-13 scale=1.367 window=[6,10] fitted=[6, 7, 8, 9, 10]'}
      |         chain push: 1 chunk(s) of 0.40s, change 10.9, best 10.9, hazards none — one push, so `best` IS the whole leg's travel
      |     it   5  k= 13 ->  13  blind-advance   fix={'k': 13, 'k_float': 12.914970171757501, 'inliers': 9, 'dx': -45.984161376953125, 'dy': 37.3248291015625, 'scale': 0.9610527610669855, 'second': 8, 'detail': 'k=13 (12.91) inliers=9 second=8 dx=-46 scale=0.961 window=[9,13] fitted=[10, 11, 12, 13]'}
      |         chain push: 1 chunk(s) of 0.40s, change 11.5, best 11.5, hazards none — one push, so `best` IS the whole leg's travel
      |     it   6  k= 16 ->  16  blind-advance   fix=None
      |         chain push: 1 chunk(s) of 0.40s, change 9.4, best 9.4, hazards none — one push, so `best` IS the whole leg's travel
      |     it   7  k= 19 ->  19  blind-advance   fix=None
      |         turn to 1.6: TURNED to 359.2 (err +2.4) in 1 push(es)
      |     it   8  k= 39 ->  39  turned to 1.6055901753868653  (90 inliers at the stop)
      |         chain push: 1 chunk(s) of 0.40s, change 14.9, best 14.9, hazards none — one push, so `best` IS the whole leg's travel
      |         chain strafe: 1 chunk(s) of 0.10s, change 8.2, best 8.2, hazards none — one push, so `best` IS the whole leg's travel
      |     it   9  k= 40 ->  40  advanced        fix={'k': 42, 'k_float': 42.0, 'inliers': 49, 'dx': 44.52001953125, 'dy': 323.1360778808594, 'scale': 1.2082714166011275, 'second': 47, 'detail': 'k=42 (42.00) inliers=49 second=47 dx=+45 scale=1.208 window=[38,42] fitted=[38, 39, 40, 41, 42]'}  strafe right 0.10s
      |         chain push: 1 chunk(s) of 0.40s, change 19.7, best 19.7, hazards none — one push, so `best` IS the whole leg's travel
      |     it  10  k= 43 ->  43  advanced-weak   fix={'k': 43, 'k_float': 43.0, 'inliers': 25, 'dx': 41.4720458984375, 'dy': 341.314697265625, 'scale': 1.1179218273976588, 'second': 22, 'detail': 'k=43 (43.00) inliers=25 second=22 dx=+41 scale=1.118 window=[39,43] fitted=[39, 40, 41, 42, 43]'}
      |         chain push: 1 chunk(s) of 0.40s, change 36.1, best 36.1, hazards none — one push, so `best` IS the whole leg's travel
      |         chain strafe: 1 chunk(s) of 0.10s, change 11.8, best 11.8, hazards none — one push, so `best` IS the whole leg's travel
      |     it  11  k= 43 ->  46  stalled         fix={'k': 44, 'k_float': 44.0, 'inliers': 42, 'dx': 58.4893798828125, 'dy': 317.34405517578125, 'scale': 1.233338056913432, 'second': 40, 'detail': 'k=44 (44.00) inliers=42 second=40 dx=+58 scale=1.233 window=[42,46] fitted=[42, 43, 44, 45, 46]'}  strafe right 0.10s
      |         chain push: 1 chunk(s) of 0.40s, change 29.8, best 29.8, hazards none — one push, so `best` IS the whole leg's travel
      |         chain strafe: 1 chunk(s) of 0.10s, change 10.4, best 10.4, hazards none — one push, so `best` IS the whole leg's travel
      |     it  12  k= 43 ->  46  stalled         fix={'k': 44, 'k_float': 44.0, 'inliers': 37, 'dx': 71.7120361328125, 'dy': 301.58453369140625, 'scale': 1.4509274937551258, 'second': 33, 'detail': 'k=44 (44.00) inliers=37 second=33 dx=+72 scale=1.451 window=[42,46] fitted=[42, 43, 44, 45, 46]'}  strafe right 0.10s
      |         chain push: 1 chunk(s) of 0.40s, change 27.4, best 27.4, hazards none — one push, so `best` IS the whole leg's travel
      |         chain strafe: 1 chunk(s) of 0.10s, change 1.0, best 1.0, hazards SHORT — one push, so `best` IS the whole leg's travel
      |     it  13  k= 46 ->  46  advanced        fix={'k': 46, 'k_float': 46.0, 'inliers': 36, 'dx': 73.55557250976562, 'dy': 232.48001098632812, 'scale': 1.5593684261830127, 'second': 36, 'detail': 'k=46 (46.00) inliers=36 second=36 dx=+74 scale=1.559 window=[42,46] fitted=[42, 43, 44, 45, 46]'}  strafe right 0.10s
      |         chain push: 1 chunk(s) of 0.40s, change 14.7, best 14.7, hazards none — one push, so `best` IS the whole leg's travel
      |         chain strafe: 1 chunk(s) of 0.13s, change 2.6, best 2.6, hazards SHORT — one push, so `best` IS the whole leg's travel
      |     it  14  k= 49 ->  49  advanced        fix={'k': 49, 'k_float': 49.0, 'inliers': 126, 'dx': 96.40805053710938, 'dy': 195.57513427734375, 'scale': 1.5632904990762422, 'second': 95, 'detail': 'k=49 (49.00) inliers=126 second=95 dx=+96 scale=1.563 window=[45,49] fitted=[45, 46, 47, 48, 49]'}  strafe right 0.13s
      |         chain push: 1 chunk(s) of 0.40s, change 18.0, best 18.0, hazards none — one push, so `best` IS the whole leg's travel
      |         chain strafe: 1 chunk(s) of 0.12s, change 1.5, best 1.5, hazards SHORT — one push, so `best` IS the whole leg's travel
      |     it  15  k= 52 ->  52  advanced        fix={'k': 52, 'k_float': 52.0, 'inliers': 102, 'dx': 88.56005859375, 'dy': 172.81204223632812, 'scale': 1.4943314921278827, 'second': 71, 'detail': 'k=52 (52.00) inliers=102 second=71 dx=+89 scale=1.494 window=[48,52] fitted=[48, 49, 50, 51, 52]'}  strafe right 0.12s
      |         chain push: 1 chunk(s) of 0.40s, change 22.0, best 22.0, hazards none — one push, so `best` IS the whole leg's travel
      |         chain strafe: 1 chunk(s) of 0.21s, change 3.2, best 3.2, hazards none — one push, so `best` IS the whole leg's travel
      |     it  16  k= 52 ->  55  stalled         fix={'k': 54, 'k_float': 54.0, 'inliers': 51, 'dx': 154.7598876953125, 'dy': 91.52804565429688, 'scale': 1.6512931513273363, 'second': 50, 'detail': 'k=54 (54.00) inliers=51 second=50 dx=+155 scale=1.651 window=[51,55] fitted=[51, 52, 53, 54, 55]'}  strafe right 0.21s
      |         chain push: 1 chunk(s) of 0.40s, change 21.0, best 21.0, hazards none — one push, so `best` IS the whole leg's travel
      |     it  17  k= 55 ->  55  advanced        fix={'k': 55, 'k_float': 55.0, 'inliers': 37, 'dx': 18.20001220703125, 'dy': 248.80001831054688, 'scale': 1.1250349099468187, 'second': 19, 'detail': 'k=55 (55.00) inliers=37 second=19 dx=+18 scale=1.125 window=[51,55] fitted=[51, 52, 53, 54, 55]'}
      |         chain push: 1 chunk(s) of 0.40s, change 28.4, best 28.4, hazards none — one push, so `best` IS the whole leg's travel
      |     it  18  k= 58 ->  58  advanced        fix={'k': 58, 'k_float': 58.0, 'inliers': 105, 'dx': 22.800018310546875, 'dy': 276.0, 'scale': 1.0832056053607455, 'second': 88, 'detail': 'k=58 (58.00) inliers=105 second=88 dx=+23 scale=1.083 window=[54,58] fitted=[54, 55, 56, 57, 58]'}
      |         chain push: 1 chunk(s) of 0.40s, change 28.5, best 28.5, hazards none — one push, so `best` IS the whole leg's travel
      |     it  19  k= 58 ->  61  stalled         fix={'k': 60, 'k_float': 60.0, 'inliers': 124, 'dx': 25.920013427734375, 'dy': 300.22003173828125, 'scale': 1.0792149267290392, 'second': 122, 'detail': 'k=60 (60.00) inliers=124 second=122 dx=+26 scale=1.079 window=[57,61] fitted=[57, 58, 59, 60, 61]'}
      |         chain push: 1 chunk(s) of 0.40s, change 27.8, best 27.8, hazards none — one push, so `best` IS the whole leg's travel
      |     it  20  k= 61 ->  61  advanced        fix={'k': 61, 'k_float': 61.0, 'inliers': 109, 'dx': 27.64801025390625, 'dy': 304.81927490234375, 'scale': 1.0907895490467818, 'second': 98, 'detail': 'k=61 (61.00) inliers=109 second=98 dx=+28 scale=1.091 window=[57,61] fitted=[57, 58, 59, 60, 61]'}
      |         chain push: 1 chunk(s) of 0.40s, change 21.1, best 21.1, hazards none — one push, so `best` IS the whole leg's travel
      |     it  21  k= 64 ->  64  advanced        fix={'k': 64, 'k_float': 64.0, 'inliers': 124, 'dx': 34.55999755859375, 'dy': 302.4000244140625, 'scale': 1.0561513652108248, 'second': 117, 'detail': 'k=64 (64.00) inliers=124 second=117 dx=+35 scale=1.056 window=[60,64] fitted=[60, 61, 62, 63, 64]'}
      |     it  22  k= 88 ->  88  turned (skipped, same heading) to 1.3495539744498237  (135 inliers at the stop)
      |         chain push: 1 chunk(s) of 0.40s, change 17.4, best 17.4, hazards none — one push, so `best` IS the whole leg's travel
      |     it  23  k= 89 ->  89  advanced        fix={'k': 90, 'k_float': 90.0, 'inliers': 107, 'dx': 27.37152099609375, 'dy': -6.220794677734375, 'scale': 1.1545951385957585, 'second': 100, 'detail': 'k=90 (90.00) inliers=107 second=100 dx=+27 scale=1.155 window=[87,91] fitted=[87, 88, 89, 90, 91]'}
      |         chain push: 1 chunk(s) of 0.40s, change 18.1, best 18.1, hazards none — one push, so `best` IS the whole leg's travel
      |     it  24  k= 92 ->  92  advanced        fix={'k': 92, 'k_float': 92.0, 'inliers': 92, 'dx': 17.85797119140625, 'dy': -79.41999816894531, 'scale': 1.192270198486265, 'second': 91, 'detail': 'k=92 (92.00) inliers=92 second=91 dx=+18 scale=1.192 window=[88,92] fitted=[88, 89, 90, 91, 92]'}
      |         chain push: 1 chunk(s) of 0.40s, change 18.4, best 18.4, hazards none — one push, so `best` IS the whole leg's travel
      |     it  25  k= 94 ->  94  advanced        fix={'k': 95, 'k_float': 95.0, 'inliers': 89, 'dx': 27.600006103515625, 'dy': -10.079986572265625, 'scale': 1.0829393166146086, 'second': 74, 'detail': 'k=95 (95.00) inliers=89 second=74 dx=+28 scale=1.083 window=[91,95] fitted=[91, 92, 93, 94, 95]'}
      |         chain push: 1 chunk(s) of 0.40s, change 18.0, best 18.0, hazards none — one push, so `best` IS the whole leg's travel
      |     it  26  k= 94 ->  96  stalled         fix={'k': 95, 'k_float': 95.0, 'inliers': 125, 'dx': 28.079986572265625, 'dy': -7.79998779296875, 'scale': 1.1966279664687764, 'second': 120, 'detail': 'k=95 (95.00) inliers=125 second=120 dx=+28 scale=1.197 window=[93,97] fitted=[93, 94, 95, 96, 97]'}
      |         chain push: 1 chunk(s) of 0.40s, change 19.1, best 19.1, hazards none — one push, so `best` IS the whole leg's travel
      |     it  27  k= 96 ->  96  advanced        fix={'k': 97, 'k_float': 97.0, 'inliers': 163, 'dx': 27.993621826171875, 'dy': 14.332733154296875, 'scale': 1.2406273968167525, 'second': 151, 'detail': 'k=97 (97.00) inliers=163 second=151 dx=+28 scale=1.241 window=[93,97] fitted=[93, 94, 95, 96, 97]'}
      |         chain push: 1 chunk(s) of 0.40s, change 21.7, best 21.7, hazards none — one push, so `best` IS the whole leg's travel
      |     it  28  k= 96 ->  98  stalled         fix={'k': 97, 'k_float': 97.0, 'inliers': 184, 'dx': 31.306991577148438, 'dy': 11.308074951171875, 'scale': 1.4079818163281368, 'second': 163, 'detail': 'k=97 (97.00) inliers=184 second=163 dx=+31 scale=1.408 window=[95,99] fitted=[95, 96, 97, 98, 99]'}
      |         chain push: 1 chunk(s) of 0.40s, change 22.6, best 22.6, hazards none — one push, so `best` IS the whole leg's travel
      |         chain strafe: 1 chunk(s) of 0.10s, change 11.2, best 11.2, hazards none — one push, so `best` IS the whole leg's travel
      |     it  29  k= 98 ->  98  advanced        fix={'k': 99, 'k_float': 99.0, 'inliers': 153, 'dx': 35.7696533203125, 'dy': 1.3248291015625, 'scale': 1.4306452646056775, 'second': 127, 'detail': 'k=99 (99.00) inliers=153 second=127 dx=+36 scale=1.431 window=[95,99] fitted=[95, 96, 97, 98, 99]'}  strafe right 0.10s
      |         chain push: 1 chunk(s) of 0.40s, change 27.6, best 27.6, hazards none — one push, so `best` IS the whole leg's travel
      |     it  30  k=100 -> 100  advanced        fix={'k': 101, 'k_float': 101.0, 'inliers': 141, 'dx': 12.576019287109375, 'dy': -9.853729248046875, 'scale': 1.514606977002032, 'second': 123, 'detail': 'k=101 (101.00) inliers=141 second=123 dx=+13 scale=1.515 window=[97,101] fitted=[97, 98, 99, 100, 101]'}
      |         chain push: 1 chunk(s) of 0.40s, change 26.3, best 26.3, hazards none — one push, so `best` IS the whole leg's travel
      |     it  31  k=102 -> 102  advanced        fix={'k': 103, 'k_float': 103.0, 'inliers': 140, 'dx': -17.811965942382812, 'dy': -18.6767578125, 'scale': 1.6042977156984917, 'second': 133, 'detail': 'k=103 (103.00) inliers=140 second=133 dx=-18 scale=1.604 window=[99,103] fitted=[99, 100, 101, 102, 103]'}
      |         chain push: 1 chunk(s) of 0.40s, change 21.0, best 21.0, hazards none — one push, so `best` IS the whole leg's travel
      |     it  32  k=104 -> 104  advanced        fix={'k': 105, 'k_float': 105.0, 'inliers': 148, 'dx': 27.346633911132812, 'dy': -26.967987060546875, 'scale': 1.719966455290129, 'second': 133, 'detail': 'k=105 (105.00) inliers=148 second=133 dx=+27 scale=1.720 window=[101,105] fitted=[101, 102, 103, 104, 105]'}
      |         chain push: 1 chunk(s) of 0.40s, change 20.3, best 20.3, hazards none — one push, so `best` IS the whole leg's travel
      |         chain strafe: 1 chunk(s) of 0.10s, change 9.2, best 9.2, hazards none — one push, so `best` IS the whole leg's travel
      |     it  33  k=104 -> 107  stalled         fix={'k': 106, 'k_float': 106.0, 'inliers': 101, 'dx': -75.48358154296875, 'dy': -57.94715881347656, 'scale': 2.084920202553436, 'second': 99, 'detail': 'k=106 (106.00) inliers=101 second=99 dx=-75 scale=2.085 window=[103,107] fitted=[103, 104, 105, 106, 107]'}  strafe left 0.10s
      |         chain push: 1 chunk(s) of 0.40s, change 19.0, best 19.0, hazards none — one push, so `best` IS the whole leg's travel
      |         chain strafe: 1 chunk(s) of 0.13s, change 16.2, best 16.2, hazards none — one push, so `best` IS the whole leg's travel
      |     it  34  k=107 -> 107  advanced        fix={'k': 107, 'k_float': 107.0, 'inliers': 48, 'dx': -95.43145751953125, 'dy': -97.24604034423828, 'scale': 2.566882709866654, 'second': 37, 'detail': 'k=107 (107.00) inliers=48 second=37 dx=-95 scale=2.567 window=[103,107] fitted=[103, 104, 105, 106, 107]'}  strafe left 0.13s
      |         chain push: 1 chunk(s) of 0.40s, change 28.0, best 28.0, hazards none — one push, so `best` IS the whole leg's travel
      |     it  35  k=109 -> 109  blind-advance   fix={'k': 108, 'k_float': 108.0, 'inliers': 6, 'dx': -388.38531494140625, 'dy': 5.687995910644531, 'scale': 0.14148597271376973, 'second': 6, 'detail': 'k=108 (108.00) inliers=6 second=6 dx=-388 scale=0.141 window=[106,110] fitted=[108, 110]'}
      |         chain push: 1 chunk(s) of 0.40s, change 44.5, best 44.5, hazards none — one push, so `best` IS the whole leg's travel
      |     it  36  k=112 -> 112  blind-advance   fix=None
      |         chain push: 1 chunk(s) of 0.40s, change 29.8, best 29.8, hazards none — one push, so `best` IS the whole leg's travel
      |     it  37  k=114 -> 114  blind-advance   fix=None
      |         turn to 303.3: TURNED to 303.7 (err -0.3) in 2 push(es)
      |         chain strafe: 1 chunk(s) of 0.42s, change 17.9, best 17.9, hazards none — one push, so `best` IS the whole leg's travel
      |     it  38  k=129 -> 129  turned-aligned to 303.34476843910807  (28 inliers at the stop)
      |         turn to 299.8: NO-OP, already inside 4.0 deg (at 303.7, err -3.9) — nothing was sent, the recorded curve was discarded, and the caller's step line will look like a turn that happened
      |         chain push: 1 chunk(s) of 0.40s, change 10.1, best 10.1, hazards none — one push, so `best` IS the whole leg's travel
      |         chain strafe: 1 chunk(s) of 0.30s, change 13.6, best 13.6, hazards none — one push, so `best` IS the whole leg's travel
      |     it  39  k=129 -> 130  stalled         fix={'k': 129, 'k_float': 129.0, 'inliers': 191, 'dx': -246.81600952148438, 'dy': -18.431976318359375, 'scale': 1.2128514511191248, 'second': 185, 'detail': 'k=129 (129.00) inliers=191 second=185 dx=-247 scale=1.213 window=[128,132] fitted=[128, 129, 130, 131, 132]'}  strafe left 0.30s
      |         chain push: 1 chunk(s) of 0.40s, change 12.6, best 12.6, hazards none — one push, so `best` IS the whole leg's travel
      |         chain strafe: 1 chunk(s) of 0.18s, change 9.6, best 9.6, hazards none — one push, so `best` IS the whole leg's travel
      |     it  40  k=129 -> 130  stalled         fix={'k': 128, 'k_float': 128.0, 'inliers': 172, 'dx': -132.85040283203125, 'dy': -26.073593139648438, 'scale': 1.4249808993700919, 'second': 157, 'detail': 'k=128 (128.00) inliers=172 second=157 dx=-133 scale=1.425 window=[128,132] fitted=[128, 129, 130, 131, 132]'}  strafe left 0.18s
      |         chain push: 1 chunk(s) of 0.40s, change 19.4, best 19.4, hazards none — one push, so `best` IS the whole leg's travel
      |         chain strafe: 1 chunk(s) of 0.19s, change 26.5, best 26.5, hazards none — one push, so `best` IS the whole leg's travel
      |     it  41  k=130 -> 130  advanced        fix={'k': 132, 'k_float': 132.0, 'inliers': 73, 'dx': -136.8480224609375, 'dy': -27.475189208984375, 'scale': 1.4409468927956193, 'second': 73, 'detail': 'k=132 (132.00) inliers=73 second=73 dx=-137 scale=1.441 window=[128,132] fitted=[128, 129, 130, 131, 132]'}  strafe left 0.19s
      |         turn to 298.3: TURNED to 299.6 (err -1.4) in 1 push(es)
      |         chain push: 1 chunk(s) of 0.40s, change 25.3, best 25.3, hazards none — one push, so `best` IS the whole leg's travel
      |         chain strafe: 1 chunk(s) of 0.30s, change 24.2, best 24.2, hazards none — one push, so `best` IS the whole leg's travel
      |     it  42  k=133 -> 133  advanced-past   fix={'k': 130, 'k_float': 130.0, 'inliers': 102, 'dx': -251.17074584960938, 'dy': -93.03990936279297, 'scale': 2.413042230739875, 'second': 58, 'detail': 'k=130 (130.00) inliers=102 second=58 dx=-251 scale=2.413 window=[129,133] fitted=[129, 130, 131, 132, 133]'}  strafe left 0.30s
      |         chain push: 1 chunk(s) of 0.40s, change 30.2, best 30.2, hazards none — one push, so `best` IS the whole leg's travel
      |         chain strafe: 1 chunk(s) of 0.28s, change 36.3, best 36.3, hazards none — one push, so `best` IS the whole leg's travel
      |     it  43  k=133 -> 136  stalled         fix={'k': 135, 'k_float': 135.0, 'inliers': 63, 'dx': -201.9250030517578, 'dy': -147.05137634277344, 'scale': 2.8576133320500463, 'second': 51, 'detail': 'k=135 (135.00) inliers=63 second=51 dx=-202 scale=2.858 window=[132,136] fitted=[132, 133, 134, 135, 136]'}  strafe left 0.28s
      |         chain push: 1 chunk(s) of 0.40s, change 31.7, best 31.7, hazards none — one push, so `best` IS the whole leg's travel
      |     it  44  k=136 -> 136  advanced-weak   fix={'k': 136, 'k_float': 136.0, 'inliers': 27, 'dx': -122.84454345703125, 'dy': -147.9250030517578, 'scale': 3.4411745740705504, 'second': 11, 'detail': 'k=136 (136.00) inliers=27 second=11 dx=-123 scale=3.441 window=[132,136] fitted=[132, 133, 135, 136]'}
      |         chain push: 1 chunk(s) of 0.40s, change 27.6, best 27.6, hazards none — one push, so `best` IS the whole leg's travel
      |     it  45  k=139 -> 139  advanced-weak   fix={'k': 136, 'k_float': 136.0, 'inliers': 20, 'dx': -179.80068969726562, 'dy': -192.58114624023438, 'scale': 3.510474459611416, 'second': 18, 'detail': 'k=136 (136.00) inliers=20 second=18 dx=-180 scale=3.510 window=[135,139] fitted=[135, 136, 137, 138, 139]'}
      |         chain push: 1 chunk(s) of 0.40s, change 43.4, best 43.4, hazards none — one push, so `best` IS the whole leg's travel
      |     it  46  k=142 -> 142  advanced-weak   fix={'k': 142, 'k_float': 142.0, 'inliers': 27, 'dx': 93.60003662109375, 'dy': -54.660064697265625, 'scale': 1.4080992188921302, 'second': 23, 'detail': 'k=142 (142.00) inliers=27 second=23 dx=+94 scale=1.408 window=[138,142] fitted=[138, 139, 140, 141, 142]'}
      |         turn to 2.2: TURNED to 4.0 (err -1.8) in 1 push(es)
      |     it  47  k=166 -> 166  turned to 2.2489998976495684  (63 inliers at the stop)
      |         chain push: 1 chunk(s) of 0.40s, change 31.8, best 31.8, hazards none — one push, so `best` IS the whole leg's travel
      |         chain strafe: 1 chunk(s) of 0.27s, change 31.6, best 31.6, hazards none — one push, so `best` IS the whole leg's travel
      |     it  48  k=167 -> 167  advanced        fix={'k': 167, 'k_float': 167.0, 'inliers': 100, 'dx': 194.77926635742188, 'dy': -65.79998779296875, 'scale': 1.2136087688184132, 'second': 95, 'detail': 'k=167 (167.00) inliers=100 second=95 dx=+195 scale=1.214 window=[165,169] fitted=[165, 166, 167, 168, 169]'}  strafe right 0.27s
      |         turn to 4.3: NO-OP, already inside 4.0 deg (at 4.1, err +0.2) — nothing was sent, the recorded curve was discarded, and the caller's step line will look like a turn that happened
      |         chain push: 1 chunk(s) of 0.40s, change 38.5, best 38.5, hazards none — one push, so `best` IS the whole leg's travel
      |         chain strafe: 1 chunk(s) of 0.26s, change 46.9, best 46.9, hazards none — one push, so `best` IS the whole leg's travel
      |     it  49  k=167 -> 169  stalled         fix={'k': 167, 'k_float': 167.0, 'inliers': 108, 'dx': 187.833740234375, 'dy': -73.0098876953125, 'scale': 1.4369641440976397, 'second': 97, 'detail': 'k=167 (167.00) inliers=108 second=97 dx=+188 scale=1.437 window=[166,170] fitted=[166, 167, 168, 169, 170]'}  strafe right 0.26s
      |         chain push: 1 chunk(s) of 0.40s, change 30.1, best 30.1, hazards none — one push, so `best` IS the whole leg's travel
      |         chain strafe: 1 chunk(s) of 0.10s, change 38.3, best 38.3, hazards none — one push, so `best` IS the whole leg's travel
      |     it  50  k=169 -> 169  advanced        fix={'k': 170, 'k_float': 170.0, 'inliers': 71, 'dx': -41.47200012207031, 'dy': -93.02398681640625, 'scale': 1.1991517578085316, 'second': 57, 'detail': 'k=170 (170.00) inliers=71 second=57 dx=-41 scale=1.199 window=[166,170] fitted=[166, 167, 168, 169, 170]'}  strafe left 0.10s
      |         turn to 2.2: NO-OP, already inside 4.0 deg (at 4.1, err -1.9) — nothing was sent, the recorded curve was discarded, and the caller's step line will look like a turn that happened
      |         chain push: 1 chunk(s) of 0.40s, change 8.9, best 8.9, hazards none — one push, so `best` IS the whole leg's travel
      |     it  51  k=171 -> 171  advanced        fix={'k': 171, 'k_float': 171.0, 'inliers': 117, 'dx': -23.039993286132812, 'dy': -81.21878051757812, 'scale': 1.2715705334526477, 'second': 87, 'detail': 'k=171 (171.00) inliers=117 second=87 dx=-23 scale=1.272 window=[168,172] fitted=[168, 169, 170, 171, 172]'}
      |         chain push: 1 chunk(s) of 0.40s, change 9.4, best 9.4, hazards none — one push, so `best` IS the whole leg's travel
      |     it  52  k=173 -> 173  advanced        fix={'k': 174, 'k_float': 174.0, 'inliers': 114, 'dx': 14.399993896484375, 'dy': -70.84799194335938, 'scale': 1.0127475374798387, 'second': 108, 'detail': 'k=174 (174.00) inliers=114 second=108 dx=+14 scale=1.013 window=[170,174] fitted=[170, 171, 172, 173, 174]'}
      |         chain push: 1 chunk(s) of 0.40s, change 9.1, best 9.1, hazards none — one push, so `best` IS the whole leg's travel
      |     it  53  k=173 -> 176  stalled         fix={'k': 174, 'k_float': 174.1951446705463, 'inliers': 102, 'dx': 12.980003356933594, 'dy': -70.8480224609375, 'scale': 1.0125793823098932, 'second': 90, 'detail': 'k=174 (174.20) inliers=102 second=90 dx=+13 scale=1.013 window=[172,176] fitted=[172, 173, 174, 175, 176]'}
      |         chain push: 1 chunk(s) of 0.40s, change 12.1, best 12.1, hazards none — one push, so `best` IS the whole leg's travel
      |     it  54  k=173 -> 176  stalled         fix={'k': 174, 'k_float': 174.17466826053084, 'inliers': 118, 'dx': 12.0, 'dy': -70.84799194335938, 'scale': 1.0113633500066972, 'second': 90, 'detail': 'k=174 (174.17) inliers=118 second=90 dx=+12 scale=1.011 window=[172,176] fitted=[172, 173, 174, 175, 176]'}
      |         chain push: 1 chunk(s) of 0.40s, change 17.7, best 17.7, hazards none — one push, so `best` IS the whole leg's travel
      |     it  55  k=173 -> 176  stalled         fix={'k': 174, 'k_float': 175.11424420945792, 'inliers': 124, 'dx': 10.799995422363281, 'dy': -71.66363525390625, 'scale': 1.071015618354279, 'second': 112, 'detail': 'k=174 (175.11) inliers=124 second=112 dx=+11 scale=1.071 window=[172,176] fitted=[172, 173, 174, 175, 176]'}
      |         chain push: 1 chunk(s) of 0.40s, change 12.9, best 12.9, hazards none — one push, so `best` IS the whole leg's travel
      |     it  56  k=173 -> 176  escape:jump     fix={'k': 174, 'k_float': 173.82271147567732, 'inliers': 111, 'dx': 8.639999389648438, 'dy': -70.80001831054688, 'scale': 0.9899067140733067, 'second': 91, 'detail': 'k=174 (173.82) inliers=111 second=91 dx=+9 scale=0.990 window=[172,176] fitted=[172, 173, 174, 175, 176]'}
      |         chain push: 1 chunk(s) of 0.40s, change 60.6, best 60.6, hazards none — one push, so `best` IS the whole leg's travel
      |     it  57  k=173 -> 176  stalled         fix={'k': 174, 'k_float': 173.88193585469693, 'inliers': 106, 'dx': 6.0, 'dy': -79.19998168945312, 'scale': 0.9936431725271911, 'second': 85, 'detail': 'k=174 (173.88) inliers=106 second=85 dx=+6 scale=0.994 window=[172,176] fitted=[172, 173, 174, 175, 176]'}
      |         chain push: 1 chunk(s) of 0.40s, change 20.8, best 20.8, hazards none — one push, so `best` IS the whole leg's travel
      |     it  58  k=173 -> 176  stalled         fix={'k': 174, 'k_float': 174.5207151468138, 'inliers': 116, 'dx': 3.5831756591796875, 'dy': -71.66363525390625, 'scale': 1.075917512410997, 'second': 111, 'detail': 'k=174 (174.52) inliers=116 second=111 dx=+4 scale=1.076 window=[172,176] fitted=[172, 173, 174, 175, 176]'}
      |         chain push: 1 chunk(s) of 0.40s, change 25.5, best 25.5, hazards none — one push, so `best` IS the whole leg's travel
      |     it  59  k=173 -> 176  stalled         fix={'k': 174, 'k_float': 174.0523408444168, 'inliers': 109, 'dx': 0.0, 'dy': -70.79998779296875, 'scale': 1.003520558858369, 'second': 91, 'detail': 'k=174 (174.05) inliers=109 second=91 dx=+0 scale=1.004 window=[172,176] fitted=[172, 173, 174, 175, 176]'}
      |         chain push: 1 chunk(s) of 0.40s, change 24.2, best 24.2, hazards none — one push, so `best` IS the whole leg's travel
      |         chain strafe: 1 chunk(s) of 0.30s, change 54.7, best 54.7, hazards none — one push, so `best` IS the whole leg's travel
      |     it  60  k=173 -> 176  escape:left     fix={'k': 174, 'k_float': 173.99258789450877, 'inliers': 116, 'dx': -6.0, 'dy': -70.50239562988281, 'scale': 0.9995005030203364, 'second': 100, 'detail': 'k=174 (173.99) inliers=116 second=100 dx=-6 scale=1.000 window=[172,176] fitted=[172, 173, 174, 175, 176]'}
      |         chain push: 1 chunk(s) of 0.40s, change 21.1, best 21.1, hazards none — one push, so `best` IS the whole leg's travel
      |         chain strafe: 1 chunk(s) of 0.17s, change 39.8, best 39.8, hazards none — one push, so `best` IS the whole leg's travel
      |     it  61  k=173 -> 176  stalled         fix={'k': 172, 'k_float': 173.68578217852576, 'inliers': 96, 'dx': 123.70989990234375, 'dy': -79.17117309570312, 'scale': 1.1719682151065454, 'second': 95, 'detail': 'k=172 (173.69) inliers=96 second=95 dx=+124 scale=1.172 window=[172,176] fitted=[172, 173, 174, 175, 176]'}  strafe right 0.17s
      |         chain push: 1 chunk(s) of 0.40s, change 14.8, best 14.8, hazards none — one push, so `best` IS the whole leg's travel
      |     it  62  k=173 -> 176  stalled         fix={'k': 172, 'k_float': 174.3412484688583, 'inliers': 103, 'dx': -7.1999969482421875, 'dy': -84.0, 'scale': 1.2187032039825936, 'second': 97, 'detail': 'k=172 (174.34) inliers=103 second=97 dx=-7 scale=1.219 window=[172,176] fitted=[172, 173, 174, 175, 176]'}
      |         chain push: 1 chunk(s) of 0.40s, change 5.2, best 5.2, hazards none — one push, so `best` IS the whole leg's travel
      |     it  63  k=173 -> 176  stalled         fix={'k': 174, 'k_float': 174.63957889065063, 'inliers': 101, 'dx': 25.920013427734375, 'dy': -71.66363525390625, 'scale': 1.1061264460892641, 'second': 93, 'detail': 'k=174 (174.64) inliers=101 second=93 dx=+26 scale=1.106 window=[172,176] fitted=[172, 173, 174, 175, 176]'}
      |         chain push: 1 chunk(s) of 0.40s, change 5.5, best 5.5, hazards none — one push, so `best` IS the whole leg's travel
      |         chain strafe: 1 chunk(s) of 0.30s, change 57.0, best 57.0, hazards none — one push, so `best` IS the whole leg's travel
      |     it  64  k=173 -> 176  escape:right    fix={'k': 174, 'k_float': 173.9989297207625, 'inliers': 96, 'dx': 25.920013427734375, 'dy': -71.0, 'scale': 0.9999023524139218, 'second': 96, 'detail': 'k=174 (174.00) inliers=96 second=96 dx=+26 scale=1.000 window=[172,176] fitted=[172, 173, 174, 175, 176]'}
      |   chain_walk: STUCK — k=173 of 204 has not advanced in 12 iterations
[10] FAILED    k=173/205  it=64  pushes=59  seconds=98.2 (walk 83.09, setup 13.5)  failure=stuck at k=173 of 204: no advance in 12 iterations
      |   pause menu open (selected 'Resume')
      |   selected: Load Last Save
      |   confirmation dialog up (delta 81.2) -> YES
      |   world back after 3.2s, spawn bearing 87 (E)
      |   setup 13.3s (reset 10.5s, Chain.load 2.8s for 205 waypoints) of a 180s budget
      |   chain_walk: 205 waypoints -> plan of 47 targets (41 push, 6 turn-only); the prompt is checked on every iteration; k rises by at most 1 per iteration, so >= 204 iteration(s). The 180s cap allows 0.88s each. At the last waypoint the walk may spend 3 more iteration(s) — 0.540 walk-units of forward push against OPEN-22's measured 0.05 — and then gives up rather than walking on past the table.
      |         turn to 271.3: TURNED to 272.2 (err -0.9) in 2 push(es)
      |     it   1  k=  3 ->   3  turned to 271.3168428039934  (195 inliers at the stop)
      |         chain push: 1 chunk(s) of 0.40s, change 20.8, best 20.8, hazards none — one push, so `best` IS the whole leg's travel
      |     it   2  k=  4 ->   4  advanced-weak   fix={'k': 6, 'k_float': 6.0, 'inliers': 21, 'dx': 21.4991455078125, 'dy': 16.58880615234375, 'scale': 1.1506051244683633, 'second': 19, 'detail': 'k=6 (6.00) inliers=21 second=19 dx=+21 scale=1.151 window=[2,6] fitted=[2, 3, 4, 5, 6]'}
      |         chain push: 1 chunk(s) of 0.40s, change 18.3, best 18.3, hazards none — one push, so `best` IS the whole leg's travel
      |     it   3  k=  7 ->   7  blind-advance   fix={'k': 6, 'k_float': 6.0, 'inliers': 12, 'dx': -73.64158630371094, 'dy': 35.678436279296875, 'scale': 1.467811090018612, 'second': 12, 'detail': 'k=6 (6.00) inliers=12 second=12 dx=-74 scale=1.468 window=[3,7] fitted=[3, 4, 5, 6, 7]'}
      |         chain push: 1 chunk(s) of 0.40s, change 14.0, best 14.0, hazards none — one push, so `best` IS the whole leg's travel
      |     it   4  k= 10 ->  10  blind-advance   fix={'k': 9, 'k_float': 9.0, 'inliers': 12, 'dx': -115.08477783203125, 'dy': 35.914825439453125, 'scale': 1.3942650998315016, 'second': 11, 'detail': 'k=9 (9.00) inliers=12 second=11 dx=-115 scale=1.394 window=[6,10] fitted=[6, 7, 8, 9, 10]'}
      |         chain push: 1 chunk(s) of 0.40s, change 10.8, best 10.8, hazards none — one push, so `best` IS the whole leg's travel
      |     it   5  k= 13 ->  13  blind-advance   fix=None
      |         chain push: 1 chunk(s) of 0.40s, change 7.2, best 7.2, hazards none — one push, so `best` IS the whole leg's travel
      |     it   6  k= 16 ->  16  blind-advance   fix=None
      |         chain push: 1 chunk(s) of 0.40s, change 7.2, best 7.2, hazards none — one push, so `best` IS the whole leg's travel
      |     it   7  k= 19 ->  19  blind-advance   fix=None
      |         turn to 1.6: TURNED to 358.9 (err +2.7) in 2 push(es)
      |     it   8  k= 39 ->  39  turned to 1.6055901753868653  (49 inliers at the stop)
      |         chain push: 1 chunk(s) of 0.40s, change 18.4, best 18.4, hazards none — one push, so `best` IS the whole leg's travel
      |         chain strafe: 1 chunk(s) of 0.12s, change 5.5, best 5.5, hazards none — one push, so `best` IS the whole leg's travel
      |     it   9  k= 40 ->  40  advanced        fix={'k': 42, 'k_float': 42.0, 'inliers': 44, 'dx': 87.69204711914062, 'dy': 301.3600158691406, 'scale': 1.3554876799024307, 'second': 31, 'detail': 'k=42 (42.00) inliers=44 second=31 dx=+88 scale=1.355 window=[38,42] fitted=[38, 39, 40, 41, 42]'}  strafe right 0.12s
      |         chain push: 1 chunk(s) of 0.40s, change 25.0, best 25.0, hazards none — one push, so `best` IS the whole leg's travel
      |     it  10  k= 43 ->  43  advanced-weak   fix={'k': 40, 'k_float': 40.0, 'inliers': 25, 'dx': 45.20001220703125, 'dy': 356.31365966796875, 'scale': 1.1797421282897296, 'second': 24, 'detail': 'k=40 (40.00) inliers=25 second=24 dx=+45 scale=1.180 window=[39,43] fitted=[39, 40, 41, 42, 43]'}
      |         chain push: 1 chunk(s) of 0.40s, change 33.8, best 33.8, hazards none — one push, so `best` IS the whole leg's travel
      |         chain strafe: 1 chunk(s) of 0.10s, change 10.5, best 10.5, hazards none — one push, so `best` IS the whole leg's travel
      |     it  11  k= 46 ->  46  advanced        fix={'k': 46, 'k_float': 46.0, 'inliers': 47, 'dx': 37.60003662109375, 'dy': 280.68255615234375, 'scale': 1.2357769612110994, 'second': 38, 'detail': 'k=46 (46.00) inliers=47 second=38 dx=+38 scale=1.236 window=[42,46] fitted=[42, 43, 44, 45, 46]'}  strafe right 0.10s
      |         chain push: 1 chunk(s) of 0.40s, change 30.1, best 30.1, hazards none — one push, so `best` IS the whole leg's travel
      |     it  12  k= 49 ->  49  advanced        fix={'k': 49, 'k_float': 49.0, 'inliers': 167, 'dx': 15.92529296875, 'dy': 268.8768615722656, 'scale': 1.1873945875187588, 'second': 133, 'detail': 'k=49 (49.00) inliers=167 second=133 dx=+16 scale=1.187 window=[45,49] fitted=[45, 46, 47, 48, 49]'}
      |         chain push: 1 chunk(s) of 0.40s, change 22.7, best 22.7, hazards none — one push, so `best` IS the whole leg's travel
      |     it  13  k= 49 ->  52  stalled         fix={'k': 51, 'k_float': 51.0, 'inliers': 169, 'dx': 16.1280517578125, 'dy': 249.3599853515625, 'scale': 1.2039838221028343, 'second': 162, 'detail': 'k=51 (51.00) inliers=169 second=162 dx=+16 scale=1.204 window=[48,52] fitted=[48, 49, 50, 51, 52]'}
      |         chain push: 1 chunk(s) of 0.40s, change 13.5, best 13.5, hazards none — one push, so `best` IS the whole leg's travel
      |         chain strafe: 1 chunk(s) of 0.10s, change 1.7, best 1.7, hazards SHORT — one push, so `best` IS the whole leg's travel
      |     it  14  k= 49 ->  52  stalled         fix={'k': 51, 'k_float': 51.0, 'inliers': 162, 'dx': 66.73605346679688, 'dy': 211.50726318359375, 'scale': 1.394609954302868, 'second': 162, 'detail': 'k=51 (51.00) inliers=162 second=162 dx=+67 scale=1.395 window=[48,52] fitted=[48, 49, 50, 51, 52]'}  strafe right 0.10s
      |         chain push: 1 chunk(s) of 0.40s, change 19.1, best 19.1, hazards none — one push, so `best` IS the whole leg's travel
      |         chain strafe: 1 chunk(s) of 0.15s, change 2.7, best 2.7, hazards SHORT — one push, so `best` IS the whole leg's travel
      |     it  15  k= 52 ->  52  advanced        fix={'k': 52, 'k_float': 52.0, 'inliers': 77, 'dx': 111.593017578125, 'dy': 157.63201904296875, 'scale': 1.5528478833699773, 'second': 71, 'detail': 'k=52 (52.00) inliers=77 second=71 dx=+112 scale=1.553 window=[48,52] fitted=[48, 49, 50, 51, 52]'}  strafe right 0.15s
      |         chain push: 1 chunk(s) of 0.40s, change 22.1, best 22.1, hazards none — one push, so `best` IS the whole leg's travel
      |     it  16  k= 55 ->  55  advanced        fix={'k': 55, 'k_float': 55.0, 'inliers': 50, 'dx': 20.399993896484375, 'dy': 260.1120300292969, 'scale': 1.1007183068401636, 'second': 42, 'detail': 'k=55 (55.00) inliers=50 second=42 dx=+20 scale=1.101 window=[51,55] fitted=[51, 52, 53, 54, 55]'}
      |         chain push: 1 chunk(s) of 0.40s, change 28.9, best 28.9, hazards none — one push, so `best` IS the whole leg's travel
      |     it  17  k= 58 ->  58  advanced        fix={'k': 58, 'k_float': 58.0, 'inliers': 103, 'dx': 28.665435791015625, 'dy': 275.0, 'scale': 1.0726988386514291, 'second': 92, 'detail': 'k=58 (58.00) inliers=103 second=92 dx=+29 scale=1.073 window=[54,58] fitted=[54, 55, 56, 57, 58]'}
      |         chain push: 1 chunk(s) of 0.40s, change 32.6, best 32.6, hazards none — one push, so `best` IS the whole leg's travel
      |     it  18  k= 61 ->  61  advanced        fix={'k': 61, 'k_float': 61.0, 'inliers': 123, 'dx': 33.177581787109375, 'dy': 301.58447265625, 'scale': 1.0883541044164917, 'second': 109, 'detail': 'k=61 (61.00) inliers=123 second=109 dx=+33 scale=1.088 window=[57,61] fitted=[57, 58, 59, 60, 61]'}
      |         chain push: 1 chunk(s) of 0.40s, change 26.3, best 26.3, hazards none — one push, so `best` IS the whole leg's travel
      |         chain strafe: 1 chunk(s) of 0.10s, change 12.0, best 12.0, hazards none — one push, so `best` IS the whole leg's travel
      |     it  19  k= 61 ->  64  stalled         fix={'k': 63, 'k_float': 63.0, 'inliers': 145, 'dx': 43.20001220703125, 'dy': 296.6400146484375, 'scale': 1.0472570190885087, 'second': 136, 'detail': 'k=63 (63.00) inliers=145 second=136 dx=+43 scale=1.047 window=[60,64] fitted=[60, 61, 62, 63, 64]'}  strafe right 0.10s
      |         chain push: 1 chunk(s) of 0.40s, change 20.7, best 20.7, hazards none — one push, so `best` IS the whole leg's travel
      |     it  20  k= 61 ->  64  stalled         fix={'k': 63, 'k_float': 63.0, 'inliers': 138, 'dx': 33.060028076171875, 'dy': 302.49603271484375, 'scale': 1.1227627217783016, 'second': 123, 'detail': 'k=63 (63.00) inliers=138 second=123 dx=+33 scale=1.123 window=[60,64] fitted=[60, 61, 62, 63, 64]'}
      |         chain push: 1 chunk(s) of 0.40s, change 18.0, best 18.0, hazards none — one push, so `best` IS the whole leg's travel
      |     it  21  k= 64 ->  64  advanced        fix={'k': 64, 'k_float': 64.0, 'inliers': 136, 'dx': 34.032012939453125, 'dy': 281.7320556640625, 'scale': 1.1439466216311467, 'second': 120, 'detail': 'k=64 (64.00) inliers=136 second=120 dx=+34 scale=1.144 window=[60,64] fitted=[60, 61, 62, 63, 64]'}
      |     it  22  k= 88 ->  88  turned (skipped, same heading) to 1.3495539744498237  (92 inliers at the stop)
      |         chain push: 1 chunk(s) of 0.40s, change 15.8, best 15.8, hazards none — one push, so `best` IS the whole leg's travel
      |     it  23  k= 89 ->  89  advanced        fix={'k': 89, 'k_float': 89.0, 'inliers': 88, 'dx': 30.000030517578125, 'dy': -11.003890991210938, 'scale': 1.1427788901237705, 'second': 74, 'detail': 'k=89 (89.00) inliers=88 second=74 dx=+30 scale=1.143 window=[87,91] fitted=[87, 88, 89, 90, 91]'}
      |         chain push: 1 chunk(s) of 0.40s, change 18.1, best 18.1, hazards none — one push, so `best` IS the whole leg's travel
      |     it  24  k= 89 ->  92  stalled         fix={'k': 91, 'k_float': 91.0, 'inliers': 68, 'dx': 29.46002197265625, 'dy': -34.03997802734375, 'scale': 1.3279703018071303, 'second': 67, 'detail': 'k=91 (91.00) inliers=68 second=67 dx=+29 scale=1.328 window=[88,92] fitted=[88, 89, 90, 91, 92]'}
      |         chain push: 1 chunk(s) of 0.40s, change 17.7, best 17.7, hazards none — one push, so `best` IS the whole leg's travel
      |     it  25  k= 89 ->  92  stalled         fix={'k': 88, 'k_float': 88.0, 'inliers': 99, 'dx': 31.767608642578125, 'dy': -27.071929931640625, 'scale': 1.4731480361645317, 'second': 97, 'detail': 'k=88 (88.00) inliers=99 second=97 dx=+32 scale=1.473 window=[88,92] fitted=[88, 89, 90, 91, 92]'}
      |         chain push: 1 chunk(s) of 0.40s, change 21.0, best 21.0, hazards none — one push, so `best` IS the whole leg's travel
      |     it  26  k= 92 ->  92  advanced        fix={'k': 92, 'k_float': 92.0, 'inliers': 88, 'dx': 30.540557861328125, 'dy': -26.5362548828125, 'scale': 1.5496792825707433, 'second': 74, 'detail': 'k=92 (92.00) inliers=88 second=74 dx=+31 scale=1.550 window=[88,92] fitted=[88, 89, 90, 91, 92]'}
      |         chain push: 1 chunk(s) of 0.40s, change 21.0, best 21.0, hazards none — one push, so `best` IS the whole leg's travel
      |     it  27  k= 92 ->  94  stalled         fix={'k': 93, 'k_float': 93.0, 'inliers': 115, 'dx': 31.485626220703125, 'dy': -25.15960693359375, 'scale': 1.6636617014719444, 'second': 106, 'detail': 'k=93 (93.00) inliers=115 second=106 dx=+31 scale=1.664 window=[91,95] fitted=[91, 92, 93, 94, 95]'}
      |         chain push: 1 chunk(s) of 0.40s, change 23.1, best 23.1, hazards none — one push, so `best` IS the whole leg's travel
      |         chain strafe: 1 chunk(s) of 0.10s, change 11.1, best 11.1, hazards none — one push, so `best` IS the whole leg's travel
      |     it  28  k= 94 ->  94  advanced        fix={'k': 95, 'k_float': 95.0, 'inliers': 41, 'dx': 39.633514404296875, 'dy': -20.26593017578125, 'scale': 1.6796135376469588, 'second': 23, 'detail': 'k=95 (95.00) inliers=41 second=23 dx=+40 scale=1.680 window=[91,95] fitted=[91, 92, 93, 94, 95]'}  strafe right 0.10s
      |         chain push: 1 chunk(s) of 0.40s, change 27.3, best 27.3, hazards none — one push, so `best` IS the whole leg's travel
      |     it  29  k= 96 ->  96  advanced        fix={'k': 97, 'k_float': 97.0, 'inliers': 91, 'dx': 27.696075439453125, 'dy': -9.679962158203125, 'scale': 1.7550792055894022, 'second': 67, 'detail': 'k=97 (97.00) inliers=91 second=67 dx=+28 scale=1.755 window=[93,97] fitted=[93, 94, 95, 96, 97]'}
      |         chain push: 1 chunk(s) of 0.40s, change 25.2, best 25.2, hazards none — one push, so `best` IS the whole leg's travel
      |     it  30  k= 98 ->  98  advanced        fix={'k': 98, 'k_float': 98.0, 'inliers': 86, 'dx': 29.351760864257812, 'dy': -23.734817504882812, 'scale': 1.983427710802477, 'second': 85, 'detail': 'k=98 (98.00) inliers=86 second=85 dx=+29 scale=1.983 window=[95,99] fitted=[95, 96, 97, 98, 99]'}
      |         chain push: 1 chunk(s) of 0.40s, change 21.9, best 21.9, hazards none — one push, so `best` IS the whole leg's travel
      |     it  31  k=100 -> 100  advanced        fix={'k': 101, 'k_float': 101.0, 'inliers': 109, 'dx': 33.958465576171875, 'dy': -37.4898681640625, 'scale': 2.0773550131949072, 'second': 77, 'detail': 'k=101 (101.00) inliers=109 second=77 dx=+34 scale=2.077 window=[97,101] fitted=[97, 98, 99, 100, 101]'}
      |         chain push: 1 chunk(s) of 0.40s, change 21.1, best 21.1, hazards none — one push, so `best` IS the whole leg's travel
      |     it  32  k=102 -> 102  advanced        fix={'k': 102, 'k_float': 102.0, 'inliers': 72, 'dx': -21.4595947265625, 'dy': -50.68006896972656, 'scale': 2.388236156213374, 'second': 62, 'detail': 'k=102 (102.00) inliers=72 second=62 dx=-21 scale=2.388 window=[99,103] fitted=[99, 100, 101, 102, 103]'}
      |         chain push: 1 chunk(s) of 0.40s, change 22.3, best 22.3, hazards none — one push, so `best` IS the whole leg's travel
      |         chain strafe: 1 chunk(s) of 0.10s, change 13.8, best 13.8, hazards none — one push, so `best` IS the whole leg's travel
      |     it  33  k=104 -> 104  advanced        fix={'k': 104, 'k_float': 104.0, 'inliers': 37, 'dx': 56.27728271484375, 'dy': -89.87637329101562, 'scale': 2.948380822786859, 'second': 36, 'detail': 'k=104 (104.00) inliers=37 second=36 dx=+56 scale=2.948 window=[101,105] fitted=[101, 102, 103, 104, 105]'}  strafe right 0.10s
      |         chain push: 1 chunk(s) of 0.40s, change 23.2, best 23.2, hazards none — one push, so `best` IS the whole leg's travel
      |     it  34  k=107 -> 107  blind-advance   fix={'k': 105, 'k_float': 105.0, 'inliers': 6, 'dx': -544.196044921875, 'dy': 248.71768188476562, 'scale': 0.5343837337709402, 'second': 0, 'detail': 'k=105 (105.00) inliers=6 second=0 dx=-544 scale=0.534 window=[103,107] fitted=[105]'}
      |         chain push: 1 chunk(s) of 0.40s, change 47.6, best 47.6, hazards none — one push, so `best` IS the whole leg's travel
      |     it  35  k=109 -> 109  blind-advance   fix=None
      |         chain push: 1 chunk(s) of 0.40s, change 39.3, best 39.3, hazards none — one push, so `best` IS the whole leg's travel
      |     it  36  k=112 -> 112  blind-advance   fix=None
      |         chain push: 1 chunk(s) of 0.40s, change 25.8, best 25.8, hazards none — one push, so `best` IS the whole leg's travel
      |     it  37  k=114 -> 114  blind-advance   fix=None
      |         turn to 303.3: TURNED to 303.2 (err +0.1) in 1 push(es)
      |         turn to 278.3: TURNED to 279.3 (err -1.0) in 1 push(es)
      |         turn to 328.3: TURNED to 330.3 (err -2.0) in 1 push(es)
      |         turn to 303.3: TURNED to 306.8 (err -3.5) in 1 push(es)
      |         turn to 1.3: TURNED to 3.9 (err -2.6) in 1 push(es)
      |         chain push: 1 chunk(s) of 0.40s, change 12.1, best 12.1, hazards none — one push, so `best` IS the whole leg's travel
      |     it  38  k=114 -> 129  turn-retry 1/3: the stop's frame did not fit (0 inliers); one more push along 1.3
      |         turn to 303.3: TURNED to 304.1 (err -0.8) in 2 push(es)
      |         turn to 278.3: TURNED to 280.8 (err -2.5) in 1 push(es)
      |         turn to 328.3: TURNED to 329.4 (err -1.0) in 1 push(es)
      |         turn to 303.3: TURNED to 302.1 (err +1.2) in 2 push(es)
      |         turn to 1.3: TURNED to 0.4 (err +0.9) in 1 push(es)
      |         chain push: 1 chunk(s) of 0.40s, change 5.5, best 5.5, hazards none — one push, so `best` IS the whole leg's travel
      |     it  39  k=114 -> 129  turn-retry 2/3: the stop's frame did not fit (0 inliers); one more push along 1.3
      |         turn to 303.3: TURNED to 307.0 (err -3.7) in 1 push(es)
      |         turn to 278.3: TURNED to 277.9 (err +0.4) in 2 push(es)
      |         turn to 328.3: TURNED to 329.0 (err -0.6) in 1 push(es)
      |         turn to 303.3: TURNED to 302.4 (err +0.9) in 1 push(es)
      |         turn to 1.3: TURNED to 359.6 (err +1.7) in 1 push(es)
      |         chain push: 1 chunk(s) of 0.40s, change 5.3, best 5.3, hazards none — one push, so `best` IS the whole leg's travel
      |     it  40  k=114 -> 129  turn-retry 3/3: the stop's frame did not fit (0 inliers); one more push along 1.3
      |         turn to 303.3: TURNED to 303.8 (err -0.5) in 1 push(es)
      |         turn to 278.3: TURNED to 279.3 (err -1.0) in 1 push(es)
      |         turn to 328.3: TURNED to 329.3 (err -1.0) in 3 push(es)
      |         turn to 303.3: TURNED to 305.0 (err -1.7) in 1 push(es)
      |     it  41  k=129 -> 129  turned-unverified to 303.34476843910807  (0 inliers at the stop)
      |         turn to 299.8: TURNED to 298.5 (err +1.2) in 1 push(es)
      |         chain push: 1 chunk(s) of 0.40s, change 21.4, best 21.4, hazards none — one push, so `best` IS the whole leg's travel
      |     it  42  k=129 -> 130  miss            fix=None
      |         chain push: 1 chunk(s) of 0.40s, change 4.0, best 4.0, hazards none — one push, so `best` IS the whole leg's travel
      |     it  43  k=129 -> 130  miss            fix=None
      |         chain push: 1 chunk(s) of 0.40s, change 4.0, best 4.0, hazards none — one push, so `best` IS the whole leg's travel
      |     it  44  k=129 -> 130  escape:jump     fix=None
      |         chain push: 1 chunk(s) of 0.40s, change 16.3, best 16.3, hazards none — one push, so `best` IS the whole leg's travel
      |     it  45  k=129 -> 130  miss            fix=None
      |         chain push: 1 chunk(s) of 0.40s, change 18.3, best 18.3, hazards none — one push, so `best` IS the whole leg's travel
      |     it  46  k=129 -> 130  miss            fix=None
      |         chain push: 1 chunk(s) of 0.40s, change 18.0, best 18.0, hazards none — one push, so `best` IS the whole leg's travel
      |         chain strafe: 1 chunk(s) of 0.30s, change 13.0, best 13.0, hazards none — one push, so `best` IS the whole leg's travel
      |     it  47  k=129 -> 130  escape:left     fix=None
      |         chain push: 1 chunk(s) of 0.40s, change 11.7, best 11.7, hazards none — one push, so `best` IS the whole leg's travel
      |     it  48  k=129 -> 130  miss            fix=None
      |         chain push: 1 chunk(s) of 0.40s, change 5.3, best 5.3, hazards none — one push, so `best` IS the whole leg's travel
      |     it  49  k=129 -> 130  miss            fix=None
      |         chain push: 1 chunk(s) of 0.40s, change 2.5, best 2.5, hazards SHORT — one push, so `best` IS the whole leg's travel
      |         chain strafe: 1 chunk(s) of 0.30s, change 4.7, best 4.7, hazards none — one push, so `best` IS the whole leg's travel
      |   chain_walk: LOST — 9 iterations with nothing credible after the blind budget at k=129 of 204
[11] FAILED    k=129/205  it=50  pushes=46  seconds=97.7 (walk 82.77, setup 13.3)  failure=lost at k=129 of 204: 9 iterations with no credible fix after 6 blind advances
      |   pause menu open (selected 'Resume')
      |   selected: Load Last Save
      |   confirmation dialog up (delta 83.0) -> YES
      |   YES press 1 did not register, retrying
      |   world back after 3.2s, spawn bearing 87 (E)
      |   setup 15.1s (reset 12.5s, Chain.load 2.6s for 205 waypoints) of a 180s budget
      |   chain_walk: 205 waypoints -> plan of 47 targets (41 push, 6 turn-only); the prompt is checked on every iteration; k rises by at most 1 per iteration, so >= 204 iteration(s). The 180s cap allows 0.88s each. At the last waypoint the walk may spend 3 more iteration(s) — 0.540 walk-units of forward push against OPEN-22's measured 0.05 — and then gives up rather than walking on past the table.
      |         turn to 271.3: TURNED to 272.1 (err -0.8) in 2 push(es)
      |     it   1  k=  3 ->   3  turned to 271.3168428039934  (193 inliers at the stop)
      |         chain push: 1 chunk(s) of 0.40s, change 20.4, best 20.4, hazards none — one push, so `best` IS the whole leg's travel
      |     it   2  k=  4 ->   4  advanced-weak   fix={'k': 6, 'k_float': 6.0, 'inliers': 25, 'dx': 14.33270263671875, 'dy': 18.480010986328125, 'scale': 1.1227236326006722, 'second': 15, 'detail': 'k=6 (6.00) inliers=25 second=15 dx=+14 scale=1.123 window=[2,6] fitted=[2, 3, 4, 5, 6]'}
      |         chain push: 1 chunk(s) of 0.40s, change 19.1, best 19.1, hazards none — one push, so `best` IS the whole leg's travel
      |     it   3  k=  7 ->   7  advanced-weak   fix={'k': 7, 'k_float': 7.0, 'inliers': 17, 'dx': -55.24072265625, 'dy': 29.9520263671875, 'scale': 1.2983010742899754, 'second': 14, 'detail': 'k=7 (7.00) inliers=17 second=14 dx=-55 scale=1.298 window=[3,7] fitted=[3, 4, 5, 6, 7]'}
      |         chain push: 1 chunk(s) of 0.40s, change 14.1, best 14.1, hazards none — one push, so `best` IS the whole leg's travel
      |     it   4  k= 10 ->  10  blind-advance   fix={'k': 10, 'k_float': 10.0, 'inliers': 13, 'dx': -97.94029235839844, 'dy': 43.96038818359375, 'scale': 1.2508577240659642, 'second': 10, 'detail': 'k=10 (10.00) inliers=13 second=10 dx=-98 scale=1.251 window=[6,10] fitted=[7, 8, 9, 10]'}
      |         chain push: 1 chunk(s) of 0.40s, change 13.9, best 13.9, hazards none — one push, so `best` IS the whole leg's travel
      |     it   5  k= 13 ->  13  blind-advance   fix={'k': 12, 'k_float': 12.0, 'inliers': 6, 'dx': -170.79551696777344, 'dy': 40.035888671875, 'scale': 1.6143516405089078, 'second': 0, 'detail': 'k=12 (12.00) inliers=6 second=0 dx=-171 scale=1.614 window=[9,13] fitted=[12]'}
      |         chain push: 1 chunk(s) of 0.40s, change 7.7, best 7.7, hazards none — one push, so `best` IS the whole leg's travel
      |     it   6  k= 16 ->  16  blind-advance   fix=None
      |         chain push: 1 chunk(s) of 0.40s, change 8.6, best 8.6, hazards none — one push, so `best` IS the whole leg's travel
      |     it   7  k= 19 ->  19  blind-advance   fix=None
      |         turn to 1.6: TURNED to 358.3 (err +3.3) in 1 push(es)
      |     it   8  k= 39 ->  39  turned to 1.6055901753868653  (117 inliers at the stop)
      |         chain push: 1 chunk(s) of 0.40s, change 15.4, best 15.4, hazards none — one push, so `best` IS the whole leg's travel
      |         chain strafe: 1 chunk(s) of 0.10s, change 9.9, best 9.9, hazards none — one push, so `best` IS the whole leg's travel
      |     it   9  k= 40 ->  40  advanced        fix={'k': 42, 'k_float': 42.0, 'inliers': 79, 'dx': 39.81312561035156, 'dy': 371.0400390625, 'scale': 1.3291971548940604, 'second': 70, 'detail': 'k=42 (42.00) inliers=79 second=70 dx=+40 scale=1.329 window=[38,42] fitted=[38, 39, 40, 41, 42]'}  strafe right 0.10s
      |         chain push: 1 chunk(s) of 0.40s, change 27.7, best 27.7, hazards none — one push, so `best` IS the whole leg's travel
      |         chain strafe: 1 chunk(s) of 0.16s, change 15.8, best 15.8, hazards none — one push, so `best` IS the whole leg's travel
      |     it  10  k= 40 ->  43  stalled         fix={'k': 39, 'k_float': 39.0, 'inliers': 40, 'dx': 114.56234741210938, 'dy': 363.08404541015625, 'scale': 1.294314676496033, 'second': 38, 'detail': 'k=39 (39.00) inliers=40 second=38 dx=+115 scale=1.294 window=[39,43] fitted=[39, 40, 41, 42, 43]'}  strafe right 0.16s
      |         chain push: 1 chunk(s) of 0.40s, change 32.0, best 32.0, hazards none — one push, so `best` IS the whole leg's travel
      |         chain strafe: 1 chunk(s) of 0.16s, change 20.2, best 20.2, hazards none — one push, so `best` IS the whole leg's travel
      |     it  11  k= 40 ->  43  stalled         fix={'k': 40, 'k_float': 40.0, 'inliers': 43, 'dx': 114.239990234375, 'dy': 341.20001220703125, 'scale': 1.4206842800721298, 'second': 40, 'detail': 'k=40 (40.00) inliers=43 second=40 dx=+114 scale=1.421 window=[39,43] fitted=[39, 40, 41, 42, 43]'}  strafe right 0.16s
      |         chain push: 1 chunk(s) of 0.40s, change 32.7, best 32.7, hazards none — one push, so `best` IS the whole leg's travel
      |         chain strafe: 1 chunk(s) of 0.17s, change 9.4, best 9.4, hazards none — one push, so `best` IS the whole leg's travel
      |     it  12  k= 40 ->  43  stalled         fix={'k': 41, 'k_float': 41.0, 'inliers': 34, 'dx': 118.9000244140625, 'dy': 311.8712158203125, 'scale': 1.653884603667868, 'second': 31, 'detail': 'k=41 (41.00) inliers=34 second=31 dx=+119 scale=1.654 window=[39,43] fitted=[39, 40, 41, 42, 43]'}  strafe right 0.17s
      |         chain push: 1 chunk(s) of 0.40s, change 21.4, best 21.4, hazards none — one push, so `best` IS the whole leg's travel
      |         chain strafe: 1 chunk(s) of 0.19s, change 1.8, best 1.8, hazards SHORT — one push, so `best` IS the whole leg's travel
      |     it  13  k= 43 ->  43  advanced-past   fix={'k': 40, 'k_float': 40.0, 'inliers': 30, 'dx': 138.0897216796875, 'dy': 282.90692138671875, 'scale': 1.9440086833296313, 'second': 26, 'detail': 'k=40 (40.00) inliers=30 second=26 dx=+138 scale=1.944 window=[39,43] fitted=[39, 40, 41, 42, 43]'}  strafe right 0.19s
      |         chain push: 1 chunk(s) of 0.40s, change 14.7, best 14.7, hazards none — one push, so `best` IS the whole leg's travel
      |     it  14  k= 46 ->  46  advanced-weak   fix={'k': 44, 'k_float': 44.0, 'inliers': 25, 'dx': 170.6021728515625, 'dy': 236.92010498046875, 'scale': 2.139270365036421, 'second': 24, 'detail': 'k=44 (44.00) inliers=25 second=24 dx=+171 scale=2.139 window=[42,46] fitted=[42, 43, 44, 45, 46]'}
      |         chain push: 1 chunk(s) of 0.40s, change 19.1, best 19.1, hazards none — one push, so `best` IS the whole leg's travel
      |         chain strafe: 1 chunk(s) of 0.30s, change 4.3, best 4.3, hazards none — one push, so `best` IS the whole leg's travel
      |     it  15  k= 49 ->  49  advanced        fix={'k': 49, 'k_float': 49.0, 'inliers': 41, 'dx': 234.561279296875, 'dy': 96.79345703125, 'scale': 2.043091011902011, 'second': 35, 'detail': 'k=49 (49.00) inliers=41 second=35 dx=+235 scale=2.043 window=[45,49] fitted=[45, 46, 47, 48, 49]'}  strafe right 0.30s
      |         chain push: 1 chunk(s) of 0.40s, change 16.6, best 16.6, hazards none — one push, so `best` IS the whole leg's travel
      |         chain strafe: 1 chunk(s) of 0.30s, change 4.0, best 4.0, hazards none — one push, so `best` IS the whole leg's travel
      |     it  16  k= 52 ->  52  advanced        fix={'k': 52, 'k_float': 52.0, 'inliers': 40, 'dx': 214.1881103515625, 'dy': 74.97917175292969, 'scale': 1.8665900136842317, 'second': 37, 'detail': 'k=52 (52.00) inliers=40 second=37 dx=+214 scale=1.867 window=[48,52] fitted=[48, 49, 50, 51, 52]'}  strafe right 0.30s
      |         chain push: 1 chunk(s) of 0.40s, change 26.7, best 26.7, hazards none — one push, so `best` IS the whole leg's travel
      |     it  17  k= 55 ->  55  advanced-weak   fix={'k': 55, 'k_float': 55.0, 'inliers': 22, 'dx': 36.760009765625, 'dy': 243.80001831054688, 'scale': 1.0918720299604372, 'second': 9, 'detail': 'k=55 (55.00) inliers=22 second=9 dx=+37 scale=1.092 window=[51,55] fitted=[53, 54, 55]'}
      |         chain push: 1 chunk(s) of 0.40s, change 28.6, best 28.6, hazards none — one push, so `best` IS the whole leg's travel
      |         chain strafe: 1 chunk(s) of 0.10s, change 15.7, best 15.7, hazards none — one push, so `best` IS the whole leg's travel
      |     it  18  k= 58 ->  58  advanced        fix={'k': 58, 'k_float': 58.0, 'inliers': 71, 'dx': 40.800018310546875, 'dy': 278.2080383300781, 'scale': 1.090964313995294, 'second': 67, 'detail': 'k=58 (58.00) inliers=71 second=67 dx=+41 scale=1.091 window=[54,58] fitted=[54, 55, 56, 57, 58]'}  strafe right 0.10s
      |         chain push: 1 chunk(s) of 0.40s, change 29.3, best 29.3, hazards none — one push, so `best` IS the whole leg's travel
      |         chain strafe: 1 chunk(s) of 0.10s, change 16.9, best 16.9, hazards none — one push, so `best` IS the whole leg's travel
      |     it  19  k= 61 ->  61  advanced        fix={'k': 61, 'k_float': 61.0, 'inliers': 120, 'dx': 41.760009765625, 'dy': 303.6000061035156, 'scale': 1.0432327494034819, 'second': 109, 'detail': 'k=61 (61.00) inliers=120 second=109 dx=+42 scale=1.043 window=[57,61] fitted=[57, 58, 59, 60, 61]'}  strafe right 0.10s
      |         chain push: 1 chunk(s) of 0.40s, change 24.1, best 24.1, hazards none — one push, so `best` IS the whole leg's travel
      |         chain strafe: 1 chunk(s) of 0.10s, change 7.2, best 7.2, hazards none — one push, so `best` IS the whole leg's travel
      |     it  20  k= 61 ->  64  stalled         fix={'k': 63, 'k_float': 63.0, 'inliers': 143, 'dx': 62.39996337890625, 'dy': 296.8000183105469, 'scale': 1.0731321989606428, 'second': 139, 'detail': 'k=63 (63.00) inliers=143 second=139 dx=+62 scale=1.073 window=[60,64] fitted=[60, 61, 62, 63, 64]'}  strafe right 0.10s
      |         chain push: 1 chunk(s) of 0.40s, change 15.6, best 15.6, hazards none — one push, so `best` IS the whole leg's travel
      |         chain strafe: 1 chunk(s) of 0.10s, change 12.4, best 12.4, hazards none — one push, so `best` IS the whole leg's travel
      |     it  21  k= 64 ->  64  advanced        fix={'k': 64, 'k_float': 64.0, 'inliers': 131, 'dx': 62.0, 'dy': 298.5984802246094, 'scale': 1.0799683178282409, 'second': 130, 'detail': 'k=64 (64.00) inliers=131 second=130 dx=+62 scale=1.080 window=[60,64] fitted=[60, 61, 62, 63, 64]'}  strafe right 0.10s
      |     it  22  k= 88 ->  88  turned (skipped, same heading) to 1.3495539744498237  (83 inliers at the stop)
      |         chain push: 1 chunk(s) of 0.40s, change 10.2, best 10.2, hazards none — one push, so `best` IS the whole leg's travel
      |         chain strafe: 1 chunk(s) of 0.10s, change 10.3, best 10.3, hazards none — one push, so `best` IS the whole leg's travel
      |     it  23  k= 89 ->  89  advanced        fix={'k': 90, 'k_float': 90.0, 'inliers': 84, 'dx': 59.71966552734375, 'dy': 25.0, 'scale': 1.0924478833125524, 'second': 81, 'detail': 'k=90 (90.00) inliers=84 second=81 dx=+60 scale=1.092 window=[87,91] fitted=[87, 88, 89, 90, 91]'}  strafe right 0.10s
      |         chain push: 1 chunk(s) of 0.40s, change 16.6, best 16.6, hazards none — one push, so `best` IS the whole leg's travel
      |     it  24  k= 89 ->  92  stalled         fix={'k': 88, 'k_float': 88.0, 'inliers': 97, 'dx': -16.12432861328125, 'dy': -31.919998168945312, 'scale': 1.2063750772824902, 'second': 87, 'detail': 'k=88 (88.00) inliers=97 second=87 dx=-16 scale=1.206 window=[88,92] fitted=[88, 89, 90, 91, 92]'}
      |         chain push: 1 chunk(s) of 0.40s, change 19.5, best 19.5, hazards none — one push, so `best` IS the whole leg's travel
      |         chain strafe: 1 chunk(s) of 0.14s, change 10.1, best 10.1, hazards none — one push, so `best` IS the whole leg's travel
      |     it  25  k= 89 ->  92  stalled         fix={'k': 89, 'k_float': 89.0, 'inliers': 83, 'dx': 100.5120849609375, 'dy': -25.67999267578125, 'scale': 1.2027409667206639, 'second': 82, 'detail': 'k=89 (89.00) inliers=83 second=82 dx=+101 scale=1.203 window=[88,92] fitted=[88, 89, 90, 91, 92]'}  strafe right 0.14s
      |         chain push: 1 chunk(s) of 0.40s, change 15.3, best 15.3, hazards none — one push, so `best` IS the whole leg's travel
      |         chain strafe: 1 chunk(s) of 0.13s, change 8.0, best 8.0, hazards none — one push, so `best` IS the whole leg's travel
      |     it  26  k= 92 ->  92  advanced        fix={'k': 92, 'k_float': 92.0, 'inliers': 82, 'dx': 95.30270385742188, 'dy': -27.744003295898438, 'scale': 1.2292538971467006, 'second': 65, 'detail': 'k=92 (92.00) inliers=82 second=65 dx=+95 scale=1.229 window=[88,92] fitted=[88, 89, 90, 91, 92]'}  strafe right 0.13s
      |         chain push: 1 chunk(s) of 0.40s, change 17.5, best 17.5, hazards none — one push, so `best` IS the whole leg's travel
      |         chain strafe: 1 chunk(s) of 0.11s, change 11.9, best 11.9, hazards none — one push, so `best` IS the whole leg's travel
      |     it  27  k= 94 ->  94  advanced        fix={'k': 95, 'k_float': 95.0, 'inliers': 127, 'dx': 82.52935791015625, 'dy': -5.374755859375, 'scale': 1.2273686661689862, 'second': 80, 'detail': 'k=95 (95.00) inliers=127 second=80 dx=+83 scale=1.227 window=[91,95] fitted=[91, 92, 93, 94, 95]'}  strafe right 0.12s
      |         chain push: 1 chunk(s) of 0.40s, change 19.8, best 19.8, hazards none — one push, so `best` IS the whole leg's travel
      |         chain strafe: 1 chunk(s) of 0.10s, change 10.3, best 10.3, hazards none — one push, so `best` IS the whole leg's travel
      |     it  28  k= 96 ->  96  advanced        fix={'k': 97, 'k_float': 97.0, 'inliers': 117, 'dx': -39.887969970703125, 'dy': 12.0, 'scale': 1.258929048900282, 'second': 95, 'detail': 'k=97 (97.00) inliers=117 second=95 dx=-40 scale=1.259 window=[93,97] fitted=[93, 94, 95, 96, 97]'}  strafe left 0.10s
      |         chain push: 1 chunk(s) of 0.40s, change 23.3, best 23.3, hazards none — one push, so `best` IS the whole leg's travel
      |         chain strafe: 1 chunk(s) of 0.10s, change 10.0, best 10.0, hazards none — one push, so `best` IS the whole leg's travel
      |     it  29  k= 98 ->  98  advanced        fix={'k': 98, 'k_float': 98.0, 'inliers': 104, 'dx': -37.55169677734375, 'dy': -1.47998046875, 'scale': 1.4163062457096254, 'second': 93, 'detail': 'k=98 (98.00) inliers=104 second=93 dx=-38 scale=1.416 window=[95,99] fitted=[95, 96, 97, 98, 99]'}  strafe left 0.10s
      |         chain push: 1 chunk(s) of 0.40s, change 22.4, best 22.4, hazards none — one push, so `best` IS the whole leg's travel
      |         chain strafe: 1 chunk(s) of 0.10s, change 10.8, best 10.8, hazards none — one push, so `best` IS the whole leg's travel
      |     it  30  k=100 -> 100  advanced        fix={'k': 101, 'k_float': 101.0, 'inliers': 128, 'dx': -37.583984375, 'dy': -4.90557861328125, 'scale': 1.3854124623702364, 'second': 125, 'detail': 'k=101 (101.00) inliers=128 second=125 dx=-38 scale=1.385 window=[97,101] fitted=[97, 98, 99, 100, 101]'}  strafe left 0.10s
      |         chain push: 1 chunk(s) of 0.40s, change 27.5, best 27.5, hazards none — one push, so `best` IS the whole leg's travel
      |         chain strafe: 1 chunk(s) of 0.10s, change 14.4, best 14.4, hazards none — one push, so `best` IS the whole leg's travel
      |     it  31  k=102 -> 102  advanced        fix={'k': 103, 'k_float': 103.0, 'inliers': 167, 'dx': -65.44000244140625, 'dy': -9.1199951171875, 'scale': 1.4264544845163132, 'second': 139, 'detail': 'k=103 (103.00) inliers=167 second=139 dx=-65 scale=1.426 window=[99,103] fitted=[99, 100, 101, 102, 103]'}  strafe left 0.10s
      |         chain push: 1 chunk(s) of 0.40s, change 26.1, best 26.1, hazards none — one push, so `best` IS the whole leg's travel
      |     it  32  k=104 -> 104  advanced        fix={'k': 105, 'k_float': 105.0, 'inliers': 162, 'dx': -26.17999267578125, 'dy': -13.561874389648438, 'scale': 1.5088409405329266, 'second': 143, 'detail': 'k=105 (105.00) inliers=162 second=143 dx=-26 scale=1.509 window=[101,105] fitted=[101, 102, 103, 104, 105]'}
      |         chain push: 1 chunk(s) of 0.40s, change 20.7, best 20.7, hazards none — one push, so `best` IS the whole leg's travel
      |     it  33  k=104 -> 107  stalled         fix={'k': 106, 'k_float': 106.0, 'inliers': 145, 'dx': -1.9775390625, 'dy': -31.034820556640625, 'scale': 1.7178480250193844, 'second': 139, 'detail': 'k=106 (106.00) inliers=145 second=139 dx=-2 scale=1.718 window=[103,107] fitted=[103, 104, 105, 106, 107]'}
      |         chain push: 1 chunk(s) of 0.40s, change 17.1, best 17.1, hazards none — one push, so `best` IS the whole leg's travel
      |         chain strafe: 1 chunk(s) of 0.13s, change 12.3, best 12.3, hazards none — one push, so `best` IS the whole leg's travel
      |     it  34  k=107 -> 107  advanced        fix={'k': 107, 'k_float': 107.0, 'inliers': 98, 'dx': -95.02650451660156, 'dy': -40.86138916015625, 'scale': 1.923138731151994, 'second': 97, 'detail': 'k=107 (107.00) inliers=98 second=97 dx=-95 scale=1.923 window=[103,107] fitted=[103, 104, 105, 106, 107]'}  strafe left 0.13s
      |         chain push: 1 chunk(s) of 0.40s, change 20.0, best 20.0, hazards none — one push, so `best` IS the whole leg's travel
      |         chain strafe: 1 chunk(s) of 0.10s, change 13.3, best 13.3, hazards none — one push, so `best` IS the whole leg's travel
      |     it  35  k=109 -> 109  advanced        fix={'k': 110, 'k_float': 110.0, 'inliers': 73, 'dx': 44.9456787109375, 'dy': -73.20356750488281, 'scale': 2.0054306822026784, 'second': 71, 'detail': 'k=110 (110.00) inliers=73 second=71 dx=+45 scale=2.005 window=[106,110] fitted=[106, 107, 108, 109, 110]'}  strafe right 0.10s
      |         chain push: 1 chunk(s) of 0.40s, change 32.8, best 32.8, hazards none — one push, so `best` IS the whole leg's travel
      |     it  36  k=112 -> 112  blind-advance   fix=None
      |         chain push: 1 chunk(s) of 0.40s, change 49.0, best 49.0, hazards none — one push, so `best` IS the whole leg's travel
      |     it  37  k=114 -> 114  blind-advance   fix={'k': 115, 'k_float': 115.0, 'inliers': 14, 'dx': 20.85028076171875, 'dy': 8.587844848632812, 'scale': 2.8950656095636376, 'second': 8, 'detail': 'k=115 (115.00) inliers=14 second=8 dx=+21 scale=2.895 window=[111,115] fitted=[112, 113, 114, 115]'}
      |         turn to 303.3: TURNED to 304.9 (err -1.5) in 1 push(es)
      |         turn to 278.3: TURNED to 278.3 (err +0.0) in 2 push(es)
      |         turn to 328.3: TURNED to 331.7 (err -3.4) in 2 push(es)
      |         turn to 303.3: TURNED to 302.6 (err +0.8) in 2 push(es)
      |         chain strafe: 1 chunk(s) of 0.31s, change 40.9, best 40.9, hazards none — one push, so `best` IS the whole leg's travel
      |     it  38  k=129 -> 129  turned-looked to 303.34476843910807  (172 inliers at the stop)
      |         turn to 299.8: NO-OP, already inside 4.0 deg (at 302.6, err -2.8) — nothing was sent, the recorded curve was discarded, and the caller's step line will look like a turn that happened
      |         chain push: 1 chunk(s) of 0.40s, change 20.6, best 20.6, hazards none — one push, so `best` IS the whole leg's travel
      |     it  39  k=130 -> 130  advanced-weak   fix={'k': 131, 'k_float': 131.0, 'inliers': 27, 'dx': -388.8000183105469, 'dy': -45.79998779296875, 'scale': 1.248261067350183, 'second': 25, 'detail': 'k=131 (131.00) inliers=27 second=25 dx=-389 scale=1.248 window=[128,132] fitted=[128, 129, 130, 131, 132]'}
      |         turn to 298.3: TURNED to 297.1 (err +1.2) in 1 push(es)
      |         chain push: 1 chunk(s) of 0.40s, change 13.3, best 13.3, hazards none — one push, so `best` IS the whole leg's travel
      |     it  40  k=133 -> 133  blind-advance   fix=None
      |         chain push: 1 chunk(s) of 0.40s, change 7.4, best 7.4, hazards none — one push, so `best` IS the whole leg's travel
      |     it  41  k=136 -> 136  blind-advance   fix=None
      |         chain push: 1 chunk(s) of 0.40s, change 8.4, best 8.4, hazards none — one push, so `best` IS the whole leg's travel
      |     it  42  k=139 -> 139  blind-advance   fix=None
      |         chain push: 1 chunk(s) of 0.40s, change 5.1, best 5.1, hazards none — one push, so `best` IS the whole leg's travel
      |     it  43  k=142 -> 142  blind-advance   fix=None
      |         turn to 2.2: TURNED to 359.1 (err +3.2) in 1 push(es)
      |         turn to 337.2: TURNED to 338.1 (err -0.8) in 1 push(es)
      |         turn to 27.2: TURNED to 24.0 (err +3.3) in 2 push(es)
      |         turn to 2.2: TURNED to 2.3 (err -0.0) in 1 push(es)
      |         turn to 298.3: TURNED to 301.8 (err -3.6) in 1 push(es)
      |         chain push: 1 chunk(s) of 0.40s, change 3.6, best 3.6, hazards none — one push, so `best` IS the whole leg's travel
      |     it  44  k=142 -> 166  turn-retry 1/3: the stop's frame did not fit (0 inliers); one more push along 298.3
      |         turn to 2.2: TURNED to 4.1 (err -1.9) in 2 push(es)
      |         turn to 337.2: TURNED to 339.6 (err -2.4) in 1 push(es)
      |         turn to 27.2: TURNED to 27.0 (err +0.2) in 1 push(es)
      |         turn to 2.2: TURNED to 3.0 (err -0.7) in 2 push(es)
      |         turn to 298.3: TURNED to 299.8 (err -1.5) in 2 push(es)
      |         chain push: 1 chunk(s) of 0.40s, change 3.5, best 3.5, hazards none — one push, so `best` IS the whole leg's travel
      |     it  45  k=142 -> 166  turn-retry 2/3: the stop's frame did not fit (0 inliers); one more push along 298.3
      |         turn to 2.2: TURNED to 4.1 (err -1.9) in 1 push(es)
      |         turn to 337.2: TURNED to 339.8 (err -2.5) in 2 push(es)
      |         turn to 27.2: TURNED to 29.6 (err -2.3) in 1 push(es)
      |         turn to 2.2: TURNED to 2.9 (err -0.6) in 2 push(es)
      |         turn to 298.3: TURNED to 299.5 (err -1.3) in 2 push(es)
      |         chain push: 1 chunk(s) of 0.40s, change 3.1, best 3.1, hazards none — one push, so `best` IS the whole leg's travel
      |     it  46  k=142 -> 166  turn-retry 3/3: the stop's frame did not fit (0 inliers); one more push along 298.3
      |         turn to 2.2: TURNED to 0.2 (err +2.0) in 1 push(es)
      |         turn to 337.2: TURNED to 339.7 (err -2.5) in 2 push(es)
      |         turn to 27.2: TURNED to 24.6 (err +2.6) in 1 push(es)
      |         turn to 2.2: TURNED to 2.8 (err -0.6) in 2 push(es)
      |     it  47  k=166 -> 166  turned-unverified to 2.2489998976495684  (0 inliers at the stop)
      |         chain push: 1 chunk(s) of 0.40s, change 3.9, best 3.9, hazards none — one push, so `best` IS the whole leg's travel
      |     it  48  k=166 -> 167  miss            fix=None
      |         chain push: 1 chunk(s) of 0.40s, change 3.2, best 3.2, hazards none — one push, so `best` IS the whole leg's travel
      |     it  49  k=166 -> 167  miss            fix=None
      |         chain push: 1 chunk(s) of 0.40s, change 3.4, best 3.4, hazards none — one push, so `best` IS the whole leg's travel
      |     it  50  k=166 -> 167  escape:jump     fix=None
      |         chain push: 1 chunk(s) of 0.40s, change 33.6, best 33.6, hazards none — one push, so `best` IS the whole leg's travel
      |     it  51  k=166 -> 167  miss            fix=None
      |         chain push: 1 chunk(s) of 0.40s, change 8.7, best 8.7, hazards none — one push, so `best` IS the whole leg's travel
      |     it  52  k=166 -> 167  miss            fix=None
      |         chain push: 1 chunk(s) of 0.40s, change 6.6, best 6.6, hazards none — one push, so `best` IS the whole leg's travel
      |         chain strafe: 1 chunk(s) of 0.30s, change 15.6, best 15.6, hazards none — one push, so `best` IS the whole leg's travel
      |     it  53  k=166 -> 167  escape:left     fix=None
      |         chain push: 1 chunk(s) of 0.40s, change 3.7, best 3.7, hazards none — one push, so `best` IS the whole leg's travel
      |     it  54  k=166 -> 167  miss            fix=None
      |         chain push: 1 chunk(s) of 0.40s, change 3.8, best 3.8, hazards none — one push, so `best` IS the whole leg's travel
      |     it  55  k=166 -> 167  miss            fix=None
      |         chain push: 1 chunk(s) of 0.40s, change 4.7, best 4.7, hazards none — one push, so `best` IS the whole leg's travel
      |         chain strafe: 1 chunk(s) of 0.30s, change 35.4, best 35.4, hazards none — one push, so `best` IS the whole leg's travel
      |   chain_walk: LOST — 9 iterations with nothing credible after the blind budget at k=166 of 204
[12] FAILED    k=166/205  it=56  pushes=51  seconds=121.8 (walk 104.81, setup 15.1)  failure=lost at k=166 of 204: 9 iterations with no credible fix after 6 blind advances
      |   pause menu open (selected 'Resume')
      |   selected: Load Last Save
      |   confirmation dialog up (delta 80.5) -> YES
      |   world back after 3.2s, spawn bearing 87 (E)
      |   setup 13.3s (reset 10.8s, Chain.load 2.6s for 205 waypoints) of a 180s budget
      |   chain_walk: 205 waypoints -> plan of 47 targets (41 push, 6 turn-only); the prompt is checked on every iteration; k rises by at most 1 per iteration, so >= 204 iteration(s). The 180s cap allows 0.88s each. At the last waypoint the walk may spend 3 more iteration(s) — 0.540 walk-units of forward push against OPEN-22's measured 0.05 — and then gives up rather than walking on past the table.
      |         turn to 271.3: TURNED to 270.0 (err +1.3) in 2 push(es)
      |     it   1  k=  3 ->   3  turned to 271.3168428039934  (193 inliers at the stop)
      |         chain push: 1 chunk(s) of 0.40s, change 20.7, best 20.7, hazards none — one push, so `best` IS the whole leg's travel
      |     it   2  k=  4 ->   4  advanced        fix={'k': 6, 'k_float': 6.0, 'inliers': 53, 'dx': -20.0, 'dy': -2.6400146484375, 'scale': 1.143254595717687, 'second': 26, 'detail': 'k=6 (6.00) inliers=53 second=26 dx=-20 scale=1.143 window=[2,6] fitted=[2, 3, 4, 5, 6]'}
      |         chain push: 1 chunk(s) of 0.40s, change 17.6, best 17.6, hazards none — one push, so `best` IS the whole leg's travel
      |     it   3  k=  7 ->   7  advanced-weak   fix={'k': 7, 'k_float': 7.0, 'inliers': 15, 'dx': 2.48834228515625, 'dy': 27.993621826171875, 'scale': 1.1727384406811512, 'second': 12, 'detail': 'k=7 (7.00) inliers=15 second=12 dx=+2 scale=1.173 window=[3,7] fitted=[3, 4, 5, 6, 7]'}
      |         chain push: 1 chunk(s) of 0.40s, change 15.3, best 15.3, hazards none — one push, so `best` IS the whole leg's travel
      |     it   4  k= 10 ->  10  blind-advance   fix={'k': 10, 'k_float': 10.0, 'inliers': 14, 'dx': -29.729904174804688, 'dy': 32.2486572265625, 'scale': 1.2254302446499656, 'second': 13, 'detail': 'k=10 (10.00) inliers=14 second=13 dx=-30 scale=1.225 window=[6,10] fitted=[6, 7, 8, 9, 10]'}
      |         chain push: 1 chunk(s) of 0.40s, change 11.6, best 11.6, hazards none — one push, so `best` IS the whole leg's travel
      |     it   5  k= 13 ->  13  blind-advance   fix={'k': 13, 'k_float': 13.0, 'inliers': 9, 'dx': -68.25599670410156, 'dy': 37.6234130859375, 'scale': 1.2859459683541987, 'second': 9, 'detail': 'k=13 (13.00) inliers=9 second=9 dx=-68 scale=1.286 window=[9,13] fitted=[9, 10, 11, 12, 13]'}
      |         chain push: 1 chunk(s) of 0.40s, change 7.6, best 7.6, hazards none — one push, so `best` IS the whole leg's travel
      |     it   6  k= 16 ->  16  blind-advance   fix={'k': 16, 'k_float': 16.0, 'inliers': 8, 'dx': -97.44960021972656, 'dy': 40.603302001953125, 'scale': 1.0666071823914325, 'second': 7, 'detail': 'k=16 (16.00) inliers=8 second=7 dx=-97 scale=1.067 window=[12,16] fitted=[15, 16]'}
      |         chain push: 1 chunk(s) of 0.40s, change 8.1, best 8.1, hazards none — one push, so `best` IS the whole leg's travel
      |     it   7  k= 19 ->  19  blind-advance   fix=None
      |         turn to 1.6: TURNED to 5.2 (err -3.6) in 2 push(es)
      |     it   8  k= 39 ->  39  turned to 1.6055901753868653  (30 inliers at the stop)
      |         chain push: 1 chunk(s) of 0.40s, change 20.4, best 20.4, hazards none — one push, so `best` IS the whole leg's travel
      |     it   9  k= 40 ->  40  advanced-weak   fix={'k': 42, 'k_float': 42.0, 'inliers': 15, 'dx': -170.4959716796875, 'dy': 286.08001708984375, 'scale': 1.2257116963699421, 'second': 15, 'detail': 'k=42 (42.00) inliers=15 second=15 dx=-170 scale=1.226 window=[38,42] fitted=[38, 39, 40, 41, 42]'}
      |         chain push: 1 chunk(s) of 0.40s, change 13.4, best 13.4, hazards none — one push, so `best` IS the whole leg's travel
      |     it  10  k= 43 ->  43  advanced-weak   fix={'k': 39, 'k_float': 39.0, 'inliers': 16, 'dx': -172.04000854492188, 'dy': 309.3680419921875, 'scale': 1.2876211996144542, 'second': 15, 'detail': 'k=39 (39.00) inliers=16 second=15 dx=-172 scale=1.288 window=[39,43] fitted=[39, 40, 41, 42, 43]'}
      |         chain push: 1 chunk(s) of 0.40s, change 8.8, best 8.8, hazards none — one push, so `best` IS the whole leg's travel
      |     it  11  k= 46 ->  46  advanced-weak   fix={'k': 43, 'k_float': 44.50477837539647, 'inliers': 17, 'dx': -223.6031494140625, 'dy': 282.0, 'scale': 1.156712745951352, 'second': 15, 'detail': 'k=43 (44.50) inliers=17 second=15 dx=-224 scale=1.157 window=[42,46] fitted=[42, 43, 44, 45, 46]'}
      |         chain push: 1 chunk(s) of 0.40s, change 11.1, best 11.1, hazards none — one push, so `best` IS the whole leg's travel
      |     it  12  k= 49 ->  49  blind-advance   fix={'k': 45, 'k_float': 45.003050771840385, 'inliers': 10, 'dx': -316.0083312988281, 'dy': 282.0, 'scale': 1.0004104911963783, 'second': 7, 'detail': 'k=45 (45.00) inliers=10 second=7 dx=-316 scale=1.000 window=[45,49] fitted=[45, 46]'}
      |         chain push: 1 chunk(s) of 0.40s, change 6.8, best 6.8, hazards none — one push, so `best` IS the whole leg's travel
      |     it  13  k= 52 ->  52  blind-advance   fix=None
      |         chain push: 1 chunk(s) of 0.40s, change 10.2, best 10.2, hazards none — one push, so `best` IS the whole leg's travel
      |     it  14  k= 52 ->  55  miss            fix=None
      |         chain push: 1 chunk(s) of 0.40s, change 10.4, best 10.4, hazards none — one push, so `best` IS the whole leg's travel
      |     it  15  k= 52 ->  55  miss            fix=None
      |         chain push: 1 chunk(s) of 0.40s, change 9.9, best 9.9, hazards none — one push, so `best` IS the whole leg's travel
      |     it  16  k= 52 ->  55  weak            fix={'k': 52, 'k_float': 52.0, 'inliers': 6, 'dx': 336.03839111328125, 'dy': -27.532821655273438, 'scale': 0.18666397041873614, 'second': 6, 'detail': 'k=52 (52.00) inliers=6 second=6 dx=+336 scale=0.187 window=[51,55] fitted=[52, 54]'}
      |         chain push: 1 chunk(s) of 0.40s, change 14.8, best 14.8, hazards none — one push, so `best` IS the whole leg's travel
      |     it  17  k= 52 ->  55  miss            fix=None
      |         chain push: 1 chunk(s) of 0.40s, change 13.4, best 13.4, hazards none — one push, so `best` IS the whole leg's travel
      |     it  18  k= 52 ->  55  miss            fix=None
      |         chain push: 1 chunk(s) of 0.40s, change 12.6, best 12.6, hazards none — one push, so `best` IS the whole leg's travel
      |     it  19  k= 52 ->  55  escape:jump     fix=None
      |         chain push: 1 chunk(s) of 0.40s, change 18.0, best 18.0, hazards none — one push, so `best` IS the whole leg's travel
      |     it  20  k= 52 ->  55  miss            fix=None
      |         chain push: 1 chunk(s) of 0.40s, change 17.9, best 17.9, hazards none — one push, so `best` IS the whole leg's travel
      |     it  21  k= 52 ->  55  miss            fix=None
      |         chain push: 1 chunk(s) of 0.40s, change 8.3, best 8.3, hazards none — one push, so `best` IS the whole leg's travel
      |         chain strafe: 1 chunk(s) of 0.30s, change 6.3, best 6.3, hazards none — one push, so `best` IS the whole leg's travel
      |   chain_walk: LOST — 9 iterations with nothing credible after the blind budget at k=52 of 204
[13] FAILED    k=52/205  it=22  pushes=20  seconds=43.8 (walk 28.88, setup 13.3)  failure=lost at k=52 of 204: 9 iterations with no credible fix after 6 blind advances
      |   pause menu open (selected 'Resume')
      |   selected: Load Last Save
      |   confirmation dialog up (delta 81.6) -> YES
      |   world back after 3.2s, spawn bearing 87 (E)
      |   setup 13.3s (reset 10.6s, Chain.load 2.7s for 205 waypoints) of a 180s budget
      |   chain_walk: 205 waypoints -> plan of 47 targets (41 push, 6 turn-only); the prompt is checked on every iteration; k rises by at most 1 per iteration, so >= 204 iteration(s). The 180s cap allows 0.88s each. At the last waypoint the walk may spend 3 more iteration(s) — 0.540 walk-units of forward push against OPEN-22's measured 0.05 — and then gives up rather than walking on past the table.
      |         turn to 271.3: TURNED to 272.0 (err -0.7) in 3 push(es)
      |     it   1  k=  3 ->   3  turned to 271.3168428039934  (194 inliers at the stop)
      |         chain push: 1 chunk(s) of 0.40s, change 20.6, best 20.6, hazards none — one push, so `best` IS the whole leg's travel
      |     it   2  k=  4 ->   4  advanced-weak   fix={'k': 6, 'k_float': 6.0, 'inliers': 27, 'dx': 11.52001953125, 'dy': 19.00799560546875, 'scale': 1.1144961634176225, 'second': 21, 'detail': 'k=6 (6.00) inliers=27 second=21 dx=+12 scale=1.114 window=[2,6] fitted=[2, 3, 4, 5, 6]'}
      |         chain push: 1 chunk(s) of 0.40s, change 18.7, best 18.7, hazards none — one push, so `best` IS the whole leg's travel
      |     it   3  k=  7 ->   7  advanced-weak   fix={'k': 7, 'k_float': 7.0, 'inliers': 21, 'dx': -47.399993896484375, 'dy': 27.37158203125, 'scale': 1.258879455365879, 'second': 11, 'detail': 'k=7 (7.00) inliers=21 second=11 dx=-47 scale=1.259 window=[3,7] fitted=[3, 4, 5, 6, 7]'}
      |         chain push: 1 chunk(s) of 0.40s, change 15.7, best 15.7, hazards none — one push, so `best` IS the whole leg's travel
      |     it   4  k= 10 ->  10  advanced-weak   fix={'k': 10, 'k_float': 10.0, 'inliers': 18, 'dx': 27.562408447265625, 'dy': 29.924850463867188, 'scale': 1.2187675760109689, 'second': 12, 'detail': 'k=10 (10.00) inliers=18 second=12 dx=+28 scale=1.219 window=[6,10] fitted=[6, 7, 8, 9, 10]'}
      |         chain push: 1 chunk(s) of 0.40s, change 11.6, best 11.6, hazards none — one push, so `best` IS the whole leg's travel
      |     it   5  k= 13 ->  13  blind-advance   fix={'k': 13, 'k_float': 13.0, 'inliers': 11, 'dx': -142.0, 'dy': 38.154296875, 'scale': 1.222609532637944, 'second': 10, 'detail': 'k=13 (13.00) inliers=11 second=10 dx=-142 scale=1.223 window=[9,13] fitted=[9, 10, 11, 13]'}
      |         chain push: 1 chunk(s) of 0.40s, change 10.1, best 10.1, hazards none — one push, so `best` IS the whole leg's travel
      |     it   6  k= 16 ->  16  blind-advance   fix=None
      |         chain push: 1 chunk(s) of 0.40s, change 8.3, best 8.3, hazards none — one push, so `best` IS the whole leg's travel
      |     it   7  k= 19 ->  19  blind-advance   fix=None
      |         turn to 1.6: TURNED to 4.9 (err -3.3) in 2 push(es)
      |     it   8  k= 39 ->  39  turned-past to 1.6055901753868653: the stop's frame fits waypoint 42 at 27 inliers, no evidence of being short
      |         chain push: 1 chunk(s) of 0.40s, change 17.7, best 17.7, hazards none — one push, so `best` IS the whole leg's travel
      |     it   9  k= 39 ->  40  weak            fix={'k': 42, 'k_float': 42.0, 'inliers': 14, 'dx': -159.15997314453125, 'dy': 285.9322204589844, 'scale': 1.228567325538013, 'second': 13, 'detail': 'k=42 (42.00) inliers=14 second=13 dx=-159 scale=1.229 window=[38,42] fitted=[38, 39, 40, 41, 42]'}
      |         chain push: 1 chunk(s) of 0.40s, change 6.6, best 6.6, hazards none — one push, so `best` IS the whole leg's travel
      |     it  10  k= 40 ->  40  advanced-weak   fix={'k': 40, 'k_float': 40.0, 'inliers': 17, 'dx': -148.79998779296875, 'dy': 294.48004150390625, 'scale': 1.2796180086929405, 'second': 16, 'detail': 'k=40 (40.00) inliers=17 second=16 dx=-149 scale=1.280 window=[38,42] fitted=[38, 39, 40, 41, 42]'}
      |         chain push: 1 chunk(s) of 0.40s, change 8.4, best 8.4, hazards none — one push, so `best` IS the whole leg's travel
      |     it  11  k= 43 ->  43  advanced-weak   fix={'k': 43, 'k_float': 43.0, 'inliers': 19, 'dx': -204.2413330078125, 'dy': 282.7200012207031, 'scale': 1.1519943605191134, 'second': 17, 'detail': 'k=43 (43.00) inliers=19 second=17 dx=-204 scale=1.152 window=[39,43] fitted=[39, 40, 41, 42, 43]'}
      |         chain push: 1 chunk(s) of 0.40s, change 12.5, best 12.5, hazards none — one push, so `best` IS the whole leg's travel
      |     it  12  k= 46 ->  46  advanced-weak   fix={'k': 43, 'k_float': 44.24385551937582, 'inliers': 18, 'dx': -219.40798950195312, 'dy': 286.0, 'scale': 1.1576273589967634, 'second': 11, 'detail': 'k=43 (44.24) inliers=18 second=11 dx=-219 scale=1.158 window=[42,46] fitted=[42, 43, 44, 45, 46]'}
      |         chain push: 1 chunk(s) of 0.40s, change 9.1, best 9.1, hazards none — one push, so `best` IS the whole leg's travel
      |     it  13  k= 46 ->  49  weak            fix={'k': 45, 'k_float': 45.0, 'inliers': 12, 'dx': -311.78656005859375, 'dy': 282.0, 'scale': 0.9087201197418483, 'second': 7, 'detail': 'k=45 (45.00) inliers=12 second=7 dx=-312 scale=0.909 window=[45,49] fitted=[45, 46, 47]'}
      |         chain push: 1 chunk(s) of 0.40s, change 11.4, best 11.4, hazards none — one push, so `best` IS the whole leg's travel
      |     it  14  k= 46 ->  49  weak            fix={'k': 45, 'k_float': 45.03471142441173, 'inliers': 11, 'dx': -323.0, 'dy': 283.0, 'scale': 1.0025457570583738, 'second': 7, 'detail': 'k=45 (45.03) inliers=11 second=7 dx=-323 scale=1.003 window=[45,49] fitted=[45, 46]'}
      |         chain push: 1 chunk(s) of 0.40s, change 9.8, best 9.8, hazards none — one push, so `best` IS the whole leg's travel
      |     it  15  k= 46 ->  49  weak            fix={'k': 45, 'k_float': 45.14670714162737, 'inliers': 9, 'dx': -333.0, 'dy': 282.0096435546875, 'scale': 1.048171376569273, 'second': 8, 'detail': 'k=45 (45.15) inliers=9 second=8 dx=-333 scale=1.048 window=[45,49] fitted=[45, 46, 47]'}
      |         chain push: 1 chunk(s) of 0.40s, change 9.2, best 9.2, hazards none — one push, so `best` IS the whole leg's travel
      |     it  16  k= 46 ->  49  escape:jump     fix={'k': 45, 'k_float': 45.0, 'inliers': 7, 'dx': -345.60003662109375, 'dy': 281.6640319824219, 'scale': 0.9102279505740288, 'second': 6, 'detail': 'k=45 (45.00) inliers=7 second=6 dx=-346 scale=0.910 window=[45,49] fitted=[45, 46]'}
      |         chain push: 1 chunk(s) of 0.40s, change 18.2, best 18.2, hazards none — one push, so `best` IS the whole leg's travel
      |     it  17  k= 46 ->  49  weak            fix={'k': 46, 'k_float': 46.0, 'inliers': 6, 'dx': 530.3905029296875, 'dy': 244.7362060546875, 'scale': 0.08043368047933636, 'second': 6, 'detail': 'k=46 (46.00) inliers=6 second=6 dx=+530 scale=0.080 window=[45,49] fitted=[45, 46]'}
      |         chain push: 1 chunk(s) of 0.40s, change 15.9, best 15.9, hazards none — one push, so `best` IS the whole leg's travel
      |     it  18  k= 46 ->  49  miss            fix=None
      |         chain push: 1 chunk(s) of 0.40s, change 9.5, best 9.5, hazards none — one push, so `best` IS the whole leg's travel
      |     it  19  k= 46 ->  49  miss            fix=None
      |         chain push: 1 chunk(s) of 0.40s, change 6.4, best 6.4, hazards none — one push, so `best` IS the whole leg's travel
      |         chain strafe: 1 chunk(s) of 0.30s, change 4.6, best 4.6, hazards none — one push, so `best` IS the whole leg's travel
      |     it  20  k= 46 ->  49  escape:left     fix=None
      |         chain push: 1 chunk(s) of 0.40s, change 4.9, best 4.9, hazards none — one push, so `best` IS the whole leg's travel
      |   chain_walk: LOST — 9 iterations with nothing credible after the blind budget at k=46 of 204
[14] FAILED    k=46/205  it=21  pushes=19  seconds=42.8 (walk 27.32, setup 13.3)  failure=lost at k=46 of 204: 9 iterations with no credible fix after 6 blind advances
      |   pause menu open (selected 'Resume')
      |   selected: Load Last Save
      |   confirmation dialog up (delta 81.6) -> YES
      |   world back after 3.2s, spawn bearing 87 (E)
      |   setup 13.3s (reset 10.7s, Chain.load 2.7s for 205 waypoints) of a 180s budget
      |   chain_walk: 205 waypoints -> plan of 47 targets (41 push, 6 turn-only); the prompt is checked on every iteration; k rises by at most 1 per iteration, so >= 204 iteration(s). The 180s cap allows 0.88s each. At the last waypoint the walk may spend 3 more iteration(s) — 0.540 walk-units of forward push against OPEN-22's measured 0.05 — and then gives up rather than walking on past the table.
      |         turn to 271.3: TURNED to 269.4 (err +1.9) in 2 push(es)
      |     it   1  k=  3 ->   3  turned to 271.3168428039934  (187 inliers at the stop)
      |         chain push: 1 chunk(s) of 0.40s, change 22.3, best 22.3, hazards none — one push, so `best` IS the whole leg's travel
      |     it   2  k=  4 ->   4  advanced-weak   fix={'k': 6, 'k_float': 6.0, 'inliers': 23, 'dx': -25.804794311523438, 'dy': -14.68798828125, 'scale': 1.221127384378536, 'second': 20, 'detail': 'k=6 (6.00) inliers=23 second=20 dx=-26 scale=1.221 window=[2,6] fitted=[2, 3, 4, 5, 6]'}
      |         chain push: 1 chunk(s) of 0.40s, change 18.2, best 18.2, hazards none — one push, so `best` IS the whole leg's travel
      |     it   3  k=  7 ->   7  blind-advance   fix={'k': 7, 'k_float': 7.0, 'inliers': 11, 'dx': 8.460296630859375, 'dy': 31.35284423828125, 'scale': 1.432919002969767, 'second': 10, 'detail': 'k=7 (7.00) inliers=11 second=10 dx=+8 scale=1.433 window=[3,7] fitted=[3, 4, 5, 6, 7]'}
      |         chain push: 1 chunk(s) of 0.40s, change 14.3, best 14.3, hazards none — one push, so `best` IS the whole leg's travel
      |     it   4  k= 10 ->  10  blind-advance   fix={'k': 9, 'k_float': 9.0, 'inliers': 11, 'dx': -26.625, 'dy': 34.91949462890625, 'scale': 1.3721320307931437, 'second': 7, 'detail': 'k=9 (9.00) inliers=11 second=7 dx=-27 scale=1.372 window=[6,10] fitted=[7, 8, 9, 10]'}
      |         chain push: 1 chunk(s) of 0.40s, change 11.4, best 11.4, hazards none — one push, so `best` IS the whole leg's travel
      |     it   5  k= 13 ->  13  blind-advance   fix={'k': 13, 'k_float': 13.0, 'inliers': 8, 'dx': -71.860595703125, 'dy': 50.72837829589844, 'scale': 1.552821543575682, 'second': 8, 'detail': 'k=13 (13.00) inliers=8 second=8 dx=-72 scale=1.553 window=[9,13] fitted=[9, 13]'}
      |         chain push: 1 chunk(s) of 0.40s, change 7.4, best 7.4, hazards none — one push, so `best` IS the whole leg's travel
      |     it   6  k= 16 ->  16  blind-advance   fix=None
      |         chain push: 1 chunk(s) of 0.40s, change 8.4, best 8.4, hazards none — one push, so `best` IS the whole leg's travel
      |     it   7  k= 19 ->  19  blind-advance   fix=None
      |         turn to 1.6: TURNED to 358.1 (err +3.5) in 1 push(es)
      |     it   8  k= 39 ->  39  turned to 1.6055901753868653  (56 inliers at the stop)
      |         chain push: 1 chunk(s) of 0.40s, change 17.5, best 17.5, hazards none — one push, so `best` IS the whole leg's travel
      |         chain strafe: 1 chunk(s) of 0.10s, change 11.2, best 11.2, hazards none — one push, so `best` IS the whole leg's travel
      |     it   9  k= 40 ->  40  advanced        fix={'k': 41, 'k_float': 41.0, 'inliers': 54, 'dx': 73.18002319335938, 'dy': 301.5744323730469, 'scale': 1.313922789821411, 'second': 53, 'detail': 'k=41 (41.00) inliers=54 second=53 dx=+73 scale=1.314 window=[38,42] fitted=[38, 39, 40, 41, 42]'}  strafe right 0.10s
      |         chain push: 1 chunk(s) of 0.40s, change 9.6, best 9.6, hazards none — one push, so `best` IS the whole leg's travel
      |         chain strafe: 1 chunk(s) of 0.10s, change 5.4, best 5.4, hazards none — one push, so `best` IS the whole leg's travel
      |     it  10  k= 43 ->  43  advanced        fix={'k': 43, 'k_float': 43.0, 'inliers': 79, 'dx': 49.67999267578125, 'dy': 294.6000061035156, 'scale': 1.2275506783263828, 'second': 53, 'detail': 'k=43 (43.00) inliers=79 second=53 dx=+50 scale=1.228 window=[39,43] fitted=[39, 40, 41, 42, 43]'}  strafe right 0.10s
      |         chain push: 1 chunk(s) of 0.40s, change 14.6, best 14.6, hazards none — one push, so `best` IS the whole leg's travel
      |         chain strafe: 1 chunk(s) of 0.10s, change 7.3, best 7.3, hazards none — one push, so `best` IS the whole leg's travel
      |     it  11  k= 43 ->  46  stalled         fix={'k': 45, 'k_float': 45.0, 'inliers': 36, 'dx': 37.324859619140625, 'dy': 291.3504333496094, 'scale': 1.2106908152968292, 'second': 36, 'detail': 'k=45 (45.00) inliers=36 second=36 dx=+37 scale=1.211 window=[42,46] fitted=[42, 43, 44, 45, 46]'}  strafe right 0.10s
      |         chain push: 1 chunk(s) of 0.40s, change 32.2, best 32.2, hazards none — one push, so `best` IS the whole leg's travel
      |         chain strafe: 1 chunk(s) of 0.10s, change 4.3, best 4.3, hazards none — one push, so `best` IS the whole leg's travel
      |     it  12  k= 43 ->  46  stalled         fix={'k': 45, 'k_float': 45.0, 'inliers': 30, 'dx': 42.300018310546875, 'dy': 306.5126953125, 'scale': 1.1966051817943988, 'second': 29, 'detail': 'k=45 (45.00) inliers=30 second=29 dx=+42 scale=1.197 window=[42,46] fitted=[42, 43, 44, 45, 46]'}  strafe right 0.10s
      |         chain push: 1 chunk(s) of 0.40s, change 32.5, best 32.5, hazards none — one push, so `best` IS the whole leg's travel
      |         chain strafe: 1 chunk(s) of 0.10s, change 3.7, best 3.7, hazards none — one push, so `best` IS the whole leg's travel
      |     it  13  k= 46 ->  46  advanced        fix={'k': 46, 'k_float': 46.0, 'inliers': 34, 'dx': 61.632049560546875, 'dy': 267.1920471191406, 'scale': 1.3390710318498347, 'second': 29, 'detail': 'k=46 (46.00) inliers=34 second=29 dx=+62 scale=1.339 window=[42,46] fitted=[42, 43, 44, 45, 46]'}  strafe right 0.10s
      |         chain push: 1 chunk(s) of 0.40s, change 24.9, best 24.9, hazards none — one push, so `best` IS the whole leg's travel
      |         chain strafe: 1 chunk(s) of 0.10s, change 2.5, best 2.5, hazards SHORT — one push, so `best` IS the whole leg's travel
      |     it  14  k= 49 ->  49  advanced        fix={'k': 49, 'k_float': 49.0, 'inliers': 166, 'dx': 46.040008544921875, 'dy': 261.3600158691406, 'scale': 1.2369328732120692, 'second': 128, 'detail': 'k=49 (49.00) inliers=166 second=128 dx=+46 scale=1.237 window=[45,49] fitted=[45, 46, 47, 48, 49]'}  strafe right 0.10s
      |         chain push: 1 chunk(s) of 0.40s, change 17.6, best 17.6, hazards none — one push, so `best` IS the whole leg's travel
      |         chain strafe: 1 chunk(s) of 0.10s, change 2.7, best 2.7, hazards SHORT — one push, so `best` IS the whole leg's travel
      |     it  15  k= 49 ->  52  stalled         fix={'k': 50, 'k_float': 50.0, 'inliers': 169, 'dx': 61.62750244140625, 'dy': 235.20001220703125, 'scale': 1.3170776351791045, 'second': 155, 'detail': 'k=50 (50.00) inliers=169 second=155 dx=+62 scale=1.317 window=[48,52] fitted=[48, 49, 50, 51, 52]'}  strafe right 0.10s
      |         chain push: 1 chunk(s) of 0.40s, change 14.6, best 14.6, hazards none — one push, so `best` IS the whole leg's travel
      |         chain strafe: 1 chunk(s) of 0.13s, change 1.8, best 1.8, hazards SHORT — one push, so `best` IS the whole leg's travel
      |     it  16  k= 49 ->  52  stalled         fix={'k': 51, 'k_float': 51.0, 'inliers': 153, 'dx': 96.4639892578125, 'dy': 203.0469970703125, 'scale': 1.4376691486031479, 'second': 131, 'detail': 'k=51 (51.00) inliers=153 second=131 dx=+96 scale=1.438 window=[48,52] fitted=[48, 49, 50, 51, 52]'}  strafe right 0.13s
      |         chain push: 1 chunk(s) of 0.40s, change 19.2, best 19.2, hazards none — one push, so `best` IS the whole leg's travel
      |         chain strafe: 1 chunk(s) of 0.22s, change 4.8, best 4.8, hazards none — one push, so `best` IS the whole leg's travel
      |     it  17  k= 52 ->  52  advanced        fix={'k': 52, 'k_float': 52.0, 'inliers': 78, 'dx': 157.37197875976562, 'dy': 141.94195556640625, 'scale': 1.633619411874762, 'second': 58, 'detail': 'k=52 (52.00) inliers=78 second=58 dx=+157 scale=1.634 window=[48,52] fitted=[48, 49, 50, 51, 52]'}  strafe right 0.22s
      |         chain push: 1 chunk(s) of 0.40s, change 23.5, best 23.5, hazards none — one push, so `best` IS the whole leg's travel
      |         chain strafe: 1 chunk(s) of 0.26s, change 6.5, best 6.5, hazards none — one push, so `best` IS the whole leg's travel
      |     it  18  k= 55 ->  55  advanced        fix={'k': 55, 'k_float': 55.0, 'inliers': 34, 'dx': 185.64828491210938, 'dy': 72.475830078125, 'scale': 1.6579196774553593, 'second': 30, 'detail': 'k=55 (55.00) inliers=34 second=30 dx=+186 scale=1.658 window=[51,55] fitted=[51, 52, 53, 54, 55]'}  strafe right 0.26s
      |         chain push: 1 chunk(s) of 0.40s, change 26.9, best 26.9, hazards none — one push, so `best` IS the whole leg's travel
      |         chain strafe: 1 chunk(s) of 0.10s, change 18.2, best 18.2, hazards none — one push, so `best` IS the whole leg's travel
      |     it  19  k= 58 ->  58  advanced        fix={'k': 58, 'k_float': 58.0, 'inliers': 99, 'dx': 44.789764404296875, 'dy': 275.0, 'scale': 1.0429102856342962, 'second': 88, 'detail': 'k=58 (58.00) inliers=99 second=88 dx=+45 scale=1.043 window=[54,58] fitted=[54, 55, 56, 57, 58]'}  strafe right 0.10s
      |         chain push: 1 chunk(s) of 0.40s, change 28.3, best 28.3, hazards none — one push, so `best` IS the whole leg's travel
      |         chain strafe: 1 chunk(s) of 0.10s, change 20.6, best 20.6, hazards none — one push, so `best` IS the whole leg's travel
      |     it  20  k= 61 ->  61  advanced        fix={'k': 61, 'k_float': 61.0, 'inliers': 139, 'dx': 42.9981689453125, 'dy': 300.9599914550781, 'scale': 1.067337736521835, 'second': 117, 'detail': 'k=61 (61.00) inliers=139 second=117 dx=+43 scale=1.067 window=[57,61] fitted=[57, 58, 59, 60, 61]'}  strafe right 0.10s
      |         chain push: 1 chunk(s) of 0.40s, change 25.9, best 25.9, hazards none — one push, so `best` IS the whole leg's travel
      |     it  21  k= 64 ->  64  advanced        fix={'k': 64, 'k_float': 64.0, 'inliers': 156, 'dx': 31.10400390625, 'dy': 297.6000061035156, 'scale': 1.0237536584311233, 'second': 125, 'detail': 'k=64 (64.00) inliers=156 second=125 dx=+31 scale=1.024 window=[60,64] fitted=[60, 61, 62, 63, 64]'}
      |     it  22  k= 88 ->  88  turned (skipped, same heading) to 1.3495539744498237  (131 inliers at the stop)
      |         chain push: 1 chunk(s) of 0.40s, change 20.7, best 20.7, hazards none — one push, so `best` IS the whole leg's travel
      |     it  23  k= 89 ->  89  advanced        fix={'k': 90, 'k_float': 90.0, 'inliers': 96, 'dx': 26.0, 'dy': 19.906570434570312, 'scale': 1.0430962876928735, 'second': 93, 'detail': 'k=90 (90.00) inliers=96 second=93 dx=+26 scale=1.043 window=[87,91] fitted=[87, 88, 89, 90, 91]'}
      |         chain push: 1 chunk(s) of 0.40s, change 20.3, best 20.3, hazards none — one push, so `best` IS the whole leg's travel
      |         chain strafe: 1 chunk(s) of 0.10s, change 12.1, best 12.1, hazards none — one push, so `best` IS the whole leg's travel
      |     it  24  k= 89 ->  92  stalled         fix={'k': 90, 'k_float': 90.0, 'inliers': 110, 'dx': 61.959991455078125, 'dy': 19.008026123046875, 'scale': 1.0680382971478055, 'second': 105, 'detail': 'k=90 (90.00) inliers=110 second=105 dx=+62 scale=1.068 window=[88,92] fitted=[88, 89, 90, 91, 92]'}  strafe right 0.10s
      |         chain push: 1 chunk(s) of 0.40s, change 20.2, best 20.2, hazards none — one push, so `best` IS the whole leg's travel
      |     it  25  k= 89 ->  92  stalled         fix={'k': 89, 'k_float': 89.0, 'inliers': 87, 'dx': 7.879730224609375, 'dy': -23.399993896484375, 'scale': 1.179361263689231, 'second': 79, 'detail': 'k=89 (89.00) inliers=87 second=79 dx=+8 scale=1.179 window=[88,92] fitted=[88, 89, 90, 91, 92]'}
      |         chain push: 1 chunk(s) of 0.40s, change 19.2, best 19.2, hazards none — one push, so `best` IS the whole leg's travel
      |     it  26  k= 89 ->  92  stalled         fix={'k': 90, 'k_float': 90.0, 'inliers': 97, 'dx': 30.27459716796875, 'dy': -20.404205322265625, 'scale': 1.172559333729818, 'second': 88, 'detail': 'k=90 (90.00) inliers=97 second=88 dx=+30 scale=1.173 window=[88,92] fitted=[88, 89, 90, 91, 92]'}
      |         chain push: 1 chunk(s) of 0.40s, change 17.4, best 17.4, hazards none — one push, so `best` IS the whole leg's travel
      |     it  27  k= 92 ->  92  advanced        fix={'k': 92, 'k_float': 92.0, 'inliers': 72, 'dx': 30.24005126953125, 'dy': -33.48310852050781, 'scale': 1.18723945252099, 'second': 56, 'detail': 'k=92 (92.00) inliers=72 second=56 dx=+30 scale=1.187 window=[88,92] fitted=[88, 89, 90, 91, 92]'}
      |         chain push: 1 chunk(s) of 0.40s, change 17.7, best 17.7, hazards none — one push, so `best` IS the whole leg's travel
      |     it  28  k= 94 ->  94  advanced        fix={'k': 95, 'k_float': 95.0, 'inliers': 89, 'dx': 33.1199951171875, 'dy': -5.374755859375, 'scale': 1.1655627645162168, 'second': 85, 'detail': 'k=95 (95.00) inliers=89 second=85 dx=+33 scale=1.166 window=[91,95] fitted=[91, 92, 93, 94, 95]'}
      |         chain push: 1 chunk(s) of 0.40s, change 18.3, best 18.3, hazards none — one push, so `best` IS the whole leg's travel
      |     it  29  k= 96 ->  96  advanced        fix={'k': 97, 'k_float': 97.0, 'inliers': 151, 'dx': 22.118438720703125, 'dy': 12.600006103515625, 'scale': 1.2201084620574278, 'second': 129, 'detail': 'k=97 (97.00) inliers=151 second=129 dx=+22 scale=1.220 window=[93,97] fitted=[93, 94, 95, 96, 97]'}
      |         chain push: 1 chunk(s) of 0.40s, change 20.3, best 20.3, hazards none — one push, so `best` IS the whole leg's travel
      |     it  30  k= 96 ->  98  stalled         fix={'k': 95, 'k_float': 95.0, 'inliers': 148, 'dx': 28.176025390625, 'dy': 1.5120391845703125, 'scale': 1.449097804112944, 'second': 143, 'detail': 'k=95 (95.00) inliers=148 second=143 dx=+28 scale=1.449 window=[95,99] fitted=[95, 96, 97, 98, 99]'}
      |         chain push: 1 chunk(s) of 0.40s, change 20.4, best 20.4, hazards none — one push, so `best` IS the whole leg's travel
      |     it  31  k= 96 ->  98  stalled         fix={'k': 97, 'k_float': 97.0, 'inliers': 162, 'dx': 27.822006225585938, 'dy': 9.27825927734375, 'scale': 1.4543369002701196, 'second': 149, 'detail': 'k=97 (97.00) inliers=162 second=149 dx=+28 scale=1.454 window=[95,99] fitted=[95, 96, 97, 98, 99]'}
      |         chain push: 1 chunk(s) of 0.40s, change 16.5, best 16.5, hazards none — one push, so `best` IS the whole leg's travel
      |     it  32  k= 98 ->  98  advanced        fix={'k': 98, 'k_float': 98.0, 'inliers': 131, 'dx': 33.343536376953125, 'dy': -0.38397216796875, 'scale': 1.4537569103093588, 'second': 130, 'detail': 'k=98 (98.00) inliers=131 second=130 dx=+33 scale=1.454 window=[95,99] fitted=[95, 96, 97, 98, 99]'}
      |         chain push: 1 chunk(s) of 0.40s, change 25.5, best 25.5, hazards none — one push, so `best` IS the whole leg's travel
      |     it  33  k=100 -> 100  advanced        fix={'k': 101, 'k_float': 101.0, 'inliers': 159, 'dx': 23.500885009765625, 'dy': -7.1199951171875, 'scale': 1.4319279734679453, 'second': 127, 'detail': 'k=101 (101.00) inliers=159 second=127 dx=+24 scale=1.432 window=[97,101] fitted=[97, 98, 99, 100, 101]'}
      |         chain push: 1 chunk(s) of 0.40s, change 26.2, best 26.2, hazards none — one push, so `best` IS the whole leg's travel
      |     it  34  k=102 -> 102  advanced        fix={'k': 103, 'k_float': 103.0, 'inliers': 173, 'dx': 31.000030517578125, 'dy': -10.847991943359375, 'scale': 1.4634098012798098, 'second': 136, 'detail': 'k=103 (103.00) inliers=173 second=136 dx=+31 scale=1.463 window=[99,103] fitted=[99, 100, 101, 102, 103]'}
      |         chain push: 1 chunk(s) of 0.40s, change 23.2, best 23.2, hazards none — one push, so `best` IS the whole leg's travel
      |     it  35  k=104 -> 104  advanced        fix={'k': 105, 'k_float': 105.0, 'inliers': 159, 'dx': -15.47998046875, 'dy': -14.279998779296875, 'scale': 1.5326978367734843, 'second': 151, 'detail': 'k=105 (105.00) inliers=159 second=151 dx=-15 scale=1.533 window=[101,105] fitted=[101, 102, 103, 104, 105]'}
      |         chain push: 1 chunk(s) of 0.40s, change 22.1, best 22.1, hazards none — one push, so `best` IS the whole leg's travel
      |     it  36  k=107 -> 107  advanced        fix={'k': 107, 'k_float': 107.0, 'inliers': 147, 'dx': -33.235137939453125, 'dy': -26.639984130859375, 'scale': 1.6765190469465623, 'second': 140, 'detail': 'k=107 (107.00) inliers=147 second=140 dx=-33 scale=1.677 window=[103,107] fitted=[103, 104, 105, 106, 107]'}
      |         chain push: 1 chunk(s) of 0.40s, change 18.5, best 18.5, hazards none — one push, so `best` IS the whole leg's travel
      |         chain strafe: 1 chunk(s) of 0.10s, change 11.1, best 11.1, hazards none — one push, so `best` IS the whole leg's travel
      |     it  37  k=109 -> 109  advanced        fix={'k': 110, 'k_float': 110.0, 'inliers': 108, 'dx': 44.34808349609375, 'dy': -48.71197509765625, 'scale': 1.7335699360494017, 'second': 100, 'detail': 'k=110 (110.00) inliers=108 second=100 dx=+44 scale=1.734 window=[106,110] fitted=[106, 107, 108, 109, 110]'}  strafe right 0.10s
      |         chain push: 1 chunk(s) of 0.40s, change 22.4, best 22.4, hazards none — one push, so `best` IS the whole leg's travel
      |         chain strafe: 1 chunk(s) of 0.13s, change 15.6, best 15.6, hazards none — one push, so `best` IS the whole leg's travel
      |     it  38  k=109 -> 112  stalled         fix={'k': 110, 'k_float': 110.0, 'inliers': 87, 'dx': -90.68182373046875, 'dy': 2.220062255859375, 'scale': 2.857908549240478, 'second': 47, 'detail': 'k=110 (110.00) inliers=87 second=47 dx=-91 scale=2.858 window=[108,112] fitted=[108, 109, 110, 111, 112]'}  strafe left 0.13s
      |         chain push: 1 chunk(s) of 0.40s, change 33.9, best 33.9, hazards none — one push, so `best` IS the whole leg's travel
      |     it  39  k=112 -> 112  blind-advance   fix=None
      |         chain push: 1 chunk(s) of 0.40s, change 42.0, best 42.0, hazards none — one push, so `best` IS the whole leg's travel
      |     it  40  k=114 -> 114  blind-advance   fix=None
      |         turn to 303.3: NO compass reading, abandoned BEFORE turning — the caller's 'got --' is an unread heading, not a heading that was reached
      |         turn to 278.3: TURNED to 277.5 (err +0.9) in 1 push(es)
      |         turn to 328.3: TURNED to 327.3 (err +1.1) in 1 push(es)
      |         turn to 303.3: TURNED to 303.1 (err +0.2) in 2 push(es)
      |         chain strafe: 1 chunk(s) of 0.50s, change 20.0, best 20.0, hazards none — one push, so `best` IS the whole leg's travel
      |     it  41  k=129 -> 129  turned-looked to 303.34476843910807  (178 inliers at the stop)
      |         turn to 299.8: NO-OP, already inside 4.0 deg (at 303.1, err -3.4) — nothing was sent, the recorded curve was discarded, and the caller's step line will look like a turn that happened
      |         chain push: 1 chunk(s) of 0.40s, change 13.6, best 13.6, hazards none — one push, so `best` IS the whole leg's travel
      |         chain strafe: 1 chunk(s) of 0.30s, change 13.5, best 13.5, hazards none — one push, so `best` IS the whole leg's travel
      |     it  42  k=129 -> 130  stalled         fix={'k': 129, 'k_float': 129.0, 'inliers': 88, 'dx': -263.02001953125, 'dy': -40.06077575683594, 'scale': 1.276002467160657, 'second': 87, 'detail': 'k=129 (129.00) inliers=88 second=87 dx=-263 scale=1.276 window=[128,132] fitted=[128, 129, 130, 131, 132]'}  strafe left 0.30s
      |         chain push: 1 chunk(s) of 0.40s, change 13.4, best 13.4, hazards none — one push, so `best` IS the whole leg's travel
      |         chain strafe: 1 chunk(s) of 0.30s, change 12.5, best 12.5, hazards none — one push, so `best` IS the whole leg's travel
      |     it  43  k=130 -> 130  advanced        fix={'k': 130, 'k_float': 130.0, 'inliers': 121, 'dx': -318.4031982421875, 'dy': -65.85598754882812, 'scale': 1.5467427124485273, 'second': 64, 'detail': 'k=130 (130.00) inliers=121 second=64 dx=-318 scale=1.547 window=[128,132] fitted=[128, 129, 130, 131, 132]'}  strafe left 0.30s
      |         turn to 298.3: TURNED to 297.6 (err +0.6) in 1 push(es)
      |         chain push: 1 chunk(s) of 0.40s, change 21.3, best 21.3, hazards none — one push, so `best` IS the whole leg's travel
      |         chain strafe: 1 chunk(s) of 0.28s, change 20.8, best 20.8, hazards none — one push, so `best` IS the whole leg's travel
      |     it  44  k=133 -> 133  advanced        fix={'k': 133, 'k_float': 133.0, 'inliers': 170, 'dx': -201.55198669433594, 'dy': -82.5816650390625, 'scale': 1.6816207144398903, 'second': 163, 'detail': 'k=133 (133.00) inliers=170 second=163 dx=-202 scale=1.682 window=[129,133] fitted=[129, 130, 131, 132, 133]'}  strafe left 0.28s
      |         chain push: 1 chunk(s) of 0.40s, change 23.1, best 23.1, hazards none — one push, so `best` IS the whole leg's travel
      |         chain strafe: 1 chunk(s) of 0.17s, change 19.6, best 19.6, hazards none — one push, so `best` IS the whole leg's travel
      |     it  45  k=133 -> 136  stalled         fix={'k': 134, 'k_float': 134.0, 'inliers': 159, 'dx': -122.019775390625, 'dy': -100.9862060546875, 'scale': 2.0851897712742384, 'second': 86, 'detail': 'k=134 (134.00) inliers=159 second=86 dx=-122 scale=2.085 window=[132,136] fitted=[132, 133, 134, 135, 136]'}  strafe left 0.17s
      |         chain push: 1 chunk(s) of 0.40s, change 33.1, best 33.1, hazards none — one push, so `best` IS the whole leg's travel
      |         chain strafe: 1 chunk(s) of 0.16s, change 30.9, best 30.9, hazards none — one push, so `best` IS the whole leg's travel
      |     it  46  k=136 -> 136  advanced        fix={'k': 136, 'k_float': 136.0, 'inliers': 51, 'dx': -118.74969482421875, 'dy': -164.0240936279297, 'scale': 2.890817920318676, 'second': 25, 'detail': 'k=136 (136.00) inliers=51 second=25 dx=-119 scale=2.891 window=[132,136] fitted=[132, 133, 134, 135, 136]'}  strafe left 0.17s
      |         chain push: 1 chunk(s) of 0.40s, change 38.1, best 38.1, hazards none — one push, so `best` IS the whole leg's travel
      |         chain strafe: 1 chunk(s) of 0.20s, change 45.8, best 45.8, hazards none — one push, so `best` IS the whole leg's travel
      |     it  47  k=136 -> 139  stalled         fix={'k': 138, 'k_float': 138.0, 'inliers': 43, 'dx': -146.34365844726562, 'dy': -180.7063751220703, 'scale': 3.043380751534009, 'second': 14, 'detail': 'k=138 (138.00) inliers=43 second=14 dx=-146 scale=3.043 window=[135,139] fitted=[135, 136, 137, 138, 139]'}  strafe left 0.20s
      |         chain push: 1 chunk(s) of 0.40s, change 34.9, best 34.9, hazards none — one push, so `best` IS the whole leg's travel
      |         chain strafe: 1 chunk(s) of 0.22s, change 41.8, best 41.8, hazards none — one push, so `best` IS the whole leg's travel
      |     it  48  k=139 -> 139  advanced-past   fix={'k': 136, 'k_float': 136.0, 'inliers': 43, 'dx': -161.9250030517578, 'dy': -147.59226989746094, 'scale': 3.460104391524094, 'second': 18, 'detail': 'k=136 (136.00) inliers=43 second=18 dx=-162 scale=3.460 window=[135,139] fitted=[135, 136, 137, 139]'}  strafe left 0.23s
      |         chain push: 1 chunk(s) of 0.40s, change 38.9, best 38.9, hazards none — one push, so `best` IS the whole leg's travel
      |     it  49  k=142 -> 142  advanced        fix={'k': 142, 'k_float': 142.0, 'inliers': 130, 'dx': -26.01751708984375, 'dy': -122.98658752441406, 'scale': 2.048979803038897, 'second': 75, 'detail': 'k=142 (142.00) inliers=130 second=75 dx=-26 scale=2.049 window=[138,142] fitted=[138, 139, 140, 141, 142]'}
      |         turn to 2.2: TURNED to 4.3 (err -2.1) in 1 push(es)
      |     it  50  k=166 -> 166  turned to 2.2489998976495684  (65 inliers at the stop)
      |         chain push: 1 chunk(s) of 0.40s, change 29.2, best 29.2, hazards none — one push, so `best` IS the whole leg's travel
      |         chain strafe: 1 chunk(s) of 0.19s, change 23.9, best 23.9, hazards none — one push, so `best` IS the whole leg's travel
      |     it  51  k=167 -> 167  advanced        fix={'k': 167, 'k_float': 167.0, 'inliers': 53, 'dx': 138.96002197265625, 'dy': -92.8800048828125, 'scale': 1.1005652029864659, 'second': 51, 'detail': 'k=167 (167.00) inliers=53 second=51 dx=+139 scale=1.101 window=[165,169] fitted=[165, 166, 167, 168, 169]'}  strafe right 0.19s
      |         turn to 4.3: NO-OP, already inside 4.0 deg (at 4.5, err -0.2) — nothing was sent, the recorded curve was discarded, and the caller's step line will look like a turn that happened
      |         chain push: 1 chunk(s) of 0.40s, change 30.7, best 30.7, hazards none — one push, so `best` IS the whole leg's travel
      |         chain strafe: 1 chunk(s) of 0.12s, change 19.9, best 19.9, hazards none — one push, so `best` IS the whole leg's travel
      |     it  52  k=169 -> 169  advanced        fix={'k': 170, 'k_float': 170.0, 'inliers': 43, 'dx': 88.53125, 'dy': -104.0947265625, 'scale': 1.2463196136382109, 'second': 36, 'detail': 'k=170 (170.00) inliers=43 second=36 dx=+89 scale=1.246 window=[166,170] fitted=[166, 167, 168, 169, 170]'}  strafe right 0.12s
      |         turn to 2.2: NO-OP, already inside 4.0 deg (at 4.4, err -2.2) — nothing was sent, the recorded curve was discarded, and the caller's step line will look like a turn that happened
      |         chain push: 1 chunk(s) of 0.40s, change 37.8, best 37.8, hazards none — one push, so `best` IS the whole leg's travel
      |     it  53  k=171 -> 171  advanced        fix={'k': 172, 'k_float': 172.0, 'inliers': 96, 'dx': -21.6575927734375, 'dy': -106.7239990234375, 'scale': 1.244463563488489, 'second': 86, 'detail': 'k=172 (172.00) inliers=96 second=86 dx=-22 scale=1.244 window=[168,172] fitted=[168, 169, 170, 171, 172]'}
      |         chain push: 1 chunk(s) of 0.40s, change 34.5, best 34.5, hazards none — one push, so `best` IS the whole leg's travel
      |         chain strafe: 1 chunk(s) of 0.10s, change 9.1, best 9.1, hazards none — one push, so `best` IS the whole leg's travel
      |     it  54  k=173 -> 173  advanced        fix={'k': 173, 'k_float': 173.0, 'inliers': 101, 'dx': -42.40098571777344, 'dy': -107.71199035644531, 'scale': 1.3565466310934184, 'second': 91, 'detail': 'k=173 (173.00) inliers=101 second=91 dx=-42 scale=1.357 window=[170,174] fitted=[170, 171, 172, 173, 174]'}  strafe left 0.10s
      |         chain push: 1 chunk(s) of 0.40s, change 30.5, best 30.5, hazards none — one push, so `best` IS the whole leg's travel
      |         chain strafe: 1 chunk(s) of 0.10s, change 15.1, best 15.1, hazards none — one push, so `best` IS the whole leg's travel
      |     it  55  k=173 -> 176  stalled         fix={'k': 175, 'k_float': 175.0, 'inliers': 68, 'dx': 47.300018310546875, 'dy': -120.41199493408203, 'scale': 1.4105064742276907, 'second': 61, 'detail': 'k=175 (175.00) inliers=68 second=61 dx=+47 scale=1.411 window=[172,176] fitted=[172, 173, 174, 175, 176]'}  strafe right 0.10s
