streak: 10 trials, route ['portrait_room', 'bar_pool_room', 'bar_jukebox', 'dealer_table'], attempts=9, ceiling 1800s
  config {'TRUST_RESET_SPAWN': True, 'RECOVER_MISSED': True, 'NULL_YAW_BEFORE_ALIGN': True, 'LEG_SPEED_BY_LEG': {}, 'MERGE_STEPS_BY_LEG': []}
      |   pause menu open (selected 'Resume')
      |   selected: Load Last Save
      |   confirmation dialog up (delta 79.1) -> YES
      |   world back after 3.3s, spawn bearing 87 (E)
      |   attempt 1/9 at portrait_room
      |   locate() cannot name office_corridor (it has no appearance reference by design) but the caller reset onto it — routing from there instead of sweeping and reloading
      |   route: office_corridor -> office_door -> portrait_room  (16.2s of walking)
      |     leg office_corridor -> office_door
      |         turn to 270.4: TURNED to 270.6 (err -0.2) in 2 push(es)
      |         office_corridor->office_door step 1/7: 1 chunk(s) of 0.79s, change 19.4, best 19.4, hazards none — one push, so `best` IS the whole leg's travel
      |       step 1/7 bearing  270.4 (got  270.6) 0.79s -> walked 0.79s, best change 19.4
      |         turn to 270.1: NO-OP, already inside 4.0 deg (at 270.6, err -0.5) — nothing was sent, the recorded curve was discarded, and the caller's step line will look like a turn that happened
      |         office_corridor->office_door step 2/7: 1 chunk(s) of 0.78s, change 18.2, best 18.2, hazards none — one push, so `best` IS the whole leg's travel
      |       step 2/7 bearing  270.1 (got  270.6) 0.78s -> walked 0.78s, best change 18.2
      |         turn to 270.1: NO-OP, already inside 4.0 deg (at 270.7, err -0.5) — nothing was sent, the recorded curve was discarded, and the caller's step line will look like a turn that happened
      |         office_corridor->office_door step 3/7: 1 chunk(s) of 0.78s, change 14.5, best 14.5, hazards none — one push, so `best` IS the whole leg's travel
      |       step 3/7 bearing  270.1 (got  270.7) 0.78s -> walked 0.78s, best change 14.5
      |         turn to 270.3: NO-OP, already inside 4.0 deg (at 270.7, err -0.4) — nothing was sent, the recorded curve was discarded, and the caller's step line will look like a turn that happened
      |         office_corridor->office_door step 4/7: 1 chunk(s) of 0.78s, change 10.7, best 10.7, hazards none — one push, so `best` IS the whole leg's travel
      |       step 4/7 bearing  270.3 (got  270.7) 0.78s -> walked 0.78s, best change 10.7
      |         turn to 270.1: NO-OP, already inside 4.0 deg (at 270.7, err -0.6) — nothing was sent, the recorded curve was discarded, and the caller's step line will look like a turn that happened
      |         office_corridor->office_door step 5/7: 1 chunk(s) of 0.79s, change 10.2, best 10.2, hazards none — one push, so `best` IS the whole leg's travel
      |       step 5/7 bearing  270.1 (got  270.7) 0.79s -> walked 0.79s, best change 10.2
      |         turn to 270.1: NO-OP, already inside 4.0 deg (at 270.7, err -0.6) — nothing was sent, the recorded curve was discarded, and the caller's step line will look like a turn that happened
      |         office_corridor->office_door step 6/7: 1 chunk(s) of 0.79s, change 6.9, best 6.9, hazards none — one push, so `best` IS the whole leg's travel
      |       step 6/7 bearing  270.1 (got  270.7) 0.79s -> walked 0.79s, best change 6.9
      |         turn to 270.4: NO-OP, already inside 4.0 deg (at 270.7, err -0.3) — nothing was sent, the recorded curve was discarded, and the caller's step line will look like a turn that happened
      |         office_corridor->office_door step 7/7: 1 chunk(s) of 0.42s, change 6.4, best 6.4, hazards none — one push, so `best` IS the whole leg's travel
      |       step 7/7 bearing  270.4 (got  270.7) 0.42s -> walked 0.42s, best change 6.4
      |       arrived? None  (no appearance reference by design)
      |     leg office_door -> portrait_room
      |         turn to 338.1: TURNED to 336.2 (err +1.9) in 1 push(es)
      |         office_door->portrait_room step 1/16: 1 chunk(s) of 0.79s, change 12.8, best 12.8, hazards none — one push, so `best` IS the whole leg's travel
      |       step 1/16 bearing  338.1 (got  336.2) 0.79s -> walked 0.79s, best change 12.8
      |         turn to 339.2: NO-OP, already inside 4.0 deg (at 336.2, err +3.0) — nothing was sent, the recorded curve was discarded, and the caller's step line will look like a turn that happened
      |         office_door->portrait_room step 2/16: 1 chunk(s) of 0.70s, change 17.7, best 17.7, hazards none — one push, so `best` IS the whole leg's travel
      |       step 2/16 bearing  339.2 (got  336.2) 0.70s -> walked 0.70s, best change 17.7
      |         turn to 347.9: TURNED to 347.0 (err +0.9) in 1 push(es)
      |         office_door->portrait_room step 3/16: 1 chunk(s) of 0.42s, change 21.5, best 21.5, hazards none — one push, so `best` IS the whole leg's travel
      |       step 3/16 bearing  347.9 (got  347.0) 0.42s -> walked 0.42s, best change 21.5
      |         turn to 355.2: TURNED to 357.5 (err -2.3) in 1 push(es)
      |         office_door->portrait_room step 4/16: 1 chunk(s) of 0.79s, change 41.5, best 41.5, hazards none — one push, so `best` IS the whole leg's travel
      |       step 4/16 bearing  355.2 (got  357.5) 0.79s -> walked 0.79s, best change 41.5
      |         turn to 360.0: NO-OP, already inside 4.0 deg (at 357.5, err +2.5) — nothing was sent, the recorded curve was discarded, and the caller's step line will look like a turn that happened
      |         office_door->portrait_room step 5/16: 1 chunk(s) of 0.51s, change 22.7, best 22.7, hazards none — one push, so `best` IS the whole leg's travel
      |       step 5/16 bearing  360.0 (got  357.5) 0.51s -> walked 0.51s, best change 22.7
      |         turn to 8.6: TURNED to 9.9 (err -1.4) in 2 push(es)
      |         office_door->portrait_room step 6/16: 1 chunk(s) of 0.78s, change 17.3, best 17.3, hazards none — one push, so `best` IS the whole leg's travel
      |       step 6/16 bearing    8.6 (got    9.9) 0.78s -> walked 0.78s, best change 17.3
      |         turn to 7.7: NO-OP, already inside 4.0 deg (at 9.9, err -2.2) — nothing was sent, the recorded curve was discarded, and the caller's step line will look like a turn that happened
      |         office_door->portrait_room step 7/16: 1 chunk(s) of 0.78s, change 29.1, best 29.1, hazards none — one push, so `best` IS the whole leg's travel
      |       step 7/16 bearing    7.7 (got    9.9) 0.78s -> walked 0.78s, best change 29.1
      |         turn to 1.7: TURNED to 3.5 (err -1.8) in 1 push(es)
      |         office_door->portrait_room step 8/16: 1 chunk(s) of 0.80s, change 34.3, best 34.3, hazards none — one push, so `best` IS the whole leg's travel
      |       step 8/16 bearing    1.7 (got    3.5) 0.80s -> walked 0.80s, best change 34.3
      |         turn to 359.6: NO-OP, already inside 4.0 deg (at 3.5, err -3.8) — nothing was sent, the recorded curve was discarded, and the caller's step line will look like a turn that happened
      |         office_door->portrait_room step 9/16: 1 chunk(s) of 0.36s, change 17.6, best 17.6, hazards none — one push, so `best` IS the whole leg's travel
      |       step 9/16 bearing  359.6 (got    3.5) 0.36s -> walked 0.36s, best change 17.6
      |         turn to 359.4: TURNED to 357.8 (err +1.5) in 1 push(es)
      |         office_door->portrait_room step 10/16: 1 chunk(s) of 0.78s, change 21.4, best 21.4, hazards none — one push, so `best` IS the whole leg's travel
      |       step 10/16 bearing  359.4 (got  357.8) 0.78s -> walked 0.78s, best change 21.4
      |         turn to 357.9: NO-OP, already inside 4.0 deg (at 357.8, err +0.0) — nothing was sent, the recorded curve was discarded, and the caller's step line will look like a turn that happened
      |         office_door->portrait_room step 11/16: 1 chunk(s) of 0.79s, change 17.8, best 17.8, hazards none — one push, so `best` IS the whole leg's travel
      |       step 11/16 bearing  357.9 (got  357.8) 0.79s -> walked 0.79s, best change 17.8
      |         turn to 358.0: NO-OP, already inside 4.0 deg (at 357.9, err +0.2) — nothing was sent, the recorded curve was discarded, and the caller's step line will look like a turn that happened
      |         office_door->portrait_room step 12/16: 1 chunk(s) of 0.79s, change 18.8, best 18.8, hazards none — one push, so `best` IS the whole leg's travel
      |       step 12/16 bearing  358.0 (got  357.9) 0.79s -> walked 0.79s, best change 18.8
      |         turn to 357.8: NO-OP, already inside 4.0 deg (at 357.8, err +0.0) — nothing was sent, the recorded curve was discarded, and the caller's step line will look like a turn that happened
      |         office_door->portrait_room step 13/16: 1 chunk(s) of 0.79s, change 25.2, best 25.2, hazards none — one push, so `best` IS the whole leg's travel
      |       step 13/16 bearing  357.8 (got  357.8) 0.79s -> walked 0.79s, best change 25.2
      |         turn to 357.9: NO-OP, already inside 4.0 deg (at 357.8, err +0.1) — nothing was sent, the recorded curve was discarded, and the caller's step line will look like a turn that happened
      |         office_door->portrait_room step 14/16: 1 chunk(s) of 0.79s, change 27.6, best 27.6, hazards none — one push, so `best` IS the whole leg's travel
      |       step 14/16 bearing  357.9 (got  357.8) 0.79s -> walked 0.79s, best change 27.6
      |         turn to 0.8: NO-OP, already inside 4.0 deg (at 357.9, err +3.0) — nothing was sent, the recorded curve was discarded, and the caller's step line will look like a turn that happened
      |         office_door->portrait_room step 15/16: 1 chunk(s) of 0.79s, change 24.5, best 24.5, hazards none — one push, so `best` IS the whole leg's travel
      |       step 15/16 bearing    0.8 (got  357.9) 0.79s -> walked 0.79s, best change 24.5
      |         turn to 4.0: TURNED to 3.0 (err +1.0) in 1 push(es)
      |         office_door->portrait_room step 16/16: 1 chunk(s) of 0.36s, change 16.1, best 16.1, hazards none — one push, so `best` IS the whole leg's travel
      |       step 16/16 bearing    4.0 (got    3.0) 0.36s -> walked 0.36s, best change 16.1
      |       arrived? True  (portrait_room 639.000/5.650)
      |         turn to 1.5: TURNED to 1.5 (err -0.0) in 1 push(es)
      |       align at portrait_room: yaw nulled to 1.5 (reference 1.5) — 0.0 deg REMAINING = ~1px of phantom dx still in the dx below
      |       align: step 1/6 dx=+149.2 (prev --)
      |       align: dx=+149.2 -> strafe right 0.12s
      |       align: step 2/6 dx=+89.2 (prev +149.2)
      |       align: dx=+89.2 -> strafe right 0.10s
      |       align: step 3/6 dx=+61.8 (prev +89.2)
      |       align: dx=+61.8 -> strafe right 0.10s
      |       align: dx barely changed (+62 -> +77) — blocked sideways, cannot correct from here
      |       aligned at portrait_room: 77px from the recorded pose
      |       align at portrait_room: dx +76.7px
      |   arrived, but 1 node(s) could not be confirmed on the way: ['office_door'] — each is a hole in the reference set
      |   attempt 2/9 at portrait_room
      |   verified at portrait_room (portrait_room 668.000/5.760)
      |   attempt 1/9 at bar_pool_room
      |   route: portrait_room -> bar_pool_room  (2.0s of walking)
      |     leg portrait_room -> bar_pool_room
      |         turn to 286.6: TURNED to 290.4 (err -3.8) in 1 push(es)
      |         portrait_room->bar_pool_room step 1/4: 1 chunk(s) of 0.16s, change 8.6, best 8.6, hazards none — one push, so `best` IS the whole leg's travel
      |       step 1/4 bearing  286.6 (got  290.4) 0.16s -> walked 0.16s, best change 8.6
      |         turn to 292.2: NO-OP, already inside 4.0 deg (at 290.4, err +1.8) — nothing was sent, the recorded curve was discarded, and the caller's step line will look like a turn that happened
      |         portrait_room->bar_pool_room step 2/4: 1 chunk(s) of 0.79s, change 16.4, best 16.4, hazards none — one push, so `best` IS the whole leg's travel
      |       step 2/4 bearing  292.2 (got  290.4) 0.79s -> walked 0.79s, best change 16.4
      |         turn to 285.6: TURNED to 286.3 (err -0.7) in 1 push(es)
      |         portrait_room->bar_pool_room step 3/4: 1 chunk(s) of 0.80s, change 18.8, best 18.8, hazards none — one push, so `best` IS the whole leg's travel
      |       step 3/4 bearing  285.6 (got  286.3) 0.80s -> walked 0.80s, best change 18.8
      |         turn to 287.6: NO-OP, already inside 4.0 deg (at 286.3, err +1.3) — nothing was sent, the recorded curve was discarded, and the caller's step line will look like a turn that happened
      |         portrait_room->bar_pool_room step 4/4: 1 chunk(s) of 0.23s, change 12.4, best 12.4, hazards none — one push, so `best` IS the whole leg's travel
      |       step 4/4 bearing  287.6 (got  286.3) 0.23s -> walked 0.23s, best change 12.4
      |       arrived? True  (bar_pool_room 574.000/4.780)
      |         turn to 288.2: TURNED to 288.2 (err -0.0) in 1 push(es)
      |       align at bar_pool_room: yaw nulled to 288.2 (reference 288.2) — 0.0 deg REMAINING = ~0px of phantom dx still in the dx below
      |       align: step 1/6 dx=+142.4 (prev --)
      |       align: dx=+142.4 -> strafe right 0.12s
      |       align: step 2/6 dx=+94.4 (prev +142.4)
      |       align: dx=+94.4 -> strafe right 0.10s
      |       align: step 3/6 dx=+71.0 (prev +94.4)
      |       align: dx=+71.0 -> strafe right 0.10s
      |       align: step 4/6 dx=+46.0 (prev +71.0)
      |       align: dx=+46.0 -> strafe right 0.10s
      |       align: within 35px (dx=+16.6) after 4 step(s)
      |       aligned at bar_pool_room: 17px from the recorded pose
      |       align at bar_pool_room: dx +16.6px
      |   attempt 2/9 at bar_pool_room
      |   verified at bar_pool_room (bar_pool_room 551.000/4.550)
      |   attempt 1/9 at bar_jukebox
      |   route: bar_pool_room -> bar_jukebox  (3.3s of walking)
      |     leg bar_pool_room -> bar_jukebox
      |         turn to 2.1: TURNED to 3.4 (err -1.3) in 1 push(es)
      |         bar_pool_room->bar_jukebox step 1/5: 1 chunk(s) of 0.80s, change 15.9, best 15.9, hazards none — one push, so `best` IS the whole leg's travel
      |       step 1/5 bearing    2.1 (got    3.4) 0.80s -> walked 0.80s, best change 15.9
      |         turn to 1.2: NO-OP, already inside 4.0 deg (at 3.4, err -2.3) — nothing was sent, the recorded curve was discarded, and the caller's step line will look like a turn that happened
      |         bar_pool_room->bar_jukebox step 2/5: 1 chunk(s) of 0.79s, change 6.9, best 6.9, hazards none — one push, so `best` IS the whole leg's travel
      |       step 2/5 bearing    1.2 (got    3.4) 0.79s -> walked 0.79s, best change 6.9
      |         turn to 0.8: NO-OP, already inside 4.0 deg (at 3.4, err -2.7) — nothing was sent, the recorded curve was discarded, and the caller's step line will look like a turn that happened
      |         bar_pool_room->bar_jukebox step 3/5: 1 chunk(s) of 0.80s, change 5.8, best 5.8, hazards none — one push, so `best` IS the whole leg's travel
      |       step 3/5 bearing    0.8 (got    3.4) 0.80s -> walked 0.80s, best change 5.8
      |       step 3 blocked but the scene is MOVING — an NPC in the passage, not a wall
      |       the view is featureless — this is geometry, not a mover; skipping the escape ladder it has never cleared
      |       escape ladder: did NOT clear (best 0.0 PIXELS, against SLIP_PROGRESS_PX 20.0px — NOT against STALL_CHANGE 6.0, which is grey_levels)
      |       step 3 moved only 5.8 grey_levels (< 6.0) over 0.80s — stall score 1
      |         turn to 359.4: NO-OP, already inside 4.0 deg (at 3.4, err -4.0) — nothing was sent, the recorded curve was discarded, and the caller's step line will look like a turn that happened
      |         bar_pool_room->bar_jukebox step 4/5: 1 chunk(s) of 0.79s, change 3.0, best 3.0, hazards none — one push, so `best` IS the whole leg's travel
      |       step 4/5 bearing  359.4 (got    3.4) 0.79s -> walked 0.79s, best change 3.0
      |       step 4 blocked but the scene is MOVING — an NPC in the passage, not a wall
      |       the view is featureless — this is geometry, not a mover; skipping the escape ladder it has never cleared
      |       escape ladder: did NOT clear (best 0.0 PIXELS, against SLIP_PROGRESS_PX 20.0px — NOT against STALL_CHANGE 6.0, which is grey_levels)
      |       step 4 moved only 3.0 grey_levels (< 6.0) over 0.79s — stall score 2
      |       BLOCKED on step 4; abandoning the rest of this leg rather than pushing into whatever is in the way
      |       recovery fan did not find bar_jukebox
      |       arrived? None  (unverified, abstained (2.000/2.000))
      |   arrived, but 1 node(s) could not be confirmed on the way: ['bar_jukebox'] — each is a hole in the reference set
      |   attempt 2/9 at bar_jukebox
      |       re-localised by turning 180 deg: bar_pool_room 316.000/2.260
      |   re-localised at bar_pool_room by turning; routing from there
      |   route: bar_pool_room -> bar_jukebox  (3.3s of walking)
      |     leg bar_pool_room -> bar_jukebox
      |         turn to 2.1: TURNED to 0.4 (err +1.6) in 1 push(es)
      |         bar_pool_room->bar_jukebox step 1/5: 1 chunk(s) of 0.80s, change 15.3, best 15.3, hazards none — one push, so `best` IS the whole leg's travel
      |       step 1/5 bearing    2.1 (got    0.4) 0.80s -> walked 0.80s, best change 15.3
      |         turn to 1.2: NO-OP, already inside 4.0 deg (at 0.4, err +0.7) — nothing was sent, the recorded curve was discarded, and the caller's step line will look like a turn that happened
      |         bar_pool_room->bar_jukebox step 2/5: 1 chunk(s) of 0.79s, change 9.6, best 9.6, hazards none — one push, so `best` IS the whole leg's travel
      |       step 2/5 bearing    1.2 (got    0.4) 0.79s -> walked 0.79s, best change 9.6
      |         turn to 0.8: NO-OP, already inside 4.0 deg (at 0.4, err +0.3) — nothing was sent, the recorded curve was discarded, and the caller's step line will look like a turn that happened
      |         bar_pool_room->bar_jukebox step 3/5: 1 chunk(s) of 0.80s, change 2.4, best 2.4, hazards SHORT — one push, so `best` IS the whole leg's travel
      |       step 3/5 bearing    0.8 (got    0.4) 0.80s -> walked 0.80s, best change 2.4
      |       step 3 blocked but the scene is MOVING — an NPC in the passage, not a wall
      |       the view is featureless — this is geometry, not a mover; skipping the escape ladder it has never cleared
      |       escape ladder: did NOT clear (best 0.0 PIXELS, against SLIP_PROGRESS_PX 20.0px — NOT against STALL_CHANGE 6.0, which is grey_levels)
      |       step 3 moved only 2.4 grey_levels (< 6.0) over 0.80s — stall score 1
      |         turn to 359.4: NO-OP, already inside 4.0 deg (at 0.4, err -1.0) — nothing was sent, the recorded curve was discarded, and the caller's step line will look like a turn that happened
      |         bar_pool_room->bar_jukebox step 4/5: 1 chunk(s) of 0.79s, change 4.7, best 4.7, hazards none — one push, so `best` IS the whole leg's travel
      |       step 4/5 bearing  359.4 (got    0.4) 0.79s -> walked 0.79s, best change 4.7
      |       step 4 blocked but the scene is MOVING — an NPC in the passage, not a wall
      |       the view is featureless — this is geometry, not a mover; skipping the escape ladder it has never cleared
      |       escape ladder: did NOT clear (best 0.0 PIXELS, against SLIP_PROGRESS_PX 20.0px — NOT against STALL_CHANGE 6.0, which is grey_levels)
      |       step 4 moved only 4.7 grey_levels (< 6.0) over 0.79s — stall score 2
      |       BLOCKED on step 4; abandoning the rest of this leg rather than pushing into whatever is in the way
      |       recovery fan did not find bar_jukebox
      |       arrived? None  (unverified, abstained (2.000/2.000))
      |   arrived, but 1 node(s) could not be confirmed on the way: ['bar_jukebox'] — each is a hole in the reference set
      |   attempt 3/9 at bar_jukebox
      |       no compass reading — the relocalise sweep did NOT run (this is not 'nothing was recognised')
      |   not at bar_jukebox and cannot say where this is (unrecognised (19.000/1.120)) — reloading to a known start
      |   pause menu open (selected 'Resume')
      |   selected: Load Last Save
      |   no dialog yet (delta 2.1) — the commit press did not land, retrying (1/3)
      |   confirmation dialog up (delta 81.3) -> YES
      |   YES press 1 did not register, retrying
      |   world back after 3.1s, spawn bearing 87 (E)
      |   route: office_corridor -> office_door -> portrait_room -> bar_pool_room -> bar_jukebox  (21.4s of walking)
      |     leg office_corridor -> office_door
      |         turn to 270.4: TURNED to 271.4 (err -1.0) in 2 push(es)
      |         office_corridor->office_door step 1/7: 1 chunk(s) of 0.79s, change 19.2, best 19.2, hazards none — one push, so `best` IS the whole leg's travel
      |       step 1/7 bearing  270.4 (got  271.4) 0.79s -> walked 0.79s, best change 19.2
      |         turn to 270.1: NO-OP, already inside 4.0 deg (at 271.2, err -1.1) — nothing was sent, the recorded curve was discarded, and the caller's step line will look like a turn that happened
      |         office_corridor->office_door step 2/7: 1 chunk(s) of 0.78s, change 19.3, best 19.3, hazards none — one push, so `best` IS the whole leg's travel
      |       step 2/7 bearing  270.1 (got  271.2) 0.78s -> walked 0.78s, best change 19.3
      |         turn to 270.1: NO-OP, already inside 4.0 deg (at 271.4, err -1.2) — nothing was sent, the recorded curve was discarded, and the caller's step line will look like a turn that happened
      |         office_corridor->office_door step 3/7: 1 chunk(s) of 0.78s, change 15.0, best 15.0, hazards none — one push, so `best` IS the whole leg's travel
      |       step 3/7 bearing  270.1 (got  271.4) 0.78s -> walked 0.78s, best change 15.0
      |         turn to 270.3: NO-OP, already inside 4.0 deg (at 271.4, err -1.1) — nothing was sent, the recorded curve was discarded, and the caller's step line will look like a turn that happened
      |         office_corridor->office_door step 4/7: 1 chunk(s) of 0.78s, change 11.3, best 11.3, hazards none — one push, so `best` IS the whole leg's travel
      |       step 4/7 bearing  270.3 (got  271.4) 0.78s -> walked 0.78s, best change 11.3
      |         turn to 270.1: NO-OP, already inside 4.0 deg (at 271.4, err -1.3) — nothing was sent, the recorded curve was discarded, and the caller's step line will look like a turn that happened
      |         office_corridor->office_door step 5/7: 1 chunk(s) of 0.79s, change 7.5, best 7.5, hazards none — one push, so `best` IS the whole leg's travel
      |       step 5/7 bearing  270.1 (got  271.4) 0.79s -> walked 0.79s, best change 7.5
      |         turn to 270.1: NO-OP, already inside 4.0 deg (at 271.4, err -1.3) — nothing was sent, the recorded curve was discarded, and the caller's step line will look like a turn that happened
      |         office_corridor->office_door step 6/7: 1 chunk(s) of 0.79s, change 7.8, best 7.8, hazards none — one push, so `best` IS the whole leg's travel
      |       step 6/7 bearing  270.1 (got  271.4) 0.79s -> walked 0.79s, best change 7.8
      |         turn to 270.4: NO-OP, already inside 4.0 deg (at 271.4, err -1.0) — nothing was sent, the recorded curve was discarded, and the caller's step line will look like a turn that happened
      |         office_corridor->office_door step 7/7: 1 chunk(s) of 0.42s, change 7.4, best 7.4, hazards none — one push, so `best` IS the whole leg's travel
      |       step 7/7 bearing  270.4 (got  271.4) 0.42s -> walked 0.42s, best change 7.4
      |       arrived? None  (no appearance reference by design)
      |     leg office_door -> portrait_room
      |         turn to 338.1: TURNED to 335.7 (err +2.4) in 1 push(es)
      |         office_door->portrait_room step 1/16: 1 chunk(s) of 0.79s, change 13.0, best 13.0, hazards none — one push, so `best` IS the whole leg's travel
      |       step 1/16 bearing  338.1 (got  335.7) 0.79s -> walked 0.79s, best change 13.0
      |         turn to 339.2: NO-OP, already inside 4.0 deg (at 335.7, err +3.5) — nothing was sent, the recorded curve was discarded, and the caller's step line will look like a turn that happened
      |         office_door->portrait_room step 2/16: 1 chunk(s) of 0.70s, change 20.6, best 20.6, hazards none — one push, so `best` IS the whole leg's travel
      |       step 2/16 bearing  339.2 (got  335.7) 0.70s -> walked 0.70s, best change 20.6
      |         turn to 347.9: TURNED to 348.2 (err -0.3) in 1 push(es)
      |         office_door->portrait_room step 3/16: 1 chunk(s) of 0.42s, change 27.8, best 27.8, hazards none — one push, so `best` IS the whole leg's travel
      |       step 3/16 bearing  347.9 (got  348.2) 0.42s -> walked 0.42s, best change 27.8
      |         turn to 355.2: TURNED to 354.5 (err +0.7) in 1 push(es)
      |         office_door->portrait_room step 4/16: 1 chunk(s) of 0.79s, change 44.5, best 44.5, hazards none — one push, so `best` IS the whole leg's travel
      |       step 4/16 bearing  355.2 (got  354.5) 0.79s -> walked 0.79s, best change 44.5
      |         turn to 360.0: TURNED to 0.6 (err -0.6) in 1 push(es)
      |         office_door->portrait_room step 5/16: 1 chunk(s) of 0.51s, change 21.6, best 21.6, hazards none — one push, so `best` IS the whole leg's travel
      |       step 5/16 bearing  360.0 (got    0.6) 0.51s -> walked 0.51s, best change 21.6
      |         turn to 8.6: TURNED to 6.2 (err +2.4) in 1 push(es)
      |         office_door->portrait_room step 6/16: 1 chunk(s) of 0.78s, change 18.3, best 18.3, hazards none — one push, so `best` IS the whole leg's travel
      |       step 6/16 bearing    8.6 (got    6.2) 0.78s -> walked 0.78s, best change 18.3
      |         turn to 7.7: NO-OP, already inside 4.0 deg (at 6.2, err +1.6) — nothing was sent, the recorded curve was discarded, and the caller's step line will look like a turn that happened
      |         office_door->portrait_room step 7/16: 1 chunk(s) of 0.78s, change 33.9, best 33.9, hazards none — one push, so `best` IS the whole leg's travel
      |       step 7/16 bearing    7.7 (got    6.2) 0.78s -> walked 0.78s, best change 33.9
      |         turn to 1.7: TURNED to 2.1 (err -0.3) in 1 push(es)
      |         office_door->portrait_room step 8/16: 1 chunk(s) of 0.80s, change 35.9, best 35.9, hazards none — one push, so `best` IS the whole leg's travel
      |       step 8/16 bearing    1.7 (got    2.1) 0.80s -> walked 0.80s, best change 35.9
      |         turn to 359.6: NO-OP, already inside 4.0 deg (at 2.0, err -2.4) — nothing was sent, the recorded curve was discarded, and the caller's step line will look like a turn that happened
      |         office_door->portrait_room step 9/16: 1 chunk(s) of 0.36s, change 17.6, best 17.6, hazards none — one push, so `best` IS the whole leg's travel
      |       step 9/16 bearing  359.6 (got    2.0) 0.36s -> walked 0.36s, best change 17.6
      |         turn to 359.4: NO-OP, already inside 4.0 deg (at 2.0, err -2.6) — nothing was sent, the recorded curve was discarded, and the caller's step line will look like a turn that happened
      |         office_door->portrait_room step 10/16: 1 chunk(s) of 0.78s, change 19.5, best 19.5, hazards none — one push, so `best` IS the whole leg's travel
      |       step 10/16 bearing  359.4 (got    2.0) 0.78s -> walked 0.78s, best change 19.5
      |         turn to 357.9: TURNED to 357.9 (err -0.1) in 1 push(es)
      |         office_door->portrait_room step 11/16: 1 chunk(s) of 0.79s, change 19.4, best 19.4, hazards none — one push, so `best` IS the whole leg's travel
      |       step 11/16 bearing  357.9 (got  357.9) 0.79s -> walked 0.79s, best change 19.4
      |         turn to 358.0: NO-OP, already inside 4.0 deg (at 357.9, err +0.1) — nothing was sent, the recorded curve was discarded, and the caller's step line will look like a turn that happened
      |         office_door->portrait_room step 12/16: 1 chunk(s) of 0.79s, change 19.3, best 19.3, hazards none — one push, so `best` IS the whole leg's travel
      |       step 12/16 bearing  358.0 (got  357.9) 0.79s -> walked 0.79s, best change 19.3
      |         turn to 357.8: NO-OP, already inside 4.0 deg (at 358.0, err -0.1) — nothing was sent, the recorded curve was discarded, and the caller's step line will look like a turn that happened
      |         office_door->portrait_room step 13/16: 1 chunk(s) of 0.79s, change 26.6, best 26.6, hazards none — one push, so `best` IS the whole leg's travel
      |       step 13/16 bearing  357.8 (got  358.0) 0.79s -> walked 0.79s, best change 26.6
      |         turn to 357.9: NO-OP, already inside 4.0 deg (at 357.9, err +0.0) — nothing was sent, the recorded curve was discarded, and the caller's step line will look like a turn that happened
      |         office_door->portrait_room step 14/16: 1 chunk(s) of 0.79s, change 29.0, best 29.0, hazards none — one push, so `best` IS the whole leg's travel
      |       step 14/16 bearing  357.9 (got  357.9) 0.79s -> walked 0.79s, best change 29.0
      |         turn to 0.8: NO-OP, already inside 4.0 deg (at 358.0, err +2.9) — nothing was sent, the recorded curve was discarded, and the caller's step line will look like a turn that happened
      |         office_door->portrait_room step 15/16: 1 chunk(s) of 0.79s, change 24.9, best 24.9, hazards none — one push, so `best` IS the whole leg's travel
      |       step 15/16 bearing    0.8 (got  358.0) 0.79s -> walked 0.79s, best change 24.9
      |         turn to 4.0: TURNED to 3.1 (err +0.9) in 1 push(es)
      |         office_door->portrait_room step 16/16: 1 chunk(s) of 0.36s, change 17.8, best 17.8, hazards none — one push, so `best` IS the whole leg's travel
      |       step 16/16 bearing    4.0 (got    3.1) 0.36s -> walked 0.36s, best change 17.8
      |       arrived? True  (portrait_room 653.000/5.880)
      |         turn to 1.5: TURNED to 1.4 (err +0.1) in 2 push(es)
      |       align at portrait_room: yaw nulled to 1.4 (reference 1.5) — 0.1 deg REMAINING = ~2px of phantom dx still in the dx below
      |       align: step 1/6 dx=+92.1 (prev --)
      |       align: dx=+92.1 -> strafe right 0.10s
      |       align: step 2/6 dx=+63.0 (prev +92.1)
      |       align: dx=+63.0 -> strafe right 0.10s
      |       align: dx barely changed (+63 -> +50) — blocked sideways, cannot correct from here
      |       aligned at portrait_room: 50px from the recorded pose
      |       align at portrait_room: dx +50.3px
      |     leg portrait_room -> bar_pool_room
      |         turn to 286.6: TURNED to 285.6 (err +1.0) in 1 push(es)
      |         portrait_room->bar_pool_room step 1/4: 1 chunk(s) of 0.16s, change 10.6, best 10.6, hazards none — one push, so `best` IS the whole leg's travel
      |       step 1/4 bearing  286.6 (got  285.6) 0.16s -> walked 0.16s, best change 10.6
      |         turn to 292.2: TURNED to 291.0 (err +1.2) in 1 push(es)
      |         portrait_room->bar_pool_room step 2/4: 1 chunk(s) of 0.79s, change 16.8, best 16.8, hazards none — one push, so `best` IS the whole leg's travel
      |       step 2/4 bearing  292.2 (got  291.0) 0.79s -> walked 0.79s, best change 16.8
      |         turn to 285.6: TURNED to 284.2 (err +1.4) in 1 push(es)
      |         portrait_room->bar_pool_room step 3/4: 1 chunk(s) of 0.80s, change 15.3, best 15.3, hazards none — one push, so `best` IS the whole leg's travel
      |       step 3/4 bearing  285.6 (got  284.2) 0.80s -> walked 0.80s, best change 15.3
      |         turn to 287.6: NO-OP, already inside 4.0 deg (at 284.2, err +3.4) — nothing was sent, the recorded curve was discarded, and the caller's step line will look like a turn that happened
      |         portrait_room->bar_pool_room step 4/4: 1 chunk(s) of 0.23s, change 11.7, best 11.7, hazards none — one push, so `best` IS the whole leg's travel
      |       step 4/4 bearing  287.6 (got  284.2) 0.23s -> walked 0.23s, best change 11.7
      |       arrived? True  (bar_pool_room 681.000/5.490)
      |         turn to 288.2: TURNED to 288.2 (err -0.0) in 2 push(es)
      |       align at bar_pool_room: yaw nulled to 288.2 (reference 288.2) — 0.0 deg REMAINING = ~0px of phantom dx still in the dx below
      |       align: step 1/6 dx=+167.2 (prev --)
      |       align: dx=+167.2 -> strafe right 0.14s
      |       align: step 2/6 dx=+127.2 (prev +167.2)
      |       align: dx=+127.2 -> strafe right 0.11s
      |       align: step 3/6 dx=+86.2 (prev +127.2)
      |       align: dx=+86.2 -> strafe right 0.10s
      |       align: step 4/6 dx=+51.9 (prev +86.2)
      |       align: dx=+51.9 -> strafe right 0.10s
      |       align: within 35px (dx=+28.8) after 4 step(s)
      |       aligned at bar_pool_room: 29px from the recorded pose
      |       align at bar_pool_room: dx +28.8px
      |     leg bar_pool_room -> bar_jukebox
      |         turn to 2.1: TURNED to 358.6 (err +3.5) in 1 push(es)
      |         bar_pool_room->bar_jukebox step 1/5: 1 chunk(s) of 0.80s, change 17.7, best 17.7, hazards none — one push, so `best` IS the whole leg's travel
      |       step 1/5 bearing    2.1 (got  358.6) 0.80s -> walked 0.80s, best change 17.7
      |         turn to 1.2: NO compass reading, abandoned BEFORE turning — the caller's 'got --' is an unread heading, not a heading that was reached
      |         bar_pool_room->bar_jukebox step 2/5: 1 chunk(s) of 0.79s, change 7.0, best 7.0, hazards none — one push, so `best` IS the whole leg's travel
      |       step 2/5 bearing    1.2 (got --) 0.79s -> walked 0.79s, best change 7.0
      |         turn to 0.8: NO-OP, already inside 4.0 deg (at 358.6, err +2.2) — nothing was sent, the recorded curve was discarded, and the caller's step line will look like a turn that happened
      |         bar_pool_room->bar_jukebox step 3/5: 1 chunk(s) of 0.80s, change 5.6, best 5.6, hazards none — one push, so `best` IS the whole leg's travel
      |       step 3/5 bearing    0.8 (got  358.6) 0.80s -> walked 0.80s, best change 5.6
      |       step 3 blocked but the scene is MOVING — an NPC in the passage, not a wall
      |       waited 2.5s: displaced 2.0px
      |       jump 1: displaced 1.0px
      |       jump 2: displaced 1.2px
      |       displacement UNMEASURABLE (too few keypoints) — NOT the same as 0px
      |       slip right: displaced 0.0px
      |       slip left: displaced 17.4px
      |       nothing cleared it — treating this as geometry, not an NPC
      |       escape ladder: did NOT clear (best 17.4 PIXELS, against SLIP_PROGRESS_PX 20.0px — NOT against STALL_CHANGE 6.0, which is grey_levels)
      |       step 3 moved only 5.6 grey_levels (< 6.0) over 0.80s — stall score 1
      |         turn to 359.4: NO-OP, already inside 4.0 deg (at 358.6, err +0.8) — nothing was sent, the recorded curve was discarded, and the caller's step line will look like a turn that happened
      |         bar_pool_room->bar_jukebox step 4/5: 1 chunk(s) of 0.79s, change 36.1, best 36.1, hazards none — one push, so `best` IS the whole leg's travel
      |       step 4/5 bearing  359.4 (got  358.6) 0.79s -> walked 0.79s, best change 36.1
      |         turn to 359.6: NO-OP, already inside 4.0 deg (at 358.6, err +1.0) — nothing was sent, the recorded curve was discarded, and the caller's step line will look like a turn that happened
      |         bar_pool_room->bar_jukebox step 5/5: 1 chunk(s) of 0.14s, change 10.1, best 10.1, hazards none — one push, so `best` IS the whole leg's travel
      |       step 5/5 bearing  359.6 (got  358.6) 0.14s -> walked 0.14s, best change 10.1
      |       arrived? True  (bar_jukebox 204.000/1.500)
      |         turn to 1.0: TURNED to 0.8 (err +0.2) in 1 push(es)
      |       align at bar_jukebox: yaw nulled to 0.8 (reference 1.0) — 0.2 deg REMAINING = ~4px of phantom dx still in the dx below
      |       align: within 35px (dx=+32.7) after 0 step(s)
      |       aligned at bar_jukebox: 33px from the recorded pose
      |       align at bar_jukebox: dx +32.7px
      |   arrived, but 1 node(s) could not be confirmed on the way: ['office_door'] — each is a hole in the reference set
      |   attempt 4/9 at bar_jukebox
      |   verified at bar_jukebox (bar_jukebox 218.000/1.630)
      |   attempt 1/9 at dealer_table
      |   route: bar_jukebox -> dealer_table  (4.1s of walking)
      |     leg bar_jukebox -> dealer_table
      |       no compass reading, so there is no arc to sweep
      |       no compass reading, so there is no arc to sweep
      |       swept 19 headings around 74; best ink 0.0415 at 53.64693212205232, prompt never appeared
      |       swept 19 headings around 76; best ink 0.0025 at 36.45061030364732, prompt never appeared
      |       no compass reading, so there is no arc to sweep
      |       stepped 6.8s of a 6.5s budget without finding the prompt
      |       approach_goal: prompt not seen
      |       no compass reading, so there is no arc to sweep
      |       reach_table: GAVE UP
      |       arrived? False  (at_table=False)
      |     STOPPING at leg bar_jukebox -> dealer_table: the destination did not check out, so every leg after this one would be walked from an unknown position
      |   attempt 2/9 at dealer_table
      |       no compass reading — the relocalise sweep did NOT run (this is not 'nothing was recognised')
      |   not at dealer_table and cannot say where this is (unrecognised (82.000/1.080)) — reloading to a known start
      |   pause menu open (selected 'Resume')
      |   selected: Load Last Save
      |   no dialog yet (delta 1.5) — the commit press did not land, retrying (1/3)
      |   confirmation dialog up (delta 81.2) -> YES
      |   world back after 3.1s, spawn bearing 87 (E)
      |   route: office_corridor -> office_door -> portrait_room -> bar_pool_room -> bar_jukebox -> dealer_table  (25.5s of walking)
      |     leg office_corridor -> office_door
      |         turn to 270.4: TURNED to 267.6 (err +2.8) in 2 push(es)
      |         office_corridor->office_door step 1/7: 1 chunk(s) of 0.79s, change 19.4, best 19.4, hazards none — one push, so `best` IS the whole leg's travel
      |       step 1/7 bearing  270.4 (got  267.6) 0.79s -> walked 0.79s, best change 19.4
      |         turn to 270.1: NO-OP, already inside 4.0 deg (at 267.6, err +2.5) — nothing was sent, the recorded curve was discarded, and the caller's step line will look like a turn that happened
      |         office_corridor->office_door step 2/7: 1 chunk(s) of 0.78s, change 18.4, best 18.4, hazards none — one push, so `best` IS the whole leg's travel
      |       step 2/7 bearing  270.1 (got  267.6) 0.78s -> walked 0.78s, best change 18.4
      |         turn to 270.1: NO-OP, already inside 4.0 deg (at 267.6, err +2.6) — nothing was sent, the recorded curve was discarded, and the caller's step line will look like a turn that happened
      |         office_corridor->office_door step 3/7: 1 chunk(s) of 0.78s, change 14.4, best 14.4, hazards none — one push, so `best` IS the whole leg's travel
      |       step 3/7 bearing  270.1 (got  267.6) 0.78s -> walked 0.78s, best change 14.4
      |         turn to 270.3: NO-OP, already inside 4.0 deg (at 267.5, err +2.7) — nothing was sent, the recorded curve was discarded, and the caller's step line will look like a turn that happened
      |         office_corridor->office_door step 4/7: 1 chunk(s) of 0.78s, change 12.1, best 12.1, hazards none — one push, so `best` IS the whole leg's travel
      |       step 4/7 bearing  270.3 (got  267.5) 0.78s -> walked 0.78s, best change 12.1
      |         turn to 270.1: NO-OP, already inside 4.0 deg (at 267.6, err +2.5) — nothing was sent, the recorded curve was discarded, and the caller's step line will look like a turn that happened
      |         office_corridor->office_door step 5/7: 1 chunk(s) of 0.79s, change 9.9, best 9.9, hazards none — one push, so `best` IS the whole leg's travel
      |       step 5/7 bearing  270.1 (got  267.6) 0.79s -> walked 0.79s, best change 9.9
      |         turn to 270.1: NO-OP, already inside 4.0 deg (at 267.6, err +2.5) — nothing was sent, the recorded curve was discarded, and the caller's step line will look like a turn that happened
      |         office_corridor->office_door step 6/7: 1 chunk(s) of 0.79s, change 7.6, best 7.6, hazards none — one push, so `best` IS the whole leg's travel
      |       step 6/7 bearing  270.1 (got  267.6) 0.79s -> walked 0.79s, best change 7.6
      |         turn to 270.4: NO-OP, already inside 4.0 deg (at 267.6, err +2.7) — nothing was sent, the recorded curve was discarded, and the caller's step line will look like a turn that happened
      |         office_corridor->office_door step 7/7: 1 chunk(s) of 0.42s, change 8.4, best 8.4, hazards none — one push, so `best` IS the whole leg's travel
      |       step 7/7 bearing  270.4 (got  267.6) 0.42s -> walked 0.42s, best change 8.4
      |       arrived? None  (no appearance reference by design)
      |     leg office_door -> portrait_room
      |         turn to 338.1: TURNED to 339.2 (err -1.1) in 1 push(es)
      |         office_door->portrait_room step 1/16: 1 chunk(s) of 0.79s, change 11.7, best 11.7, hazards none — one push, so `best` IS the whole leg's travel
      |       step 1/16 bearing  338.1 (got  339.2) 0.79s -> walked 0.79s, best change 11.7
      |         turn to 339.2: NO-OP, already inside 4.0 deg (at 339.2, err -0.1) — nothing was sent, the recorded curve was discarded, and the caller's step line will look like a turn that happened
      |         office_door->portrait_room step 2/16: 1 chunk(s) of 0.70s, change 13.6, best 13.6, hazards none — one push, so `best` IS the whole leg's travel
      |       step 2/16 bearing  339.2 (got  339.2) 0.70s -> walked 0.70s, best change 13.6
      |         turn to 347.9: TURNED to 346.2 (err +1.7) in 1 push(es)
      |         office_door->portrait_room step 3/16: 1 chunk(s) of 0.42s, change 19.2, best 19.2, hazards none — one push, so `best` IS the whole leg's travel
      |       step 3/16 bearing  347.9 (got  346.2) 0.42s -> walked 0.42s, best change 19.2
      |         turn to 355.2: TURNED to 355.2 (err -0.0) in 1 push(es)
      |         office_door->portrait_room step 4/16: 1 chunk(s) of 0.79s, change 47.0, best 47.0, hazards none — one push, so `best` IS the whole leg's travel
      |       step 4/16 bearing  355.2 (got  355.2) 0.79s -> walked 0.79s, best change 47.0
      |         turn to 360.0: TURNED to 359.8 (err +0.1) in 1 push(es)
      |         office_door->portrait_room step 5/16: 1 chunk(s) of 0.51s, change 34.4, best 34.4, hazards none — one push, so `best` IS the whole leg's travel
      |       step 5/16 bearing  360.0 (got  359.8) 0.51s -> walked 0.51s, best change 34.4
      |         turn to 8.6: TURNED to 8.5 (err +0.1) in 1 push(es)
      |         office_door->portrait_room step 6/16: 1 chunk(s) of 0.78s, change 17.1, best 17.1, hazards none — one push, so `best` IS the whole leg's travel
      |       step 6/16 bearing    8.6 (got    8.5) 0.78s -> walked 0.78s, best change 17.1
      |         turn to 7.7: NO-OP, already inside 4.0 deg (at 8.4, err -0.7) — nothing was sent, the recorded curve was discarded, and the caller's step line will look like a turn that happened
      |         office_door->portrait_room step 7/16: 1 chunk(s) of 0.78s, change 28.9, best 28.9, hazards none — one push, so `best` IS the whole leg's travel
      |       step 7/16 bearing    7.7 (got    8.4) 0.78s -> walked 0.78s, best change 28.9
      |         turn to 1.7: TURNED to 3.2 (err -1.4) in 1 push(es)
      |         office_door->portrait_room step 8/16: 1 chunk(s) of 0.80s, change 34.9, best 34.9, hazards none — one push, so `best` IS the whole leg's travel
      |       step 8/16 bearing    1.7 (got    3.2) 0.80s -> walked 0.80s, best change 34.9
      |         turn to 359.6: NO-OP, already inside 4.0 deg (at 3.1, err -3.5) — nothing was sent, the recorded curve was discarded, and the caller's step line will look like a turn that happened
      |         office_door->portrait_room step 9/16: 1 chunk(s) of 0.36s, change 22.7, best 22.7, hazards none — one push, so `best` IS the whole leg's travel
      |       step 9/16 bearing  359.6 (got    3.1) 0.36s -> walked 0.36s, best change 22.7
      |         turn to 359.4: NO-OP, already inside 4.0 deg (at 3.1, err -3.8) — nothing was sent, the recorded curve was discarded, and the caller's step line will look like a turn that happened
      |         office_door->portrait_room step 10/16: 1 chunk(s) of 0.78s, change 27.8, best 27.8, hazards none — one push, so `best` IS the whole leg's travel
      |       step 10/16 bearing  359.4 (got    3.1) 0.78s -> walked 0.78s, best change 27.8
      |         turn to 357.9: TURNED to 355.3 (err +2.5) in 1 push(es)
      |         office_door->portrait_room step 11/16: 1 chunk(s) of 0.79s, change 24.4, best 24.4, hazards none — one push, so `best` IS the whole leg's travel
      |       step 11/16 bearing  357.9 (got  355.3) 0.79s -> walked 0.79s, best change 24.4
      |         turn to 358.0: NO-OP, already inside 4.0 deg (at 355.3, err +2.8) — nothing was sent, the recorded curve was discarded, and the caller's step line will look like a turn that happened
      |         office_door->portrait_room step 12/16: 1 chunk(s) of 0.79s, change 18.8, best 18.8, hazards none — one push, so `best` IS the whole leg's travel
      |       step 12/16 bearing  358.0 (got  355.3) 0.79s -> walked 0.79s, best change 18.8
      |         turn to 357.8: NO-OP, already inside 4.0 deg (at 355.2, err +2.6) — nothing was sent, the recorded curve was discarded, and the caller's step line will look like a turn that happened
      |         office_door->portrait_room step 13/16: 1 chunk(s) of 0.79s, change 24.7, best 24.7, hazards none — one push, so `best` IS the whole leg's travel
      |       step 13/16 bearing  357.8 (got  355.2) 0.79s -> walked 0.79s, best change 24.7
      |         turn to 357.9: NO-OP, already inside 4.0 deg (at 355.3, err +2.7) — nothing was sent, the recorded curve was discarded, and the caller's step line will look like a turn that happened
      |         office_door->portrait_room step 14/16: 1 chunk(s) of 0.79s, change 29.7, best 29.7, hazards none — one push, so `best` IS the whole leg's travel
      |       step 14/16 bearing  357.9 (got  355.3) 0.79s -> walked 0.79s, best change 29.7
      |         turn to 0.8: TURNED to 360.0 (err +0.9) in 1 push(es)
      |         office_door->portrait_room step 15/16: 1 chunk(s) of 0.79s, change 25.5, best 25.5, hazards none — one push, so `best` IS the whole leg's travel
      |       step 15/16 bearing    0.8 (got  360.0) 0.79s -> walked 0.79s, best change 25.5
      |         turn to 4.0: NO-OP, already inside 4.0 deg (at 0.1, err +3.9) — nothing was sent, the recorded curve was discarded, and the caller's step line will look like a turn that happened
      |         office_door->portrait_room step 16/16: 1 chunk(s) of 0.36s, change 16.7, best 16.7, hazards none — one push, so `best` IS the whole leg's travel
      |       step 16/16 bearing    4.0 (got    0.1) 0.36s -> walked 0.36s, best change 16.7
      |       arrived? True  (portrait_room 625.000/5.900)
      |         turn to 1.5: TURNED to 1.3 (err +0.2) in 1 push(es)
      |       align at portrait_room: yaw nulled to 1.3 (reference 1.5) — 0.2 deg REMAINING = ~4px of phantom dx still in the dx below
      |       align: step 1/6 dx=+160.4 (prev --)
      |       align: dx=+160.4 -> strafe right 0.13s
      |       align: step 2/6 dx=+177.1 (prev +160.4)
      |       align: dx=+177.1 -> strafe right 0.15s
      |       align: step 3/6 dx=+120.3 (prev +177.1)
      |       align: dx=+120.3 -> strafe right 0.10s
      |       align: within 35px (dx=+30.8) after 3 step(s)
      |       aligned at portrait_room: 31px from the recorded pose
      |       align at portrait_room: dx +30.8px
      |     leg portrait_room -> bar_pool_room
      |         turn to 286.6: TURNED to 290.2 (err -3.6) in 1 push(es)
      |         portrait_room->bar_pool_room step 1/4: 1 chunk(s) of 0.16s, change 11.3, best 11.3, hazards none — one push, so `best` IS the whole leg's travel
      |       step 1/4 bearing  286.6 (got  290.2) 0.16s -> walked 0.16s, best change 11.3
      |         turn to 292.2: NO-OP, already inside 4.0 deg (at 290.2, err +2.0) — nothing was sent, the recorded curve was discarded, and the caller's step line will look like a turn that happened
      |         portrait_room->bar_pool_room step 2/4: 1 chunk(s) of 0.79s, change 18.7, best 18.7, hazards none — one push, so `best` IS the whole leg's travel
      |       step 2/4 bearing  292.2 (got  290.2) 0.79s -> walked 0.79s, best change 18.7
      |         turn to 285.6: TURNED to 285.8 (err -0.3) in 1 push(es)
      |         portrait_room->bar_pool_room step 3/4: 1 chunk(s) of 0.80s, change 17.5, best 17.5, hazards none — one push, so `best` IS the whole leg's travel
      |       step 3/4 bearing  285.6 (got  285.8) 0.80s -> walked 0.80s, best change 17.5
      |         turn to 287.6: NO-OP, already inside 4.0 deg (at 285.8, err +1.7) — nothing was sent, the recorded curve was discarded, and the caller's step line will look like a turn that happened
      |         portrait_room->bar_pool_room step 4/4: 1 chunk(s) of 0.23s, change 10.3, best 10.3, hazards none — one push, so `best` IS the whole leg's travel
      |       step 4/4 bearing  287.6 (got  285.8) 0.23s -> walked 0.23s, best change 10.3
      |       arrived? True  (bar_pool_room 564.000/4.510)
      |         turn to 288.2: TURNED to 288.1 (err +0.1) in 1 push(es)
      |       align at bar_pool_room: yaw nulled to 288.1 (reference 288.2) — 0.1 deg REMAINING = ~1px of phantom dx still in the dx below
      |       align: step 1/6 dx=+154.8 (prev --)
      |       align: dx=+154.8 -> strafe right 0.13s
      |       align: step 2/6 dx=+129.6 (prev +154.8)
      |       align: dx=+129.6 -> strafe right 0.11s
      |       align: step 3/6 dx=+93.6 (prev +129.6)
      |       align: dx=+93.6 -> strafe right 0.10s
      |       align: step 4/6 dx=+69.2 (prev +93.6)
      |       align: dx=+69.2 -> strafe right 0.10s
      |       align: dx barely changed (+69 -> +54) — blocked sideways, cannot correct from here
      |       aligned at bar_pool_room: 54px from the recorded pose
      |       align at bar_pool_room: dx +54.3px
      |     leg bar_pool_room -> bar_jukebox
      |         turn to 2.1: TURNED to 2.2 (err -0.1) in 1 push(es)
      |         bar_pool_room->bar_jukebox step 1/5: 1 chunk(s) of 0.80s, change 18.4, best 18.4, hazards none — one push, so `best` IS the whole leg's travel
      |       step 1/5 bearing    2.1 (got    2.2) 0.80s -> walked 0.80s, best change 18.4
      |         turn to 1.2: NO-OP, already inside 4.0 deg (at 2.2, err -1.0) — nothing was sent, the recorded curve was discarded, and the caller's step line will look like a turn that happened
      |         bar_pool_room->bar_jukebox step 2/5: 1 chunk(s) of 0.79s, change 12.3, best 12.3, hazards none — one push, so `best` IS the whole leg's travel
      |       step 2/5 bearing    1.2 (got    2.2) 0.79s -> walked 0.79s, best change 12.3
      |         turn to 0.8: NO-OP, already inside 4.0 deg (at 2.1, err -1.4) — nothing was sent, the recorded curve was discarded, and the caller's step line will look like a turn that happened
      |         bar_pool_room->bar_jukebox step 3/5: 1 chunk(s) of 0.80s, change 8.5, best 8.5, hazards none — one push, so `best` IS the whole leg's travel
      |       step 3/5 bearing    0.8 (got    2.1) 0.80s -> walked 0.80s, best change 8.5
      |         turn to 359.4: NO-OP, already inside 4.0 deg (at 2.1, err -2.7) — nothing was sent, the recorded curve was discarded, and the caller's step line will look like a turn that happened
      |         bar_pool_room->bar_jukebox step 4/5: 1 chunk(s) of 0.79s, change 5.3, best 5.3, hazards none — one push, so `best` IS the whole leg's travel
      |       step 4/5 bearing  359.4 (got    2.1) 0.79s -> walked 0.79s, best change 5.3
      |       step 4 blocked but the scene is MOVING — an NPC in the passage, not a wall
      |       the view is featureless — this is geometry, not a mover; skipping the escape ladder it has never cleared
      |       escape ladder: did NOT clear (best 0.0 PIXELS, against SLIP_PROGRESS_PX 20.0px — NOT against STALL_CHANGE 6.0, which is grey_levels)
      |       step 4 moved only 5.3 grey_levels (< 6.0) over 0.79s — stall score 1
      |         turn to 359.6: NO-OP, already inside 4.0 deg (at 2.1, err -2.5) — nothing was sent, the recorded curve was discarded, and the caller's step line will look like a turn that happened
      |         bar_pool_room->bar_jukebox step 5/5: 1 chunk(s) of 0.14s, change 3.4, best 3.4, hazards none — one push, so `best` IS the whole leg's travel
      |       step 5/5 bearing  359.6 (got    2.1) 0.14s -> walked 0.14s, best change 3.4
      |       step 5 blocked but the scene is MOVING — an NPC in the passage, not a wall
      |       the view is featureless — this is geometry, not a mover; skipping the escape ladder it has never cleared
      |       escape ladder: did NOT clear (best 0.0 PIXELS, against SLIP_PROGRESS_PX 20.0px — NOT against STALL_CHANGE 6.0, which is grey_levels)
      |       step 5 moved only 3.4 grey_levels (< 6.0) over 0.14s — stall score 2
      |       BLOCKED on step 5; abandoning the rest of this leg rather than pushing into whatever is in the way
      |       recovery fan did not find bar_jukebox
      |       arrived? None  (unverified, abstained (2.000/2.000))
      |     leg bar_jukebox -> dealer_table
      |       swept 19 headings around 76; best ink 0.0036 at 55.82246366547733, prompt never appeared
      |       no compass reading, so there is no arc to sweep
      |       no compass reading, so there is no arc to sweep
      |       swept 19 headings around 74; best ink 0.0000 at None, prompt never appeared
      |       no compass reading, so there is no arc to sweep
      |       stepped 6.8s of a 6.5s budget without finding the prompt
      |       approach_goal: prompt not seen
      |       no compass reading, so there is no arc to sweep
      |       reach_table: GAVE UP
      |       arrived? False  (at_table=False)
      |     STOPPING at leg bar_jukebox -> dealer_table: the destination did not check out, so every leg after this one would be walked from an unknown position
      |   attempt 3/9 at dealer_table
      |       no compass reading — the relocalise sweep did NOT run (this is not 'nothing was recognised')
      |   not at dealer_table and cannot say where this is (unrecognised (1.000/1.000)) — reloading to a known start
      |   pause menu open (selected 'Resume')
      |   selected: Load Last Save
      |   no dialog yet (delta 3.3) — the commit press did not land, retrying (1/3)
      |   no dialog yet (delta 6.1) — the commit press did not land, retrying (2/3)
      |   confirmation dialog up (delta 80.9) -> YES
      |   world back after 3.1s, spawn bearing 87 (E)
      |   route: office_corridor -> office_door -> portrait_room -> bar_pool_room -> bar_jukebox -> dealer_table  (25.5s of walking)
      |     leg office_corridor -> office_door
      |         turn to 270.4: TURNED to 271.4 (err -1.0) in 2 push(es)
      |         office_corridor->office_door step 1/7: 1 chunk(s) of 0.79s, change 19.3, best 19.3, hazards none — one push, so `best` IS the whole leg's travel
      |       step 1/7 bearing  270.4 (got  271.4) 0.79s -> walked 0.79s, best change 19.3
      |         turn to 270.1: NO-OP, already inside 4.0 deg (at 271.4, err -1.2) — nothing was sent, the recorded curve was discarded, and the caller's step line will look like a turn that happened
      |         office_corridor->office_door step 2/7: 1 chunk(s) of 0.78s, change 18.0, best 18.0, hazards none — one push, so `best` IS the whole leg's travel
      |       step 2/7 bearing  270.1 (got  271.4) 0.78s -> walked 0.78s, best change 18.0
      |         turn to 270.1: NO-OP, already inside 4.0 deg (at 271.4, err -1.2) — nothing was sent, the recorded curve was discarded, and the caller's step line will look like a turn that happened
      |         office_corridor->office_door step 3/7: 1 chunk(s) of 0.78s, change 15.0, best 15.0, hazards none — one push, so `best` IS the whole leg's travel
      |       step 3/7 bearing  270.1 (got  271.4) 0.78s -> walked 0.78s, best change 15.0
      |         turn to 270.3: NO-OP, already inside 4.0 deg (at 271.4, err -1.2) — nothing was sent, the recorded curve was discarded, and the caller's step line will look like a turn that happened
      |         office_corridor->office_door step 4/7: 1 chunk(s) of 0.78s, change 11.0, best 11.0, hazards none — one push, so `best` IS the whole leg's travel
      |       step 4/7 bearing  270.3 (got  271.4) 0.78s -> walked 0.78s, best change 11.0
      |         turn to 270.1: NO-OP, already inside 4.0 deg (at 271.4, err -1.3) — nothing was sent, the recorded curve was discarded, and the caller's step line will look like a turn that happened
      |         office_corridor->office_door step 5/7: 1 chunk(s) of 0.79s, change 9.5, best 9.5, hazards none — one push, so `best` IS the whole leg's travel
      |       step 5/7 bearing  270.1 (got  271.4) 0.79s -> walked 0.79s, best change 9.5
      |         turn to 270.1: NO-OP, already inside 4.0 deg (at 271.4, err -1.3) — nothing was sent, the recorded curve was discarded, and the caller's step line will look like a turn that happened
      |         office_corridor->office_door step 6/7: 1 chunk(s) of 0.79s, change 6.2, best 6.2, hazards none — one push, so `best` IS the whole leg's travel
      |       step 6/7 bearing  270.1 (got  271.4) 0.79s -> walked 0.79s, best change 6.2
      |         turn to 270.4: NO-OP, already inside 4.0 deg (at 271.4, err -1.0) — nothing was sent, the recorded curve was discarded, and the caller's step line will look like a turn that happened
      |         office_corridor->office_door step 7/7: 1 chunk(s) of 0.42s, change 6.1, best 6.1, hazards none — one push, so `best` IS the whole leg's travel
      |       step 7/7 bearing  270.4 (got  271.4) 0.42s -> walked 0.42s, best change 6.1
      |       arrived? None  (no appearance reference by design)
      |     leg office_door -> portrait_room
      |         turn to 338.1: TURNED to 335.7 (err +2.4) in 1 push(es)
      |         office_door->portrait_room step 1/16: 1 chunk(s) of 0.79s, change 14.3, best 14.3, hazards none — one push, so `best` IS the whole leg's travel
      |       step 1/16 bearing  338.1 (got  335.7) 0.79s -> walked 0.79s, best change 14.3
      |         turn to 339.2: NO-OP, already inside 4.0 deg (at 335.8, err +3.4) — nothing was sent, the recorded curve was discarded, and the caller's step line will look like a turn that happened
      |         office_door->portrait_room step 2/16: 1 chunk(s) of 0.70s, change 16.3, best 16.3, hazards none — one push, so `best` IS the whole leg's travel
      |       step 2/16 bearing  339.2 (got  335.8) 0.70s -> walked 0.70s, best change 16.3
      |         turn to 347.9: TURNED to 344.6 (err +3.3) in 1 push(es)
      |         office_door->portrait_room step 3/16: 1 chunk(s) of 0.42s, change 18.4, best 18.4, hazards none — one push, so `best` IS the whole leg's travel
      |       step 3/16 bearing  347.9 (got  344.6) 0.42s -> walked 0.42s, best change 18.4
      |         turn to 355.2: TURNED to 355.6 (err -0.5) in 1 push(es)
      |         office_door->portrait_room step 4/16: 1 chunk(s) of 0.79s, change 46.1, best 46.1, hazards none — one push, so `best` IS the whole leg's travel
      |       step 4/16 bearing  355.2 (got  355.6) 0.79s -> walked 0.79s, best change 46.1
      |         turn to 360.0: TURNED to 0.9 (err -0.9) in 1 push(es)
      |         office_door->portrait_room step 5/16: 1 chunk(s) of 0.51s, change 30.9, best 30.9, hazards none — one push, so `best` IS the whole leg's travel
      |       step 5/16 bearing  360.0 (got    0.9) 0.51s -> walked 0.51s, best change 30.9
      |         turn to 8.6: TURNED to 7.9 (err +0.7) in 1 push(es)
      |         office_door->portrait_room step 6/16: 1 chunk(s) of 0.78s, change 17.7, best 17.7, hazards none — one push, so `best` IS the whole leg's travel
      |       step 6/16 bearing    8.6 (got    7.9) 0.78s -> walked 0.78s, best change 17.7
      |         turn to 7.7: NO-OP, already inside 4.0 deg (at 7.9, err -0.2) — nothing was sent, the recorded curve was discarded, and the caller's step line will look like a turn that happened
      |         office_door->portrait_room step 7/16: 1 chunk(s) of 0.78s, change 33.1, best 33.1, hazards none — one push, so `best` IS the whole leg's travel
      |       step 7/16 bearing    7.7 (got    7.9) 0.78s -> walked 0.78s, best change 33.1
      |         turn to 1.7: TURNED to 2.9 (err -1.2) in 1 push(es)
      |         office_door->portrait_room step 8/16: 1 chunk(s) of 0.80s, change 33.6, best 33.6, hazards none — one push, so `best` IS the whole leg's travel
      |       step 8/16 bearing    1.7 (got    2.9) 0.80s -> walked 0.80s, best change 33.6
      |         turn to 359.6: NO-OP, already inside 4.0 deg (at 3.0, err -3.4) — nothing was sent, the recorded curve was discarded, and the caller's step line will look like a turn that happened
      |         office_door->portrait_room step 9/16: 1 chunk(s) of 0.36s, change 17.1, best 17.1, hazards none — one push, so `best` IS the whole leg's travel
      |       step 9/16 bearing  359.6 (got    3.0) 0.36s -> walked 0.36s, best change 17.1
      |         turn to 359.4: NO-OP, already inside 4.0 deg (at 2.9, err -3.5) — nothing was sent, the recorded curve was discarded, and the caller's step line will look like a turn that happened
      |         office_door->portrait_room step 10/16: 1 chunk(s) of 0.78s, change 22.0, best 22.0, hazards none — one push, so `best` IS the whole leg's travel
      |       step 10/16 bearing  359.4 (got    2.9) 0.78s -> walked 0.78s, best change 22.0
      |         turn to 357.9: TURNED to 358.1 (err -0.3) in 1 push(es)
      |         office_door->portrait_room step 11/16: 1 chunk(s) of 0.79s, change 20.8, best 20.8, hazards none — one push, so `best` IS the whole leg's travel
      |       step 11/16 bearing  357.9 (got  358.1) 0.79s -> walked 0.79s, best change 20.8
      |         turn to 358.0: NO-OP, already inside 4.0 deg (at 358.2, err -0.1) — nothing was sent, the recorded curve was discarded, and the caller's step line will look like a turn that happened
      |         office_door->portrait_room step 12/16: 1 chunk(s) of 0.79s, change 21.2, best 21.2, hazards none — one push, so `best` IS the whole leg's travel
      |       step 12/16 bearing  358.0 (got  358.2) 0.79s -> walked 0.79s, best change 21.2
      |         turn to 357.8: NO-OP, already inside 4.0 deg (at 358.1, err -0.3) — nothing was sent, the recorded curve was discarded, and the caller's step line will look like a turn that happened
      |         office_door->portrait_room step 13/16: 1 chunk(s) of 0.79s, change 24.9, best 24.9, hazards none — one push, so `best` IS the whole leg's travel
      |       step 13/16 bearing  357.8 (got  358.1) 0.79s -> walked 0.79s, best change 24.9
      |         turn to 357.9: NO-OP, already inside 4.0 deg (at 358.1, err -0.2) — nothing was sent, the recorded curve was discarded, and the caller's step line will look like a turn that happened
      |         office_door->portrait_room step 14/16: 1 chunk(s) of 0.79s, change 26.2, best 26.2, hazards none — one push, so `best` IS the whole leg's travel
      |       step 14/16 bearing  357.9 (got  358.1) 0.79s -> walked 0.79s, best change 26.2
      |         turn to 0.8: NO-OP, already inside 4.0 deg (at 358.1, err +2.7) — nothing was sent, the recorded curve was discarded, and the caller's step line will look like a turn that happened
      |         office_door->portrait_room step 15/16: 1 chunk(s) of 0.79s, change 22.3, best 22.3, hazards none — one push, so `best` IS the whole leg's travel
      |       step 15/16 bearing    0.8 (got  358.1) 0.79s -> walked 0.79s, best change 22.3
      |         turn to 4.0: TURNED to 5.0 (err -1.1) in 1 push(es)
      |         office_door->portrait_room step 16/16: 1 chunk(s) of 0.36s, change 16.1, best 16.1, hazards none — one push, so `best` IS the whole leg's travel
      |       step 16/16 bearing    4.0 (got    5.0) 0.36s -> walked 0.36s, best change 16.1
      |       arrived? True  (portrait_room 621.000/6.090)
      |         turn to 1.5: TURNED to 1.5 (err -0.0) in 1 push(es)
      |       align at portrait_room: yaw nulled to 1.5 (reference 1.5) — 0.0 deg REMAINING = ~1px of phantom dx still in the dx below
      |       align: step 1/6 dx=+98.4 (prev --)
      |       align: dx=+98.4 -> strafe right 0.10s
      |       align: step 2/6 dx=+37.5 (prev +98.4)
      |       align: dx=+37.5 -> strafe right 0.10s
      |       align: within 35px (dx=+13.5) after 2 step(s)
      |       aligned at portrait_room: 14px from the recorded pose
      |       align at portrait_room: dx +13.5px
      |     leg portrait_room -> bar_pool_room
      |         turn to 286.6: TURNED to 290.4 (err -3.8) in 1 push(es)
      |         portrait_room->bar_pool_room step 1/4: 1 chunk(s) of 0.16s, change 8.2, best 8.2, hazards none — one push, so `best` IS the whole leg's travel
      |       step 1/4 bearing  286.6 (got  290.4) 0.16s -> walked 0.16s, best change 8.2
      |         turn to 292.2: NO-OP, already inside 4.0 deg (at 290.4, err +1.8) — nothing was sent, the recorded curve was discarded, and the caller's step line will look like a turn that happened
      |         portrait_room->bar_pool_room step 2/4: 1 chunk(s) of 0.79s, change 14.0, best 14.0, hazards none — one push, so `best` IS the whole leg's travel
      |       step 2/4 bearing  292.2 (got  290.4) 0.79s -> walked 0.79s, best change 14.0
      |         turn to 285.6: TURNED to 287.4 (err -1.8) in 1 push(es)
      |         portrait_room->bar_pool_room step 3/4: 1 chunk(s) of 0.80s, change 14.4, best 14.4, hazards none — one push, so `best` IS the whole leg's travel
      |       step 3/4 bearing  285.6 (got  287.4) 0.80s -> walked 0.80s, best change 14.4
      |         turn to 287.6: NO-OP, already inside 4.0 deg (at 287.4, err +0.2) — nothing was sent, the recorded curve was discarded, and the caller's step line will look like a turn that happened
      |         portrait_room->bar_pool_room step 4/4: 1 chunk(s) of 0.23s, change 11.6, best 11.6, hazards none — one push, so `best` IS the whole leg's travel
      |       step 4/4 bearing  287.6 (got  287.4) 0.23s -> walked 0.23s, best change 11.6
      |       arrived? True  (bar_pool_room 669.000/6.030)
      |         turn to 288.2: TURNED to 288.2 (err -0.0) in 1 push(es)
      |       align at bar_pool_room: yaw nulled to 288.2 (reference 288.2) — 0.0 deg REMAINING = ~0px of phantom dx still in the dx below
      |       align: step 1/6 dx=+175.6 (prev --)
      |       align: dx=+175.6 -> strafe right 0.15s
      |       align: step 2/6 dx=+128.0 (prev +175.6)
      |       align: dx=+128.0 -> strafe right 0.11s
      |       align: dx barely changed (+128 -> +114) — blocked sideways, cannot correct from here
      |       aligned at bar_pool_room: 114px from the recorded pose
      |       align at bar_pool_room: dx +114.0px
      |     leg bar_pool_room -> bar_jukebox
      |         turn to 2.1: TURNED to 1.0 (err +1.1) in 1 push(es)
      |         bar_pool_room->bar_jukebox step 1/5: 1 chunk(s) of 0.80s, change 18.6, best 18.6, hazards none — one push, so `best` IS the whole leg's travel
      |       step 1/5 bearing    2.1 (got    1.0) 0.80s -> walked 0.80s, best change 18.6
      |         turn to 1.2: NO-OP, already inside 4.0 deg (at 1.0, err +0.1) — nothing was sent, the recorded curve was discarded, and the caller's step line will look like a turn that happened
      |         bar_pool_room->bar_jukebox step 2/5: 1 chunk(s) of 0.79s, change 27.2, best 27.2, hazards none — one push, so `best` IS the whole leg's travel
      |       step 2/5 bearing    1.2 (got    1.0) 0.79s -> walked 0.79s, best change 27.2
      |         turn to 0.8: NO-OP, already inside 4.0 deg (at 1.1, err -0.3) — nothing was sent, the recorded curve was discarded, and the caller's step line will look like a turn that happened
      |         bar_pool_room->bar_jukebox step 3/5: 1 chunk(s) of 0.80s, change 32.3, best 32.3, hazards none — one push, so `best` IS the whole leg's travel
      |       step 3/5 bearing    0.8 (got    1.1) 0.80s -> walked 0.80s, best change 32.3
      |         turn to 359.4: NO-OP, already inside 4.0 deg (at 1.0, err -1.6) — nothing was sent, the recorded curve was discarded, and the caller's step line will look like a turn that happened
      |         bar_pool_room->bar_jukebox step 4/5: 1 chunk(s) of 0.79s, change 30.3, best 30.3, hazards none — one push, so `best` IS the whole leg's travel
      |       step 4/5 bearing  359.4 (got    1.0) 0.79s -> walked 0.79s, best change 30.3
      |         turn to 359.6: NO-OP, already inside 4.0 deg (at 1.0, err -1.4) — nothing was sent, the recorded curve was discarded, and the caller's step line will look like a turn that happened
      |         bar_pool_room->bar_jukebox step 5/5: 1 chunk(s) of 0.14s, change 14.2, best 14.2, hazards none — one push, so `best` IS the whole leg's travel
      |       step 5/5 bearing  359.6 (got    1.0) 0.14s -> walked 0.14s, best change 14.2
      |       arrived? True  (bar_jukebox 588.000/5.350)
      |         turn to 1.0: NO-OP, already inside 0.5 deg (at 1.0, err -0.0) — nothing was sent, the recorded curve was discarded, and the caller's step line will look like a turn that happened
      |       align at bar_jukebox: yaw nulled to 1.0 (reference 1.0) — 0.0 deg REMAINING = ~0px of phantom dx still in the dx below
      |       align: within 35px (dx=-26.4) after 0 step(s)
      |       aligned at bar_jukebox: 26px from the recorded pose
      |       align at bar_jukebox: dx +26.4px
      |     leg bar_jukebox -> dealer_table
      |       swept 19 headings around 73; best ink 0.0221 at 72.67106837024733, prompt never appeared
      |       swept 19 headings around 76; best ink 0.0078 at 75.86266094420601, prompt never appeared
      |       swept 19 headings around 79; best ink 0.0044 at 98.73070325900515, prompt never appeared
      |       swept 19 headings around 76; best ink 0.0005 at 35.74310807143887, prompt never appeared
      |       no compass reading, so there is no arc to sweep
      |       stepped 6.8s of a 6.5s budget without finding the prompt
      |       approach_goal: prompt not seen
      |       no compass reading, so there is no arc to sweep
      |       reach_table: GAVE UP
      |       arrived? False  (at_table=False)
      |     STOPPING at leg bar_jukebox -> dealer_table: the destination did not check out, so every leg after this one would be walked from an unknown position
      |   attempt 4/9 at dealer_table
      |   not at dealer_table and cannot say where this is (unrecognised (66.000/1.050)) — reloading to a known start
      |   pause menu open (selected 'Resume')
      |   selected: Load Last Save
      |   no dialog yet (delta 2.8) — the commit press did not land, retrying (1/3)
      |   confirmation dialog up (delta 83.8) -> YES
      |   world back after 3.2s, spawn bearing 87 (E)
      |   route: office_corridor -> office_door -> portrait_room -> bar_pool_room -> bar_jukebox -> dealer_table  (25.5s of walking)
      |     leg office_corridor -> office_door
      |         turn to 270.4: TURNED to 270.7 (err -0.2) in 2 push(es)
      |         office_corridor->office_door step 1/7: 1 chunk(s) of 0.79s, change 19.2, best 19.2, hazards none — one push, so `best` IS the whole leg's travel
      |       step 1/7 bearing  270.4 (got  270.7) 0.79s -> walked 0.79s, best change 19.2
      |         turn to 270.1: NO-OP, already inside 4.0 deg (at 270.6, err -0.5) — nothing was sent, the recorded curve was discarded, and the caller's step line will look like a turn that happened
      |         office_corridor->office_door step 2/7: 1 chunk(s) of 0.78s, change 18.6, best 18.6, hazards none — one push, so `best` IS the whole leg's travel
      |       step 2/7 bearing  270.1 (got  270.6) 0.78s -> walked 0.78s, best change 18.6
      |         turn to 270.1: NO-OP, already inside 4.0 deg (at 270.7, err -0.5) — nothing was sent, the recorded curve was discarded, and the caller's step line will look like a turn that happened
      |         office_corridor->office_door step 3/7: 1 chunk(s) of 0.78s, change 14.4, best 14.4, hazards none — one push, so `best` IS the whole leg's travel
      |       step 3/7 bearing  270.1 (got  270.7) 0.78s -> walked 0.78s, best change 14.4
      |         turn to 270.3: NO-OP, already inside 4.0 deg (at 270.7, err -0.4) — nothing was sent, the recorded curve was discarded, and the caller's step line will look like a turn that happened
      |         office_corridor->office_door step 4/7: 1 chunk(s) of 0.78s, change 10.7, best 10.7, hazards none — one push, so `best` IS the whole leg's travel
      |       step 4/7 bearing  270.3 (got  270.7) 0.78s -> walked 0.78s, best change 10.7
      |         turn to 270.1: NO-OP, already inside 4.0 deg (at 270.7, err -0.5) — nothing was sent, the recorded curve was discarded, and the caller's step line will look like a turn that happened
      |         office_corridor->office_door step 5/7: 1 chunk(s) of 0.79s, change 9.3, best 9.3, hazards none — one push, so `best` IS the whole leg's travel
      |       step 5/7 bearing  270.1 (got  270.7) 0.79s -> walked 0.79s, best change 9.3
      |         turn to 270.1: NO-OP, already inside 4.0 deg (at 270.7, err -0.6) — nothing was sent, the recorded curve was discarded, and the caller's step line will look like a turn that happened
      |         office_corridor->office_door step 6/7: 1 chunk(s) of 0.79s, change 7.1, best 7.1, hazards none — one push, so `best` IS the whole leg's travel
      |       step 6/7 bearing  270.1 (got  270.7) 0.79s -> walked 0.79s, best change 7.1
      |         turn to 270.4: NO-OP, already inside 4.0 deg (at 270.7, err -0.3) — nothing was sent, the recorded curve was discarded, and the caller's step line will look like a turn that happened
      |         office_corridor->office_door step 7/7: 1 chunk(s) of 0.42s, change 7.2, best 7.2, hazards none — one push, so `best` IS the whole leg's travel
      |       step 7/7 bearing  270.4 (got  270.7) 0.42s -> walked 0.42s, best change 7.2
      |       arrived? None  (no appearance reference by design)
      |     leg office_door -> portrait_room
      |         turn to 338.1: TURNED to 338.6 (err -0.5) in 2 push(es)
      |         office_door->portrait_room step 1/16: 1 chunk(s) of 0.79s, change 13.2, best 13.2, hazards none — one push, so `best` IS the whole leg's travel
      |       step 1/16 bearing  338.1 (got  338.6) 0.79s -> walked 0.79s, best change 13.2
      |         turn to 339.2: NO-OP, already inside 4.0 deg (at 338.6, err +0.6) — nothing was sent, the recorded curve was discarded, and the caller's step line will look like a turn that happened
      |         office_door->portrait_room step 2/16: 1 chunk(s) of 0.70s, change 16.5, best 16.5, hazards none — one push, so `best` IS the whole leg's travel
      |       step 2/16 bearing  339.2 (got  338.6) 0.70s -> walked 0.70s, best change 16.5
      |         turn to 347.9: TURNED to 349.0 (err -1.1) in 1 push(es)
      |         office_door->portrait_room step 3/16: 1 chunk(s) of 0.42s, change 23.0, best 23.0, hazards none — one push, so `best` IS the whole leg's travel
      |       step 3/16 bearing  347.9 (got  349.0) 0.42s -> walked 0.42s, best change 23.0
      |         turn to 355.2: TURNED to 355.5 (err -0.4) in 1 push(es)
      |         office_door->portrait_room step 4/16: 1 chunk(s) of 0.79s, change 46.4, best 46.4, hazards none — one push, so `best` IS the whole leg's travel
      |       step 4/16 bearing  355.2 (got  355.5) 0.79s -> walked 0.79s, best change 46.4
      |         turn to 360.0: TURNED to 0.8 (err -0.8) in 1 push(es)
      |         office_door->portrait_room step 5/16: 1 chunk(s) of 0.51s, change 27.4, best 27.4, hazards none — one push, so `best` IS the whole leg's travel
      |       step 5/16 bearing  360.0 (got    0.8) 0.51s -> walked 0.51s, best change 27.4
      |         turn to 8.6: TURNED to 10.2 (err -1.6) in 1 push(es)
      |         office_door->portrait_room step 6/16: 1 chunk(s) of 0.78s, change 18.3, best 18.3, hazards none — one push, so `best` IS the whole leg's travel
      |       step 6/16 bearing    8.6 (got   10.2) 0.78s -> walked 0.78s, best change 18.3
      |         turn to 7.7: NO-OP, already inside 4.0 deg (at 10.2, err -2.5) — nothing was sent, the recorded curve was discarded, and the caller's step line will look like a turn that happened
      |         office_door->portrait_room step 7/16: 1 chunk(s) of 0.78s, change 30.2, best 30.2, hazards none — one push, so `best` IS the whole leg's travel
      |       step 7/16 bearing    7.7 (got   10.2) 0.78s -> walked 0.78s, best change 30.2
      |         turn to 1.7: TURNED to 1.1 (err +0.6) in 1 push(es)
      |         office_door->portrait_room step 8/16: 1 chunk(s) of 0.80s, change 35.5, best 35.5, hazards none — one push, so `best` IS the whole leg's travel
      |       step 8/16 bearing    1.7 (got    1.1) 0.80s -> walked 0.80s, best change 35.5
      |         turn to 359.6: NO-OP, already inside 4.0 deg (at 1.1, err -1.5) — nothing was sent, the recorded curve was discarded, and the caller's step line will look like a turn that happened
      |         office_door->portrait_room step 9/16: 1 chunk(s) of 0.36s, change 17.9, best 17.9, hazards none — one push, so `best` IS the whole leg's travel
      |       step 9/16 bearing  359.6 (got    1.1) 0.36s -> walked 0.36s, best change 17.9
      |         turn to 359.4: NO-OP, already inside 4.0 deg (at 1.1, err -1.7) — nothing was sent, the recorded curve was discarded, and the caller's step line will look like a turn that happened
      |         office_door->portrait_room step 10/16: 1 chunk(s) of 0.78s, change 22.4, best 22.4, hazards none — one push, so `best` IS the whole leg's travel
      |       step 10/16 bearing  359.4 (got    1.1) 0.78s -> walked 0.78s, best change 22.4
      |         turn to 357.9: NO-OP, already inside 4.0 deg (at 1.1, err -3.3) — nothing was sent, the recorded curve was discarded, and the caller's step line will look like a turn that happened
      |         office_door->portrait_room step 11/16: 1 chunk(s) of 0.79s, change 19.1, best 19.1, hazards none — one push, so `best` IS the whole leg's travel
      |       step 11/16 bearing  357.9 (got    1.1) 0.79s -> walked 0.79s, best change 19.1
      |         turn to 358.0: NO-OP, already inside 4.0 deg (at 1.1, err -3.1) — nothing was sent, the recorded curve was discarded, and the caller's step line will look like a turn that happened
      |         office_door->portrait_room step 12/16: 1 chunk(s) of 0.79s, change 20.6, best 20.6, hazards none — one push, so `best` IS the whole leg's travel
      |       step 12/16 bearing  358.0 (got    1.1) 0.79s -> walked 0.79s, best change 20.6
      |         turn to 357.8: NO-OP, already inside 4.0 deg (at 1.1, err -3.3) — nothing was sent, the recorded curve was discarded, and the caller's step line will look like a turn that happened
      |         office_door->portrait_room step 13/16: 1 chunk(s) of 0.79s, change 25.3, best 25.3, hazards none — one push, so `best` IS the whole leg's travel
      |       step 13/16 bearing  357.8 (got    1.1) 0.79s -> walked 0.79s, best change 25.3
      |         turn to 357.9: NO-OP, already inside 4.0 deg (at 1.1, err -3.2) — nothing was sent, the recorded curve was discarded, and the caller's step line will look like a turn that happened
      |         office_door->portrait_room step 14/16: 1 chunk(s) of 0.79s, change 29.4, best 29.4, hazards none — one push, so `best` IS the whole leg's travel
      |       step 14/16 bearing  357.9 (got    1.1) 0.79s -> walked 0.79s, best change 29.4
      |         turn to 0.8: NO-OP, already inside 4.0 deg (at 1.1, err -0.3) — nothing was sent, the recorded curve was discarded, and the caller's step line will look like a turn that happened
      |         office_door->portrait_room step 15/16: 1 chunk(s) of 0.79s, change 26.4, best 26.4, hazards none — one push, so `best` IS the whole leg's travel
      |       step 15/16 bearing    0.8 (got    1.1) 0.79s -> walked 0.79s, best change 26.4
      |         turn to 4.0: NO-OP, already inside 4.0 deg (at 1.1, err +2.8) — nothing was sent, the recorded curve was discarded, and the caller's step line will look like a turn that happened
      |         office_door->portrait_room step 16/16: 1 chunk(s) of 0.36s, change 15.2, best 15.2, hazards none — one push, so `best` IS the whole leg's travel
      |       step 16/16 bearing    4.0 (got    1.1) 0.36s -> walked 0.36s, best change 15.2
      |       arrived? True  (portrait_room 610.000/5.350)
      |         turn to 1.5: NO-OP, already inside 0.5 deg (at 1.1, err +0.3) — nothing was sent, the recorded curve was discarded, and the caller's step line will look like a turn that happened
      |       align at portrait_room: yaw nulled to 1.1 (reference 1.5) — 0.3 deg REMAINING = ~6px of phantom dx still in the dx below
      |       align: within 35px (dx=-5.7) after 0 step(s)
      |       aligned at portrait_room: 6px from the recorded pose
      |       align at portrait_room: dx +5.7px
      |     leg portrait_room -> bar_pool_room
      |         turn to 286.6: TURNED to 290.0 (err -3.5) in 1 push(es)
      |         portrait_room->bar_pool_room step 1/4: 1 chunk(s) of 0.16s, change 8.0, best 8.0, hazards none — one push, so `best` IS the whole leg's travel
      |       step 1/4 bearing  286.6 (got  290.0) 0.16s -> walked 0.16s, best change 8.0
      |         turn to 292.2: NO-OP, already inside 4.0 deg (at 290.0, err +2.1) — nothing was sent, the recorded curve was discarded, and the caller's step line will look like a turn that happened
      |         portrait_room->bar_pool_room step 2/4: 1 chunk(s) of 0.79s, change 16.6, best 16.6, hazards none — one push, so `best` IS the whole leg's travel
      |       step 2/4 bearing  292.2 (got  290.0) 0.79s -> walked 0.79s, best change 16.6
      |         turn to 285.6: TURNED to 285.7 (err -0.1) in 1 push(es)
      |         portrait_room->bar_pool_room step 3/4: 1 chunk(s) of 0.80s, change 15.7, best 15.7, hazards none — one push, so `best` IS the whole leg's travel
      |       step 3/4 bearing  285.6 (got  285.7) 0.80s -> walked 0.80s, best change 15.7
      |         turn to 287.6: NO-OP, already inside 4.0 deg (at 285.7, err +1.9) — nothing was sent, the recorded curve was discarded, and the caller's step line will look like a turn that happened
      |         portrait_room->bar_pool_room step 4/4: 1 chunk(s) of 0.23s, change 10.1, best 10.1, hazards none — one push, so `best` IS the whole leg's travel
      |       step 4/4 bearing  287.6 (got  285.7) 0.23s -> walked 0.23s, best change 10.1
      |       arrived? True  (bar_pool_room 908.000/6.490)
      |         turn to 288.2: TURNED to 288.0 (err +0.1) in 2 push(es)
      |       align at bar_pool_room: yaw nulled to 288.0 (reference 288.2) — 0.1 deg REMAINING = ~3px of phantom dx still in the dx below
      |       align: step 1/6 dx=+147.1 (prev --)
      |       align: dx=+147.1 -> strafe right 0.12s
      |       align: step 2/6 dx=+98.4 (prev +147.1)
      |       align: dx=+98.4 -> strafe right 0.10s
      |       align: step 3/6 dx=+57.7 (prev +98.4)
      |       align: dx=+57.7 -> strafe right 0.10s
      |       align: within 35px (dx=-18.7) after 3 step(s)
      |       aligned at bar_pool_room: 19px from the recorded pose
      |       align at bar_pool_room: dx +18.7px
      |     leg bar_pool_room -> bar_jukebox
      |         turn to 2.1: TURNED to 0.9 (err +1.2) in 1 push(es)
      |         bar_pool_room->bar_jukebox step 1/5: 1 chunk(s) of 0.80s, change 16.9, best 16.9, hazards none — one push, so `best` IS the whole leg's travel
      |       step 1/5 bearing    2.1 (got    0.9) 0.80s -> walked 0.80s, best change 16.9
      |         turn to 1.2: NO-OP, already inside 4.0 deg (at 0.8, err +0.3) — nothing was sent, the recorded curve was discarded, and the caller's step line will look like a turn that happened
      |         bar_pool_room->bar_jukebox step 2/5: 1 chunk(s) of 0.79s, change 8.2, best 8.2, hazards none — one push, so `best` IS the whole leg's travel
      |       step 2/5 bearing    1.2 (got    0.8) 0.79s -> walked 0.79s, best change 8.2
      |         turn to 0.8: NO-OP, already inside 4.0 deg (at 0.9, err -0.1) — nothing was sent, the recorded curve was discarded, and the caller's step line will look like a turn that happened
      |         bar_pool_room->bar_jukebox step 3/5: 1 chunk(s) of 0.80s, change 2.1, best 2.1, hazards SHORT — one push, so `best` IS the whole leg's travel
      |       step 3/5 bearing    0.8 (got    0.9) 0.80s -> walked 0.80s, best change 2.1
      |       step 3 blocked but the scene is MOVING — an NPC in the passage, not a wall
      |       the view is featureless — this is geometry, not a mover; skipping the escape ladder it has never cleared
      |       escape ladder: did NOT clear (best 0.0 PIXELS, against SLIP_PROGRESS_PX 20.0px — NOT against STALL_CHANGE 6.0, which is grey_levels)
      |       step 3 moved only 2.1 grey_levels (< 6.0) over 0.80s — stall score 1
      |         turn to 359.4: NO-OP, already inside 4.0 deg (at 0.8, err -1.4) — nothing was sent, the recorded curve was discarded, and the caller's step line will look like a turn that happened
      |         bar_pool_room->bar_jukebox step 4/5: 1 chunk(s) of 0.79s, change 2.9, best 2.9, hazards SHORT — one push, so `best` IS the whole leg's travel
      |       step 4/5 bearing  359.4 (got    0.8) 0.79s -> walked 0.79s, best change 2.9
      |       step 4 blocked but the scene is MOVING — an NPC in the passage, not a wall
      |       the view is featureless — this is geometry, not a mover; skipping the escape ladder it has never cleared
      |       escape ladder: did NOT clear (best 0.0 PIXELS, against SLIP_PROGRESS_PX 20.0px — NOT against STALL_CHANGE 6.0, which is grey_levels)
      |       step 4 moved only 2.9 grey_levels (< 6.0) over 0.79s — stall score 2
      |       BLOCKED on step 4; abandoning the rest of this leg rather than pushing into whatever is in the way
      |       recovery fan did not find bar_jukebox
      |       arrived? None  (unverified, abstained (1.000/1.000))
      |     leg bar_jukebox -> dealer_table
      |       swept 19 headings around 76; best ink 0.0000 at None, prompt never appeared
      |       swept 19 headings around 73; best ink 0.0000 at None, prompt never appeared
      |       swept 19 headings around 78; best ink 0.0000 at None, prompt never appeared
      |       swept 19 headings around 77; best ink 0.0002 at 297.07232527486883, prompt never appeared
      |       no compass reading, so there is no arc to sweep
      |       stepped 6.8s of a 6.5s budget without finding the prompt
      |       approach_goal: prompt not seen
      |       swept 19 headings around 77; best ink 0.0001 at 216.96775936452156, prompt never appeared
      |       reach_table: GAVE UP
      |       arrived? False  (at_table=False)
      |     STOPPING at leg bar_jukebox -> dealer_table: the destination did not check out, so every leg after this one would be walked from an unknown position
      |   attempt 5/9 at dealer_table
      |   not at dealer_table and cannot say where this is (unrecognised (63.000/1.310)) — reloading to a known start
      |   pause menu appeared late, after 0.6s of extra waiting
      |   pause menu open (selected 'Resume')
      |   selected: Load Last Save
      |   confirmation dialog up (delta 81.3) -> YES
      |   world back after 3.1s, spawn bearing 87 (E)
      |   route: office_corridor -> office_door -> portrait_room -> bar_pool_room -> bar_jukebox -> dealer_table  (25.5s of walking)
      |     leg office_corridor -> office_door
      |         turn to 270.4: TURNED to 270.7 (err -0.2) in 2 push(es)
      |         office_corridor->office_door step 1/7: 1 chunk(s) of 0.79s, change 19.7, best 19.7, hazards none — one push, so `best` IS the whole leg's travel
      |       step 1/7 bearing  270.4 (got  270.7) 0.79s -> walked 0.79s, best change 19.7
      |         turn to 270.1: NO-OP, already inside 4.0 deg (at 270.6, err -0.5) — nothing was sent, the recorded curve was discarded, and the caller's step line will look like a turn that happened
      |         office_corridor->office_door step 2/7: 1 chunk(s) of 0.78s, change 19.2, best 19.2, hazards none — one push, so `best` IS the whole leg's travel
      |       step 2/7 bearing  270.1 (got  270.6) 0.78s -> walked 0.78s, best change 19.2
      |         turn to 270.1: NO-OP, already inside 4.0 deg (at 270.7, err -0.5) — nothing was sent, the recorded curve was discarded, and the caller's step line will look like a turn that happened
      |         office_corridor->office_door step 3/7: 1 chunk(s) of 0.78s, change 13.9, best 13.9, hazards none — one push, so `best` IS the whole leg's travel
      |       step 3/7 bearing  270.1 (got  270.7) 0.78s -> walked 0.78s, best change 13.9
      |         turn to 270.3: NO-OP, already inside 4.0 deg (at 270.7, err -0.4) — nothing was sent, the recorded curve was discarded, and the caller's step line will look like a turn that happened
      |         office_corridor->office_door step 4/7: 1 chunk(s) of 0.78s, change 12.1, best 12.1, hazards none — one push, so `best` IS the whole leg's travel
      |       step 4/7 bearing  270.3 (got  270.7) 0.78s -> walked 0.78s, best change 12.1
      |         turn to 270.1: NO-OP, already inside 4.0 deg (at 270.7, err -0.6) — nothing was sent, the recorded curve was discarded, and the caller's step line will look like a turn that happened
      |         office_corridor->office_door step 5/7: 1 chunk(s) of 0.79s, change 7.0, best 7.0, hazards none — one push, so `best` IS the whole leg's travel
      |       step 5/7 bearing  270.1 (got  270.7) 0.79s -> walked 0.79s, best change 7.0
      |         turn to 270.1: NO-OP, already inside 4.0 deg (at 270.7, err -0.6) — nothing was sent, the recorded curve was discarded, and the caller's step line will look like a turn that happened
      |         office_corridor->office_door step 6/7: 1 chunk(s) of 0.79s, change 7.8, best 7.8, hazards none — one push, so `best` IS the whole leg's travel
      |       step 6/7 bearing  270.1 (got  270.7) 0.79s -> walked 0.79s, best change 7.8
      |         turn to 270.4: NO-OP, already inside 4.0 deg (at 270.7, err -0.3) — nothing was sent, the recorded curve was discarded, and the caller's step line will look like a turn that happened
      |         office_corridor->office_door step 7/7: 1 chunk(s) of 0.42s, change 7.1, best 7.1, hazards none — one push, so `best` IS the whole leg's travel
      |       step 7/7 bearing  270.4 (got  270.7) 0.42s -> walked 0.42s, best change 7.1
      |       arrived? None  (no appearance reference by design)
      |     leg office_door -> portrait_room
      |         turn to 338.1: TURNED to 337.5 (err +0.7) in 1 push(es)
      |         office_door->portrait_room step 1/16: 1 chunk(s) of 0.79s, change 11.6, best 11.6, hazards none — one push, so `best` IS the whole leg's travel
      |       step 1/16 bearing  338.1 (got  337.5) 0.79s -> walked 0.79s, best change 11.6
      |         turn to 339.2: NO-OP, already inside 4.0 deg (at 337.4, err +1.7) — nothing was sent, the recorded curve was discarded, and the caller's step line will look like a turn that happened
      |         office_door->portrait_room step 2/16: 1 chunk(s) of 0.70s, change 18.2, best 18.2, hazards none — one push, so `best` IS the whole leg's travel
      |       step 2/16 bearing  339.2 (got  337.4) 0.70s -> walked 0.70s, best change 18.2
      |         turn to 347.9: TURNED to 346.3 (err +1.6) in 1 push(es)
      |         office_door->portrait_room step 3/16: 1 chunk(s) of 0.42s, change 19.8, best 19.8, hazards none — one push, so `best` IS the whole leg's travel
      |       step 3/16 bearing  347.9 (got  346.3) 0.42s -> walked 0.42s, best change 19.8
      |         turn to 355.2: TURNED to 353.4 (err +1.7) in 1 push(es)
      |         office_door->portrait_room step 4/16: 1 chunk(s) of 0.79s, change 47.1, best 47.1, hazards none — one push, so `best` IS the whole leg's travel
      |       step 4/16 bearing  355.2 (got  353.4) 0.79s -> walked 0.79s, best change 47.1
      |         turn to 360.0: TURNED to 0.2 (err -0.2) in 1 push(es)
      |         office_door->portrait_room step 5/16: 1 chunk(s) of 0.51s, change 32.0, best 32.0, hazards none — one push, so `best` IS the whole leg's travel
      |       step 5/16 bearing  360.0 (got    0.2) 0.51s -> walked 0.51s, best change 32.0
      |         turn to 8.6: TURNED to 7.6 (err +1.0) in 1 push(es)
      |         office_door->portrait_room step 6/16: 1 chunk(s) of 0.78s, change 17.1, best 17.1, hazards none — one push, so `best` IS the whole leg's travel
      |       step 6/16 bearing    8.6 (got    7.6) 0.78s -> walked 0.78s, best change 17.1
      |         turn to 7.7: NO-OP, already inside 4.0 deg (at 7.6, err +0.1) — nothing was sent, the recorded curve was discarded, and the caller's step line will look like a turn that happened
      |         office_door->portrait_room step 7/16: 1 chunk(s) of 0.78s, change 27.2, best 27.2, hazards none — one push, so `best` IS the whole leg's travel
      |       step 7/16 bearing    7.7 (got    7.6) 0.78s -> walked 0.78s, best change 27.2
      |         turn to 1.7: TURNED to 1.7 (err +0.1) in 1 push(es)
      |         office_door->portrait_room step 8/16: 1 chunk(s) of 0.80s, change 33.5, best 33.5, hazards none — one push, so `best` IS the whole leg's travel
      |       step 8/16 bearing    1.7 (got    1.7) 0.80s -> walked 0.80s, best change 33.5
      |         turn to 359.6: NO-OP, already inside 4.0 deg (at 1.6, err -2.0) — nothing was sent, the recorded curve was discarded, and the caller's step line will look like a turn that happened
      |         office_door->portrait_room step 9/16: 1 chunk(s) of 0.36s, change 24.8, best 24.8, hazards none — one push, so `best` IS the whole leg's travel
      |       step 9/16 bearing  359.6 (got    1.6) 0.36s -> walked 0.36s, best change 24.8
      |         turn to 359.4: NO-OP, already inside 4.0 deg (at 1.8, err -2.4) — nothing was sent, the recorded curve was discarded, and the caller's step line will look like a turn that happened
      |         office_door->portrait_room step 10/16: 1 chunk(s) of 0.78s, change 21.7, best 21.7, hazards none — one push, so `best` IS the whole leg's travel
      |       step 10/16 bearing  359.4 (got    1.8) 0.78s -> walked 0.78s, best change 21.7
      |         turn to 357.9: NO-OP, already inside 4.0 deg (at 1.7, err -3.9) — nothing was sent, the recorded curve was discarded, and the caller's step line will look like a turn that happened
      |         office_door->portrait_room step 11/16: 1 chunk(s) of 0.79s, change 22.0, best 22.0, hazards none — one push, so `best` IS the whole leg's travel
      |       step 11/16 bearing  357.9 (got    1.7) 0.79s -> walked 0.79s, best change 22.0
      |         turn to 358.0: NO-OP, already inside 4.0 deg (at 1.6, err -3.6) — nothing was sent, the recorded curve was discarded, and the caller's step line will look like a turn that happened
      |         office_door->portrait_room step 12/16: 1 chunk(s) of 0.79s, change 18.9, best 18.9, hazards none — one push, so `best` IS the whole leg's travel
      |       step 12/16 bearing  358.0 (got    1.6) 0.79s -> walked 0.79s, best change 18.9
      |         turn to 357.8: NO-OP, already inside 4.0 deg (at 1.7, err -3.9) — nothing was sent, the recorded curve was discarded, and the caller's step line will look like a turn that happened
      |         office_door->portrait_room step 13/16: 1 chunk(s) of 0.79s, change 21.4, best 21.4, hazards none — one push, so `best` IS the whole leg's travel
      |       step 13/16 bearing  357.8 (got    1.7) 0.79s -> walked 0.79s, best change 21.4
      |         turn to 357.9: NO-OP, already inside 4.0 deg (at 1.7, err -3.8) — nothing was sent, the recorded curve was discarded, and the caller's step line will look like a turn that happened
      |         office_door->portrait_room step 14/16: 1 chunk(s) of 0.79s, change 27.3, best 27.3, hazards none — one push, so `best` IS the whole leg's travel
      |       step 14/16 bearing  357.9 (got    1.7) 0.79s -> walked 0.79s, best change 27.3
      |         turn to 0.8: NO-OP, already inside 4.0 deg (at 1.7, err -0.9) — nothing was sent, the recorded curve was discarded, and the caller's step line will look like a turn that happened
      |         office_door->portrait_room step 15/16: 1 chunk(s) of 0.79s, change 25.2, best 25.2, hazards none — one push, so `best` IS the whole leg's travel
      |       step 15/16 bearing    0.8 (got    1.7) 0.79s -> walked 0.79s, best change 25.2
      |         turn to 4.0: NO-OP, already inside 4.0 deg (at 1.6, err +2.3) — nothing was sent, the recorded curve was discarded, and the caller's step line will look like a turn that happened
      |         office_door->portrait_room step 16/16: 1 chunk(s) of 0.36s, change 18.9, best 18.9, hazards none — one push, so `best` IS the whole leg's travel
      |       step 16/16 bearing    4.0 (got    1.6) 0.36s -> walked 0.36s, best change 18.9
      |       arrived? True  (portrait_room 742.000/5.460)
      |         turn to 1.5: NO-OP, already inside 0.5 deg (at 1.6, err -0.2) — nothing was sent, the recorded curve was discarded, and the caller's step line will look like a turn that happened
      |       align at portrait_room: yaw nulled to 1.6 (reference 1.5) — 0.2 deg REMAINING = ~3px of phantom dx still in the dx below
      |       align: within 35px (dx=-22.4) after 0 step(s)
      |       aligned at portrait_room: 22px from the recorded pose
      |       align at portrait_room: dx +22.4px
      |     leg portrait_room -> bar_pool_room
      |         turn to 286.6: TURNED to 288.2 (err -1.6) in 1 push(es)
      |         portrait_room->bar_pool_room step 1/4: 1 chunk(s) of 0.16s, change 12.4, best 12.4, hazards none — one push, so `best` IS the whole leg's travel
      |       step 1/4 bearing  286.6 (got  288.2) 0.16s -> walked 0.16s, best change 12.4
      |         turn to 292.2: TURNED to 291.8 (err +0.4) in 1 push(es)
      |         portrait_room->bar_pool_room step 2/4: 1 chunk(s) of 0.79s, change 19.4, best 19.4, hazards none — one push, so `best` IS the whole leg's travel
      |       step 2/4 bearing  292.2 (got  291.8) 0.79s -> walked 0.79s, best change 19.4
      |         turn to 285.6: TURNED to 286.2 (err -0.6) in 1 push(es)
      |         portrait_room->bar_pool_room step 3/4: 1 chunk(s) of 0.80s, change 16.8, best 16.8, hazards none — one push, so `best` IS the whole leg's travel
      |       step 3/4 bearing  285.6 (got  286.2) 0.80s -> walked 0.80s, best change 16.8
      |         turn to 287.6: NO-OP, already inside 4.0 deg (at 286.2, err +1.4) — nothing was sent, the recorded curve was discarded, and the caller's step line will look like a turn that happened
      |         portrait_room->bar_pool_room step 4/4: 1 chunk(s) of 0.23s, change 13.9, best 13.9, hazards none — one push, so `best` IS the whole leg's travel
      |       step 4/4 bearing  287.6 (got  286.2) 0.23s -> walked 0.23s, best change 13.9
      |       arrived? True  (bar_pool_room 399.000/3.500)
      |         turn to 288.2: TURNED to 288.6 (err -0.5) in 2 push(es)
      |       align at bar_pool_room: yaw nulled to 288.6 (reference 288.2) — 0.5 deg REMAINING = ~9px of phantom dx still in the dx below
      |       align: step 1/6 dx=+103.3 (prev --)
      |       align: dx=+103.3 -> strafe right 0.10s
      |       align: dx barely changed (+103 -> +86) — blocked sideways, cannot correct from here
      |       aligned at bar_pool_room: 86px from the recorded pose
      |       align at bar_pool_room: dx +86.0px
      |     leg bar_pool_room -> bar_jukebox
      |         turn to 2.1: TURNED to 359.0 (err +3.0) in 1 push(es)
      |         bar_pool_room->bar_jukebox step 1/5: 1 chunk(s) of 0.80s, change 18.0, best 18.0, hazards none — one push, so `best` IS the whole leg's travel
      |       step 1/5 bearing    2.1 (got  359.0) 0.80s -> walked 0.80s, best change 18.0
      |         turn to 1.2: NO-OP, already inside 4.0 deg (at 359.1, err +2.1) — nothing was sent, the recorded curve was discarded, and the caller's step line will look like a turn that happened
      |         bar_pool_room->bar_jukebox step 2/5: 1 chunk(s) of 0.79s, change 11.6, best 11.6, hazards none — one push, so `best` IS the whole leg's travel
      |       step 2/5 bearing    1.2 (got  359.1) 0.79s -> walked 0.79s, best change 11.6
      |         turn to 0.8: NO-OP, already inside 4.0 deg (at 359.0, err +1.7) — nothing was sent, the recorded curve was discarded, and the caller's step line will look like a turn that happened
      |         bar_pool_room->bar_jukebox step 3/5: 1 chunk(s) of 0.80s, change 2.1, best 2.1, hazards SHORT — one push, so `best` IS the whole leg's travel
      |       step 3/5 bearing    0.8 (got  359.0) 0.80s -> walked 0.80s, best change 2.1
      |       step 3 blocked but the scene is MOVING — an NPC in the passage, not a wall
      |       the view is featureless — this is geometry, not a mover; skipping the escape ladder it has never cleared
      |       escape ladder: did NOT clear (best 0.0 PIXELS, against SLIP_PROGRESS_PX 20.0px — NOT against STALL_CHANGE 6.0, which is grey_levels)
      |       step 3 moved only 2.1 grey_levels (< 6.0) over 0.80s — stall score 1
      |         turn to 359.4: NO-OP, already inside 4.0 deg (at 359.0, err +0.4) — nothing was sent, the recorded curve was discarded, and the caller's step line will look like a turn that happened
      |         bar_pool_room->bar_jukebox step 4/5: 1 chunk(s) of 0.79s, change 4.1, best 4.1, hazards none — one push, so `best` IS the whole leg's travel
      |       step 4/5 bearing  359.4 (got  359.0) 0.79s -> walked 0.79s, best change 4.1
      |       step 4 blocked but the scene is MOVING — an NPC in the passage, not a wall
      |       the view is featureless — this is geometry, not a mover; skipping the escape ladder it has never cleared
      |       escape ladder: did NOT clear (best 0.0 PIXELS, against SLIP_PROGRESS_PX 20.0px — NOT against STALL_CHANGE 6.0, which is grey_levels)
      |       step 4 moved only 4.1 grey_levels (< 6.0) over 0.79s — stall score 2
      |       BLOCKED on step 4; abandoning the rest of this leg rather than pushing into whatever is in the way
      |       recovery fan did not find bar_jukebox
      |       arrived? None  (unverified, abstained (2.000/2.000))
      |     leg bar_jukebox -> dealer_table
      |       swept 19 headings around 78; best ink 0.0000 at None, prompt never appeared
      |       swept 19 headings around 76; best ink 0.0000 at None, prompt never appeared
      |       swept 19 headings around 76; best ink 0.0186 at 295.5920049765249, prompt never appeared
      |       swept 19 headings around 78; best ink 0.0000 at None, prompt never appeared
      |       swept 19 headings around 76; best ink 0.0000 at None, prompt never appeared
      |       stepped 6.8s of a 6.5s budget without finding the prompt
      |       approach_goal: prompt not seen
      |       swept 19 headings around 76; best ink 0.0000 at None, prompt never appeared
      |       reach_table: GAVE UP
      |       arrived? False  (at_table=False)
      |     STOPPING at leg bar_jukebox -> dealer_table: the destination did not check out, so every leg after this one would be walked from an unknown position
      |   attempt 6/9 at dealer_table
      |   not at dealer_table and cannot say where this is (unrecognised (87.000/1.160)) — reloading to a known start
      |   pause menu open (selected 'Resume')
      |   selected: Load Last Save
      |   confirmation dialog up (delta 79.8) -> YES
      |   world back after 3.2s, spawn bearing 87 (E)
    trial exceeded 1800s and was killed — INVALID, not a failure
[ 1] INVALID after 1800s — timeout/crash/stream; not a failure
      |   pause menu open (selected 'Resume')
      |   selected: Load Last Save
      |   confirmation dialog up (delta 83.4) -> YES
      |   world back after 3.2s, spawn bearing 87 (E)
      |   attempt 1/9 at portrait_room
      |   locate() cannot name office_corridor (it has no appearance reference by design) but the caller reset onto it — routing from there instead of sweeping and reloading
      |   route: office_corridor -> office_door -> portrait_room  (16.2s of walking)
      |     leg office_corridor -> office_door
      |         turn to 270.4: TURNED to 269.2 (err +1.3) in 2 push(es)
      |         office_corridor->office_door step 1/7: 1 chunk(s) of 0.79s, change 19.8, best 19.8, hazards none — one push, so `best` IS the whole leg's travel
      |       step 1/7 bearing  270.4 (got  269.2) 0.79s -> walked 0.79s, best change 19.8
      |         turn to 270.1: NO-OP, already inside 4.0 deg (at 269.2, err +1.0) — nothing was sent, the recorded curve was discarded, and the caller's step line will look like a turn that happened
      |         office_corridor->office_door step 2/7: 1 chunk(s) of 0.78s, change 18.6, best 18.6, hazards none — one push, so `best` IS the whole leg's travel
      |       step 2/7 bearing  270.1 (got  269.2) 0.78s -> walked 0.78s, best change 18.6
      |         turn to 270.1: NO-OP, already inside 4.0 deg (at 269.1, err +1.1) — nothing was sent, the recorded curve was discarded, and the caller's step line will look like a turn that happened
      |         office_corridor->office_door step 3/7: 1 chunk(s) of 0.78s, change 13.2, best 13.2, hazards none — one push, so `best` IS the whole leg's travel
      |       step 3/7 bearing  270.1 (got  269.1) 0.78s -> walked 0.78s, best change 13.2
      |         turn to 270.3: NO-OP, already inside 4.0 deg (at 269.2, err +1.1) — nothing was sent, the recorded curve was discarded, and the caller's step line will look like a turn that happened
      |         office_corridor->office_door step 4/7: 1 chunk(s) of 0.78s, change 12.6, best 12.6, hazards none — one push, so `best` IS the whole leg's travel
      |       step 4/7 bearing  270.3 (got  269.2) 0.78s -> walked 0.78s, best change 12.6
      |         turn to 270.1: NO-OP, already inside 4.0 deg (at 269.2, err +0.9) — nothing was sent, the recorded curve was discarded, and the caller's step line will look like a turn that happened
      |         office_corridor->office_door step 5/7: 1 chunk(s) of 0.79s, change 8.1, best 8.1, hazards none — one push, so `best` IS the whole leg's travel
      |       step 5/7 bearing  270.1 (got  269.2) 0.79s -> walked 0.79s, best change 8.1
      |         turn to 270.1: NO-OP, already inside 4.0 deg (at 269.2, err +0.9) — nothing was sent, the recorded curve was discarded, and the caller's step line will look like a turn that happened
      |         office_corridor->office_door step 6/7: 1 chunk(s) of 0.79s, change 6.5, best 6.5, hazards none — one push, so `best` IS the whole leg's travel
      |       step 6/7 bearing  270.1 (got  269.2) 0.79s -> walked 0.79s, best change 6.5
      |         turn to 270.4: NO-OP, already inside 4.0 deg (at 269.2, err +1.2) — nothing was sent, the recorded curve was discarded, and the caller's step line will look like a turn that happened
      |         office_corridor->office_door step 7/7: 1 chunk(s) of 0.42s, change 6.4, best 6.4, hazards none — one push, so `best` IS the whole leg's travel
      |       step 7/7 bearing  270.4 (got  269.2) 0.42s -> walked 0.42s, best change 6.4
      |       arrived? None  (no appearance reference by design)
      |     leg office_door -> portrait_room
      |         turn to 338.1: TURNED to 334.7 (err +3.4) in 1 push(es)
      |         office_door->portrait_room step 1/16: 1 chunk(s) of 0.79s, change 12.6, best 12.6, hazards none — one push, so `best` IS the whole leg's travel
      |       step 1/16 bearing  338.1 (got  334.7) 0.79s -> walked 0.79s, best change 12.6
      |         turn to 339.2: TURNED to 339.7 (err -0.5) in 1 push(es)
      |         office_door->portrait_room step 2/16: 1 chunk(s) of 0.70s, change 14.3, best 14.3, hazards none — one push, so `best` IS the whole leg's travel
      |       step 2/16 bearing  339.2 (got  339.7) 0.70s -> walked 0.70s, best change 14.3
      |         turn to 347.9: TURNED to 347.9 (err +0.0) in 1 push(es)
      |         office_door->portrait_room step 3/16: 1 chunk(s) of 0.42s, change 22.7, best 22.7, hazards none — one push, so `best` IS the whole leg's travel
      |       step 3/16 bearing  347.9 (got  347.9) 0.42s -> walked 0.42s, best change 22.7
      |         turn to 355.2: TURNED to 355.3 (err -0.1) in 1 push(es)
      |         office_door->portrait_room step 4/16: 1 chunk(s) of 0.79s, change 46.6, best 46.6, hazards none — one push, so `best` IS the whole leg's travel
      |       step 4/16 bearing  355.2 (got  355.3) 0.79s -> walked 0.79s, best change 46.6
      |         turn to 360.0: TURNED to 0.4 (err -0.5) in 1 push(es)
      |         office_door->portrait_room step 5/16: 1 chunk(s) of 0.51s, change 30.7, best 30.7, hazards none — one push, so `best` IS the whole leg's travel
      |       step 5/16 bearing  360.0 (got    0.4) 0.51s -> walked 0.51s, best change 30.7
      |         turn to 8.6: TURNED to 7.6 (err +1.0) in 1 push(es)
      |         office_door->portrait_room step 6/16: 1 chunk(s) of 0.78s, change 16.9, best 16.9, hazards none — one push, so `best` IS the whole leg's travel
      |       step 6/16 bearing    8.6 (got    7.6) 0.78s -> walked 0.78s, best change 16.9
      |         turn to 7.7: NO-OP, already inside 4.0 deg (at 7.7, err +0.1) — nothing was sent, the recorded curve was discarded, and the caller's step line will look like a turn that happened
      |         office_door->portrait_room step 7/16: 1 chunk(s) of 0.78s, change 29.2, best 29.2, hazards none — one push, so `best` IS the whole leg's travel
      |       step 7/16 bearing    7.7 (got    7.7) 0.78s -> walked 0.78s, best change 29.2
      |         turn to 1.7: TURNED to 2.9 (err -1.2) in 1 push(es)
      |         office_door->portrait_room step 8/16: 1 chunk(s) of 0.80s, change 32.9, best 32.9, hazards none — one push, so `best` IS the whole leg's travel
      |       step 8/16 bearing    1.7 (got    2.9) 0.80s -> walked 0.80s, best change 32.9
      |         turn to 359.6: NO-OP, already inside 4.0 deg (at 2.9, err -3.3) — nothing was sent, the recorded curve was discarded, and the caller's step line will look like a turn that happened
      |         office_door->portrait_room step 9/16: 1 chunk(s) of 0.36s, change 17.6, best 17.6, hazards none — one push, so `best` IS the whole leg's travel
      |       step 9/16 bearing  359.6 (got    2.9) 0.36s -> walked 0.36s, best change 17.6
      |         turn to 359.4: NO-OP, already inside 4.0 deg (at 2.9, err -3.5) — nothing was sent, the recorded curve was discarded, and the caller's step line will look like a turn that happened
      |         office_door->portrait_room step 10/16: 1 chunk(s) of 0.78s, change 19.5, best 19.5, hazards none — one push, so `best` IS the whole leg's travel
      |       step 10/16 bearing  359.4 (got    2.9) 0.78s -> walked 0.78s, best change 19.5
      |         turn to 357.9: TURNED to 357.0 (err +0.8) in 1 push(es)
      |         office_door->portrait_room step 11/16: 1 chunk(s) of 0.79s, change 18.7, best 18.7, hazards none — one push, so `best` IS the whole leg's travel
      |       step 11/16 bearing  357.9 (got  357.0) 0.79s -> walked 0.79s, best change 18.7
      |         turn to 358.0: NO-OP, already inside 4.0 deg (at 357.0, err +1.0) — nothing was sent, the recorded curve was discarded, and the caller's step line will look like a turn that happened
      |         office_door->portrait_room step 12/16: 1 chunk(s) of 0.79s, change 18.5, best 18.5, hazards none — one push, so `best` IS the whole leg's travel
      |       step 12/16 bearing  358.0 (got  357.0) 0.79s -> walked 0.79s, best change 18.5
      |         turn to 357.8: NO-OP, already inside 4.0 deg (at 357.1, err +0.8) — nothing was sent, the recorded curve was discarded, and the caller's step line will look like a turn that happened
      |         office_door->portrait_room step 13/16: 1 chunk(s) of 0.79s, change 24.8, best 24.8, hazards none — one push, so `best` IS the whole leg's travel
      |       step 13/16 bearing  357.8 (got  357.1) 0.79s -> walked 0.79s, best change 24.8
      |         turn to 357.9: NO-OP, already inside 4.0 deg (at 357.1, err +0.9) — nothing was sent, the recorded curve was discarded, and the caller's step line will look like a turn that happened
      |         office_door->portrait_room step 14/16: 1 chunk(s) of 0.79s, change 29.1, best 29.1, hazards none — one push, so `best` IS the whole leg's travel
      |       step 14/16 bearing  357.9 (got  357.1) 0.79s -> walked 0.79s, best change 29.1
      |         turn to 0.8: NO-OP, already inside 4.0 deg (at 356.9, err +3.9) — nothing was sent, the recorded curve was discarded, and the caller's step line will look like a turn that happened
      |         office_door->portrait_room step 15/16: 1 chunk(s) of 0.79s, change 26.5, best 26.5, hazards none — one push, so `best` IS the whole leg's travel
      |       step 15/16 bearing    0.8 (got  356.9) 0.79s -> walked 0.79s, best change 26.5
      |         turn to 4.0: TURNED to 2.6 (err +1.3) in 1 push(es)
      |         office_door->portrait_room step 16/16: 1 chunk(s) of 0.36s, change 17.8, best 17.8, hazards none — one push, so `best` IS the whole leg's travel
      |       step 16/16 bearing    4.0 (got    2.6) 0.36s -> walked 0.36s, best change 17.8
      |       arrived? True  (portrait_room 702.000/5.900)
      |         turn to 1.5: TURNED to 1.4 (err +0.1) in 1 push(es)
      |       align at portrait_room: yaw nulled to 1.4 (reference 1.5) — 0.1 deg REMAINING = ~2px of phantom dx still in the dx below
      |       align: step 1/6 dx=+117.8 (prev --)
      |       align: dx=+117.8 -> strafe right 0.10s
      |       align: step 2/6 dx=+93.0 (prev +117.8)
      |       align: dx=+93.0 -> strafe right 0.10s
      |       align: step 3/6 dx=+63.9 (prev +93.0)
      |       align: dx=+63.9 -> strafe right 0.10s
      |       align: dx barely changed (+64 -> +56) — blocked sideways, cannot correct from here
      |       aligned at portrait_room: 56px from the recorded pose
      |       align at portrait_room: dx +55.9px
      |   arrived, but 1 node(s) could not be confirmed on the way: ['office_door'] — each is a hole in the reference set
      |   attempt 2/9 at portrait_room
      |   verified at portrait_room (portrait_room 911.000/7.230)
      |   attempt 1/9 at bar_pool_room
      |   route: portrait_room -> bar_pool_room  (2.0s of walking)
      |     leg portrait_room -> bar_pool_room
      |         turn to 286.6: TURNED to 286.2 (err +0.3) in 3 push(es)
      |         portrait_room->bar_pool_room step 1/4: 1 chunk(s) of 0.16s, change 12.1, best 12.1, hazards none — one push, so `best` IS the whole leg's travel
      |       step 1/4 bearing  286.6 (got  286.2) 0.16s -> walked 0.16s, best change 12.1
      |         turn to 292.2: TURNED to 291.3 (err +0.8) in 1 push(es)
      |         portrait_room->bar_pool_room step 2/4: 1 chunk(s) of 0.79s, change 17.3, best 17.3, hazards none — one push, so `best` IS the whole leg's travel
      |       step 2/4 bearing  292.2 (got  291.3) 0.79s -> walked 0.79s, best change 17.3
      |         turn to 285.6: TURNED to 285.9 (err -0.3) in 1 push(es)
      |         portrait_room->bar_pool_room step 3/4: 1 chunk(s) of 0.80s, change 18.2, best 18.2, hazards none — one push, so `best` IS the whole leg's travel
      |       step 3/4 bearing  285.6 (got  285.9) 0.80s -> walked 0.80s, best change 18.2
      |         turn to 287.6: NO-OP, already inside 4.0 deg (at 285.9, err +1.7) — nothing was sent, the recorded curve was discarded, and the caller's step line will look like a turn that happened
      |         portrait_room->bar_pool_room step 4/4: 1 chunk(s) of 0.23s, change 12.0, best 12.0, hazards none — one push, so `best` IS the whole leg's travel
      |       step 4/4 bearing  287.6 (got  285.9) 0.23s -> walked 0.23s, best change 12.0
      |       arrived? True  (bar_pool_room 640.000/5.380)
      |         turn to 288.2: TURNED to 288.0 (err +0.2) in 1 push(es)
      |       align at bar_pool_room: yaw nulled to 288.0 (reference 288.2) — 0.2 deg REMAINING = ~4px of phantom dx still in the dx below
      |       align: step 1/6 dx=+131.6 (prev --)
      |       align: dx=+131.6 -> strafe right 0.11s
      |       align: dx barely changed (+132 -> +119) — blocked sideways, cannot correct from here
      |       aligned at bar_pool_room: 119px from the recorded pose
      |       align at bar_pool_room: dx +119.0px
      |   attempt 2/9 at bar_pool_room
      |   verified at bar_pool_room (bar_pool_room 716.000/5.820)
      |   attempt 1/9 at bar_jukebox
      |   route: bar_pool_room -> bar_jukebox  (3.3s of walking)
      |     leg bar_pool_room -> bar_jukebox
      |         turn to 2.1: TURNED to 359.6 (err +2.5) in 1 push(es)
      |         bar_pool_room->bar_jukebox step 1/5: 1 chunk(s) of 0.80s, change 16.8, best 16.8, hazards none — one push, so `best` IS the whole leg's travel
      |       step 1/5 bearing    2.1 (got  359.6) 0.80s -> walked 0.80s, best change 16.8
      |         turn to 1.2: NO-OP, already inside 4.0 deg (at 359.7, err +1.5) — nothing was sent, the recorded curve was discarded, and the caller's step line will look like a turn that happened
      |         bar_pool_room->bar_jukebox step 2/5: 1 chunk(s) of 0.79s, change 13.9, best 13.9, hazards none — one push, so `best` IS the whole leg's travel
      |       step 2/5 bearing    1.2 (got  359.7) 0.79s -> walked 0.79s, best change 13.9
      |         turn to 0.8: NO-OP, already inside 4.0 deg (at 359.6, err +1.2) — nothing was sent, the recorded curve was discarded, and the caller's step line will look like a turn that happened
      |         bar_pool_room->bar_jukebox step 3/5: 1 chunk(s) of 0.80s, change 4.1, best 4.1, hazards none — one push, so `best` IS the whole leg's travel
      |       step 3/5 bearing    0.8 (got  359.6) 0.80s -> walked 0.80s, best change 4.1
      |       step 3 blocked but the scene is MOVING — an NPC in the passage, not a wall
      |       the view is featureless — this is geometry, not a mover; skipping the escape ladder it has never cleared
      |       escape ladder: did NOT clear (best 0.0 PIXELS, against SLIP_PROGRESS_PX 20.0px — NOT against STALL_CHANGE 6.0, which is grey_levels)
      |       step 3 moved only 4.1 grey_levels (< 6.0) over 0.80s — stall score 1
      |         turn to 359.4: NO-OP, already inside 4.0 deg (at 359.6, err -0.2) — nothing was sent, the recorded curve was discarded, and the caller's step line will look like a turn that happened
      |         bar_pool_room->bar_jukebox step 4/5: 1 chunk(s) of 0.79s, change 2.6, best 2.6, hazards SHORT — one push, so `best` IS the whole leg's travel
      |       step 4/5 bearing  359.4 (got  359.6) 0.79s -> walked 0.79s, best change 2.6
      |       step 4 blocked but the scene is MOVING — an NPC in the passage, not a wall
      |       the view is featureless — this is geometry, not a mover; skipping the escape ladder it has never cleared
      |       escape ladder: did NOT clear (best 0.0 PIXELS, against SLIP_PROGRESS_PX 20.0px — NOT against STALL_CHANGE 6.0, which is grey_levels)
      |       step 4 moved only 2.6 grey_levels (< 6.0) over 0.79s — stall score 2
      |       BLOCKED on step 4; abandoning the rest of this leg rather than pushing into whatever is in the way
      |       recovery fan did not find bar_jukebox
      |       arrived? None  (unverified, abstained (1.000/1.000))
      |   arrived, but 1 node(s) could not be confirmed on the way: ['bar_jukebox'] — each is a hole in the reference set
      |   attempt 2/9 at bar_jukebox
      |       re-localised by turning 180 deg: bar_pool_room 385.000/2.890
      |   re-localised at bar_pool_room by turning; routing from there
      |   route: bar_pool_room -> bar_jukebox  (3.3s of walking)
      |     leg bar_pool_room -> bar_jukebox
      |         turn to 2.1: TURNED to 1.7 (err +0.4) in 1 push(es)
      |         bar_pool_room->bar_jukebox step 1/5: 1 chunk(s) of 0.80s, change 14.5, best 14.5, hazards none — one push, so `best` IS the whole leg's travel
      |       step 1/5 bearing    2.1 (got    1.7) 0.80s -> walked 0.80s, best change 14.5
      |         turn to 1.2: NO-OP, already inside 4.0 deg (at 1.7, err -0.6) — nothing was sent, the recorded curve was discarded, and the caller's step line will look like a turn that happened
      |         bar_pool_room->bar_jukebox step 2/5: 1 chunk(s) of 0.79s, change 9.1, best 9.1, hazards none — one push, so `best` IS the whole leg's travel
      |       step 2/5 bearing    1.2 (got    1.7) 0.79s -> walked 0.79s, best change 9.1
      |         turn to 0.8: NO-OP, already inside 4.0 deg (at 1.7, err -1.0) — nothing was sent, the recorded curve was discarded, and the caller's step line will look like a turn that happened
      |         bar_pool_room->bar_jukebox step 3/5: 1 chunk(s) of 0.80s, change 3.8, best 3.8, hazards none — one push, so `best` IS the whole leg's travel
      |       step 3/5 bearing    0.8 (got    1.7) 0.80s -> walked 0.80s, best change 3.8
      |       step 3 blocked but the scene is MOVING — an NPC in the passage, not a wall
      |       the view is featureless — this is geometry, not a mover; skipping the escape ladder it has never cleared
      |       escape ladder: did NOT clear (best 0.0 PIXELS, against SLIP_PROGRESS_PX 20.0px — NOT against STALL_CHANGE 6.0, which is grey_levels)
      |       step 3 moved only 3.8 grey_levels (< 6.0) over 0.80s — stall score 1
      |         turn to 359.4: NO-OP, already inside 4.0 deg (at 1.7, err -2.3) — nothing was sent, the recorded curve was discarded, and the caller's step line will look like a turn that happened
      |         bar_pool_room->bar_jukebox step 4/5: 1 chunk(s) of 0.79s, change 5.0, best 5.0, hazards none — one push, so `best` IS the whole leg's travel
      |       step 4/5 bearing  359.4 (got    1.7) 0.79s -> walked 0.79s, best change 5.0
      |       step 4 blocked but the scene is MOVING — an NPC in the passage, not a wall
      |       the view is featureless — this is geometry, not a mover; skipping the escape ladder it has never cleared
      |       escape ladder: did NOT clear (best 0.0 PIXELS, against SLIP_PROGRESS_PX 20.0px — NOT against STALL_CHANGE 6.0, which is grey_levels)
      |       step 4 moved only 5.0 grey_levels (< 6.0) over 0.79s — stall score 2
      |       BLOCKED on step 4; abandoning the rest of this leg rather than pushing into whatever is in the way
      |       recovery fan did not find bar_jukebox
      |       arrived? None  (unverified, abstained (1.000/1.000))
      |   arrived, but 1 node(s) could not be confirmed on the way: ['bar_jukebox'] — each is a hole in the reference set
      |   attempt 3/9 at bar_jukebox
      |   not at bar_jukebox and cannot say where this is (unrecognised (23.000/1.100)) — reloading to a known start
      |   pause menu open (selected 'Resume')
      |   selected: Load Last Save
      |   confirmation dialog up (delta 82.4) -> YES
      |   world back after 3.2s, spawn bearing 87 (E)
      |   route: office_corridor -> office_door -> portrait_room -> bar_pool_room -> bar_jukebox  (21.4s of walking)
      |     leg office_corridor -> office_door
      |         turn to 270.4: TURNED to 269.5 (err +0.9) in 2 push(es)
      |         office_corridor->office_door step 1/7: 1 chunk(s) of 0.79s, change 19.5, best 19.5, hazards none — one push, so `best` IS the whole leg's travel
      |       step 1/7 bearing  270.4 (got  269.5) 0.79s -> walked 0.79s, best change 19.5
      |         turn to 270.1: NO-OP, already inside 4.0 deg (at 269.5, err +0.6) — nothing was sent, the recorded curve was discarded, and the caller's step line will look like a turn that happened
      |         office_corridor->office_door step 2/7: 1 chunk(s) of 0.78s, change 18.5, best 18.5, hazards none — one push, so `best` IS the whole leg's travel
      |       step 2/7 bearing  270.1 (got  269.5) 0.78s -> walked 0.78s, best change 18.5
      |         turn to 270.1: NO-OP, already inside 4.0 deg (at 269.5, err +0.6) — nothing was sent, the recorded curve was discarded, and the caller's step line will look like a turn that happened
      |         office_corridor->office_door step 3/7: 1 chunk(s) of 0.78s, change 14.7, best 14.7, hazards none — one push, so `best` IS the whole leg's travel
      |       step 3/7 bearing  270.1 (got  269.5) 0.78s -> walked 0.78s, best change 14.7
      |         turn to 270.3: NO-OP, already inside 4.0 deg (at 269.5, err +0.7) — nothing was sent, the recorded curve was discarded, and the caller's step line will look like a turn that happened
      |         office_corridor->office_door step 4/7: 1 chunk(s) of 0.78s, change 10.2, best 10.2, hazards none — one push, so `best` IS the whole leg's travel
      |       step 4/7 bearing  270.3 (got  269.5) 0.78s -> walked 0.78s, best change 10.2
      |         turn to 270.1: NO-OP, already inside 4.0 deg (at 269.5, err +0.6) — nothing was sent, the recorded curve was discarded, and the caller's step line will look like a turn that happened
      |         office_corridor->office_door step 5/7: 1 chunk(s) of 0.79s, change 8.5, best 8.5, hazards none — one push, so `best` IS the whole leg's travel
      |       step 5/7 bearing  270.1 (got  269.5) 0.79s -> walked 0.79s, best change 8.5
      |         turn to 270.1: NO-OP, already inside 4.0 deg (at 269.5, err +0.6) — nothing was sent, the recorded curve was discarded, and the caller's step line will look like a turn that happened
      |         office_corridor->office_door step 6/7: 1 chunk(s) of 0.79s, change 6.8, best 6.8, hazards none — one push, so `best` IS the whole leg's travel
      |       step 6/7 bearing  270.1 (got  269.5) 0.79s -> walked 0.79s, best change 6.8
      |         turn to 270.4: NO-OP, already inside 4.0 deg (at 269.5, err +0.8) — nothing was sent, the recorded curve was discarded, and the caller's step line will look like a turn that happened
      |         office_corridor->office_door step 7/7: 1 chunk(s) of 0.42s, change 6.9, best 6.9, hazards none — one push, so `best` IS the whole leg's travel
      |       step 7/7 bearing  270.4 (got  269.5) 0.42s -> walked 0.42s, best change 6.9
      |       arrived? None  (no appearance reference by design)
      |     leg office_door -> portrait_room
      |         turn to 338.1: TURNED to 341.2 (err -3.1) in 1 push(es)
      |         office_door->portrait_room step 1/16: 1 chunk(s) of 0.79s, change 13.3, best 13.3, hazards none — one push, so `best` IS the whole leg's travel
      |       step 1/16 bearing  338.1 (got  341.2) 0.79s -> walked 0.79s, best change 13.3
      |         turn to 339.2: NO-OP, already inside 4.0 deg (at 341.2, err -2.0) — nothing was sent, the recorded curve was discarded, and the caller's step line will look like a turn that happened
      |         office_door->portrait_room step 2/16: 1 chunk(s) of 0.70s, change 16.2, best 16.2, hazards none — one push, so `best` IS the whole leg's travel
      |       step 2/16 bearing  339.2 (got  341.2) 0.70s -> walked 0.70s, best change 16.2
      |         turn to 347.9: TURNED to 350.2 (err -2.3) in 1 push(es)
      |         office_door->portrait_room step 3/16: 1 chunk(s) of 0.42s, change 19.1, best 19.1, hazards none — one push, so `best` IS the whole leg's travel
      |       step 3/16 bearing  347.9 (got  350.2) 0.42s -> walked 0.42s, best change 19.1
      |         turn to 355.2: TURNED to 355.0 (err +0.2) in 1 push(es)
      |         office_door->portrait_room step 4/16: 1 chunk(s) of 0.79s, change 44.5, best 44.5, hazards none — one push, so `best` IS the whole leg's travel
      |       step 4/16 bearing  355.2 (got  355.0) 0.79s -> walked 0.79s, best change 44.5
      |         turn to 360.0: TURNED to 358.2 (err +1.8) in 1 push(es)
      |         office_door->portrait_room step 5/16: 1 chunk(s) of 0.51s, change 29.8, best 29.8, hazards none — one push, so `best` IS the whole leg's travel
      |       step 5/16 bearing  360.0 (got  358.2) 0.51s -> walked 0.51s, best change 29.8
      |         turn to 8.6: TURNED to 9.2 (err -0.6) in 1 push(es)
      |         office_door->portrait_room step 6/16: 1 chunk(s) of 0.78s, change 18.6, best 18.6, hazards none — one push, so `best` IS the whole leg's travel
      |       step 6/16 bearing    8.6 (got    9.2) 0.78s -> walked 0.78s, best change 18.6
      |         turn to 7.7: NO-OP, already inside 4.0 deg (at 9.1, err -1.3) — nothing was sent, the recorded curve was discarded, and the caller's step line will look like a turn that happened
      |         office_door->portrait_room step 7/16: 1 chunk(s) of 0.78s, change 29.3, best 29.3, hazards none — one push, so `best` IS the whole leg's travel
      |       step 7/16 bearing    7.7 (got    9.1) 0.78s -> walked 0.78s, best change 29.3
      |         turn to 1.7: TURNED to 1.8 (err -0.1) in 1 push(es)
      |         office_door->portrait_room step 8/16: 1 chunk(s) of 0.80s, change 34.5, best 34.5, hazards none — one push, so `best` IS the whole leg's travel
      |       step 8/16 bearing    1.7 (got    1.8) 0.80s -> walked 0.80s, best change 34.5
      |         turn to 359.6: NO-OP, already inside 4.0 deg (at 1.7, err -2.1) — nothing was sent, the recorded curve was discarded, and the caller's step line will look like a turn that happened
      |         office_door->portrait_room step 9/16: 1 chunk(s) of 0.36s, change 17.6, best 17.6, hazards none — one push, so `best` IS the whole leg's travel
      |       step 9/16 bearing  359.6 (got    1.7) 0.36s -> walked 0.36s, best change 17.6
      |         turn to 359.4: NO-OP, already inside 4.0 deg (at 1.8, err -2.4) — nothing was sent, the recorded curve was discarded, and the caller's step line will look like a turn that happened
      |         office_door->portrait_room step 10/16: 1 chunk(s) of 0.78s, change 22.3, best 22.3, hazards none — one push, so `best` IS the whole leg's travel
      |       step 10/16 bearing  359.4 (got    1.8) 0.78s -> walked 0.78s, best change 22.3
      |         turn to 357.9: TURNED to 358.3 (err -0.4) in 1 push(es)
      |         office_door->portrait_room step 11/16: 1 chunk(s) of 0.79s, change 18.6, best 18.6, hazards none — one push, so `best` IS the whole leg's travel
      |       step 11/16 bearing  357.9 (got  358.3) 0.79s -> walked 0.79s, best change 18.6
      |         turn to 358.0: NO-OP, already inside 4.0 deg (at 358.3, err -0.2) — nothing was sent, the recorded curve was discarded, and the caller's step line will look like a turn that happened
      |         office_door->portrait_room step 12/16: 1 chunk(s) of 0.79s, change 20.4, best 20.4, hazards none — one push, so `best` IS the whole leg's travel
      |       step 12/16 bearing  358.0 (got  358.3) 0.79s -> walked 0.79s, best change 20.4
      |         turn to 357.8: NO-OP, already inside 4.0 deg (at 358.3, err -0.5) — nothing was sent, the recorded curve was discarded, and the caller's step line will look like a turn that happened
      |         office_door->portrait_room step 13/16: 1 chunk(s) of 0.79s, change 24.0, best 24.0, hazards none — one push, so `best` IS the whole leg's travel
      |       step 13/16 bearing  357.8 (got  358.3) 0.79s -> walked 0.79s, best change 24.0
      |         turn to 357.9: NO-OP, already inside 4.0 deg (at 358.3, err -0.3) — nothing was sent, the recorded curve was discarded, and the caller's step line will look like a turn that happened
      |         office_door->portrait_room step 14/16: 1 chunk(s) of 0.79s, change 28.0, best 28.0, hazards none — one push, so `best` IS the whole leg's travel
      |       step 14/16 bearing  357.9 (got  358.3) 0.79s -> walked 0.79s, best change 28.0
      |         turn to 0.8: NO-OP, already inside 4.0 deg (at 358.3, err +2.5) — nothing was sent, the recorded curve was discarded, and the caller's step line will look like a turn that happened
      |         office_door->portrait_room step 15/16: 1 chunk(s) of 0.79s, change 24.6, best 24.6, hazards none — one push, so `best` IS the whole leg's travel
      |       step 15/16 bearing    0.8 (got  358.3) 0.79s -> walked 0.79s, best change 24.6
      |         turn to 4.0: TURNED to 3.1 (err +0.8) in 1 push(es)
      |         office_door->portrait_room step 16/16: 1 chunk(s) of 0.36s, change 18.4, best 18.4, hazards none — one push, so `best` IS the whole leg's travel
      |       step 16/16 bearing    4.0 (got    3.1) 0.36s -> walked 0.36s, best change 18.4
      |       arrived? True  (portrait_room 588.000/5.300)
      |         turn to 1.5: TURNED to 1.7 (err -0.2) in 1 push(es)
      |       align at portrait_room: yaw nulled to 1.7 (reference 1.5) — 0.2 deg REMAINING = ~4px of phantom dx still in the dx below
      |       align: step 1/6 dx=+52.9 (prev --)
      |       align: dx=+52.9 -> strafe right 0.10s
      |       align: within 35px (dx=+26.0) after 1 step(s)
      |       aligned at portrait_room: 26px from the recorded pose
      |       align at portrait_room: dx +26.0px
      |     leg portrait_room -> bar_pool_room
      |         turn to 286.6: TURNED to 288.9 (err -2.4) in 2 push(es)
      |         portrait_room->bar_pool_room step 1/4: 1 chunk(s) of 0.16s, change 11.3, best 11.3, hazards none — one push, so `best` IS the whole leg's travel
      |       step 1/4 bearing  286.6 (got  288.9) 0.16s -> walked 0.16s, best change 11.3
      |         turn to 292.2: NO-OP, already inside 4.0 deg (at 289.0, err +3.2) — nothing was sent, the recorded curve was discarded, and the caller's step line will look like a turn that happened
      |         portrait_room->bar_pool_room step 2/4: 1 chunk(s) of 0.79s, change 17.1, best 17.1, hazards none — one push, so `best` IS the whole leg's travel
      |       step 2/4 bearing  292.2 (got  289.0) 0.79s -> walked 0.79s, best change 17.1
      |         turn to 285.6: NO-OP, already inside 4.0 deg (at 289.0, err -3.4) — nothing was sent, the recorded curve was discarded, and the caller's step line will look like a turn that happened
      |         portrait_room->bar_pool_room step 3/4: 1 chunk(s) of 0.80s, change 19.0, best 19.0, hazards none — one push, so `best` IS the whole leg's travel
      |       step 3/4 bearing  285.6 (got  289.0) 0.80s -> walked 0.80s, best change 19.0
      |         turn to 287.6: NO-OP, already inside 4.0 deg (at 289.0, err -1.4) — nothing was sent, the recorded curve was discarded, and the caller's step line will look like a turn that happened
      |         portrait_room->bar_pool_room step 4/4: 1 chunk(s) of 0.23s, change 12.7, best 12.7, hazards none — one push, so `best` IS the whole leg's travel
      |       step 4/4 bearing  287.6 (got  289.0) 0.23s -> walked 0.23s, best change 12.7
      |       arrived? True  (bar_pool_room 563.000/5.120)
      |         turn to 288.2: TURNED to 288.2 (err -0.0) in 1 push(es)
      |       align at bar_pool_room: yaw nulled to 288.2 (reference 288.2) — 0.0 deg REMAINING = ~0px of phantom dx still in the dx below
      |       align: step 1/6 dx=+143.8 (prev --)
      |       align: dx=+143.8 -> strafe right 0.12s
      |       align: step 2/6 dx=+109.2 (prev +143.8)
      |       align: dx=+109.2 -> strafe right 0.10s
      |       align: step 3/6 dx=+69.1 (prev +109.2)
      |       align: dx=+69.1 -> strafe right 0.10s
      |       align: step 4/6 dx=+44.0 (prev +69.1)
      |       align: dx=+44.0 -> strafe right 0.10s
      |       align: within 35px (dx=+18.9) after 4 step(s)
      |       aligned at bar_pool_room: 19px from the recorded pose
      |       align at bar_pool_room: dx +18.9px
      |     leg bar_pool_room -> bar_jukebox
      |         turn to 2.1: TURNED to 1.1 (err +1.0) in 1 push(es)
      |         bar_pool_room->bar_jukebox step 1/5: 1 chunk(s) of 0.80s, change 19.0, best 19.0, hazards none — one push, so `best` IS the whole leg's travel
      |       step 1/5 bearing    2.1 (got    1.1) 0.80s -> walked 0.80s, best change 19.0
      |         turn to 1.2: NO-OP, already inside 4.0 deg (at 1.0, err +0.1) — nothing was sent, the recorded curve was discarded, and the caller's step line will look like a turn that happened
      |         bar_pool_room->bar_jukebox step 2/5: 1 chunk(s) of 0.79s, change 6.0, best 6.0, hazards none — one push, so `best` IS the whole leg's travel
      |       step 2/5 bearing    1.2 (got    1.0) 0.79s -> walked 0.79s, best change 6.0
      |         turn to 0.8: NO-OP, already inside 4.0 deg (at 1.0, err -0.3) — nothing was sent, the recorded curve was discarded, and the caller's step line will look like a turn that happened
      |         bar_pool_room->bar_jukebox step 3/5: 1 chunk(s) of 0.80s, change 5.9, best 5.9, hazards none — one push, so `best` IS the whole leg's travel
      |       step 3/5 bearing    0.8 (got    1.0) 0.80s -> walked 0.80s, best change 5.9
      |       step 3 blocked but the scene is MOVING — an NPC in the passage, not a wall
      |       the view is featureless — this is geometry, not a mover; skipping the escape ladder it has never cleared
      |       escape ladder: did NOT clear (best 0.0 PIXELS, against SLIP_PROGRESS_PX 20.0px — NOT against STALL_CHANGE 6.0, which is grey_levels)
      |       step 3 moved only 5.9 grey_levels (< 6.0) over 0.80s — stall score 1
      |         turn to 359.4: NO-OP, already inside 4.0 deg (at 1.0, err -1.6) — nothing was sent, the recorded curve was discarded, and the caller's step line will look like a turn that happened
      |         bar_pool_room->bar_jukebox step 4/5: 1 chunk(s) of 0.79s, change 6.1, best 6.1, hazards none — one push, so `best` IS the whole leg's travel
      |       step 4/5 bearing  359.4 (got    1.0) 0.79s -> walked 0.79s, best change 6.1
      |         turn to 359.6: NO-OP, already inside 4.0 deg (at 1.0, err -1.4) — nothing was sent, the recorded curve was discarded, and the caller's step line will look like a turn that happened
      |         bar_pool_room->bar_jukebox step 5/5: 1 chunk(s) of 0.14s, change 3.5, best 3.5, hazards none — one push, so `best` IS the whole leg's travel
      |       step 5/5 bearing  359.6 (got    1.0) 0.14s -> walked 0.14s, best change 3.5
      |       step 5 blocked but the scene is MOVING — an NPC in the passage, not a wall
      |       the view is featureless — this is geometry, not a mover; skipping the escape ladder it has never cleared
      |       escape ladder: did NOT clear (best 0.0 PIXELS, against SLIP_PROGRESS_PX 20.0px — NOT against STALL_CHANGE 6.0, which is grey_levels)
      |       step 5 moved only 3.5 grey_levels (< 6.0) over 0.14s — stall score 1
      |       recovery fan did not find bar_jukebox
      |       arrived? None  (unverified, abstained (0.000/0.000))
      |   arrived, but 2 node(s) could not be confirmed on the way: ['office_door', 'bar_jukebox'] — each is a hole in the reference set
      |   attempt 4/9 at bar_jukebox
      |       no compass reading — the relocalise sweep did NOT run (this is not 'nothing was recognised')
      |   not at bar_jukebox and cannot say where this is (unrecognised (73.000/1.160)) — reloading to a known start
      |   pause menu open (selected 'Resume')
      |   selected: Load Last Save
      |   confirmation dialog up (delta 82.1) -> YES
      |   YES press 1 did not register, retrying
      |   world back after 3.1s, spawn bearing 87 (E)
      |   route: office_corridor -> office_door -> portrait_room -> bar_pool_room -> bar_jukebox  (21.4s of walking)
      |     leg office_corridor -> office_door
      |         turn to 270.4: TURNED to 271.9 (err -1.5) in 2 push(es)
      |         office_corridor->office_door step 1/7: 1 chunk(s) of 0.79s, change 18.9, best 18.9, hazards none — one push, so `best` IS the whole leg's travel
      |       step 1/7 bearing  270.4 (got  271.9) 0.79s -> walked 0.79s, best change 18.9
      |         turn to 270.1: NO-OP, already inside 4.0 deg (at 272.0, err -1.9) — nothing was sent, the recorded curve was discarded, and the caller's step line will look like a turn that happened
      |         office_corridor->office_door step 2/7: 1 chunk(s) of 0.78s, change 18.9, best 18.9, hazards none — one push, so `best` IS the whole leg's travel
      |       step 2/7 bearing  270.1 (got  272.0) 0.78s -> walked 0.78s, best change 18.9
      |         turn to 270.1: NO-OP, already inside 4.0 deg (at 272.0, err -1.8) — nothing was sent, the recorded curve was discarded, and the caller's step line will look like a turn that happened
      |         office_corridor->office_door step 3/7: 1 chunk(s) of 0.78s, change 16.3, best 16.3, hazards none — one push, so `best` IS the whole leg's travel
      |       step 3/7 bearing  270.1 (got  272.0) 0.78s -> walked 0.78s, best change 16.3
      |         turn to 270.3: NO-OP, already inside 4.0 deg (at 271.9, err -1.7) — nothing was sent, the recorded curve was discarded, and the caller's step line will look like a turn that happened
      |         office_corridor->office_door step 4/7: 1 chunk(s) of 0.78s, change 11.4, best 11.4, hazards none — one push, so `best` IS the whole leg's travel
      |       step 4/7 bearing  270.3 (got  271.9) 0.78s -> walked 0.78s, best change 11.4
      |         turn to 270.1: NO-OP, already inside 4.0 deg (at 271.9, err -1.8) — nothing was sent, the recorded curve was discarded, and the caller's step line will look like a turn that happened
      |         office_corridor->office_door step 5/7: 1 chunk(s) of 0.79s, change 8.3, best 8.3, hazards none — one push, so `best` IS the whole leg's travel
      |       step 5/7 bearing  270.1 (got  271.9) 0.79s -> walked 0.79s, best change 8.3
      |         turn to 270.1: NO-OP, already inside 4.0 deg (at 272.0, err -1.9) — nothing was sent, the recorded curve was discarded, and the caller's step line will look like a turn that happened
      |         office_corridor->office_door step 6/7: 1 chunk(s) of 0.79s, change 6.8, best 6.8, hazards none — one push, so `best` IS the whole leg's travel
      |       step 6/7 bearing  270.1 (got  272.0) 0.79s -> walked 0.79s, best change 6.8
      |         turn to 270.4: NO-OP, already inside 4.0 deg (at 272.0, err -1.6) — nothing was sent, the recorded curve was discarded, and the caller's step line will look like a turn that happened
      |         office_corridor->office_door step 7/7: 1 chunk(s) of 0.42s, change 6.3, best 6.3, hazards none — one push, so `best` IS the whole leg's travel
      |       step 7/7 bearing  270.4 (got  272.0) 0.42s -> walked 0.42s, best change 6.3
      |       arrived? None  (no appearance reference by design)
      |     leg office_door -> portrait_room
      |         turn to 338.1: TURNED to 335.1 (err +3.0) in 1 push(es)
      |         office_door->portrait_room step 1/16: 1 chunk(s) of 0.79s, change 14.4, best 14.4, hazards none — one push, so `best` IS the whole leg's travel
      |       step 1/16 bearing  338.1 (got  335.1) 0.79s -> walked 0.79s, best change 14.4
      |         turn to 339.2: TURNED to 339.7 (err -0.5) in 1 push(es)
      |         office_door->portrait_room step 2/16: 1 chunk(s) of 0.70s, change 21.2, best 21.2, hazards none — one push, so `best` IS the whole leg's travel
      |       step 2/16 bearing  339.2 (got  339.7) 0.70s -> walked 0.70s, best change 21.2
      |         turn to 347.9: TURNED to 346.4 (err +1.5) in 1 push(es)
      |         office_door->portrait_room step 3/16: 1 chunk(s) of 0.42s, change 19.1, best 19.1, hazards none — one push, so `best` IS the whole leg's travel
      |       step 3/16 bearing  347.9 (got  346.4) 0.42s -> walked 0.42s, best change 19.1
      |         turn to 355.2: TURNED to 355.0 (err +0.1) in 1 push(es)
      |         office_door->portrait_room step 4/16: 1 chunk(s) of 0.79s, change 42.0, best 42.0, hazards none — one push, so `best` IS the whole leg's travel
      |       step 4/16 bearing  355.2 (got  355.0) 0.79s -> walked 0.79s, best change 42.0
      |         turn to 360.0: TURNED to 357.7 (err +2.3) in 1 push(es)
      |         office_door->portrait_room step 5/16: 1 chunk(s) of 0.51s, change 24.4, best 24.4, hazards none — one push, so `best` IS the whole leg's travel
      |       step 5/16 bearing  360.0 (got  357.7) 0.51s -> walked 0.51s, best change 24.4
      |         turn to 8.6: TURNED to 11.6 (err -3.0) in 1 push(es)
      |         office_door->portrait_room step 6/16: 1 chunk(s) of 0.78s, change 18.9, best 18.9, hazards none — one push, so `best` IS the whole leg's travel
      |       step 6/16 bearing    8.6 (got   11.6) 0.78s -> walked 0.78s, best change 18.9
      |         turn to 7.7: NO-OP, already inside 4.0 deg (at 11.6, err -3.8) — nothing was sent, the recorded curve was discarded, and the caller's step line will look like a turn that happened
      |         office_door->portrait_room step 7/16: 1 chunk(s) of 0.78s, change 25.9, best 25.9, hazards none — one push, so `best` IS the whole leg's travel
      |       step 7/16 bearing    7.7 (got   11.6) 0.78s -> walked 0.78s, best change 25.9
      |         turn to 1.7: TURNED to 3.6 (err -1.9) in 1 push(es)
      |         office_door->portrait_room step 8/16: 1 chunk(s) of 0.80s, change 31.4, best 31.4, hazards none — one push, so `best` IS the whole leg's travel
      |       step 8/16 bearing    1.7 (got    3.6) 0.80s -> walked 0.80s, best change 31.4
      |         turn to 359.6: TURNED to 1.1 (err -1.5) in 1 push(es)
      |         office_door->portrait_room step 9/16: 1 chunk(s) of 0.36s, change 16.6, best 16.6, hazards none — one push, so `best` IS the whole leg's travel
      |       step 9/16 bearing  359.6 (got    1.1) 0.36s -> walked 0.36s, best change 16.6
      |         turn to 359.4: NO-OP, already inside 4.0 deg (at 1.1, err -1.7) — nothing was sent, the recorded curve was discarded, and the caller's step line will look like a turn that happened
      |         office_door->portrait_room step 10/16: 1 chunk(s) of 0.78s, change 17.5, best 17.5, hazards none — one push, so `best` IS the whole leg's travel
      |       step 10/16 bearing  359.4 (got    1.1) 0.78s -> walked 0.78s, best change 17.5
      |         turn to 357.9: NO-OP, already inside 4.0 deg (at 1.0, err -3.1) — nothing was sent, the recorded curve was discarded, and the caller's step line will look like a turn that happened
      |         office_door->portrait_room step 11/16: 1 chunk(s) of 0.79s, change 19.2, best 19.2, hazards none — one push, so `best` IS the whole leg's travel
      |       step 11/16 bearing  357.9 (got    1.0) 0.79s -> walked 0.79s, best change 19.2
      |         turn to 358.0: NO-OP, already inside 4.0 deg (at 1.0, err -3.0) — nothing was sent, the recorded curve was discarded, and the caller's step line will look like a turn that happened
      |         office_door->portrait_room step 12/16: 1 chunk(s) of 0.79s, change 21.2, best 21.2, hazards none — one push, so `best` IS the whole leg's travel
      |       step 12/16 bearing  358.0 (got    1.0) 0.79s -> walked 0.79s, best change 21.2
      |         turn to 357.8: NO-OP, already inside 4.0 deg (at 1.0, err -3.2) — nothing was sent, the recorded curve was discarded, and the caller's step line will look like a turn that happened
      |         office_door->portrait_room step 13/16: 1 chunk(s) of 0.79s, change 24.3, best 24.3, hazards none — one push, so `best` IS the whole leg's travel
      |       step 13/16 bearing  357.8 (got    1.0) 0.79s -> walked 0.79s, best change 24.3
      |         turn to 357.9: NO-OP, already inside 4.0 deg (at 1.1, err -3.1) — nothing was sent, the recorded curve was discarded, and the caller's step line will look like a turn that happened
      |         office_door->portrait_room step 14/16: 1 chunk(s) of 0.79s, change 31.2, best 31.2, hazards none — one push, so `best` IS the whole leg's travel
      |       step 14/16 bearing  357.9 (got    1.1) 0.79s -> walked 0.79s, best change 31.2
      |         turn to 0.8: NO-OP, already inside 4.0 deg (at 1.0, err -0.2) — nothing was sent, the recorded curve was discarded, and the caller's step line will look like a turn that happened
      |         office_door->portrait_room step 15/16: 1 chunk(s) of 0.79s, change 27.9, best 27.9, hazards none — one push, so `best` IS the whole leg's travel
      |       step 15/16 bearing    0.8 (got    1.0) 0.79s -> walked 0.79s, best change 27.9
      |         turn to 4.0: NO-OP, already inside 4.0 deg (at 1.0, err +2.9) — nothing was sent, the recorded curve was discarded, and the caller's step line will look like a turn that happened
      |         office_door->portrait_room step 16/16: 1 chunk(s) of 0.36s, change 17.2, best 17.2, hazards none — one push, so `best` IS the whole leg's travel
      |       step 16/16 bearing    4.0 (got    1.0) 0.36s -> walked 0.36s, best change 17.2
      |       arrived? True  (portrait_room 584.000/5.080)
      |         turn to 1.5: NO-OP, already inside 0.5 deg (at 1.0, err +0.4) — nothing was sent, the recorded curve was discarded, and the caller's step line will look like a turn that happened
      |       align at portrait_room: yaw nulled to 1.0 (reference 1.5) — 0.4 deg REMAINING = ~8px of phantom dx still in the dx below
      |       align: step 1/6 dx=-74.0 (prev --)
      |       align: dx=-74.0 -> strafe left 0.10s
      |       align: step 2/6 dx=-39.8 (prev +74.0)
      |       align: dx=-39.8 -> strafe left 0.10s
      |       align: dx barely changed (-40 -> +22) — blocked sideways, cannot correct from here
      |       aligned at portrait_room: 22px from the recorded pose
      |       align at portrait_room: dx +21.6px
      |     leg portrait_room -> bar_pool_room
      |         turn to 286.6: TURNED to 286.3 (err +0.3) in 2 push(es)
      |         portrait_room->bar_pool_room step 1/4: 1 chunk(s) of 0.16s, change 8.4, best 8.4, hazards none — one push, so `best` IS the whole leg's travel
      |       step 1/4 bearing  286.6 (got  286.3) 0.16s -> walked 0.16s, best change 8.4
      |         turn to 292.2: TURNED to 292.4 (err -0.2) in 1 push(es)
      |         portrait_room->bar_pool_room step 2/4: 1 chunk(s) of 0.79s, change 15.6, best 15.6, hazards none — one push, so `best` IS the whole leg's travel
      |       step 2/4 bearing  292.2 (got  292.4) 0.79s -> walked 0.79s, best change 15.6
      |         turn to 285.6: TURNED to 286.0 (err -0.4) in 1 push(es)
      |         portrait_room->bar_pool_room step 3/4: 1 chunk(s) of 0.80s, change 15.9, best 15.9, hazards none — one push, so `best` IS the whole leg's travel
      |       step 3/4 bearing  285.6 (got  286.0) 0.80s -> walked 0.80s, best change 15.9
      |         turn to 287.6: NO-OP, already inside 4.0 deg (at 286.4, err +1.2) — nothing was sent, the recorded curve was discarded, and the caller's step line will look like a turn that happened
      |         portrait_room->bar_pool_room step 4/4: 1 chunk(s) of 0.23s, change 11.9, best 11.9, hazards none — one push, so `best` IS the whole leg's travel
      |       step 4/4 bearing  287.6 (got  286.4) 0.23s -> walked 0.23s, best change 11.9
      |       arrived? True  (bar_pool_room 604.000/5.080)
      |         turn to 288.2: TURNED to 287.8 (err +0.3) in 1 push(es)
      |       align at bar_pool_room: yaw nulled to 287.8 (reference 288.2) — 0.3 deg REMAINING = ~6px of phantom dx still in the dx below
      |       align: step 1/6 dx=+189.6 (prev --)
      |       align: dx=+189.6 -> strafe right 0.16s
      |       align: step 2/6 dx=+120.0 (prev +189.6)
      |       align: dx=+120.0 -> strafe right 0.10s
      |       align: step 3/6 dx=+93.2 (prev +120.0)
      |       align: dx=+93.2 -> strafe right 0.10s
      |       align: dx barely changed (+93 -> +79) — blocked sideways, cannot correct from here
      |       aligned at bar_pool_room: 79px from the recorded pose
      |       align at bar_pool_room: dx +79.2px
      |     leg bar_pool_room -> bar_jukebox
      |         turn to 2.1: TURNED to 1.9 (err +0.1) in 2 push(es)
      |         bar_pool_room->bar_jukebox step 1/5: 1 chunk(s) of 0.80s, change 19.5, best 19.5, hazards none — one push, so `best` IS the whole leg's travel
      |       step 1/5 bearing    2.1 (got    1.9) 0.80s -> walked 0.80s, best change 19.5
      |         turn to 1.2: NO-OP, already inside 4.0 deg (at 1.9, err -0.7) — nothing was sent, the recorded curve was discarded, and the caller's step line will look like a turn that happened
      |         bar_pool_room->bar_jukebox step 2/5: 1 chunk(s) of 0.79s, change 27.8, best 27.8, hazards none — one push, so `best` IS the whole leg's travel
      |       step 2/5 bearing    1.2 (got    1.9) 0.79s -> walked 0.79s, best change 27.8
      |         turn to 0.8: NO-OP, already inside 4.0 deg (at 1.9, err -1.1) — nothing was sent, the recorded curve was discarded, and the caller's step line will look like a turn that happened
      |         bar_pool_room->bar_jukebox step 3/5: 1 chunk(s) of 0.80s, change 33.5, best 33.5, hazards none — one push, so `best` IS the whole leg's travel
      |       step 3/5 bearing    0.8 (got    1.9) 0.80s -> walked 0.80s, best change 33.5
      |         turn to 359.4: NO-OP, already inside 4.0 deg (at 1.9, err -2.5) — nothing was sent, the recorded curve was discarded, and the caller's step line will look like a turn that happened
      |         bar_pool_room->bar_jukebox step 4/5: 1 chunk(s) of 0.79s, change 32.5, best 32.5, hazards none — one push, so `best` IS the whole leg's travel
      |       step 4/5 bearing  359.4 (got    1.9) 0.79s -> walked 0.79s, best change 32.5
      |         turn to 359.6: NO-OP, already inside 4.0 deg (at 1.9, err -2.3) — nothing was sent, the recorded curve was discarded, and the caller's step line will look like a turn that happened
      |         bar_pool_room->bar_jukebox step 5/5: 1 chunk(s) of 0.14s, change 12.6, best 12.6, hazards none — one push, so `best` IS the whole leg's travel
      |       step 5/5 bearing  359.6 (got    1.9) 0.14s -> walked 0.14s, best change 12.6
      |       arrived? True  (bar_jukebox 604.000/5.120)
      |         turn to 1.0: TURNED to 0.8 (err +0.2) in 2 push(es)
      |       align at bar_jukebox: yaw nulled to 0.8 (reference 1.0) — 0.2 deg REMAINING = ~5px of phantom dx still in the dx below
      |       align: step 1/6 dx=-74.3 (prev --)
      |       align: dx=-74.3 -> strafe left 0.10s
      |       align: step 2/6 dx=-38.2 (prev +74.3)
      |       align: dx=-38.2 -> strafe left 0.10s
      |       align: dx barely changed (-38 -> +22) — blocked sideways, cannot correct from here
      |       aligned at bar_jukebox: 22px from the recorded pose
      |       align at bar_jukebox: dx +22.4px
      |   arrived, but 1 node(s) could not be confirmed on the way: ['office_door'] — each is a hole in the reference set
      |   attempt 5/9 at bar_jukebox
      |   verified at bar_jukebox (bar_jukebox 471.000/4.280)
      |   attempt 1/9 at dealer_table
      |   route: bar_jukebox -> dealer_table  (4.1s of walking)
      |     leg bar_jukebox -> dealer_table
      |       swept 19 headings around 72; best ink 0.0303 at 12.39742586109125, prompt never appeared
      |       swept 19 headings around 77; best ink 0.0081 at 57.098712446351925, prompt never appeared
      |       swept 19 headings around 76; best ink 0.0210 at 75.55144402194912, prompt never appeared
      |       swept 19 headings around 78; best ink 0.0011 at 97.61439147402345, prompt never appeared
      |       no compass reading, so there is no arc to sweep
      |       stepped 6.8s of a 6.5s budget without finding the prompt
      |       approach_goal: prompt not seen
      |       no compass reading, so there is no arc to sweep
      |       reach_table: GAVE UP
      |       arrived? False  (at_table=False)
      |     STOPPING at leg bar_jukebox -> dealer_table: the destination did not check out, so every leg after this one would be walked from an unknown position
      |   attempt 2/9 at dealer_table
      |   not at dealer_table and cannot say where this is (unrecognised (28.000/1.120)) — reloading to a known start
      |   pause menu appeared late, after 0.5s of extra waiting
      |   pause menu open (selected 'Resume')
      |   selected: Load Last Save
      |   confirmation dialog up (delta 84.1) -> YES
      |   world back after 3.1s, spawn bearing 87 (E)
      |   route: office_corridor -> office_door -> portrait_room -> bar_pool_room -> bar_jukebox -> dealer_table  (25.5s of walking)
      |     leg office_corridor -> office_door
      |         turn to 270.4: TURNED to 271.5 (err -1.1) in 2 push(es)
      |         office_corridor->office_door step 1/7: 1 chunk(s) of 0.79s, change 19.1, best 19.1, hazards none — one push, so `best` IS the whole leg's travel
      |       step 1/7 bearing  270.4 (got  271.5) 0.79s -> walked 0.79s, best change 19.1
      |         turn to 270.1: NO-OP, already inside 4.0 deg (at 271.5, err -1.4) — nothing was sent, the recorded curve was discarded, and the caller's step line will look like a turn that happened
      |         office_corridor->office_door step 2/7: 1 chunk(s) of 0.78s, change 18.3, best 18.3, hazards none — one push, so `best` IS the whole leg's travel
      |       step 2/7 bearing  270.1 (got  271.5) 0.78s -> walked 0.78s, best change 18.3
      |         turn to 270.1: NO-OP, already inside 4.0 deg (at 271.5, err -1.3) — nothing was sent, the recorded curve was discarded, and the caller's step line will look like a turn that happened
      |         office_corridor->office_door step 3/7: 1 chunk(s) of 0.78s, change 14.0, best 14.0, hazards none — one push, so `best` IS the whole leg's travel
      |       step 3/7 bearing  270.1 (got  271.5) 0.78s -> walked 0.78s, best change 14.0
      |         turn to 270.3: NO-OP, already inside 4.0 deg (at 271.5, err -1.2) — nothing was sent, the recorded curve was discarded, and the caller's step line will look like a turn that happened
      |         office_corridor->office_door step 4/7: 1 chunk(s) of 0.78s, change 13.1, best 13.1, hazards none — one push, so `best` IS the whole leg's travel
      |       step 4/7 bearing  270.3 (got  271.5) 0.78s -> walked 0.78s, best change 13.1
      |         turn to 270.1: NO-OP, already inside 4.0 deg (at 271.5, err -1.4) — nothing was sent, the recorded curve was discarded, and the caller's step line will look like a turn that happened
      |         office_corridor->office_door step 5/7: 1 chunk(s) of 0.79s, change 7.2, best 7.2, hazards none — one push, so `best` IS the whole leg's travel
      |       step 5/7 bearing  270.1 (got  271.5) 0.79s -> walked 0.79s, best change 7.2
      |         turn to 270.1: NO-OP, already inside 4.0 deg (at 271.5, err -1.4) — nothing was sent, the recorded curve was discarded, and the caller's step line will look like a turn that happened
      |         office_corridor->office_door step 6/7: 1 chunk(s) of 0.79s, change 6.1, best 6.1, hazards none — one push, so `best` IS the whole leg's travel
      |       step 6/7 bearing  270.1 (got  271.5) 0.79s -> walked 0.79s, best change 6.1
      |         turn to 270.4: NO-OP, already inside 4.0 deg (at 271.5, err -1.1) — nothing was sent, the recorded curve was discarded, and the caller's step line will look like a turn that happened
      |         office_corridor->office_door step 7/7: 1 chunk(s) of 0.42s, change 5.2, best 5.2, hazards none — one push, so `best` IS the whole leg's travel
      |       step 7/7 bearing  270.4 (got  271.5) 0.42s -> walked 0.42s, best change 5.2
      |       step 7 blocked but the scene is MOVING — an NPC in the passage, not a wall
      |       the view is featureless — this is geometry, not a mover; skipping the escape ladder it has never cleared
      |       escape ladder: did NOT clear (best 0.0 PIXELS, against SLIP_PROGRESS_PX 20.0px — NOT against STALL_CHANGE 6.0, which is grey_levels)
      |       step 7 moved only 5.2 grey_levels (< 6.0) over 0.42s — stall score 1
      |       arrived? None  (no appearance reference by design)
      |     leg office_door -> portrait_room
      |         turn to 338.1: TURNED to 335.8 (err +2.3) in 1 push(es)
      |         office_door->portrait_room step 1/16: 1 chunk(s) of 0.79s, change 11.7, best 11.7, hazards none — one push, so `best` IS the whole leg's travel
      |       step 1/16 bearing  338.1 (got  335.8) 0.79s -> walked 0.79s, best change 11.7
      |         turn to 339.2: NO-OP, already inside 4.0 deg (at 335.8, err +3.4) — nothing was sent, the recorded curve was discarded, and the caller's step line will look like a turn that happened
      |         office_door->portrait_room step 2/16: 1 chunk(s) of 0.70s, change 20.4, best 20.4, hazards none — one push, so `best` IS the whole leg's travel
      |       step 2/16 bearing  339.2 (got  335.8) 0.70s -> walked 0.70s, best change 20.4
      |         turn to 347.9: TURNED to 346.2 (err +1.7) in 1 push(es)
      |         office_door->portrait_room step 3/16: 1 chunk(s) of 0.42s, change 20.2, best 20.2, hazards none — one push, so `best` IS the whole leg's travel
      |       step 3/16 bearing  347.9 (got  346.2) 0.42s -> walked 0.42s, best change 20.2
      |         turn to 355.2: TURNED to 355.4 (err -0.2) in 1 push(es)
      |         office_door->portrait_room step 4/16: 1 chunk(s) of 0.79s, change 44.7, best 44.7, hazards none — one push, so `best` IS the whole leg's travel
      |       step 4/16 bearing  355.2 (got  355.4) 0.79s -> walked 0.79s, best change 44.7
      |         turn to 360.0: TURNED to 359.8 (err +0.1) in 1 push(es)
      |         office_door->portrait_room step 5/16: 1 chunk(s) of 0.51s, change 28.5, best 28.5, hazards none — one push, so `best` IS the whole leg's travel
      |       step 5/16 bearing  360.0 (got  359.8) 0.51s -> walked 0.51s, best change 28.5
      |         turn to 8.6: TURNED to 8.5 (err +0.0) in 1 push(es)
      |         office_door->portrait_room step 6/16: 1 chunk(s) of 0.78s, change 17.6, best 17.6, hazards none — one push, so `best` IS the whole leg's travel
      |       step 6/16 bearing    8.6 (got    8.5) 0.78s -> walked 0.78s, best change 17.6
      |         turn to 7.7: NO-OP, already inside 4.0 deg (at 8.5, err -0.8) — nothing was sent, the recorded curve was discarded, and the caller's step line will look like a turn that happened
      |         office_door->portrait_room step 7/16: 1 chunk(s) of 0.78s, change 31.4, best 31.4, hazards none — one push, so `best` IS the whole leg's travel
      |       step 7/16 bearing    7.7 (got    8.5) 0.78s -> walked 0.78s, best change 31.4
      |         turn to 1.7: TURNED to 1.1 (err +0.6) in 1 push(es)
      |         office_door->portrait_room step 8/16: 1 chunk(s) of 0.80s, change 35.2, best 35.2, hazards none — one push, so `best` IS the whole leg's travel
      |       step 8/16 bearing    1.7 (got    1.1) 0.80s -> walked 0.80s, best change 35.2
      |         turn to 359.6: NO-OP, already inside 4.0 deg (at 1.1, err -1.5) — nothing was sent, the recorded curve was discarded, and the caller's step line will look like a turn that happened
      |         office_door->portrait_room step 9/16: 1 chunk(s) of 0.36s, change 19.2, best 19.2, hazards none — one push, so `best` IS the whole leg's travel
      |       step 9/16 bearing  359.6 (got    1.1) 0.36s -> walked 0.36s, best change 19.2
      |         turn to 359.4: NO-OP, already inside 4.0 deg (at 1.1, err -1.7) — nothing was sent, the recorded curve was discarded, and the caller's step line will look like a turn that happened
      |         office_door->portrait_room step 10/16: 1 chunk(s) of 0.78s, change 19.4, best 19.4, hazards none — one push, so `best` IS the whole leg's travel
      |       step 10/16 bearing  359.4 (got    1.1) 0.78s -> walked 0.78s, best change 19.4
      |         turn to 357.9: NO-OP, already inside 4.0 deg (at 1.1, err -3.2) — nothing was sent, the recorded curve was discarded, and the caller's step line will look like a turn that happened
      |         office_door->portrait_room step 11/16: 1 chunk(s) of 0.79s, change 21.4, best 21.4, hazards none — one push, so `best` IS the whole leg's travel
      |       step 11/16 bearing  357.9 (got    1.1) 0.79s -> walked 0.79s, best change 21.4
      |         turn to 358.0: NO-OP, already inside 4.0 deg (at 1.1, err -3.1) — nothing was sent, the recorded curve was discarded, and the caller's step line will look like a turn that happened
      |         office_door->portrait_room step 12/16: 1 chunk(s) of 0.79s, change 18.5, best 18.5, hazards none — one push, so `best` IS the whole leg's travel
      |       step 12/16 bearing  358.0 (got    1.1) 0.79s -> walked 0.79s, best change 18.5
      |         turn to 357.8: NO-OP, already inside 4.0 deg (at 1.1, err -3.3) — nothing was sent, the recorded curve was discarded, and the caller's step line will look like a turn that happened
      |         office_door->portrait_room step 13/16: 1 chunk(s) of 0.79s, change 22.1, best 22.1, hazards none — one push, so `best` IS the whole leg's travel
      |       step 13/16 bearing  357.8 (got    1.1) 0.79s -> walked 0.79s, best change 22.1
      |         turn to 357.9: NO-OP, already inside 4.0 deg (at 1.1, err -3.1) — nothing was sent, the recorded curve was discarded, and the caller's step line will look like a turn that happened
      |         office_door->portrait_room step 14/16: 1 chunk(s) of 0.79s, change 28.4, best 28.4, hazards none — one push, so `best` IS the whole leg's travel
      |       step 14/16 bearing  357.9 (got    1.1) 0.79s -> walked 0.79s, best change 28.4
      |         turn to 0.8: TURNED to 0.8 (err +0.0) in 2 push(es)
      |         office_door->portrait_room step 15/16: 1 chunk(s) of 0.79s, change 26.4, best 26.4, hazards none — one push, so `best` IS the whole leg's travel
      |       step 15/16 bearing    0.8 (got    0.8) 0.79s -> walked 0.79s, best change 26.4
      |         turn to 4.0: NO-OP, already inside 4.0 deg (at 0.8, err +3.1) — nothing was sent, the recorded curve was discarded, and the caller's step line will look like a turn that happened
      |         office_door->portrait_room step 16/16: 1 chunk(s) of 0.36s, change 16.7, best 16.7, hazards none — one push, so `best` IS the whole leg's travel
      |       step 16/16 bearing    4.0 (got    0.8) 0.36s -> walked 0.36s, best change 16.7
      |       arrived? True  (portrait_room 791.000/6.540)
      |         turn to 1.5: TURNED to 1.5 (err -0.1) in 1 push(es)
      |       align at portrait_room: yaw nulled to 1.5 (reference 1.5) — 0.1 deg REMAINING = ~1px of phantom dx still in the dx below
      |       align: within 35px (dx=+4.3) after 0 step(s)
      |       aligned at portrait_room: 4px from the recorded pose
      |       align at portrait_room: dx +4.3px
      |     leg portrait_room -> bar_pool_room
      |         turn to 286.6: TURNED to 284.7 (err +1.8) in 2 push(es)
      |         portrait_room->bar_pool_room step 1/4: 1 chunk(s) of 0.16s, change 12.8, best 12.8, hazards none — one push, so `best` IS the whole leg's travel
      |       step 1/4 bearing  286.6 (got  284.7) 0.16s -> walked 0.16s, best change 12.8
      |         turn to 292.2: TURNED to 292.4 (err -0.2) in 1 push(es)
      |         portrait_room->bar_pool_room step 2/4: 1 chunk(s) of 0.79s, change 19.2, best 19.2, hazards none — one push, so `best` IS the whole leg's travel
      |       step 2/4 bearing  292.2 (got  292.4) 0.79s -> walked 0.79s, best change 19.2
      |         turn to 285.6: TURNED to 285.6 (err -0.0) in 1 push(es)
      |         portrait_room->bar_pool_room step 3/4: 1 chunk(s) of 0.80s, change 16.4, best 16.4, hazards none — one push, so `best` IS the whole leg's travel
      |       step 3/4 bearing  285.6 (got  285.6) 0.80s -> walked 0.80s, best change 16.4
      |         turn to 287.6: NO-OP, already inside 4.0 deg (at 285.5, err +2.1) — nothing was sent, the recorded curve was discarded, and the caller's step line will look like a turn that happened
      |         portrait_room->bar_pool_room step 4/4: 1 chunk(s) of 0.23s, change 9.6, best 9.6, hazards none — one push, so `best` IS the whole leg's travel
      |       step 4/4 bearing  287.6 (got  285.5) 0.23s -> walked 0.23s, best change 9.6
      |       arrived? True  (bar_pool_room 623.000/5.110)
      |         turn to 288.2: TURNED to 287.9 (err +0.3) in 1 push(es)
      |       align at bar_pool_room: yaw nulled to 287.9 (reference 288.2) — 0.3 deg REMAINING = ~5px of phantom dx still in the dx below
      |       align: step 1/6 dx=+109.5 (prev --)
      |       align: dx=+109.5 -> strafe right 0.10s
      |       align: step 2/6 dx=+70.5 (prev +109.5)
      |       align: dx=+70.5 -> strafe right 0.10s
      |       align: step 3/6 dx=+44.8 (prev +70.5)
      |       align: dx=+44.8 -> strafe right 0.10s
      |       align: within 35px (dx=+10.7) after 3 step(s)
      |       aligned at bar_pool_room: 11px from the recorded pose
      |       align at bar_pool_room: dx +10.7px
      |     leg bar_pool_room -> bar_jukebox
      |         turn to 2.1: TURNED to 358.3 (err +3.8) in 1 push(es)
      |         bar_pool_room->bar_jukebox step 1/5: 1 chunk(s) of 0.80s, change 14.5, best 14.5, hazards none — one push, so `best` IS the whole leg's travel
      |       step 1/5 bearing    2.1 (got  358.3) 0.80s -> walked 0.80s, best change 14.5
      |         turn to 1.2: NO-OP, already inside 4.0 deg (at 358.3, err +2.9) — nothing was sent, the recorded curve was discarded, and the caller's step line will look like a turn that happened
      |         bar_pool_room->bar_jukebox step 2/5: 1 chunk(s) of 0.79s, change 6.5, best 6.5, hazards none — one push, so `best` IS the whole leg's travel
      |       step 2/5 bearing    1.2 (got  358.3) 0.79s -> walked 0.79s, best change 6.5
      |         turn to 0.8: NO-OP, already inside 4.0 deg (at 358.3, err +2.5) — nothing was sent, the recorded curve was discarded, and the caller's step line will look like a turn that happened
      |         bar_pool_room->bar_jukebox step 3/5: 1 chunk(s) of 0.80s, change 2.4, best 2.4, hazards SHORT — one push, so `best` IS the whole leg's travel
      |       step 3/5 bearing    0.8 (got  358.3) 0.80s -> walked 0.80s, best change 2.4
      |       step 3 blocked but the scene is MOVING — an NPC in the passage, not a wall
      |       the view is featureless — this is geometry, not a mover; skipping the escape ladder it has never cleared
      |       escape ladder: did NOT clear (best 0.0 PIXELS, against SLIP_PROGRESS_PX 20.0px — NOT against STALL_CHANGE 6.0, which is grey_levels)
      |       step 3 moved only 2.4 grey_levels (< 6.0) over 0.80s — stall score 1
      |         turn to 359.4: NO-OP, already inside 4.0 deg (at 358.3, err +1.1) — nothing was sent, the recorded curve was discarded, and the caller's step line will look like a turn that happened
      |         bar_pool_room->bar_jukebox step 4/5: 1 chunk(s) of 0.79s, change 2.3, best 2.3, hazards SHORT — one push, so `best` IS the whole leg's travel
      |       step 4/5 bearing  359.4 (got  358.3) 0.79s -> walked 0.79s, best change 2.3
      |       step 4 blocked but the scene is MOVING — an NPC in the passage, not a wall
      |       the view is featureless — this is geometry, not a mover; skipping the escape ladder it has never cleared
      |       escape ladder: did NOT clear (best 0.0 PIXELS, against SLIP_PROGRESS_PX 20.0px — NOT against STALL_CHANGE 6.0, which is grey_levels)
      |       step 4 moved only 2.3 grey_levels (< 6.0) over 0.79s — stall score 2
      |       BLOCKED on step 4; abandoning the rest of this leg rather than pushing into whatever is in the way
      |       recovery fan did not find bar_jukebox
      |       arrived? None  (unverified, abstained (1.000/1.000))
      |     leg bar_jukebox -> dealer_table
      |       swept 19 headings around 78; best ink 0.0057 at 57.60079871956066, prompt never appeared
      |       no compass reading, so there is no arc to sweep
      |       no compass reading, so there is no arc to sweep
      |       no compass reading, so there is no arc to sweep
      |       no compass reading, so there is no arc to sweep
      |       stepped 6.8s of a 6.5s budget without finding the prompt
      |       approach_goal: prompt not seen
      |       no compass reading, so there is no arc to sweep
      |       reach_table: GAVE UP
      |       arrived? False  (at_table=False)
      |     STOPPING at leg bar_jukebox -> dealer_table: the destination did not check out, so every leg after this one would be walked from an unknown position
      |   attempt 3/9 at dealer_table
      |   not at dealer_table and cannot say where this is (unrecognised (2.000/2.000)) — reloading to a known start
      |   pause menu open (selected 'Resume')
      |   selected: Load Last Save
      |   confirmation dialog up (delta 81.5) -> YES
      |   YES press 1 did not register, retrying
      |   YES press 2 did not register, retrying
      |   world back after 3.1s, spawn bearing 87 (E)
      |   route: office_corridor -> office_door -> portrait_room -> bar_pool_room -> bar_jukebox -> dealer_table  (25.5s of walking)
      |     leg office_corridor -> office_door
      |         turn to 270.4: TURNED to 272.5 (err -2.1) in 2 push(es)
      |         office_corridor->office_door step 1/7: 1 chunk(s) of 0.79s, change 19.3, best 19.3, hazards none — one push, so `best` IS the whole leg's travel
      |       step 1/7 bearing  270.4 (got  272.5) 0.79s -> walked 0.79s, best change 19.3
      |         turn to 270.1: NO-OP, already inside 4.0 deg (at 272.5, err -2.4) — nothing was sent, the recorded curve was discarded, and the caller's step line will look like a turn that happened
      |         office_corridor->office_door step 2/7: 1 chunk(s) of 0.78s, change 18.5, best 18.5, hazards none — one push, so `best` IS the whole leg's travel
      |       step 2/7 bearing  270.1 (got  272.5) 0.78s -> walked 0.78s, best change 18.5
      |         turn to 270.1: NO-OP, already inside 4.0 deg (at 272.5, err -2.3) — nothing was sent, the recorded curve was discarded, and the caller's step line will look like a turn that happened
      |         office_corridor->office_door step 3/7: 1 chunk(s) of 0.78s, change 15.0, best 15.0, hazards none — one push, so `best` IS the whole leg's travel
      |       step 3/7 bearing  270.1 (got  272.5) 0.78s -> walked 0.78s, best change 15.0
      |         turn to 270.3: NO-OP, already inside 4.0 deg (at 272.5, err -2.2) — nothing was sent, the recorded curve was discarded, and the caller's step line will look like a turn that happened
      |         office_corridor->office_door step 4/7: 1 chunk(s) of 0.78s, change 10.9, best 10.9, hazards none — one push, so `best` IS the whole leg's travel
      |       step 4/7 bearing  270.3 (got  272.5) 0.78s -> walked 0.78s, best change 10.9
      |         turn to 270.1: NO-OP, already inside 4.0 deg (at 272.5, err -2.4) — nothing was sent, the recorded curve was discarded, and the caller's step line will look like a turn that happened
      |         office_corridor->office_door step 5/7: 1 chunk(s) of 0.79s, change 8.0, best 8.0, hazards none — one push, so `best` IS the whole leg's travel
      |       step 5/7 bearing  270.1 (got  272.5) 0.79s -> walked 0.79s, best change 8.0
      |         turn to 270.1: NO-OP, already inside 4.0 deg (at 272.5, err -2.4) — nothing was sent, the recorded curve was discarded, and the caller's step line will look like a turn that happened
      |         office_corridor->office_door step 6/7: 1 chunk(s) of 0.79s, change 7.2, best 7.2, hazards none — one push, so `best` IS the whole leg's travel
      |       step 6/7 bearing  270.1 (got  272.5) 0.79s -> walked 0.79s, best change 7.2
      |         turn to 270.4: NO-OP, already inside 4.0 deg (at 272.5, err -2.1) — nothing was sent, the recorded curve was discarded, and the caller's step line will look like a turn that happened
      |         office_corridor->office_door step 7/7: 1 chunk(s) of 0.42s, change 5.7, best 5.7, hazards none — one push, so `best` IS the whole leg's travel
      |       step 7/7 bearing  270.4 (got  272.5) 0.42s -> walked 0.42s, best change 5.7
      |       step 7 blocked but the scene is MOVING — an NPC in the passage, not a wall
      |       the view is featureless — this is geometry, not a mover; skipping the escape ladder it has never cleared
      |       escape ladder: did NOT clear (best 0.0 PIXELS, against SLIP_PROGRESS_PX 20.0px — NOT against STALL_CHANGE 6.0, which is grey_levels)
      |       step 7 moved only 5.7 grey_levels (< 6.0) over 0.42s — stall score 1
      |       arrived? None  (no appearance reference by design)
      |     leg office_door -> portrait_room
      |         turn to 338.1: TURNED to 336.8 (err +1.3) in 1 push(es)
      |         office_door->portrait_room step 1/16: 1 chunk(s) of 0.79s, change 14.1, best 14.1, hazards none — one push, so `best` IS the whole leg's travel
      |       step 1/16 bearing  338.1 (got  336.8) 0.79s -> walked 0.79s, best change 14.1
      |         turn to 339.2: NO-OP, already inside 4.0 deg (at 336.8, err +2.4) — nothing was sent, the recorded curve was discarded, and the caller's step line will look like a turn that happened
      |         office_door->portrait_room step 2/16: 1 chunk(s) of 0.70s, change 18.8, best 18.8, hazards none — one push, so `best` IS the whole leg's travel
      |       step 2/16 bearing  339.2 (got  336.8) 0.70s -> walked 0.70s, best change 18.8
      |         turn to 347.9: TURNED to 346.4 (err +1.5) in 1 push(es)
      |         office_door->portrait_room step 3/16: 1 chunk(s) of 0.42s, change 23.6, best 23.6, hazards none — one push, so `best` IS the whole leg's travel
      |       step 3/16 bearing  347.9 (got  346.4) 0.42s -> walked 0.42s, best change 23.6
      |         turn to 355.2: TURNED to 354.6 (err +0.5) in 2 push(es)
      |         office_door->portrait_room step 4/16: 1 chunk(s) of 0.79s, change 44.1, best 44.1, hazards none — one push, so `best` IS the whole leg's travel
      |       step 4/16 bearing  355.2 (got  354.6) 0.79s -> walked 0.79s, best change 44.1
      |         turn to 360.0: TURNED to 0.5 (err -0.5) in 1 push(es)
      |         office_door->portrait_room step 5/16: 1 chunk(s) of 0.51s, change 21.5, best 21.5, hazards none — one push, so `best` IS the whole leg's travel
      |       step 5/16 bearing  360.0 (got    0.5) 0.51s -> walked 0.51s, best change 21.5
      |         turn to 8.6: TURNED to 10.1 (err -1.5) in 1 push(es)
      |         office_door->portrait_room step 6/16: 1 chunk(s) of 0.78s, change 18.5, best 18.5, hazards none — one push, so `best` IS the whole leg's travel
      |       step 6/16 bearing    8.6 (got   10.1) 0.78s -> walked 0.78s, best change 18.5
      |         turn to 7.7: NO-OP, already inside 4.0 deg (at 10.1, err -2.4) — nothing was sent, the recorded curve was discarded, and the caller's step line will look like a turn that happened
      |         office_door->portrait_room step 7/16: 1 chunk(s) of 0.78s, change 29.5, best 29.5, hazards none — one push, so `best` IS the whole leg's travel
      |       step 7/16 bearing    7.7 (got   10.1) 0.78s -> walked 0.78s, best change 29.5
      |         turn to 1.7: TURNED to 2.7 (err -1.0) in 1 push(es)
      |         office_door->portrait_room step 8/16: 1 chunk(s) of 0.80s, change 33.6, best 33.6, hazards none — one push, so `best` IS the whole leg's travel
      |       step 8/16 bearing    1.7 (got    2.7) 0.80s -> walked 0.80s, best change 33.6
      |         turn to 359.6: NO-OP, already inside 4.0 deg (at 2.7, err -3.1) — nothing was sent, the recorded curve was discarded, and the caller's step line will look like a turn that happened
      |         office_door->portrait_room step 9/16: 1 chunk(s) of 0.36s, change 16.4, best 16.4, hazards none — one push, so `best` IS the whole leg's travel
      |       step 9/16 bearing  359.6 (got    2.7) 0.36s -> walked 0.36s, best change 16.4
      |         turn to 359.4: NO-OP, already inside 4.0 deg (at 2.7, err -3.4) — nothing was sent, the recorded curve was discarded, and the caller's step line will look like a turn that happened
      |         office_door->portrait_room step 10/16: 1 chunk(s) of 0.78s, change 18.2, best 18.2, hazards none — one push, so `best` IS the whole leg's travel
      |       step 10/16 bearing  359.4 (got    2.7) 0.78s -> walked 0.78s, best change 18.2
      |         turn to 357.9: TURNED to 356.4 (err +1.5) in 1 push(es)
      |         office_door->portrait_room step 11/16: 1 chunk(s) of 0.79s, change 17.9, best 17.9, hazards none — one push, so `best` IS the whole leg's travel
      |       step 11/16 bearing  357.9 (got  356.4) 0.79s -> walked 0.79s, best change 17.9
      |         turn to 358.0: NO-OP, already inside 4.0 deg (at 356.6, err +1.5) — nothing was sent, the recorded curve was discarded, and the caller's step line will look like a turn that happened
      |         office_door->portrait_room step 12/16: 1 chunk(s) of 0.79s, change 20.8, best 20.8, hazards none — one push, so `best` IS the whole leg's travel
      |       step 12/16 bearing  358.0 (got  356.6) 0.79s -> walked 0.79s, best change 20.8
      |         turn to 357.8: NO-OP, already inside 4.0 deg (at 356.6, err +1.3) — nothing was sent, the recorded curve was discarded, and the caller's step line will look like a turn that happened
      |         office_door->portrait_room step 13/16: 1 chunk(s) of 0.79s, change 26.5, best 26.5, hazards none — one push, so `best` IS the whole leg's travel
      |       step 13/16 bearing  357.8 (got  356.6) 0.79s -> walked 0.79s, best change 26.5
      |         turn to 357.9: NO-OP, already inside 4.0 deg (at 356.6, err +1.4) — nothing was sent, the recorded curve was discarded, and the caller's step line will look like a turn that happened
      |         office_door->portrait_room step 14/16: 1 chunk(s) of 0.79s, change 26.6, best 26.6, hazards none — one push, so `best` IS the whole leg's travel
      |       step 14/16 bearing  357.9 (got  356.6) 0.79s -> walked 0.79s, best change 26.6
      |         turn to 0.8: TURNED to 1.8 (err -1.0) in 1 push(es)
      |         office_door->portrait_room step 15/16: 1 chunk(s) of 0.79s, change 22.4, best 22.4, hazards none — one push, so `best` IS the whole leg's travel
      |       step 15/16 bearing    0.8 (got    1.8) 0.79s -> walked 0.79s, best change 22.4
      |         turn to 4.0: NO-OP, already inside 4.0 deg (at 1.8, err +2.1) — nothing was sent, the recorded curve was discarded, and the caller's step line will look like a turn that happened
      |         office_door->portrait_room step 16/16: 1 chunk(s) of 0.36s, change 16.1, best 16.1, hazards none — one push, so `best` IS the whole leg's travel
      |       step 16/16 bearing    4.0 (got    1.8) 0.36s -> walked 0.36s, best change 16.1
      |       arrived? True  (portrait_room 578.000/5.120)
      |         turn to 1.5: NO-OP, already inside 0.5 deg (at 1.8, err -0.4) — nothing was sent, the recorded curve was discarded, and the caller's step line will look like a turn that happened
      |       align at portrait_room: yaw nulled to 1.8 (reference 1.5) — 0.4 deg REMAINING = ~7px of phantom dx still in the dx below
      |       align: step 1/6 dx=+132.7 (prev --)
      |       align: dx=+132.7 -> strafe right 0.11s
      |       align: step 2/6 dx=+85.2 (prev +132.7)
      |       align: dx=+85.2 -> strafe right 0.10s
      |       align: within 35px (dx=-5.7) after 2 step(s)
      |       aligned at portrait_room: 6px from the recorded pose
      |       align at portrait_room: dx +5.7px
      |     leg portrait_room -> bar_pool_room
      |         turn to 286.6: TURNED to 289.5 (err -3.0) in 1 push(es)
      |         portrait_room->bar_pool_room step 1/4: 1 chunk(s) of 0.16s, change 8.2, best 8.2, hazards none — one push, so `best` IS the whole leg's travel
      |       step 1/4 bearing  286.6 (got  289.5) 0.16s -> walked 0.16s, best change 8.2
      |         turn to 292.2: NO-OP, already inside 4.0 deg (at 289.5, err +2.6) — nothing was sent, the recorded curve was discarded, and the caller's step line will look like a turn that happened
      |         portrait_room->bar_pool_room step 2/4: 1 chunk(s) of 0.79s, change 15.8, best 15.8, hazards none — one push, so `best` IS the whole leg's travel
      |       step 2/4 bearing  292.2 (got  289.5) 0.79s -> walked 0.79s, best change 15.8
      |         turn to 285.6: NO-OP, already inside 4.0 deg (at 289.5, err -3.9) — nothing was sent, the recorded curve was discarded, and the caller's step line will look like a turn that happened
      |         portrait_room->bar_pool_room step 3/4: 1 chunk(s) of 0.80s, change 18.1, best 18.1, hazards none — one push, so `best` IS the whole leg's travel
      |       step 3/4 bearing  285.6 (got  289.5) 0.80s -> walked 0.80s, best change 18.1
      |         turn to 287.6: NO-OP, already inside 4.0 deg (at 289.5, err -1.9) — nothing was sent, the recorded curve was discarded, and the caller's step line will look like a turn that happened
      |         portrait_room->bar_pool_room step 4/4: 1 chunk(s) of 0.23s, change 13.4, best 13.4, hazards none — one push, so `best` IS the whole leg's travel
      |       step 4/4 bearing  287.6 (got  289.5) 0.23s -> walked 0.23s, best change 13.4
      |       arrived? True  (bar_pool_room 423.000/3.200)
      |         turn to 288.2: TURNED to 288.3 (err -0.1) in 1 push(es)
      |       align at bar_pool_room: yaw nulled to 288.3 (reference 288.2) — 0.1 deg REMAINING = ~2px of phantom dx still in the dx below
      |       align: step 1/6 dx=+161.7 (prev --)
      |       align: dx=+161.7 -> strafe right 0.13s
      |       align: step 2/6 dx=+119.4 (prev +161.7)
      |       align: dx=+119.4 -> strafe right 0.10s
      |       align: step 3/6 dx=+87.1 (prev +119.4)
      |       align: dx=+87.1 -> strafe right 0.10s
      |       align: step 4/6 dx=+55.0 (prev +87.1)
      |       align: dx=+55.0 -> strafe right 0.10s
      |       align: within 35px (dx=+27.6) after 4 step(s)
      |       aligned at bar_pool_room: 28px from the recorded pose
      |       align at bar_pool_room: dx +27.6px
      |     leg bar_pool_room -> bar_jukebox
      |         turn to 2.1: TURNED to 3.6 (err -1.5) in 2 push(es)
      |         bar_pool_room->bar_jukebox step 1/5: 1 chunk(s) of 0.80s, change 17.5, best 17.5, hazards none — one push, so `best` IS the whole leg's travel
      |       step 1/5 bearing    2.1 (got    3.6) 0.80s -> walked 0.80s, best change 17.5
      |         turn to 1.2: NO-OP, already inside 4.0 deg (at 3.6, err -2.4) — nothing was sent, the recorded curve was discarded, and the caller's step line will look like a turn that happened
      |         bar_pool_room->bar_jukebox step 2/5: 1 chunk(s) of 0.79s, change 7.2, best 7.2, hazards none — one push, so `best` IS the whole leg's travel
      |       step 2/5 bearing    1.2 (got    3.6) 0.79s -> walked 0.79s, best change 7.2
      |         turn to 0.8: NO-OP, already inside 4.0 deg (at 3.6, err -2.8) — nothing was sent, the recorded curve was discarded, and the caller's step line will look like a turn that happened
      |         bar_pool_room->bar_jukebox step 3/5: 1 chunk(s) of 0.80s, change 8.3, best 8.3, hazards none — one push, so `best` IS the whole leg's travel
      |       step 3/5 bearing    0.8 (got    3.6) 0.80s -> walked 0.80s, best change 8.3
      |         turn to 359.4: TURNED to 359.6 (err -0.2) in 1 push(es)
      |         bar_pool_room->bar_jukebox step 4/5: 1 chunk(s) of 0.79s, change 16.1, best 16.1, hazards none — one push, so `best` IS the whole leg's travel
      |       step 4/5 bearing  359.4 (got  359.6) 0.79s -> walked 0.79s, best change 16.1
      |         turn to 359.6: NO-OP, already inside 4.0 deg (at 359.6, err -0.0) — nothing was sent, the recorded curve was discarded, and the caller's step line will look like a turn that happened
      |         bar_pool_room->bar_jukebox step 5/5: 1 chunk(s) of 0.14s, change 14.0, best 14.0, hazards none — one push, so `best` IS the whole leg's travel
      |       step 5/5 bearing  359.6 (got  359.6) 0.14s -> walked 0.14s, best change 14.0
      |       recovered bar_jukebox at 360 after 3 step(s)
      |       arrived? True  (bar_jukebox 195.000/1.370)
      |         turn to 1.0: TURNED to 0.5 (err +0.5) in 1 push(es)
      |       align at bar_jukebox: yaw nulled to 0.5 (reference 1.0) — 0.5 deg REMAINING = ~9px of phantom dx still in the dx below
      |       align: within 35px (dx=+30.7) after 0 step(s)
      |       aligned at bar_jukebox: 31px from the recorded pose
      |       align at bar_jukebox: dx +30.7px
      |     leg bar_jukebox -> dealer_table
      |       swept 19 headings around 75; best ink 0.0181 at 34.57527294373507, prompt never appeared
      |       swept 19 headings around 73; best ink 0.0094 at 53.35051945847101, prompt never appeared
      |       swept 19 headings around 76; best ink 0.0005 at 35.87189859787499, prompt never appeared
      |       swept 19 headings around 78; best ink 0.0000 at None, prompt never appeared
      |       swept 19 headings around 76; best ink 0.0127 at 36.20624408703878, prompt never appeared
      |       stepped 6.8s of a 6.5s budget without finding the prompt
      |       approach_goal: prompt not seen
      |       facing 14 (74-60): prompt up (ink 0.0277)
      |       reach_table: at the table
      |       arrived? True  (at_table=True)
      |   arrived, but 1 node(s) could not be confirmed on the way: ['office_door'] — each is a hole in the reference set
      |   attempt 4/9 at dealer_table
      |   verified at dealer_table (at_table)
[ 2] ARRIVED depth 4/4 in 1201s  recheck at_table=True  streak 1  best 1
      |   pause menu open (selected 'Resume')
      |   selected: Load Last Save
      |   confirmation dialog up (delta 81.1) -> YES
      |   world back after 3.4s, spawn bearing 87 (E)
      |   attempt 1/9 at portrait_room
      |   locate() cannot name office_corridor (it has no appearance reference by design) but the caller reset onto it — routing from there instead of sweeping and reloading
      |   route: office_corridor -> office_door -> portrait_room  (16.2s of walking)
      |     leg office_corridor -> office_door
      |         turn to 270.4: TURNED to 274.0 (err -3.6) in 2 push(es)
      |         office_corridor->office_door step 1/7: 1 chunk(s) of 0.79s, change 18.8, best 18.8, hazards none — one push, so `best` IS the whole leg's travel
      |       step 1/7 bearing  270.4 (got  274.0) 0.79s -> walked 0.79s, best change 18.8
      |         turn to 270.1: NO-OP, already inside 4.0 deg (at 274.0, err -3.9) — nothing was sent, the recorded curve was discarded, and the caller's step line will look like a turn that happened
      |         office_corridor->office_door step 2/7: 1 chunk(s) of 0.78s, change 18.2, best 18.2, hazards none — one push, so `best` IS the whole leg's travel
      |       step 2/7 bearing  270.1 (got  274.0) 0.78s -> walked 0.78s, best change 18.2
      |         turn to 270.1: NO-OP, already inside 4.0 deg (at 274.0, err -3.8) — nothing was sent, the recorded curve was discarded, and the caller's step line will look like a turn that happened
      |         office_corridor->office_door step 3/7: 1 chunk(s) of 0.78s, change 15.5, best 15.5, hazards none — one push, so `best` IS the whole leg's travel
      |       step 3/7 bearing  270.1 (got  274.0) 0.78s -> walked 0.78s, best change 15.5
      |         turn to 270.3: NO-OP, already inside 4.0 deg (at 274.0, err -3.7) — nothing was sent, the recorded curve was discarded, and the caller's step line will look like a turn that happened
      |         office_corridor->office_door step 4/7: 1 chunk(s) of 0.78s, change 11.6, best 11.6, hazards none — one push, so `best` IS the whole leg's travel
      |       step 4/7 bearing  270.3 (got  274.0) 0.78s -> walked 0.78s, best change 11.6
      |         turn to 270.1: NO-OP, already inside 4.0 deg (at 274.0, err -3.9) — nothing was sent, the recorded curve was discarded, and the caller's step line will look like a turn that happened
      |         office_corridor->office_door step 5/7: 1 chunk(s) of 0.79s, change 9.0, best 9.0, hazards none — one push, so `best` IS the whole leg's travel
      |       step 5/7 bearing  270.1 (got  274.0) 0.79s -> walked 0.79s, best change 9.0
      |         turn to 270.1: NO-OP, already inside 4.0 deg (at 274.0, err -3.9) — nothing was sent, the recorded curve was discarded, and the caller's step line will look like a turn that happened
      |         office_corridor->office_door step 6/7: 1 chunk(s) of 0.79s, change 6.5, best 6.5, hazards none — one push, so `best` IS the whole leg's travel
      |       step 6/7 bearing  270.1 (got  274.0) 0.79s -> walked 0.79s, best change 6.5
      |         turn to 270.4: NO-OP, already inside 4.0 deg (at 274.0, err -3.7) — nothing was sent, the recorded curve was discarded, and the caller's step line will look like a turn that happened
      |         office_corridor->office_door step 7/7: 1 chunk(s) of 0.42s, change 5.0, best 5.0, hazards none — one push, so `best` IS the whole leg's travel
      |       step 7/7 bearing  270.4 (got  274.0) 0.42s -> walked 0.42s, best change 5.0
      |       step 7 blocked but the scene is MOVING — an NPC in the passage, not a wall
      |       the view is featureless — this is geometry, not a mover; skipping the escape ladder it has never cleared
      |       escape ladder: did NOT clear (best 0.0 PIXELS, against SLIP_PROGRESS_PX 20.0px — NOT against STALL_CHANGE 6.0, which is grey_levels)
      |       step 7 moved only 5.0 grey_levels (< 6.0) over 0.42s — stall score 1
      |       arrived? None  (no appearance reference by design)
      |     leg office_door -> portrait_room
      |         turn to 338.1: TURNED to 339.0 (err -0.9) in 2 push(es)
      |         office_door->portrait_room step 1/16: 1 chunk(s) of 0.79s, change 13.7, best 13.7, hazards none — one push, so `best` IS the whole leg's travel
      |       step 1/16 bearing  338.1 (got  339.0) 0.79s -> walked 0.79s, best change 13.7
      |         turn to 339.2: NO-OP, already inside 4.0 deg (at 339.0, err +0.2) — nothing was sent, the recorded curve was discarded, and the caller's step line will look like a turn that happened
      |         office_door->portrait_room step 2/16: 1 chunk(s) of 0.70s, change 28.6, best 28.6, hazards none — one push, so `best` IS the whole leg's travel
      |       step 2/16 bearing  339.2 (got  339.0) 0.70s -> walked 0.70s, best change 28.6
      |         turn to 347.9: TURNED to 350.6 (err -2.7) in 1 push(es)
      |         office_door->portrait_room step 3/16: 1 chunk(s) of 0.42s, change 27.4, best 27.4, hazards none — one push, so `best` IS the whole leg's travel
      |       step 3/16 bearing  347.9 (got  350.6) 0.42s -> walked 0.42s, best change 27.4
      |         turn to 355.2: TURNED to 356.5 (err -1.4) in 1 push(es)
      |         office_door->portrait_room step 4/16: 1 chunk(s) of 0.79s, change 43.6, best 43.6, hazards none — one push, so `best` IS the whole leg's travel
      |       step 4/16 bearing  355.2 (got  356.5) 0.79s -> walked 0.79s, best change 43.6
      |         turn to 360.0: NO-OP, already inside 4.0 deg (at 356.6, err +3.4) — nothing was sent, the recorded curve was discarded, and the caller's step line will look like a turn that happened
      |         office_door->portrait_room step 5/16: 1 chunk(s) of 0.51s, change 17.4, best 17.4, hazards none — one push, so `best` IS the whole leg's travel
      |       step 5/16 bearing  360.0 (got  356.6) 0.51s -> walked 0.51s, best change 17.4
      |         turn to 8.6: TURNED to 8.4 (err +0.2) in 1 push(es)
      |         office_door->portrait_room step 6/16: 1 chunk(s) of 0.78s, change 19.6, best 19.6, hazards none — one push, so `best` IS the whole leg's travel
      |       step 6/16 bearing    8.6 (got    8.4) 0.78s -> walked 0.78s, best change 19.6
      |         turn to 7.7: NO-OP, already inside 4.0 deg (at 8.3, err -0.6) — nothing was sent, the recorded curve was discarded, and the caller's step line will look like a turn that happened
      |         office_door->portrait_room step 7/16: 1 chunk(s) of 0.78s, change 28.7, best 28.7, hazards none — one push, so `best` IS the whole leg's travel
      |       step 7/16 bearing    7.7 (got    8.3) 0.78s -> walked 0.78s, best change 28.7
      |         turn to 1.7: TURNED to 1.8 (err -0.1) in 1 push(es)
      |         office_door->portrait_room step 8/16: 1 chunk(s) of 0.80s, change 35.6, best 35.6, hazards none — one push, so `best` IS the whole leg's travel
      |       step 8/16 bearing    1.7 (got    1.8) 0.80s -> walked 0.80s, best change 35.6
      |         turn to 359.6: NO-OP, already inside 4.0 deg (at 1.8, err -2.2) — nothing was sent, the recorded curve was discarded, and the caller's step line will look like a turn that happened
      |         office_door->portrait_room step 9/16: 1 chunk(s) of 0.36s, change 15.5, best 15.5, hazards none — one push, so `best` IS the whole leg's travel
      |       step 9/16 bearing  359.6 (got    1.8) 0.36s -> walked 0.36s, best change 15.5
      |         turn to 359.4: NO-OP, already inside 4.0 deg (at 1.8, err -2.4) — nothing was sent, the recorded curve was discarded, and the caller's step line will look like a turn that happened
      |         office_door->portrait_room step 10/16: 1 chunk(s) of 0.78s, change 19.9, best 19.9, hazards none — one push, so `best` IS the whole leg's travel
      |       step 10/16 bearing  359.4 (got    1.8) 0.78s -> walked 0.78s, best change 19.9
      |         turn to 357.9: NO-OP, already inside 4.0 deg (at 1.8, err -4.0) — nothing was sent, the recorded curve was discarded, and the caller's step line will look like a turn that happened
      |         office_door->portrait_room step 11/16: 1 chunk(s) of 0.79s, change 19.2, best 19.2, hazards none — one push, so `best` IS the whole leg's travel
      |       step 11/16 bearing  357.9 (got    1.8) 0.79s -> walked 0.79s, best change 19.2
      |         turn to 358.0: NO-OP, already inside 4.0 deg (at 1.8, err -3.8) — nothing was sent, the recorded curve was discarded, and the caller's step line will look like a turn that happened
      |         office_door->portrait_room step 12/16: 1 chunk(s) of 0.79s, change 22.6, best 22.6, hazards none — one push, so `best` IS the whole leg's travel
      |       step 12/16 bearing  358.0 (got    1.8) 0.79s -> walked 0.79s, best change 22.6
      |         turn to 357.8: TURNED to 357.8 (err +0.0) in 1 push(es)
      |         office_door->portrait_room step 13/16: 1 chunk(s) of 0.79s, change 25.8, best 25.8, hazards none — one push, so `best` IS the whole leg's travel
      |       step 13/16 bearing  357.8 (got  357.8) 0.79s -> walked 0.79s, best change 25.8
      |         turn to 357.9: NO-OP, already inside 4.0 deg (at 357.9, err +0.1) — nothing was sent, the recorded curve was discarded, and the caller's step line will look like a turn that happened
      |         office_door->portrait_room step 14/16: 1 chunk(s) of 0.79s, change 27.8, best 27.8, hazards none — one push, so `best` IS the whole leg's travel
      |       step 14/16 bearing  357.9 (got  357.9) 0.79s -> walked 0.79s, best change 27.8
      |         turn to 0.8: NO-OP, already inside 4.0 deg (at 357.9, err +2.9) — nothing was sent, the recorded curve was discarded, and the caller's step line will look like a turn that happened
      |         office_door->portrait_room step 15/16: 1 chunk(s) of 0.79s, change 22.8, best 22.8, hazards none — one push, so `best` IS the whole leg's travel
      |       step 15/16 bearing    0.8 (got  357.9) 0.79s -> walked 0.79s, best change 22.8
      |         turn to 4.0: TURNED to 2.4 (err +1.6) in 1 push(es)
      |         office_door->portrait_room step 16/16: 1 chunk(s) of 0.36s, change 14.7, best 14.7, hazards none — one push, so `best` IS the whole leg's travel
      |       step 16/16 bearing    4.0 (got    2.4) 0.36s -> walked 0.36s, best change 14.7
      |       arrived? True  (portrait_room 590.000/5.360)
      |         turn to 1.5: TURNED to 1.5 (err -0.1) in 1 push(es)
      |       align at portrait_room: yaw nulled to 1.5 (reference 1.5) — 0.1 deg REMAINING = ~1px of phantom dx still in the dx below
      |       align: within 35px (dx=+10.9) after 0 step(s)
      |       aligned at portrait_room: 11px from the recorded pose
      |       align at portrait_room: dx +10.9px
      |   arrived, but 1 node(s) could not be confirmed on the way: ['office_door'] — each is a hole in the reference set
      |   attempt 2/9 at portrait_room
      |   verified at portrait_room (portrait_room 526.000/4.920)
      |   attempt 1/9 at bar_pool_room
      |   route: portrait_room -> bar_pool_room  (2.0s of walking)
      |     leg portrait_room -> bar_pool_room
      |         turn to 286.6: TURNED to 287.4 (err -0.8) in 2 push(es)
      |         portrait_room->bar_pool_room step 1/4: 1 chunk(s) of 0.16s, change 6.4, best 6.4, hazards none — one push, so `best` IS the whole leg's travel
      |       step 1/4 bearing  286.6 (got  287.4) 0.16s -> walked 0.16s, best change 6.4
      |         turn to 292.2: TURNED to 292.7 (err -0.5) in 1 push(es)
      |         portrait_room->bar_pool_room step 2/4: 1 chunk(s) of 0.79s, change 20.1, best 20.1, hazards none — one push, so `best` IS the whole leg's travel
      |       step 2/4 bearing  292.2 (got  292.7) 0.79s -> walked 0.79s, best change 20.1
      |         turn to 285.6: TURNED to 285.7 (err -0.1) in 1 push(es)
      |         portrait_room->bar_pool_room step 3/4: 1 chunk(s) of 0.80s, change 19.2, best 19.2, hazards none — one push, so `best` IS the whole leg's travel
      |       step 3/4 bearing  285.6 (got  285.7) 0.80s -> walked 0.80s, best change 19.2
      |         turn to 287.6: NO-OP, already inside 4.0 deg (at 285.7, err +1.9) — nothing was sent, the recorded curve was discarded, and the caller's step line will look like a turn that happened
      |         portrait_room->bar_pool_room step 4/4: 1 chunk(s) of 0.23s, change 16.3, best 16.3, hazards none — one push, so `best` IS the whole leg's travel
      |       step 4/4 bearing  287.6 (got  285.7) 0.23s -> walked 0.23s, best change 16.3
      |       arrived? True  (bar_pool_room 276.000/2.560)
      |         turn to 288.2: TURNED to 288.1 (err +0.0) in 1 push(es)
      |       align at bar_pool_room: yaw nulled to 288.1 (reference 288.2) — 0.0 deg REMAINING = ~0px of phantom dx still in the dx below
      |       align: step 1/6 dx=+217.7 (prev --)
      |       align: dx=+217.7 -> strafe right 0.18s
      |       align: step 2/6 dx=+144.4 (prev +217.7)
      |       align: dx=+144.4 -> strafe right 0.12s
      |       align: step 3/6 dx=+86.4 (prev +144.4)
      |       align: dx=+86.4 -> strafe right 0.10s
      |       align: step 4/6 dx=+40.8 (prev +86.4)
      |       align: dx=+40.8 -> strafe right 0.10s
      |       align: within 35px (dx=+5.2) after 4 step(s)
      |       aligned at bar_pool_room: 5px from the recorded pose
      |       align at bar_pool_room: dx +5.2px
      |   attempt 2/9 at bar_pool_room
      |   verified at bar_pool_room (bar_pool_room 586.000/5.050)
      |   attempt 1/9 at bar_jukebox
      |   route: bar_pool_room -> bar_jukebox  (3.3s of walking)
      |     leg bar_pool_room -> bar_jukebox
      |         turn to 2.1: TURNED to 4.6 (err -2.5) in 1 push(es)
      |         bar_pool_room->bar_jukebox step 1/5: 1 chunk(s) of 0.80s, change 19.9, best 19.9, hazards none — one push, so `best` IS the whole leg's travel
      |       step 1/5 bearing    2.1 (got    4.6) 0.80s -> walked 0.80s, best change 19.9
      |         turn to 1.2: TURNED to 0.9 (err +0.3) in 1 push(es)
      |         bar_pool_room->bar_jukebox step 2/5: 1 chunk(s) of 0.79s, change 27.8, best 27.8, hazards none — one push, so `best` IS the whole leg's travel
      |       step 2/5 bearing    1.2 (got    0.9) 0.79s -> walked 0.79s, best change 27.8
      |         turn to 0.8: NO compass reading, abandoned BEFORE turning — the caller's 'got --' is an unread heading, not a heading that was reached
      |         bar_pool_room->bar_jukebox step 3/5: 1 chunk(s) of 0.80s, change 34.4, best 34.4, hazards none — one push, so `best` IS the whole leg's travel
      |       step 3/5 bearing    0.8 (got --) 0.80s -> walked 0.80s, best change 34.4
      |         turn to 359.4: NO-OP, already inside 4.0 deg (at 0.8, err -1.4) — nothing was sent, the recorded curve was discarded, and the caller's step line will look like a turn that happened
      |         bar_pool_room->bar_jukebox step 4/5: 1 chunk(s) of 0.79s, change 31.7, best 31.7, hazards none — one push, so `best` IS the whole leg's travel
      |       step 4/5 bearing  359.4 (got    0.8) 0.79s -> walked 0.79s, best change 31.7
      |         turn to 359.6: NO-OP, already inside 4.0 deg (at 0.8, err -1.2) — nothing was sent, the recorded curve was discarded, and the caller's step line will look like a turn that happened
      |         bar_pool_room->bar_jukebox step 5/5: 1 chunk(s) of 0.14s, change 16.9, best 16.9, hazards none — one push, so `best` IS the whole leg's travel
      |       step 5/5 bearing  359.6 (got    0.8) 0.14s -> walked 0.14s, best change 16.9
      |       arrived? True  (bar_jukebox 592.000/6.960)
      |         turn to 1.0: NO-OP, already inside 0.5 deg (at 0.8, err +0.2) — nothing was sent, the recorded curve was discarded, and the caller's step line will look like a turn that happened
      |       align at bar_jukebox: yaw nulled to 0.8 (reference 1.0) — 0.2 deg REMAINING = ~4px of phantom dx still in the dx below
      |       align: step 1/6 dx=-46.7 (prev --)
      |       align: dx=-46.7 -> strafe left 0.10s
      |       align: within 35px (dx=-2.4) after 1 step(s)
      |       aligned at bar_jukebox: 2px from the recorded pose
      |       align at bar_jukebox: dx +2.4px
      |   attempt 2/9 at bar_jukebox
      |   verified at bar_jukebox (bar_jukebox 1067.000/9.970)
      |   attempt 1/9 at dealer_table
      |   route: bar_jukebox -> dealer_table  (4.1s of walking)
      |     leg bar_jukebox -> dealer_table
      |       swept 19 headings around 74; best ink 0.0230 at 73.640948039138, prompt never appeared
      |       swept 19 headings around 76; best ink 0.0094 at 96.27952649015435, prompt never appeared
      |       swept 19 headings around 77; best ink 0.0058 at 96.65622574331715, prompt never appeared
      |       swept 19 headings around 78; best ink 0.0032 at 157.50431097865598, prompt never appeared
      |       no compass reading, so there is no arc to sweep
      |       stepped 6.8s of a 6.5s budget without finding the prompt
      |       approach_goal: prompt not seen
      |       no compass reading, so there is no arc to sweep
      |       reach_table: GAVE UP
      |       arrived? False  (at_table=False)
      |     STOPPING at leg bar_jukebox -> dealer_table: the destination did not check out, so every leg after this one would be walked from an unknown position
      |   attempt 2/9 at dealer_table
      |       no compass reading — the relocalise sweep did NOT run (this is not 'nothing was recognised')
      |   not at dealer_table and cannot say where this is (unrecognised (67.000/1.220)) — reloading to a known start
      |   pause menu open (selected 'Resume')
      |   selected: Load Last Save
      |   confirmation dialog up (delta 84.0) -> YES
      |   world back after 3.2s, spawn bearing 87 (E)
      |   route: office_corridor -> office_door -> portrait_room -> bar_pool_room -> bar_jukebox -> dealer_table  (25.5s of walking)
      |     leg office_corridor -> office_door
      |         turn to 270.4: TURNED to 269.5 (err +0.9) in 2 push(es)
      |         office_corridor->office_door step 1/7: 1 chunk(s) of 0.79s, change 19.4, best 19.4, hazards none — one push, so `best` IS the whole leg's travel
      |       step 1/7 bearing  270.4 (got  269.5) 0.79s -> walked 0.79s, best change 19.4
      |         turn to 270.1: NO-OP, already inside 4.0 deg (at 269.5, err +0.6) — nothing was sent, the recorded curve was discarded, and the caller's step line will look like a turn that happened
      |         office_corridor->office_door step 2/7: 1 chunk(s) of 0.78s, change 18.1, best 18.1, hazards none — one push, so `best` IS the whole leg's travel
      |       step 2/7 bearing  270.1 (got  269.5) 0.78s -> walked 0.78s, best change 18.1
      |         turn to 270.1: NO-OP, already inside 4.0 deg (at 269.5, err +0.6) — nothing was sent, the recorded curve was discarded, and the caller's step line will look like a turn that happened
      |         office_corridor->office_door step 3/7: 1 chunk(s) of 0.78s, change 13.3, best 13.3, hazards none — one push, so `best` IS the whole leg's travel
      |       step 3/7 bearing  270.1 (got  269.5) 0.78s -> walked 0.78s, best change 13.3
      |         turn to 270.3: NO-OP, already inside 4.0 deg (at 269.5, err +0.7) — nothing was sent, the recorded curve was discarded, and the caller's step line will look like a turn that happened
      |         office_corridor->office_door step 4/7: 1 chunk(s) of 0.78s, change 12.5, best 12.5, hazards none — one push, so `best` IS the whole leg's travel
      |       step 4/7 bearing  270.3 (got  269.5) 0.78s -> walked 0.78s, best change 12.5
      |         turn to 270.1: NO-OP, already inside 4.0 deg (at 269.5, err +0.6) — nothing was sent, the recorded curve was discarded, and the caller's step line will look like a turn that happened
      |         office_corridor->office_door step 5/7: 1 chunk(s) of 0.79s, change 7.8, best 7.8, hazards none — one push, so `best` IS the whole leg's travel
      |       step 5/7 bearing  270.1 (got  269.5) 0.79s -> walked 0.79s, best change 7.8
      |         turn to 270.1: NO-OP, already inside 4.0 deg (at 269.5, err +0.6) — nothing was sent, the recorded curve was discarded, and the caller's step line will look like a turn that happened
      |         office_corridor->office_door step 6/7: 1 chunk(s) of 0.79s, change 6.2, best 6.2, hazards none — one push, so `best` IS the whole leg's travel
      |       step 6/7 bearing  270.1 (got  269.5) 0.79s -> walked 0.79s, best change 6.2
      |         turn to 270.4: NO-OP, already inside 4.0 deg (at 269.5, err +0.8) — nothing was sent, the recorded curve was discarded, and the caller's step line will look like a turn that happened
      |         office_corridor->office_door step 7/7: 1 chunk(s) of 0.42s, change 6.9, best 6.9, hazards none — one push, so `best` IS the whole leg's travel
      |       step 7/7 bearing  270.4 (got  269.5) 0.42s -> walked 0.42s, best change 6.9
      |       arrived? None  (no appearance reference by design)
      |     leg office_door -> portrait_room
      |         turn to 338.1: TURNED to 335.1 (err +3.0) in 1 push(es)
      |         office_door->portrait_room step 1/16: 1 chunk(s) of 0.79s, change 12.0, best 12.0, hazards none — one push, so `best` IS the whole leg's travel
      |       step 1/16 bearing  338.1 (got  335.1) 0.79s -> walked 0.79s, best change 12.0
      |         turn to 339.2: TURNED to 338.7 (err +0.5) in 1 push(es)
      |         office_door->portrait_room step 2/16: 1 chunk(s) of 0.70s, change 13.4, best 13.4, hazards none — one push, so `best` IS the whole leg's travel
      |       step 2/16 bearing  339.2 (got  338.7) 0.70s -> walked 0.70s, best change 13.4
      |         turn to 347.9: TURNED to 347.8 (err +0.1) in 1 push(es)
      |         office_door->portrait_room step 3/16: 1 chunk(s) of 0.42s, change 24.3, best 24.3, hazards none — one push, so `best` IS the whole leg's travel
      |       step 3/16 bearing  347.9 (got  347.8) 0.42s -> walked 0.42s, best change 24.3
      |         turn to 355.2: TURNED to 355.2 (err -0.1) in 1 push(es)
      |         office_door->portrait_room step 4/16: 1 chunk(s) of 0.79s, change 46.6, best 46.6, hazards none — one push, so `best` IS the whole leg's travel
      |       step 4/16 bearing  355.2 (got  355.2) 0.79s -> walked 0.79s, best change 46.6
      |         turn to 360.0: NO compass reading, abandoned BEFORE turning — the caller's 'got --' is an unread heading, not a heading that was reached
      |         office_door->portrait_room step 5/16: 1 chunk(s) of 0.51s, change 32.9, best 32.9, hazards none — one push, so `best` IS the whole leg's travel
      |       step 5/16 bearing  360.0 (got --) 0.51s -> walked 0.51s, best change 32.9
      |         turn to 8.6: TURNED to 5.4 (err +3.2) in 1 push(es)
      |         office_door->portrait_room step 6/16: 1 chunk(s) of 0.78s, change 16.9, best 16.9, hazards none — one push, so `best` IS the whole leg's travel
      |       step 6/16 bearing    8.6 (got    5.4) 0.78s -> walked 0.78s, best change 16.9
      |         turn to 7.7: NO-OP, already inside 4.0 deg (at 5.3, err +2.4) — nothing was sent, the recorded curve was discarded, and the caller's step line will look like a turn that happened
      |         office_door->portrait_room step 7/16: 1 chunk(s) of 0.78s, change 28.0, best 28.0, hazards none — one push, so `best` IS the whole leg's travel
      |       step 7/16 bearing    7.7 (got    5.3) 0.78s -> walked 0.78s, best change 28.0
      |         turn to 1.7: NO-OP, already inside 4.0 deg (at 5.2, err -3.5) — nothing was sent, the recorded curve was discarded, and the caller's step line will look like a turn that happened
      |         office_door->portrait_room step 8/16: 1 chunk(s) of 0.80s, change 32.5, best 32.5, hazards none — one push, so `best` IS the whole leg's travel
      |       step 8/16 bearing    1.7 (got    5.2) 0.80s -> walked 0.80s, best change 32.5
      |         turn to 359.6: TURNED to 0.8 (err -1.2) in 1 push(es)
      |         office_door->portrait_room step 9/16: 1 chunk(s) of 0.36s, change 25.3, best 25.3, hazards none — one push, so `best` IS the whole leg's travel
      |       step 9/16 bearing  359.6 (got    0.8) 0.36s -> walked 0.36s, best change 25.3
      |         turn to 359.4: NO-OP, already inside 4.0 deg (at 0.8, err -1.4) — nothing was sent, the recorded curve was discarded, and the caller's step line will look like a turn that happened
      |         office_door->portrait_room step 10/16: 1 chunk(s) of 0.78s, change 20.8, best 20.8, hazards none — one push, so `best` IS the whole leg's travel
      |       step 10/16 bearing  359.4 (got    0.8) 0.78s -> walked 0.78s, best change 20.8
      |         turn to 357.9: NO-OP, already inside 4.0 deg (at 0.6, err -2.8) — nothing was sent, the recorded curve was discarded, and the caller's step line will look like a turn that happened
      |         office_door->portrait_room step 11/16: 1 chunk(s) of 0.79s, change 20.6, best 20.6, hazards none — one push, so `best` IS the whole leg's travel
      |       step 11/16 bearing  357.9 (got    0.6) 0.79s -> walked 0.79s, best change 20.6
      |         turn to 358.0: NO-OP, already inside 4.0 deg (at 0.7, err -2.6) — nothing was sent, the recorded curve was discarded, and the caller's step line will look like a turn that happened
      |         office_door->portrait_room step 12/16: 1 chunk(s) of 0.79s, change 17.5, best 17.5, hazards none — one push, so `best` IS the whole leg's travel
      |       step 12/16 bearing  358.0 (got    0.7) 0.79s -> walked 0.79s, best change 17.5
      |         turn to 357.8: NO-OP, already inside 4.0 deg (at 0.6, err -2.8) — nothing was sent, the recorded curve was discarded, and the caller's step line will look like a turn that happened
      |         office_door->portrait_room step 13/16: 1 chunk(s) of 0.79s, change 22.5, best 22.5, hazards none — one push, so `best` IS the whole leg's travel
      |       step 13/16 bearing  357.8 (got    0.6) 0.79s -> walked 0.79s, best change 22.5
      |         turn to 357.9: NO-OP, already inside 4.0 deg (at 0.8, err -2.8) — nothing was sent, the recorded curve was discarded, and the caller's step line will look like a turn that happened
      |         office_door->portrait_room step 14/16: 1 chunk(s) of 0.79s, change 27.6, best 27.6, hazards none — one push, so `best` IS the whole leg's travel
      |       step 14/16 bearing  357.9 (got    0.8) 0.79s -> walked 0.79s, best change 27.6
      |         turn to 0.8: NO-OP, already inside 4.0 deg (at 0.7, err +0.2) — nothing was sent, the recorded curve was discarded, and the caller's step line will look like a turn that happened
      |         office_door->portrait_room step 15/16: 1 chunk(s) of 0.79s, change 26.5, best 26.5, hazards none — one push, so `best` IS the whole leg's travel
      |       step 15/16 bearing    0.8 (got    0.7) 0.79s -> walked 0.79s, best change 26.5
      |         turn to 4.0: NO-OP, already inside 4.0 deg (at 0.7, err +3.3) — nothing was sent, the recorded curve was discarded, and the caller's step line will look like a turn that happened
      |         office_door->portrait_room step 16/16: 1 chunk(s) of 0.36s, change 15.5, best 15.5, hazards none — one push, so `best` IS the whole leg's travel
      |       step 16/16 bearing    4.0 (got    0.7) 0.36s -> walked 0.36s, best change 15.5
      |       arrived? True  (portrait_room 738.000/6.420)
      |         turn to 1.5: TURNED to 1.0 (err +0.5) in 2 push(es)
      |       align at portrait_room: yaw nulled to 1.0 (reference 1.5) — 0.5 deg REMAINING = ~9px of phantom dx still in the dx below
      |       align: step 1/6 dx=+36.8 (prev --)
      |       align: dx=+36.8 -> strafe right 0.10s
      |       align: within 35px (dx=-6.9) after 1 step(s)
      |       aligned at portrait_room: 7px from the recorded pose
      |       align at portrait_room: dx +6.9px
      |     leg portrait_room -> bar_pool_room
      |         turn to 286.6: TURNED to 289.9 (err -3.3) in 1 push(es)
      |         portrait_room->bar_pool_room step 1/4: 1 chunk(s) of 0.16s, change 12.8, best 12.8, hazards none — one push, so `best` IS the whole leg's travel
      |       step 1/4 bearing  286.6 (got  289.9) 0.16s -> walked 0.16s, best change 12.8
      |         turn to 292.2: NO-OP, already inside 4.0 deg (at 289.9, err +2.3) — nothing was sent, the recorded curve was discarded, and the caller's step line will look like a turn that happened
      |         portrait_room->bar_pool_room step 2/4: 1 chunk(s) of 0.79s, change 16.3, best 16.3, hazards none — one push, so `best` IS the whole leg's travel
      |       step 2/4 bearing  292.2 (got  289.9) 0.79s -> walked 0.79s, best change 16.3
      |         turn to 285.6: TURNED to 284.8 (err +0.8) in 1 push(es)
      |         portrait_room->bar_pool_room step 3/4: 1 chunk(s) of 0.80s, change 4.6, best 4.6, hazards none — one push, so `best` IS the whole leg's travel
      |       step 3/4 bearing  285.6 (got  284.8) 0.80s -> walked 0.80s, best change 4.6
      |       step 3 blocked but the scene is MOVING — an NPC in the passage, not a wall
      |       waited 2.5s: displaced 2.4px
      |       jump 1: displaced 3.6px
      |       jump 2: displaced 6.0px
      |       slip right: displaced 55.2px
      |       escape ladder: CLEARED by strafe_right (best 55.2 PIXELS, against SLIP_PROGRESS_PX 20.0px — NOT against STALL_CHANGE 6.0, which is grey_levels)
      |         turn to 287.6: NO-OP, already inside 4.0 deg (at 284.8, err +2.8) — nothing was sent, the recorded curve was discarded, and the caller's step line will look like a turn that happened
      |         portrait_room->bar_pool_room step 4/4: 1 chunk(s) of 0.23s, change 9.4, best 9.4, hazards none — one push, so `best` IS the whole leg's travel
      |       step 4/4 bearing  287.6 (got  284.8) 0.23s -> walked 0.23s, best change 9.4
      |       arrived? True  (bar_pool_room 314.000/2.330)
      |         turn to 288.2: TURNED to 288.3 (err -0.1) in 1 push(es)
      |       align at bar_pool_room: yaw nulled to 288.3 (reference 288.2) — 0.1 deg REMAINING = ~2px of phantom dx still in the dx below
      |       align: step 1/6 dx=+158.6 (prev --)
      |       align: dx=+158.6 -> strafe right 0.13s
      |       align: step 2/6 dx=+131.9 (prev +158.6)
      |       align: dx=+131.9 -> strafe right 0.11s
      |       align: step 3/6 dx=+104.3 (prev +131.9)
      |       align: dx=+104.3 -> strafe right 0.10s
      |       align: step 4/6 dx=+66.0 (prev +104.3)
      |       align: dx=+66.0 -> strafe right 0.10s
      |       align: step 5/6 dx=+44.5 (prev +66.0)
      |       align: dx=+44.5 -> strafe right 0.10s
      |       align: dx barely changed (+45 -> +26) — blocked sideways, cannot correct from here
      |       aligned at bar_pool_room: 26px from the recorded pose
      |       align at bar_pool_room: dx +26.1px
      |     leg bar_pool_room -> bar_jukebox
      |         turn to 2.1: TURNED to 3.7 (err -1.6) in 2 push(es)
      |         bar_pool_room->bar_jukebox step 1/5: 1 chunk(s) of 0.80s, change 24.4, best 24.4, hazards none — one push, so `best` IS the whole leg's travel
      |       step 1/5 bearing    2.1 (got    3.7) 0.80s -> walked 0.80s, best change 24.4
      |         turn to 1.2: NO-OP, already inside 4.0 deg (at 3.7, err -2.5) — nothing was sent, the recorded curve was discarded, and the caller's step line will look like a turn that happened
      |         bar_pool_room->bar_jukebox step 2/5: 1 chunk(s) of 0.79s, change 33.4, best 33.4, hazards none — one push, so `best` IS the whole leg's travel
      |       step 2/5 bearing    1.2 (got    3.7) 0.79s -> walked 0.79s, best change 33.4
      |         turn to 0.8: NO-OP, already inside 4.0 deg (at 3.7, err -2.9) — nothing was sent, the recorded curve was discarded, and the caller's step line will look like a turn that happened
      |         bar_pool_room->bar_jukebox step 3/5: 1 chunk(s) of 0.80s, change 21.6, best 21.6, hazards none — one push, so `best` IS the whole leg's travel
      |       step 3/5 bearing    0.8 (got    3.7) 0.80s -> walked 0.80s, best change 21.6
      |         turn to 359.4: TURNED to 0.9 (err -1.5) in 1 push(es)
      |         bar_pool_room->bar_jukebox step 4/5: 1 chunk(s) of 0.79s, change 12.7, best 12.7, hazards none — one push, so `best` IS the whole leg's travel
      |       step 4/5 bearing  359.4 (got    0.9) 0.79s -> walked 0.79s, best change 12.7
      |         turn to 359.6: NO-OP, already inside 4.0 deg (at 0.9, err -1.3) — nothing was sent, the recorded curve was discarded, and the caller's step line will look like a turn that happened
      |         bar_pool_room->bar_jukebox step 5/5: 1 chunk(s) of 0.14s, change 5.0, best 5.0, hazards none — one push, so `best` IS the whole leg's travel
      |       step 5/5 bearing  359.6 (got    0.9) 0.14s -> walked 0.14s, best change 5.0
      |       step 5 blocked but the scene is MOVING — an NPC in the passage, not a wall
      |       waited 2.5s: displaced 39.4px
      |       escape ladder: CLEARED by wait (best 39.4 PIXELS, against SLIP_PROGRESS_PX 20.0px — NOT against STALL_CHANGE 6.0, which is grey_levels)
      |       recovery fan did not find bar_jukebox
      |       arrived? None  (unverified, abstained (28.000/1.000))
      |     leg bar_jukebox -> dealer_table
      |       swept 19 headings around 76; best ink 0.0015 at 16.373416565633192, prompt never appeared
      |       swept 19 headings around 74; best ink 0.0000 at None, prompt never appeared
      |       no compass reading, so there is no arc to sweep
      |       swept 19 headings around 76; best ink 0.0052 at 295.7349915404229, prompt never appeared
      |       swept 19 headings around 76; best ink 0.0005 at 296.0457125466789, prompt never appeared
      |       stepped 6.8s of a 6.5s budget without finding the prompt
      |       approach_goal: prompt not seen
      |       swept 19 headings around 74; best ink 0.0000 at None, prompt never appeared
      |       reach_table: GAVE UP
      |       arrived? False  (at_table=False)
      |     STOPPING at leg bar_jukebox -> dealer_table: the destination did not check out, so every leg after this one would be walked from an unknown position
      |   attempt 3/9 at dealer_table
      |   not at dealer_table and cannot say where this is (unrecognised (75.000/1.120)) — reloading to a known start
      |   pause menu open (selected 'Resume')
      |   selected: Load Last Save
      |   confirmation dialog up (delta 82.1) -> YES
      |   world back after 3.2s, spawn bearing 87 (E)
      |   route: office_corridor -> office_door -> portrait_room -> bar_pool_room -> bar_jukebox -> dealer_table  (25.5s of walking)
      |     leg office_corridor -> office_door
      |         turn to 270.4: TURNED to 270.3 (err +0.1) in 2 push(es)
      |         office_corridor->office_door step 1/7: 1 chunk(s) of 0.79s, change 19.0, best 19.0, hazards none — one push, so `best` IS the whole leg's travel
      |       step 1/7 bearing  270.4 (got  270.3) 0.79s -> walked 0.79s, best change 19.0
      |         turn to 270.1: NO-OP, already inside 4.0 deg (at 270.3, err -0.2) — nothing was sent, the recorded curve was discarded, and the caller's step line will look like a turn that happened
      |         office_corridor->office_door step 2/7: 1 chunk(s) of 0.78s, change 19.4, best 19.4, hazards none — one push, so `best` IS the whole leg's travel
      |       step 2/7 bearing  270.1 (got  270.3) 0.78s -> walked 0.78s, best change 19.4
      |         turn to 270.1: NO-OP, already inside 4.0 deg (at 270.3, err -0.2) — nothing was sent, the recorded curve was discarded, and the caller's step line will look like a turn that happened
      |         office_corridor->office_door step 3/7: 1 chunk(s) of 0.78s, change 15.3, best 15.3, hazards none — one push, so `best` IS the whole leg's travel
      |       step 3/7 bearing  270.1 (got  270.3) 0.78s -> walked 0.78s, best change 15.3
      |         turn to 270.3: NO-OP, already inside 4.0 deg (at 270.3, err -0.1) — nothing was sent, the recorded curve was discarded, and the caller's step line will look like a turn that happened
      |         office_corridor->office_door step 4/7: 1 chunk(s) of 0.78s, change 10.1, best 10.1, hazards none — one push, so `best` IS the whole leg's travel
      |       step 4/7 bearing  270.3 (got  270.3) 0.78s -> walked 0.78s, best change 10.1
      |         turn to 270.1: NO-OP, already inside 4.0 deg (at 270.3, err -0.2) — nothing was sent, the recorded curve was discarded, and the caller's step line will look like a turn that happened
      |         office_corridor->office_door step 5/7: 1 chunk(s) of 0.79s, change 8.3, best 8.3, hazards none — one push, so `best` IS the whole leg's travel
      |       step 5/7 bearing  270.1 (got  270.3) 0.79s -> walked 0.79s, best change 8.3
      |         turn to 270.1: NO-OP, already inside 4.0 deg (at 270.3, err -0.2) — nothing was sent, the recorded curve was discarded, and the caller's step line will look like a turn that happened
      |         office_corridor->office_door step 6/7: 1 chunk(s) of 0.79s, change 7.9, best 7.9, hazards none — one push, so `best` IS the whole leg's travel
      |       step 6/7 bearing  270.1 (got  270.3) 0.79s -> walked 0.79s, best change 7.9
      |         turn to 270.4: NO-OP, already inside 4.0 deg (at 270.3, err +0.0) — nothing was sent, the recorded curve was discarded, and the caller's step line will look like a turn that happened
      |         office_corridor->office_door step 7/7: 1 chunk(s) of 0.42s, change 7.1, best 7.1, hazards none — one push, so `best` IS the whole leg's travel
      |       step 7/7 bearing  270.4 (got  270.3) 0.42s -> walked 0.42s, best change 7.1
      |       arrived? None  (no appearance reference by design)
      |     leg office_door -> portrait_room
      |         turn to 338.1: TURNED to 337.6 (err +0.5) in 2 push(es)
      |         office_door->portrait_room step 1/16: 1 chunk(s) of 0.79s, change 12.1, best 12.1, hazards none — one push, so `best` IS the whole leg's travel
      |       step 1/16 bearing  338.1 (got  337.6) 0.79s -> walked 0.79s, best change 12.1
      |         turn to 339.2: NO-OP, already inside 4.0 deg (at 337.6, err +1.6) — nothing was sent, the recorded curve was discarded, and the caller's step line will look like a turn that happened
      |         office_door->portrait_room step 2/16: 1 chunk(s) of 0.70s, change 18.7, best 18.7, hazards none — one push, so `best` IS the whole leg's travel
      |       step 2/16 bearing  339.2 (got  337.6) 0.70s -> walked 0.70s, best change 18.7
      |         turn to 347.9: TURNED to 346.2 (err +1.7) in 1 push(es)
      |         office_door->portrait_room step 3/16: 1 chunk(s) of 0.42s, change 21.8, best 21.8, hazards none — one push, so `best` IS the whole leg's travel
      |       step 3/16 bearing  347.9 (got  346.2) 0.42s -> walked 0.42s, best change 21.8
      |         turn to 355.2: TURNED to 353.5 (err +1.6) in 1 push(es)
      |         office_door->portrait_room step 4/16: 1 chunk(s) of 0.79s, change 43.7, best 43.7, hazards none — one push, so `best` IS the whole leg's travel
      |       step 4/16 bearing  355.2 (got  353.5) 0.79s -> walked 0.79s, best change 43.7
      |         turn to 360.0: TURNED to 1.6 (err -1.6) in 1 push(es)
      |         office_door->portrait_room step 5/16: 1 chunk(s) of 0.51s, change 28.0, best 28.0, hazards none — one push, so `best` IS the whole leg's travel
      |       step 5/16 bearing  360.0 (got    1.6) 0.51s -> walked 0.51s, best change 28.0
      |         turn to 8.6: TURNED to 7.9 (err +0.6) in 1 push(es)
      |         office_door->portrait_room step 6/16: 1 chunk(s) of 0.78s, change 18.1, best 18.1, hazards none — one push, so `best` IS the whole leg's travel
      |       step 6/16 bearing    8.6 (got    7.9) 0.78s -> walked 0.78s, best change 18.1
      |         turn to 7.7: NO-OP, already inside 4.0 deg (at 7.9, err -0.2) — nothing was sent, the recorded curve was discarded, and the caller's step line will look like a turn that happened
      |         office_door->portrait_room step 7/16: 1 chunk(s) of 0.78s, change 29.5, best 29.5, hazards none — one push, so `best` IS the whole leg's travel
      |       step 7/16 bearing    7.7 (got    7.9) 0.78s -> walked 0.78s, best change 29.5
      |         turn to 1.7: TURNED to 0.5 (err +1.2) in 1 push(es)
      |         office_door->portrait_room step 8/16: 1 chunk(s) of 0.80s, change 32.8, best 32.8, hazards none — one push, so `best` IS the whole leg's travel
      |       step 8/16 bearing    1.7 (got    0.5) 0.80s -> walked 0.80s, best change 32.8
      |         turn to 359.6: NO-OP, already inside 4.0 deg (at 0.5, err -0.8) — nothing was sent, the recorded curve was discarded, and the caller's step line will look like a turn that happened
      |         office_door->portrait_room step 9/16: 1 chunk(s) of 0.36s, change 16.8, best 16.8, hazards none — one push, so `best` IS the whole leg's travel
      |       step 9/16 bearing  359.6 (got    0.5) 0.36s -> walked 0.36s, best change 16.8
      |         turn to 359.4: NO-OP, already inside 4.0 deg (at 0.5, err -1.1) — nothing was sent, the recorded curve was discarded, and the caller's step line will look like a turn that happened
      |         office_door->portrait_room step 10/16: 1 chunk(s) of 0.78s, change 18.9, best 18.9, hazards none — one push, so `best` IS the whole leg's travel
      |       step 10/16 bearing  359.4 (got    0.5) 0.78s -> walked 0.78s, best change 18.9
      |         turn to 357.9: NO-OP, already inside 4.0 deg (at 0.5, err -2.7) — nothing was sent, the recorded curve was discarded, and the caller's step line will look like a turn that happened
      |         office_door->portrait_room step 11/16: 1 chunk(s) of 0.79s, change 20.3, best 20.3, hazards none — one push, so `best` IS the whole leg's travel
      |       step 11/16 bearing  357.9 (got    0.5) 0.79s -> walked 0.79s, best change 20.3
      |         turn to 358.0: NO-OP, already inside 4.0 deg (at 0.5, err -2.5) — nothing was sent, the recorded curve was discarded, and the caller's step line will look like a turn that happened
      |         office_door->portrait_room step 12/16: 1 chunk(s) of 0.79s, change 19.9, best 19.9, hazards none — one push, so `best` IS the whole leg's travel
      |       step 12/16 bearing  358.0 (got    0.5) 0.79s -> walked 0.79s, best change 19.9
      |         turn to 357.8: NO-OP, already inside 4.0 deg (at 0.5, err -2.7) — nothing was sent, the recorded curve was discarded, and the caller's step line will look like a turn that happened
      |         office_door->portrait_room step 13/16: 1 chunk(s) of 0.79s, change 25.3, best 25.3, hazards none — one push, so `best` IS the whole leg's travel
      |       step 13/16 bearing  357.8 (got    0.5) 0.79s -> walked 0.79s, best change 25.3
      |         turn to 357.9: NO-OP, already inside 4.0 deg (at 0.5, err -2.6) — nothing was sent, the recorded curve was discarded, and the caller's step line will look like a turn that happened
      |         office_door->portrait_room step 14/16: 1 chunk(s) of 0.79s, change 29.3, best 29.3, hazards none — one push, so `best` IS the whole leg's travel
      |       step 14/16 bearing  357.9 (got    0.5) 0.79s -> walked 0.79s, best change 29.3
      |         turn to 0.8: NO-OP, already inside 4.0 deg (at 0.5, err +0.4) — nothing was sent, the recorded curve was discarded, and the caller's step line will look like a turn that happened
      |         office_door->portrait_room step 15/16: 1 chunk(s) of 0.79s, change 25.9, best 25.9, hazards none — one push, so `best` IS the whole leg's travel
      |       step 15/16 bearing    0.8 (got    0.5) 0.79s -> walked 0.79s, best change 25.9
      |         turn to 4.0: NO-OP, already inside 4.0 deg (at 0.5, err +3.4) — nothing was sent, the recorded curve was discarded, and the caller's step line will look like a turn that happened
      |         office_door->portrait_room step 16/16: 1 chunk(s) of 0.36s, change 15.5, best 15.5, hazards none — one push, so `best` IS the whole leg's travel
      |       step 16/16 bearing    4.0 (got    0.5) 0.36s -> walked 0.36s, best change 15.5
      |       arrived? True  (portrait_room 634.000/5.660)
      |         turn to 1.5: TURNED to 1.8 (err -0.4) in 1 push(es)
      |       align at portrait_room: yaw nulled to 1.8 (reference 1.5) — 0.4 deg REMAINING = ~7px of phantom dx still in the dx below
      |       align: within 35px (dx=-10.0) after 0 step(s)
      |       aligned at portrait_room: 10px from the recorded pose
      |       align at portrait_room: dx +10.0px
      |     leg portrait_room -> bar_pool_room
      |         turn to 286.6: TURNED to 288.1 (err -1.5) in 2 push(es)
      |         portrait_room->bar_pool_room step 1/4: 1 chunk(s) of 0.16s, change 10.3, best 10.3, hazards none — one push, so `best` IS the whole leg's travel
      |       step 1/4 bearing  286.6 (got  288.1) 0.16s -> walked 0.16s, best change 10.3
      |         turn to 292.2: TURNED to 293.6 (err -1.4) in 1 push(es)
      |         portrait_room->bar_pool_room step 2/4: 1 chunk(s) of 0.79s, change 20.1, best 20.1, hazards none — one push, so `best` IS the whole leg's travel
      |       step 2/4 bearing  292.2 (got  293.6) 0.79s -> walked 0.79s, best change 20.1
      |         turn to 285.6: TURNED to 289.0 (err -3.4) in 1 push(es)
      |         portrait_room->bar_pool_room step 3/4: 1 chunk(s) of 0.80s, change 21.9, best 21.9, hazards none — one push, so `best` IS the whole leg's travel
      |       step 3/4 bearing  285.6 (got  289.0) 0.80s -> walked 0.80s, best change 21.9
      |         turn to 287.6: NO-OP, already inside 4.0 deg (at 288.9, err -1.3) — nothing was sent, the recorded curve was discarded, and the caller's step line will look like a turn that happened
      |         portrait_room->bar_pool_room step 4/4: 1 chunk(s) of 0.23s, change 16.8, best 16.8, hazards none — one push, so `best` IS the whole leg's travel
      |       step 4/4 bearing  287.6 (got  288.9) 0.23s -> walked 0.23s, best change 16.8
      |       arrived? True  (bar_pool_room 344.000/2.460)
      |         turn to 288.2: TURNED to 287.8 (err +0.4) in 1 push(es)
      |       align at bar_pool_room: yaw nulled to 287.8 (reference 288.2) — 0.4 deg REMAINING = ~7px of phantom dx still in the dx below
      |       align: step 1/6 dx=+195.6 (prev --)
      |       align: dx=+195.6 -> strafe right 0.16s
      |       align: step 2/6 dx=+128.4 (prev +195.6)
      |       align: dx=+128.4 -> strafe right 0.11s
      |       align: step 3/6 dx=+82.9 (prev +128.4)
      |       align: dx=+82.9 -> strafe right 0.10s
      |       align: step 4/6 dx=+37.3 (prev +82.9)
      |       align: dx=+37.3 -> strafe right 0.10s
      |       align: within 35px (dx=-8.6) after 4 step(s)
      |       aligned at bar_pool_room: 9px from the recorded pose
      |       align at bar_pool_room: dx +8.6px
      |     leg bar_pool_room -> bar_jukebox
      |         turn to 2.1: TURNED to 3.1 (err -1.1) in 1 push(es)
      |         bar_pool_room->bar_jukebox step 1/5: 1 chunk(s) of 0.80s, change 21.8, best 21.8, hazards none — one push, so `best` IS the whole leg's travel
      |       step 1/5 bearing    2.1 (got    3.1) 0.80s -> walked 0.80s, best change 21.8
      |         turn to 1.2: NO-OP, already inside 4.0 deg (at 3.1, err -1.9) — nothing was sent, the recorded curve was discarded, and the caller's step line will look like a turn that happened
      |         bar_pool_room->bar_jukebox step 2/5: 1 chunk(s) of 0.79s, change 27.8, best 27.8, hazards none — one push, so `best` IS the whole leg's travel
      |       step 2/5 bearing    1.2 (got    3.1) 0.79s -> walked 0.79s, best change 27.8
      |         turn to 0.8: NO-OP, already inside 4.0 deg (at 3.1, err -2.4) — nothing was sent, the recorded curve was discarded, and the caller's step line will look like a turn that happened
      |         bar_pool_room->bar_jukebox step 3/5: 1 chunk(s) of 0.80s, change 32.0, best 32.0, hazards none — one push, so `best` IS the whole leg's travel
      |       step 3/5 bearing    0.8 (got    3.1) 0.80s -> walked 0.80s, best change 32.0
      |         turn to 359.4: NO-OP, already inside 4.0 deg (at 3.1, err -3.7) — nothing was sent, the recorded curve was discarded, and the caller's step line will look like a turn that happened
      |         bar_pool_room->bar_jukebox step 4/5: 1 chunk(s) of 0.79s, change 29.2, best 29.2, hazards none — one push, so `best` IS the whole leg's travel
      |       step 4/5 bearing  359.4 (got    3.1) 0.79s -> walked 0.79s, best change 29.2
      |         turn to 359.6: NO-OP, already inside 4.0 deg (at 3.1, err -3.5) — nothing was sent, the recorded curve was discarded, and the caller's step line will look like a turn that happened
      |         bar_pool_room->bar_jukebox step 5/5: 1 chunk(s) of 0.14s, change 9.4, best 9.4, hazards none — one push, so `best` IS the whole leg's travel
      |       step 5/5 bearing  359.6 (got    3.1) 0.14s -> walked 0.14s, best change 9.4
      |       arrived? True  (bar_jukebox 737.000/7.760)
      |         turn to 1.0: TURNED to 0.7 (err +0.3) in 2 push(es)
      |       align at bar_jukebox: yaw nulled to 0.7 (reference 1.0) — 0.3 deg REMAINING = ~6px of phantom dx still in the dx below
      |       align: step 1/6 dx=-82.1 (prev --)
      |       align: dx=-82.1 -> strafe left 0.10s
      |       align: step 2/6 dx=-39.4 (prev +82.1)
      |       align: dx=-39.4 -> strafe left 0.10s
      |       align: within 35px (dx=+0.0) after 2 step(s)
      |       aligned at bar_jukebox: 0px from the recorded pose
      |       align at bar_jukebox: dx +0.0px
      |     leg bar_jukebox -> dealer_table
      |       swept 19 headings around 76; best ink 0.0228 at 75.9574168246389, prompt never appeared
      |       swept 19 headings around 75; best ink 0.0067 at 95.48885077186965, prompt never appeared
      |       swept 19 headings around 77; best ink 0.0006 at 157.12206720491938, prompt never appeared
      |       swept 19 headings around 75; best ink 0.0006 at 34.518534866452754, prompt never appeared
      |       swept 19 headings around 77; best ink 0.0003 at 56.536009919331335, prompt never appeared
      |       stepped 6.8s of a 6.5s budget without finding the prompt
      |       approach_goal: prompt not seen
      |       swept 19 headings around 150; best ink 0.0002 at 69.66716611376694, prompt never appeared
      |       reach_table: GAVE UP
      |       arrived? False  (at_table=False)
      |     STOPPING at leg bar_jukebox -> dealer_table: the destination did not check out, so every leg after this one would be walked from an unknown position
      |   attempt 4/9 at dealer_table
      |       no compass reading — the relocalise sweep did NOT run (this is not 'nothing was recognised')
      |   not at dealer_table and cannot say where this is (unrecognised (46.000/1.070)) — reloading to a known start
      |   pause menu open (selected 'Resume')
      |   selected: Load Last Save
      |   confirmation dialog up (delta 84.8) -> YES
      |   world back after 3.3s, spawn bearing 87 (E)
      |   route: office_corridor -> office_door -> portrait_room -> bar_pool_room -> bar_jukebox -> dealer_table  (25.5s of walking)
      |     leg office_corridor -> office_door
      |         turn to 270.4: TURNED to 271.1 (err -0.7) in 2 push(es)
      |         office_corridor->office_door step 1/7: 1 chunk(s) of 0.79s, change 19.0, best 19.0, hazards none — one push, so `best` IS the whole leg's travel
      |       step 1/7 bearing  270.4 (got  271.1) 0.79s -> walked 0.79s, best change 19.0
      |         turn to 270.1: NO-OP, already inside 4.0 deg (at 271.1, err -0.9) — nothing was sent, the recorded curve was discarded, and the caller's step line will look like a turn that happened
      |         office_corridor->office_door step 2/7: 1 chunk(s) of 0.78s, change 18.9, best 18.9, hazards none — one push, so `best` IS the whole leg's travel
      |       step 2/7 bearing  270.1 (got  271.1) 0.78s -> walked 0.78s, best change 18.9
      |         turn to 270.1: NO-OP, already inside 4.0 deg (at 271.1, err -1.0) — nothing was sent, the recorded curve was discarded, and the caller's step line will look like a turn that happened
      |         office_corridor->office_door step 3/7: 1 chunk(s) of 0.78s, change 14.5, best 14.5, hazards none — one push, so `best` IS the whole leg's travel
      |       step 3/7 bearing  270.1 (got  271.1) 0.78s -> walked 0.78s, best change 14.5
      |         turn to 270.3: NO-OP, already inside 4.0 deg (at 271.1, err -0.8) — nothing was sent, the recorded curve was discarded, and the caller's step line will look like a turn that happened
      |         office_corridor->office_door step 4/7: 1 chunk(s) of 0.78s, change 11.1, best 11.1, hazards none — one push, so `best` IS the whole leg's travel
      |       step 4/7 bearing  270.3 (got  271.1) 0.78s -> walked 0.78s, best change 11.1
      |         turn to 270.1: NO-OP, already inside 4.0 deg (at 271.1, err -1.0) — nothing was sent, the recorded curve was discarded, and the caller's step line will look like a turn that happened
      |         office_corridor->office_door step 5/7: 1 chunk(s) of 0.79s, change 9.3, best 9.3, hazards none — one push, so `best` IS the whole leg's travel
      |       step 5/7 bearing  270.1 (got  271.1) 0.79s -> walked 0.79s, best change 9.3
      |         turn to 270.1: NO-OP, already inside 4.0 deg (at 271.1, err -1.0) — nothing was sent, the recorded curve was discarded, and the caller's step line will look like a turn that happened
      |         office_corridor->office_door step 6/7: 1 chunk(s) of 0.79s, change 7.1, best 7.1, hazards none — one push, so `best` IS the whole leg's travel
      |       step 6/7 bearing  270.1 (got  271.1) 0.79s -> walked 0.79s, best change 7.1
      |         turn to 270.4: NO-OP, already inside 4.0 deg (at 271.1, err -0.8) — nothing was sent, the recorded curve was discarded, and the caller's step line will look like a turn that happened
      |         office_corridor->office_door step 7/7: 1 chunk(s) of 0.42s, change 7.2, best 7.2, hazards none — one push, so `best` IS the whole leg's travel
      |       step 7/7 bearing  270.4 (got  271.1) 0.42s -> walked 0.42s, best change 7.2
      |       arrived? None  (no appearance reference by design)
      |     leg office_door -> portrait_room
      |         turn to 338.1: TURNED to 336.7 (err +1.4) in 1 push(es)
      |         office_door->portrait_room step 1/16: 1 chunk(s) of 0.79s, change 11.5, best 11.5, hazards none — one push, so `best` IS the whole leg's travel
      |       step 1/16 bearing  338.1 (got  336.7) 0.79s -> walked 0.79s, best change 11.5
      |         turn to 339.2: NO-OP, already inside 4.0 deg (at 336.7, err +2.5) — nothing was sent, the recorded curve was discarded, and the caller's step line will look like a turn that happened
      |         office_door->portrait_room step 2/16: 1 chunk(s) of 0.70s, change 17.4, best 17.4, hazards none — one push, so `best` IS the whole leg's travel
      |       step 2/16 bearing  339.2 (got  336.7) 0.70s -> walked 0.70s, best change 17.4
      |         turn to 347.9: TURNED to 347.6 (err +0.3) in 1 push(es)
      |         office_door->portrait_room step 3/16: 1 chunk(s) of 0.42s, change 24.9, best 24.9, hazards none — one push, so `best` IS the whole leg's travel
      |       step 3/16 bearing  347.9 (got  347.6) 0.42s -> walked 0.42s, best change 24.9
      |         turn to 355.2: TURNED to 354.4 (err +0.8) in 1 push(es)
      |         office_door->portrait_room step 4/16: 1 chunk(s) of 0.79s, change 46.2, best 46.2, hazards none — one push, so `best` IS the whole leg's travel
      |       step 4/16 bearing  355.2 (got  354.4) 0.79s -> walked 0.79s, best change 46.2
      |         turn to 360.0: TURNED to 2.3 (err -2.3) in 1 push(es)
      |         office_door->portrait_room step 5/16: 1 chunk(s) of 0.51s, change 27.3, best 27.3, hazards none — one push, so `best` IS the whole leg's travel
      |       step 5/16 bearing  360.0 (got    2.3) 0.51s -> walked 0.51s, best change 27.3
      |         turn to 8.6: TURNED to 8.8 (err -0.2) in 1 push(es)
      |         office_door->portrait_room step 6/16: 1 chunk(s) of 0.78s, change 17.9, best 17.9, hazards none — one push, so `best` IS the whole leg's travel
      |       step 6/16 bearing    8.6 (got    8.8) 0.78s -> walked 0.78s, best change 17.9
      |         turn to 7.7: NO-OP, already inside 4.0 deg (at 8.8, err -1.0) — nothing was sent, the recorded curve was discarded, and the caller's step line will look like a turn that happened
      |         office_door->portrait_room step 7/16: 1 chunk(s) of 0.78s, change 31.1, best 31.1, hazards none — one push, so `best` IS the whole leg's travel
      |       step 7/16 bearing    7.7 (got    8.8) 0.78s -> walked 0.78s, best change 31.1
      |         turn to 1.7: TURNED to 1.1 (err +0.6) in 1 push(es)
      |         office_door->portrait_room step 8/16: 1 chunk(s) of 0.80s, change 34.6, best 34.6, hazards none — one push, so `best` IS the whole leg's travel
      |       step 8/16 bearing    1.7 (got    1.1) 0.80s -> walked 0.80s, best change 34.6
      |         turn to 359.6: NO-OP, already inside 4.0 deg (at 1.1, err -1.5) — nothing was sent, the recorded curve was discarded, and the caller's step line will look like a turn that happened
      |         office_door->portrait_room step 9/16: 1 chunk(s) of 0.36s, change 16.9, best 16.9, hazards none — one push, so `best` IS the whole leg's travel
      |       step 9/16 bearing  359.6 (got    1.1) 0.36s -> walked 0.36s, best change 16.9
      |         turn to 359.4: NO-OP, already inside 4.0 deg (at 1.1, err -1.8) — nothing was sent, the recorded curve was discarded, and the caller's step line will look like a turn that happened
      |         office_door->portrait_room step 10/16: 1 chunk(s) of 0.78s, change 20.1, best 20.1, hazards none — one push, so `best` IS the whole leg's travel
      |       step 10/16 bearing  359.4 (got    1.1) 0.78s -> walked 0.78s, best change 20.1
      |         turn to 357.9: NO-OP, already inside 4.0 deg (at 1.2, err -3.3) — nothing was sent, the recorded curve was discarded, and the caller's step line will look like a turn that happened
      |         office_door->portrait_room step 11/16: 1 chunk(s) of 0.79s, change 18.1, best 18.1, hazards none — one push, so `best` IS the whole leg's travel
      |       step 11/16 bearing  357.9 (got    1.2) 0.79s -> walked 0.79s, best change 18.1
      |         turn to 358.0: NO-OP, already inside 4.0 deg (at 1.1, err -3.1) — nothing was sent, the recorded curve was discarded, and the caller's step line will look like a turn that happened
      |         office_door->portrait_room step 12/16: 1 chunk(s) of 0.79s, change 20.1, best 20.1, hazards none — one push, so `best` IS the whole leg's travel
      |       step 12/16 bearing  358.0 (got    1.1) 0.79s -> walked 0.79s, best change 20.1
      |         turn to 357.8: NO-OP, already inside 4.0 deg (at 1.1, err -3.2) — nothing was sent, the recorded curve was discarded, and the caller's step line will look like a turn that happened
      |         office_door->portrait_room step 13/16: 1 chunk(s) of 0.79s, change 25.5, best 25.5, hazards none — one push, so `best` IS the whole leg's travel
      |       step 13/16 bearing  357.8 (got    1.1) 0.79s -> walked 0.79s, best change 25.5
      |         turn to 357.9: NO-OP, already inside 4.0 deg (at 1.1, err -3.2) — nothing was sent, the recorded curve was discarded, and the caller's step line will look like a turn that happened
      |         office_door->portrait_room step 14/16: 1 chunk(s) of 0.79s, change 27.5, best 27.5, hazards none — one push, so `best` IS the whole leg's travel
      |       step 14/16 bearing  357.9 (got    1.1) 0.79s -> walked 0.79s, best change 27.5
      |         turn to 0.8: NO-OP, already inside 4.0 deg (at 1.2, err -0.3) — nothing was sent, the recorded curve was discarded, and the caller's step line will look like a turn that happened
      |         office_door->portrait_room step 15/16: 1 chunk(s) of 0.79s, change 25.0, best 25.0, hazards none — one push, so `best` IS the whole leg's travel
      |       step 15/16 bearing    0.8 (got    1.2) 0.79s -> walked 0.79s, best change 25.0
      |         turn to 4.0: NO-OP, already inside 4.0 deg (at 1.2, err +2.8) — nothing was sent, the recorded curve was discarded, and the caller's step line will look like a turn that happened
      |         office_door->portrait_room step 16/16: 1 chunk(s) of 0.36s, change 15.8, best 15.8, hazards none — one push, so `best` IS the whole leg's travel
      |       step 16/16 bearing    4.0 (got    1.2) 0.36s -> walked 0.36s, best change 15.8
      |       arrived? True  (portrait_room 588.000/5.500)
      |         turn to 1.5: NO-OP, already inside 0.5 deg (at 1.1, err +0.3) — nothing was sent, the recorded curve was discarded, and the caller's step line will look like a turn that happened
      |       align at portrait_room: yaw nulled to 1.1 (reference 1.5) — 0.3 deg REMAINING = ~6px of phantom dx still in the dx below
      |       align: within 35px (dx=+4.9) after 0 step(s)
      |       aligned at portrait_room: 5px from the recorded pose
      |       align at portrait_room: dx +4.9px
      |     leg portrait_room -> bar_pool_room
      |         turn to 286.6: TURNED to 287.7 (err -1.1) in 1 push(es)
      |         portrait_room->bar_pool_room step 1/4: 1 chunk(s) of 0.16s, change 8.2, best 8.2, hazards none — one push, so `best` IS the whole leg's travel
      |       step 1/4 bearing  286.6 (got  287.7) 0.16s -> walked 0.16s, best change 8.2
      |         turn to 292.2: TURNED to 293.1 (err -0.9) in 1 push(es)
      |         portrait_room->bar_pool_room step 2/4: 1 chunk(s) of 0.79s, change 17.7, best 17.7, hazards none — one push, so `best` IS the whole leg's travel
      |       step 2/4 bearing  292.2 (got  293.1) 0.79s -> walked 0.79s, best change 17.7
      |         turn to 285.6: TURNED to 288.7 (err -3.1) in 1 push(es)
      |         portrait_room->bar_pool_room step 3/4: 1 chunk(s) of 0.80s, change 19.0, best 19.0, hazards none — one push, so `best` IS the whole leg's travel
      |       step 3/4 bearing  285.6 (got  288.7) 0.80s -> walked 0.80s, best change 19.0
      |         turn to 287.6: NO-OP, already inside 4.0 deg (at 288.7, err -1.1) — nothing was sent, the recorded curve was discarded, and the caller's step line will look like a turn that happened
      |         portrait_room->bar_pool_room step 4/4: 1 chunk(s) of 0.23s, change 12.5, best 12.5, hazards none — one push, so `best` IS the whole leg's travel
      |       step 4/4 bearing  287.6 (got  288.7) 0.23s -> walked 0.23s, best change 12.5
      |       arrived? True  (bar_pool_room 647.000/5.390)
      |         turn to 288.2: TURNED to 288.3 (err -0.1) in 1 push(es)
      |       align at bar_pool_room: yaw nulled to 288.3 (reference 288.2) — 0.1 deg REMAINING = ~2px of phantom dx still in the dx below
      |       align: step 1/6 dx=+138.9 (prev --)
      |       align: dx=+138.9 -> strafe right 0.12s
      |       align: step 2/6 dx=+86.0 (prev +138.9)
      |       align: dx=+86.0 -> strafe right 0.10s
      |       align: step 3/6 dx=+53.6 (prev +86.0)
      |       align: dx=+53.6 -> strafe right 0.10s
      |       align: within 35px (dx=+10.4) after 3 step(s)
      |       aligned at bar_pool_room: 10px from the recorded pose
      |       align at bar_pool_room: dx +10.4px
      |     leg bar_pool_room -> bar_jukebox
      |         turn to 2.1: TURNED to 1.1 (err +1.0) in 1 push(es)
      |         bar_pool_room->bar_jukebox step 1/5: 1 chunk(s) of 0.80s, change 21.0, best 21.0, hazards none — one push, so `best` IS the whole leg's travel
      |       step 1/5 bearing    2.1 (got    1.1) 0.80s -> walked 0.80s, best change 21.0
      |         turn to 1.2: NO-OP, already inside 4.0 deg (at 1.1, err +0.1) — nothing was sent, the recorded curve was discarded, and the caller's step line will look like a turn that happened
      |         bar_pool_room->bar_jukebox step 2/5: 1 chunk(s) of 0.79s, change 10.7, best 10.7, hazards none — one push, so `best` IS the whole leg's travel
      |       step 2/5 bearing    1.2 (got    1.1) 0.79s -> walked 0.79s, best change 10.7
      |         turn to 0.8: NO-OP, already inside 4.0 deg (at 1.1, err -0.4) — nothing was sent, the recorded curve was discarded, and the caller's step line will look like a turn that happened
      |         bar_pool_room->bar_jukebox step 3/5: 1 chunk(s) of 0.80s, change 22.0, best 22.0, hazards none — one push, so `best` IS the whole leg's travel
      |       step 3/5 bearing    0.8 (got    1.1) 0.80s -> walked 0.80s, best change 22.0
      |         turn to 359.4: NO-OP, already inside 4.0 deg (at 1.1, err -1.7) — nothing was sent, the recorded curve was discarded, and the caller's step line will look like a turn that happened
      |         bar_pool_room->bar_jukebox step 4/5: 1 chunk(s) of 0.79s, change 31.1, best 31.1, hazards none — one push, so `best` IS the whole leg's travel
      |       step 4/5 bearing  359.4 (got    1.1) 0.79s -> walked 0.79s, best change 31.1
      |         turn to 359.6: NO-OP, already inside 4.0 deg (at 1.1, err -1.5) — nothing was sent, the recorded curve was discarded, and the caller's step line will look like a turn that happened
      |         bar_pool_room->bar_jukebox step 5/5: 1 chunk(s) of 0.14s, change 13.4, best 13.4, hazards none — one push, so `best` IS the whole leg's travel
      |       step 5/5 bearing  359.6 (got    1.1) 0.14s -> walked 0.14s, best change 13.4
      |       arrived? True  (bar_jukebox 212.000/1.640)
      |         turn to 1.0: NO-OP, already inside 0.5 deg (at 1.1, err -0.1) — nothing was sent, the recorded curve was discarded, and the caller's step line will look like a turn that happened
      |       align at bar_jukebox: yaw nulled to 1.1 (reference 1.0) — 0.1 deg REMAINING = ~2px of phantom dx still in the dx below
      |       align: within 35px (dx=+14.8) after 0 step(s)
      |       aligned at bar_jukebox: 15px from the recorded pose
      |       align at bar_jukebox: dx +14.8px
      |     leg bar_jukebox -> dealer_table
      |       swept 19 headings around 74; best ink 0.0253 at 53.954509801884086, prompt never appeared
      |       no compass reading, so there is no arc to sweep
      |       no compass reading, so there is no arc to sweep
      |       swept 19 headings around 72; best ink 0.0186 at 352.09262435677533, prompt never appeared
      |       swept 19 headings around 73; best ink 0.0053 at 53.376054307402285, prompt never appeared
      |       stepped 6.8s of a 6.5s budget without finding the prompt
      |       approach_goal: prompt not seen
      |       swept 19 headings around 77; best ink 0.0039 at 96.98414886839849, prompt never appeared
      |       reach_table: GAVE UP
      |       arrived? False  (at_table=False)
      |     STOPPING at leg bar_jukebox -> dealer_table: the destination did not check out, so every leg after this one would be walked from an unknown position
      |   attempt 5/9 at dealer_table
      |   not at dealer_table and cannot say where this is (unrecognised (27.000/1.120)) — reloading to a known start
      |   pause menu open (selected 'Resume')
      |   selected: Load Last Save
      |   confirmation dialog up (delta 84.4) -> YES
      |   world back after 3.2s, spawn bearing 87 (E)
      |   route: office_corridor -> office_door -> portrait_room -> bar_pool_room -> bar_jukebox -> dealer_table  (25.5s of walking)
      |     leg office_corridor -> office_door
      |         turn to 270.4: TURNED to 271.8 (err -1.4) in 2 push(es)
      |         office_corridor->office_door step 1/7: 1 chunk(s) of 0.79s, change 19.3, best 19.3, hazards none — one push, so `best` IS the whole leg's travel
      |       step 1/7 bearing  270.4 (got  271.8) 0.79s -> walked 0.79s, best change 19.3
      |         turn to 270.1: NO-OP, already inside 4.0 deg (at 271.8, err -1.7) — nothing was sent, the recorded curve was discarded, and the caller's step line will look like a turn that happened
      |         office_corridor->office_door step 2/7: 1 chunk(s) of 0.78s, change 17.9, best 17.9, hazards none — one push, so `best` IS the whole leg's travel
      |       step 2/7 bearing  270.1 (got  271.8) 0.78s -> walked 0.78s, best change 17.9
      |         turn to 270.1: NO-OP, already inside 4.0 deg (at 271.8, err -1.7) — nothing was sent, the recorded curve was discarded, and the caller's step line will look like a turn that happened
      |         office_corridor->office_door step 3/7: 1 chunk(s) of 0.78s, change 14.0, best 14.0, hazards none — one push, so `best` IS the whole leg's travel
      |       step 3/7 bearing  270.1 (got  271.8) 0.78s -> walked 0.78s, best change 14.0
      |         turn to 270.3: NO-OP, already inside 4.0 deg (at 271.8, err -1.5) — nothing was sent, the recorded curve was discarded, and the caller's step line will look like a turn that happened
      |         office_corridor->office_door step 4/7: 1 chunk(s) of 0.78s, change 12.6, best 12.6, hazards none — one push, so `best` IS the whole leg's travel
      |       step 4/7 bearing  270.3 (got  271.8) 0.78s -> walked 0.78s, best change 12.6
      |         turn to 270.1: NO-OP, already inside 4.0 deg (at 271.8, err -1.7) — nothing was sent, the recorded curve was discarded, and the caller's step line will look like a turn that happened
      |         office_corridor->office_door step 5/7: 1 chunk(s) of 0.79s, change 7.3, best 7.3, hazards none — one push, so `best` IS the whole leg's travel
      |       step 5/7 bearing  270.1 (got  271.8) 0.79s -> walked 0.79s, best change 7.3
      |         turn to 270.1: NO-OP, already inside 4.0 deg (at 271.8, err -1.7) — nothing was sent, the recorded curve was discarded, and the caller's step line will look like a turn that happened
      |         office_corridor->office_door step 6/7: 1 chunk(s) of 0.79s, change 5.9, best 5.9, hazards none — one push, so `best` IS the whole leg's travel
      |       step 6/7 bearing  270.1 (got  271.8) 0.79s -> walked 0.79s, best change 5.9
      |       step 6 blocked but the scene is MOVING — an NPC in the passage, not a wall
      |       the view is featureless — this is geometry, not a mover; skipping the escape ladder it has never cleared
      |       escape ladder: did NOT clear (best 0.0 PIXELS, against SLIP_PROGRESS_PX 20.0px — NOT against STALL_CHANGE 6.0, which is grey_levels)
      |       step 6 moved only 5.9 grey_levels (< 6.0) over 0.79s — stall score 1
      |         turn to 270.4: NO-OP, already inside 4.0 deg (at 271.8, err -1.5) — nothing was sent, the recorded curve was discarded, and the caller's step line will look like a turn that happened
      |         office_corridor->office_door step 7/7: 1 chunk(s) of 0.42s, change 5.5, best 5.5, hazards none — one push, so `best` IS the whole leg's travel
      |       step 7/7 bearing  270.4 (got  271.8) 0.42s -> walked 0.42s, best change 5.5
      |       step 7 blocked but the scene is MOVING — an NPC in the passage, not a wall
      |       the view is featureless — this is geometry, not a mover; skipping the escape ladder it has never cleared
      |       escape ladder: did NOT clear (best 0.0 PIXELS, against SLIP_PROGRESS_PX 20.0px — NOT against STALL_CHANGE 6.0, which is grey_levels)
      |       step 7 moved only 5.5 grey_levels (< 6.0) over 0.42s — stall score 2
      |       BLOCKED on step 7; abandoning the rest of this leg rather than pushing into whatever is in the way
      |       arrived? None  (no appearance reference by design)
      |     leg office_door -> portrait_room
      |         turn to 338.1: TURNED to 338.6 (err -0.5) in 1 push(es)
      |         office_door->portrait_room step 1/16: 1 chunk(s) of 0.79s, change 12.9, best 12.9, hazards none — one push, so `best` IS the whole leg's travel
      |       step 1/16 bearing  338.1 (got  338.6) 0.79s -> walked 0.79s, best change 12.9
      |         turn to 339.2: NO-OP, already inside 4.0 deg (at 338.6, err +0.6) — nothing was sent, the recorded curve was discarded, and the caller's step line will look like a turn that happened
      |         office_door->portrait_room step 2/16: 1 chunk(s) of 0.70s, change 21.8, best 21.8, hazards none — one push, so `best` IS the whole leg's travel
      |       step 2/16 bearing  339.2 (got  338.6) 0.70s -> walked 0.70s, best change 21.8
      |         turn to 347.9: TURNED to 348.0 (err -0.1) in 1 push(es)
      |         office_door->portrait_room step 3/16: 1 chunk(s) of 0.42s, change 26.9, best 26.9, hazards none — one push, so `best` IS the whole leg's travel
      |       step 3/16 bearing  347.9 (got  348.0) 0.42s -> walked 0.42s, best change 26.9
      |         turn to 355.2: TURNED to 354.6 (err +0.5) in 1 push(es)
      |         office_door->portrait_room step 4/16: 1 chunk(s) of 0.79s, change 43.7, best 43.7, hazards none — one push, so `best` IS the whole leg's travel
      |       step 4/16 bearing  355.2 (got  354.6) 0.79s -> walked 0.79s, best change 43.7
      |         turn to 360.0: TURNED to 359.7 (err +0.3) in 1 push(es)
      |         office_door->portrait_room step 5/16: 1 chunk(s) of 0.51s, change 22.7, best 22.7, hazards none — one push, so `best` IS the whole leg's travel
      |       step 5/16 bearing  360.0 (got  359.7) 0.51s -> walked 0.51s, best change 22.7
      |         turn to 8.6: TURNED to 10.2 (err -1.6) in 1 push(es)
      |         office_door->portrait_room step 6/16: 1 chunk(s) of 0.78s, change 18.4, best 18.4, hazards none — one push, so `best` IS the whole leg's travel
      |       step 6/16 bearing    8.6 (got   10.2) 0.78s -> walked 0.78s, best change 18.4
      |         turn to 7.7: NO-OP, already inside 4.0 deg (at 10.2, err -2.5) — nothing was sent, the recorded curve was discarded, and the caller's step line will look like a turn that happened
      |         office_door->portrait_room step 7/16: 1 chunk(s) of 0.78s, change 29.4, best 29.4, hazards none — one push, so `best` IS the whole leg's travel
      |       step 7/16 bearing    7.7 (got   10.2) 0.78s -> walked 0.78s, best change 29.4
      |         turn to 1.7: TURNED to 5.3 (err -3.5) in 1 push(es)
      |         office_door->portrait_room step 8/16: 1 chunk(s) of 0.80s, change 32.4, best 32.4, hazards none — one push, so `best` IS the whole leg's travel
      |       step 8/16 bearing    1.7 (got    5.3) 0.80s -> walked 0.80s, best change 32.4
      |         turn to 359.6: TURNED to 1.9 (err -2.3) in 1 push(es)
      |         office_door->portrait_room step 9/16: 1 chunk(s) of 0.36s, change 16.9, best 16.9, hazards none — one push, so `best` IS the whole leg's travel
      |       step 9/16 bearing  359.6 (got    1.9) 0.36s -> walked 0.36s, best change 16.9
      |         turn to 359.4: NO-OP, already inside 4.0 deg (at 2.0, err -2.6) — nothing was sent, the recorded curve was discarded, and the caller's step line will look like a turn that happened
      |         office_door->portrait_room step 10/16: 1 chunk(s) of 0.78s, change 19.0, best 19.0, hazards none — one push, so `best` IS the whole leg's travel
      |       step 10/16 bearing  359.4 (got    2.0) 0.78s -> walked 0.78s, best change 19.0
      |         turn to 357.9: TURNED to 357.1 (err +0.7) in 1 push(es)
      |         office_door->portrait_room step 11/16: 1 chunk(s) of 0.79s, change 18.5, best 18.5, hazards none — one push, so `best` IS the whole leg's travel
      |       step 11/16 bearing  357.9 (got  357.1) 0.79s -> walked 0.79s, best change 18.5
      |         turn to 358.0: NO-OP, already inside 4.0 deg (at 357.1, err +0.9) — nothing was sent, the recorded curve was discarded, and the caller's step line will look like a turn that happened
      |         office_door->portrait_room step 12/16: 1 chunk(s) of 0.79s, change 20.8, best 20.8, hazards none — one push, so `best` IS the whole leg's travel
      |       step 12/16 bearing  358.0 (got  357.1) 0.79s -> walked 0.79s, best change 20.8
      |         turn to 357.8: NO-OP, already inside 4.0 deg (at 356.6, err +1.2) — nothing was sent, the recorded curve was discarded, and the caller's step line will look like a turn that happened
      |         office_door->portrait_room step 13/16: 1 chunk(s) of 0.79s, change 25.8, best 25.8, hazards none — one push, so `best` IS the whole leg's travel
      |       step 13/16 bearing  357.8 (got  356.6) 0.79s -> walked 0.79s, best change 25.8
      |         turn to 357.9: NO-OP, already inside 4.0 deg (at 357.1, err +0.9) — nothing was sent, the recorded curve was discarded, and the caller's step line will look like a turn that happened
      |         office_door->portrait_room step 14/16: 1 chunk(s) of 0.79s, change 25.4, best 25.4, hazards none — one push, so `best` IS the whole leg's travel
      |       step 14/16 bearing  357.9 (got  357.1) 0.79s -> walked 0.79s, best change 25.4
      |         turn to 0.8: NO-OP, already inside 4.0 deg (at 357.1, err +3.8) — nothing was sent, the recorded curve was discarded, and the caller's step line will look like a turn that happened
      |         office_door->portrait_room step 15/16: 1 chunk(s) of 0.79s, change 21.2, best 21.2, hazards none — one push, so `best` IS the whole leg's travel
      |       step 15/16 bearing    0.8 (got  357.1) 0.79s -> walked 0.79s, best change 21.2
      |         turn to 4.0: TURNED to 5.5 (err -1.5) in 1 push(es)
      |         office_door->portrait_room step 16/16: 1 chunk(s) of 0.36s, change 16.3, best 16.3, hazards none — one push, so `best` IS the whole leg's travel
      |       step 16/16 bearing    4.0 (got    5.5) 0.36s -> walked 0.36s, best change 16.3
      |       arrived? True  (portrait_room 551.000/4.960)
      |         turn to 1.5: TURNED to 1.1 (err +0.3) in 1 push(es)
      |       align at portrait_room: yaw nulled to 1.1 (reference 1.5) — 0.3 deg REMAINING = ~6px of phantom dx still in the dx below
      |       align: step 1/6 dx=+89.7 (prev --)
      |       align: dx=+89.7 -> strafe right 0.10s
      |       align: step 2/6 dx=+43.5 (prev +89.7)
      |       align: dx=+43.5 -> strafe right 0.10s
      |       align: within 35px (dx=+16.9) after 2 step(s)
      |       aligned at portrait_room: 17px from the recorded pose
      |       align at portrait_room: dx +16.9px
      |     leg portrait_room -> bar_pool_room
      |         turn to 286.6: TURNED to 287.7 (err -1.1) in 1 push(es)
      |         portrait_room->bar_pool_room step 1/4: 1 chunk(s) of 0.16s, change 7.0, best 7.0, hazards none — one push, so `best` IS the whole leg's travel
      |       step 1/4 bearing  286.6 (got  287.7) 0.16s -> walked 0.16s, best change 7.0
      |         turn to 292.2: TURNED to 292.1 (err +0.1) in 1 push(es)
      |         portrait_room->bar_pool_room step 2/4: 1 chunk(s) of 0.79s, change 14.4, best 14.4, hazards none — one push, so `best` IS the whole leg's travel
      |       step 2/4 bearing  292.2 (got  292.1) 0.79s -> walked 0.79s, best change 14.4
      |         turn to 285.6: TURNED to 287.6 (err -2.0) in 1 push(es)
      |         portrait_room->bar_pool_room step 3/4: 1 chunk(s) of 0.80s, change 16.0, best 16.0, hazards none — one push, so `best` IS the whole leg's travel
      |       step 3/4 bearing  285.6 (got  287.6) 0.80s -> walked 0.80s, best change 16.0
      |         turn to 287.6: NO-OP, already inside 4.0 deg (at 287.5, err +0.1) — nothing was sent, the recorded curve was discarded, and the caller's step line will look like a turn that happened
      |         portrait_room->bar_pool_room step 4/4: 1 chunk(s) of 0.23s, change 12.4, best 12.4, hazards none — one push, so `best` IS the whole leg's travel
      |       step 4/4 bearing  287.6 (got  287.5) 0.23s -> walked 0.23s, best change 12.4
      |       arrived? True  (bar_pool_room 526.000/4.380)
      |         turn to 288.2: TURNED to 288.5 (err -0.4) in 1 push(es)
      |       align at bar_pool_room: yaw nulled to 288.5 (reference 288.2) — 0.4 deg REMAINING = ~7px of phantom dx still in the dx below
      |       align: step 1/6 dx=+189.6 (prev --)
      |       align: dx=+189.6 -> strafe right 0.16s
      |       align: step 2/6 dx=+122.4 (prev +189.6)
      |       align: dx=+122.4 -> strafe right 0.10s
      |       align: step 3/6 dx=+87.8 (prev +122.4)
      |       align: dx=+87.8 -> strafe right 0.10s
      |       align: step 4/6 dx=+37.2 (prev +87.8)
      |       align: dx=+37.2 -> strafe right 0.10s
      |       align: within 35px (dx=+8.0) after 4 step(s)
      |       aligned at bar_pool_room: 8px from the recorded pose
      |       align at bar_pool_room: dx +8.0px
      |     leg bar_pool_room -> bar_jukebox
      |         turn to 2.1: TURNED to 1.3 (err +0.8) in 2 push(es)
      |         bar_pool_room->bar_jukebox step 1/5: 1 chunk(s) of 0.80s, change 19.1, best 19.1, hazards none — one push, so `best` IS the whole leg's travel
      |       step 1/5 bearing    2.1 (got    1.3) 0.80s -> walked 0.80s, best change 19.1
      |         turn to 1.2: NO-OP, already inside 4.0 deg (at 1.2, err -0.1) — nothing was sent, the recorded curve was discarded, and the caller's step line will look like a turn that happened
      |         bar_pool_room->bar_jukebox step 2/5: 1 chunk(s) of 0.79s, change 25.8, best 25.8, hazards none — one push, so `best` IS the whole leg's travel
      |       step 2/5 bearing    1.2 (got    1.2) 0.79s -> walked 0.79s, best change 25.8
      |         turn to 0.8: NO-OP, already inside 4.0 deg (at 3.9, err -3.2) — nothing was sent, the recorded curve was discarded, and the caller's step line will look like a turn that happened
      |         bar_pool_room->bar_jukebox step 3/5: 1 chunk(s) of 0.80s, change 34.0, best 34.0, hazards none — one push, so `best` IS the whole leg's travel
      |       step 3/5 bearing    0.8 (got    3.9) 0.80s -> walked 0.80s, best change 34.0
      |         turn to 359.4: NO-OP, already inside 4.0 deg (at 1.3, err -1.9) — nothing was sent, the recorded curve was discarded, and the caller's step line will look like a turn that happened
      |         bar_pool_room->bar_jukebox step 4/5: 1 chunk(s) of 0.79s, change 31.9, best 31.9, hazards none — one push, so `best` IS the whole leg's travel
      |       step 4/5 bearing  359.4 (got    1.3) 0.79s -> walked 0.79s, best change 31.9
      |         turn to 359.6: NO-OP, already inside 4.0 deg (at 1.3, err -1.7) — nothing was sent, the recorded curve was discarded, and the caller's step line will look like a turn that happened
      |         bar_pool_room->bar_jukebox step 5/5: 1 chunk(s) of 0.14s, change 13.4, best 13.4, hazards none — one push, so `best` IS the whole leg's travel
      |       step 5/5 bearing  359.6 (got    1.3) 0.14s -> walked 0.14s, best change 13.4
      |       arrived? True  (bar_jukebox 763.000/8.480)
      |         turn to 1.0: NO-OP, already inside 0.5 deg (at 1.3, err -0.3) — nothing was sent, the recorded curve was discarded, and the caller's step line will look like a turn that happened
      |       align at bar_jukebox: yaw nulled to 1.3 (reference 1.0) — 0.3 deg REMAINING = ~5px of phantom dx still in the dx below
      |       align: step 1/6 dx=-70.8 (prev --)
      |       align: dx=-70.8 -> strafe left 0.10s
      |       align: within 35px (dx=-25.0) after 1 step(s)
      |       aligned at bar_jukebox: 25px from the recorded pose
      |       align at bar_jukebox: dx +25.0px
      |     leg bar_jukebox -> dealer_table
      |       swept 19 headings around 75; best ink 0.0218 at 75.33943814792876, prompt never appeared
      |       swept 19 headings around 74; best ink 0.0072 at 94.16351798723835, prompt never appeared
      |       swept 19 headings around 75; best ink 0.0132 at 94.5360824742268, prompt never appeared
      |       swept 19 headings around 77; best ink 0.0003 at 116.56419179504883, prompt never appeared
      |       swept 19 headings around 77; best ink 0.0001 at 96.60239740697011, prompt never appeared
      |       stepped 6.8s of a 6.5s budget without finding the prompt
      |       approach_goal: prompt not seen
      |       swept 19 headings around 73; best ink 0.0000 at None, prompt never appeared
      |       reach_table: GAVE UP
      |       arrived? False  (at_table=False)
      |     STOPPING at leg bar_jukebox -> dealer_table: the destination did not check out, so every leg after this one would be walked from an unknown position
      |   attempt 6/9 at dealer_table
      |   not at dealer_table and cannot say where this is (unrecognised (10.000/1.000)) — reloading to a known start
      |   pause menu open (selected 'Resume')
      |   selected: Load Last Save
      |   confirmation dialog up (delta 84.2) -> YES
      |   world back after 3.3s, spawn bearing 87 (E)
      |   route: office_corridor -> office_door -> portrait_room -> bar_pool_room -> bar_jukebox -> dealer_table  (25.5s of walking)
      |     leg office_corridor -> office_door
      |         turn to 270.4: TURNED to 271.4 (err -1.0) in 2 push(es)
      |         office_corridor->office_door step 1/7: 1 chunk(s) of 0.79s, change 19.2, best 19.2, hazards none — one push, so `best` IS the whole leg's travel
      |       step 1/7 bearing  270.4 (got  271.4) 0.79s -> walked 0.79s, best change 19.2
      |         turn to 270.1: NO-OP, already inside 4.0 deg (at 271.5, err -1.4) — nothing was sent, the recorded curve was discarded, and the caller's step line will look like a turn that happened
      |         office_corridor->office_door step 2/7: 1 chunk(s) of 0.78s, change 18.2, best 18.2, hazards none — one push, so `best` IS the whole leg's travel
      |       step 2/7 bearing  270.1 (got  271.5) 0.78s -> walked 0.78s, best change 18.2
      |         turn to 270.1: NO-OP, already inside 4.0 deg (at 271.4, err -1.2) — nothing was sent, the recorded curve was discarded, and the caller's step line will look like a turn that happened
      |         office_corridor->office_door step 3/7: 1 chunk(s) of 0.78s, change 14.1, best 14.1, hazards none — one push, so `best` IS the whole leg's travel
      |       step 3/7 bearing  270.1 (got  271.4) 0.78s -> walked 0.78s, best change 14.1
      |         turn to 270.3: NO-OP, already inside 4.0 deg (at 271.4, err -1.1) — nothing was sent, the recorded curve was discarded, and the caller's step line will look like a turn that happened
      |         office_corridor->office_door step 4/7: 1 chunk(s) of 0.78s, change 11.3, best 11.3, hazards none — one push, so `best` IS the whole leg's travel
      |       step 4/7 bearing  270.3 (got  271.4) 0.78s -> walked 0.78s, best change 11.3
      |         turn to 270.1: NO-OP, already inside 4.0 deg (at 271.4, err -1.3) — nothing was sent, the recorded curve was discarded, and the caller's step line will look like a turn that happened
      |         office_corridor->office_door step 5/7: 1 chunk(s) of 0.79s, change 9.0, best 9.0, hazards none — one push, so `best` IS the whole leg's travel
      |       step 5/7 bearing  270.1 (got  271.4) 0.79s -> walked 0.79s, best change 9.0
      |         turn to 270.1: NO-OP, already inside 4.0 deg (at 271.4, err -1.3) — nothing was sent, the recorded curve was discarded, and the caller's step line will look like a turn that happened
      |         office_corridor->office_door step 6/7: 1 chunk(s) of 0.79s, change 6.0, best 6.0, hazards none — one push, so `best` IS the whole leg's travel
      |       step 6/7 bearing  270.1 (got  271.4) 0.79s -> walked 0.79s, best change 6.0
      |       step 6 blocked but the scene is MOVING — an NPC in the passage, not a wall
      |       the view is featureless — this is geometry, not a mover; skipping the escape ladder it has never cleared
      |       escape ladder: did NOT clear (best 0.0 PIXELS, against SLIP_PROGRESS_PX 20.0px — NOT against STALL_CHANGE 6.0, which is grey_levels)
      |       step 6 moved only 6.0 grey_levels (< 6.0) over 0.79s — stall score 1
      |         turn to 270.4: NO-OP, already inside 4.0 deg (at 271.4, err -1.0) — nothing was sent, the recorded curve was discarded, and the caller's step line will look like a turn that happened
      |         office_corridor->office_door step 7/7: 1 chunk(s) of 0.42s, change 6.9, best 6.9, hazards none — one push, so `best` IS the whole leg's travel
      |       step 7/7 bearing  270.4 (got  271.4) 0.42s -> walked 0.42s, best change 6.9
      |       arrived? None  (no appearance reference by design)
      |     leg office_door -> portrait_room
      |         turn to 338.1: TURNED to 340.6 (err -2.5) in 1 push(es)
      |         office_door->portrait_room step 1/16: 1 chunk(s) of 0.79s, change 13.1, best 13.1, hazards none — one push, so `best` IS the whole leg's travel
      |       step 1/16 bearing  338.1 (got  340.6) 0.79s -> walked 0.79s, best change 13.1
      |         turn to 339.2: NO-OP, already inside 4.0 deg (at 340.6, err -1.4) — nothing was sent, the recorded curve was discarded, and the caller's step line will look like a turn that happened
      |         office_door->portrait_room step 2/16: 1 chunk(s) of 0.70s, change 22.7, best 22.7, hazards none — one push, so `best` IS the whole leg's travel
      |       step 2/16 bearing  339.2 (got  340.6) 0.70s -> walked 0.70s, best change 22.7
      |         turn to 347.9: TURNED to 348.7 (err -0.8) in 1 push(es)
      |         office_door->portrait_room step 3/16: 1 chunk(s) of 0.42s, change 26.0, best 26.0, hazards none — one push, so `best` IS the whole leg's travel
      |       step 3/16 bearing  347.9 (got  348.7) 0.42s -> walked 0.42s, best change 26.0
      |         turn to 355.2: TURNED to 354.1 (err +1.0) in 1 push(es)
      |         office_door->portrait_room step 4/16: 1 chunk(s) of 0.79s, change 41.8, best 41.8, hazards none — one push, so `best` IS the whole leg's travel
      |       step 4/16 bearing  355.2 (got  354.1) 0.79s -> walked 0.79s, best change 41.8
      |         turn to 360.0: TURNED to 0.3 (err -0.3) in 1 push(es)
      |         office_door->portrait_room step 5/16: 1 chunk(s) of 0.51s, change 18.6, best 18.6, hazards none — one push, so `best` IS the whole leg's travel
      |       step 5/16 bearing  360.0 (got    0.3) 0.51s -> walked 0.51s, best change 18.6
      |         turn to 8.6: TURNED to 10.2 (err -1.7) in 1 push(es)
      |         office_door->portrait_room step 6/16: 1 chunk(s) of 0.78s, change 18.7, best 18.7, hazards none — one push, so `best` IS the whole leg's travel
      |       step 6/16 bearing    8.6 (got   10.2) 0.78s -> walked 0.78s, best change 18.7
      |         turn to 7.7: NO-OP, already inside 4.0 deg (at 10.2, err -2.5) — nothing was sent, the recorded curve was discarded, and the caller's step line will look like a turn that happened
      |         office_door->portrait_room step 7/16: 1 chunk(s) of 0.78s, change 27.0, best 27.0, hazards none — one push, so `best` IS the whole leg's travel
      |       step 7/16 bearing    7.7 (got   10.2) 0.78s -> walked 0.78s, best change 27.0
      |         turn to 1.7: TURNED to 0.3 (err +1.4) in 1 push(es)
      |         office_door->portrait_room step 8/16: 1 chunk(s) of 0.80s, change 35.0, best 35.0, hazards none — one push, so `best` IS the whole leg's travel
      |       step 8/16 bearing    1.7 (got    0.3) 0.80s -> walked 0.80s, best change 35.0
      |         turn to 359.6: NO-OP, already inside 4.0 deg (at 0.3, err -0.7) — nothing was sent, the recorded curve was discarded, and the caller's step line will look like a turn that happened
      |         office_door->portrait_room step 9/16: 1 chunk(s) of 0.36s, change 18.9, best 18.9, hazards none — one push, so `best` IS the whole leg's travel
      |       step 9/16 bearing  359.6 (got    0.3) 0.36s -> walked 0.36s, best change 18.9
      |         turn to 359.4: NO-OP, already inside 4.0 deg (at 0.3, err -0.9) — nothing was sent, the recorded curve was discarded, and the caller's step line will look like a turn that happened
      |         office_door->portrait_room step 10/16: 1 chunk(s) of 0.78s, change 18.1, best 18.1, hazards none — one push, so `best` IS the whole leg's travel
      |       step 10/16 bearing  359.4 (got    0.3) 0.78s -> walked 0.78s, best change 18.1
      |         turn to 357.9: NO-OP, already inside 4.0 deg (at 0.3, err -2.4) — nothing was sent, the recorded curve was discarded, and the caller's step line will look like a turn that happened
      |         office_door->portrait_room step 11/16: 1 chunk(s) of 0.79s, change 18.1, best 18.1, hazards none — one push, so `best` IS the whole leg's travel
      |       step 11/16 bearing  357.9 (got    0.3) 0.79s -> walked 0.79s, best change 18.1
      |         turn to 358.0: NO-OP, already inside 4.0 deg (at 0.3, err -2.3) — nothing was sent, the recorded curve was discarded, and the caller's step line will look like a turn that happened
      |         office_door->portrait_room step 12/16: 1 chunk(s) of 0.79s, change 18.9, best 18.9, hazards none — one push, so `best` IS the whole leg's travel
      |       step 12/16 bearing  358.0 (got    0.3) 0.79s -> walked 0.79s, best change 18.9
      |         turn to 357.8: NO-OP, already inside 4.0 deg (at 0.3, err -2.5) — nothing was sent, the recorded curve was discarded, and the caller's step line will look like a turn that happened
      |         office_door->portrait_room step 13/16: 1 chunk(s) of 0.79s, change 25.0, best 25.0, hazards none — one push, so `best` IS the whole leg's travel
      |       step 13/16 bearing  357.8 (got    0.3) 0.79s -> walked 0.79s, best change 25.0
      |         turn to 357.9: NO-OP, already inside 4.0 deg (at 0.3, err -2.4) — nothing was sent, the recorded curve was discarded, and the caller's step line will look like a turn that happened
      |         office_door->portrait_room step 14/16: 1 chunk(s) of 0.79s, change 30.0, best 30.0, hazards none — one push, so `best` IS the whole leg's travel
      |       step 14/16 bearing  357.9 (got    0.3) 0.79s -> walked 0.79s, best change 30.0
      |         turn to 0.8: NO-OP, already inside 4.0 deg (at 0.3, err +0.5) — nothing was sent, the recorded curve was discarded, and the caller's step line will look like a turn that happened
      |         office_door->portrait_room step 15/16: 1 chunk(s) of 0.79s, change 25.8, best 25.8, hazards none — one push, so `best` IS the whole leg's travel
      |       step 15/16 bearing    0.8 (got    0.3) 0.79s -> walked 0.79s, best change 25.8
      |         turn to 4.0: NO-OP, already inside 4.0 deg (at 0.3, err +3.6) — nothing was sent, the recorded curve was discarded, and the caller's step line will look like a turn that happened
      |         office_door->portrait_room step 16/16: 1 chunk(s) of 0.36s, change 15.8, best 15.8, hazards none — one push, so `best` IS the whole leg's travel
      |       step 16/16 bearing    4.0 (got    0.3) 0.36s -> walked 0.36s, best change 15.8
      |       arrived? True  (portrait_room 614.000/4.950)
      |         turn to 1.5: TURNED to 1.7 (err -0.3) in 2 push(es)
      |       align at portrait_room: yaw nulled to 1.7 (reference 1.5) — 0.3 deg REMAINING = ~5px of phantom dx still in the dx below
      |       align: within 35px (dx=-9.1) after 0 step(s)
      |       aligned at portrait_room: 9px from the recorded pose
      |       align at portrait_room: dx +9.1px
      |     leg portrait_room -> bar_pool_room
      |         turn to 286.6: TURNED to 288.3 (err -1.7) in 2 push(es)
      |         portrait_room->bar_pool_room step 1/4: 1 chunk(s) of 0.16s, change 6.7, best 6.7, hazards none — one push, so `best` IS the whole leg's travel
      |       step 1/4 bearing  286.6 (got  288.3) 0.16s -> walked 0.16s, best change 6.7
      |         turn to 292.2: NO-OP, already inside 4.0 deg (at 288.3, err +3.9) — nothing was sent, the recorded curve was discarded, and the caller's step line will look like a turn that happened
      |         portrait_room->bar_pool_room step 2/4: 1 chunk(s) of 0.79s, change 16.3, best 16.3, hazards none — one push, so `best` IS the whole leg's travel
      |       step 2/4 bearing  292.2 (got  288.3) 0.79s -> walked 0.79s, best change 16.3
      |         turn to 285.6: NO-OP, already inside 4.0 deg (at 288.3, err -2.7) — nothing was sent, the recorded curve was discarded, and the caller's step line will look like a turn that happened
      |         portrait_room->bar_pool_room step 3/4: 1 chunk(s) of 0.80s, change 17.2, best 17.2, hazards none — one push, so `best` IS the whole leg's travel
      |       step 3/4 bearing  285.6 (got  288.3) 0.80s -> walked 0.80s, best change 17.2
      |         turn to 287.6: NO-OP, already inside 4.0 deg (at 288.3, err -0.7) — nothing was sent, the recorded curve was discarded, and the caller's step line will look like a turn that happened
      |         portrait_room->bar_pool_room step 4/4: 1 chunk(s) of 0.23s, change 10.2, best 10.2, hazards none — one push, so `best` IS the whole leg's travel
      |       step 4/4 bearing  287.6 (got  288.3) 0.23s -> walked 0.23s, best change 10.2
      |       arrived? True  (bar_pool_room 676.000/5.730)
      |         turn to 288.2: NO-OP, already inside 0.5 deg (at 288.3, err -0.1) — nothing was sent, the recorded curve was discarded, and the caller's step line will look like a turn that happened
      |       align at bar_pool_room: yaw nulled to 288.3 (reference 288.2) — 0.1 deg REMAINING = ~2px of phantom dx still in the dx below
      |       align: step 1/6 dx=+146.1 (prev --)
      |       align: dx=+146.1 -> strafe right 0.12s
      |       align: step 2/6 dx=+116.4 (prev +146.1)
      |       align: dx=+116.4 -> strafe right 0.10s
      |       align: step 3/6 dx=+86.1 (prev +116.4)
      |       align: dx=+86.1 -> strafe right 0.10s
      |       align: step 4/6 dx=+45.6 (prev +86.1)
      |       align: dx=+45.6 -> strafe right 0.10s
      |       align: within 35px (dx=+26.8) after 4 step(s)
      |       aligned at bar_pool_room: 27px from the recorded pose
      |       align at bar_pool_room: dx +26.8px
      |     leg bar_pool_room -> bar_jukebox
      |         turn to 2.1: TURNED to 358.7 (err +3.4) in 1 push(es)
      |         bar_pool_room->bar_jukebox step 1/5: 1 chunk(s) of 0.80s, change 20.2, best 20.2, hazards none — one push, so `best` IS the whole leg's travel
      |       step 1/5 bearing    2.1 (got  358.7) 0.80s -> walked 0.80s, best change 20.2
      |         turn to 1.2: NO-OP, already inside 4.0 deg (at 358.7, err +2.5) — nothing was sent, the recorded curve was discarded, and the caller's step line will look like a turn that happened
      |         bar_pool_room->bar_jukebox step 2/5: 1 chunk(s) of 0.79s, change 7.1, best 7.1, hazards none — one push, so `best` IS the whole leg's travel
      |       step 2/5 bearing    1.2 (got  358.7) 0.79s -> walked 0.79s, best change 7.1
      |         turn to 0.8: NO-OP, already inside 4.0 deg (at 358.7, err +2.0) — nothing was sent, the recorded curve was discarded, and the caller's step line will look like a turn that happened
      |         bar_pool_room->bar_jukebox step 3/5: 1 chunk(s) of 0.80s, change 4.1, best 4.1, hazards none — one push, so `best` IS the whole leg's travel
      |       step 3/5 bearing    0.8 (got  358.7) 0.80s -> walked 0.80s, best change 4.1
      |       step 3 blocked but the scene is MOVING — an NPC in the passage, not a wall
      |       waited 2.5s: displaced 2.9px
      |       jump 1: displaced 6.5px
      |       jump 2: displaced 2.0px
      |       displacement UNMEASURABLE (too few keypoints) — NOT the same as 0px
      |       slip right: displaced 0.0px
      |       slip left: displaced 49.0px
      |       escape ladder: CLEARED by strafe_left (best 49.0 PIXELS, against SLIP_PROGRESS_PX 20.0px — NOT against STALL_CHANGE 6.0, which is grey_levels)
      |         turn to 359.4: NO-OP, already inside 4.0 deg (at 358.7, err +0.8) — nothing was sent, the recorded curve was discarded, and the caller's step line will look like a turn that happened
      |         bar_pool_room->bar_jukebox step 4/5: 1 chunk(s) of 0.79s, change 31.5, best 31.5, hazards none — one push, so `best` IS the whole leg's travel
      |       step 4/5 bearing  359.4 (got  358.7) 0.79s -> walked 0.79s, best change 31.5
      |         turn to 359.6: NO-OP, already inside 4.0 deg (at 358.6, err +1.0) — nothing was sent, the recorded curve was discarded, and the caller's step line will look like a turn that happened
      |         bar_pool_room->bar_jukebox step 5/5: 1 chunk(s) of 0.14s, change 14.6, best 14.6, hazards none — one push, so `best` IS the whole leg's travel
      |       step 5/5 bearing  359.6 (got  358.6) 0.14s -> walked 0.14s, best change 14.6
      |       arrived? True  (bar_jukebox 309.000/1.880)
      |         turn to 1.0: TURNED to 1.0 (err -0.0) in 1 push(es)
      |       align at bar_jukebox: yaw nulled to 1.0 (reference 1.0) — 0.0 deg REMAINING = ~0px of phantom dx still in the dx below
      |       align: step 1/6 dx=+36.1 (prev --)
      |       align: dx=+36.1 -> strafe right 0.10s
      |       align: dx barely changed (+36 -> +22) — blocked sideways, cannot correct from here
      |       aligned at bar_jukebox: 22px from the recorded pose
      |       align at bar_jukebox: dx +21.8px
      |     leg bar_jukebox -> dealer_table
      |       swept 19 headings around 74; best ink 0.0246 at 53.87603882688673, prompt never appeared
      |       no compass reading, so there is no arc to sweep
    trial exceeded 1800s and was killed — INVALID, not a failure
[ 3] INVALID after 1800s — timeout/crash/stream; not a failure
      |   pause menu open (selected 'Resume')
      |   selected: Load Last Save
      |   confirmation dialog up (delta 81.0) -> YES
      |   YES press 1 did not register, retrying
      |   YES press 2 did not register, retrying
      |   world back after 3.3s, spawn bearing 87 (E)
      |   attempt 1/9 at portrait_room
      |   locate() cannot name office_corridor (it has no appearance reference by design) but the caller reset onto it — routing from there instead of sweeping and reloading
      |   route: office_corridor -> office_door -> portrait_room  (16.2s of walking)
      |     leg office_corridor -> office_door
      |         turn to 270.4: TURNED to 272.6 (err -2.2) in 2 push(es)
      |         office_corridor->office_door step 1/7: 1 chunk(s) of 0.79s, change 19.1, best 19.1, hazards none — one push, so `best` IS the whole leg's travel
      |       step 1/7 bearing  270.4 (got  272.6) 0.79s -> walked 0.79s, best change 19.1
      |         turn to 270.1: NO-OP, already inside 4.0 deg (at 272.7, err -2.5) — nothing was sent, the recorded curve was discarded, and the caller's step line will look like a turn that happened
      |         office_corridor->office_door step 2/7: 1 chunk(s) of 0.78s, change 17.9, best 17.9, hazards none — one push, so `best` IS the whole leg's travel
      |       step 2/7 bearing  270.1 (got  272.7) 0.78s -> walked 0.78s, best change 17.9
      |         turn to 270.1: NO-OP, already inside 4.0 deg (at 272.6, err -2.5) — nothing was sent, the recorded curve was discarded, and the caller's step line will look like a turn that happened
      |         office_corridor->office_door step 3/7: 1 chunk(s) of 0.78s, change 15.8, best 15.8, hazards none — one push, so `best` IS the whole leg's travel
      |       step 3/7 bearing  270.1 (got  272.6) 0.78s -> walked 0.78s, best change 15.8
      |         turn to 270.3: NO-OP, already inside 4.0 deg (at 272.6, err -2.3) — nothing was sent, the recorded curve was discarded, and the caller's step line will look like a turn that happened
      |         office_corridor->office_door step 4/7: 1 chunk(s) of 0.78s, change 11.0, best 11.0, hazards none — one push, so `best` IS the whole leg's travel
      |       step 4/7 bearing  270.3 (got  272.6) 0.78s -> walked 0.78s, best change 11.0
      |         turn to 270.1: NO-OP, already inside 4.0 deg (at 272.6, err -2.5) — nothing was sent, the recorded curve was discarded, and the caller's step line will look like a turn that happened
      |         office_corridor->office_door step 5/7: 1 chunk(s) of 0.79s, change 8.5, best 8.5, hazards none — one push, so `best` IS the whole leg's travel
      |       step 5/7 bearing  270.1 (got  272.6) 0.79s -> walked 0.79s, best change 8.5
      |         turn to 270.1: NO-OP, already inside 4.0 deg (at 272.6, err -2.5) — nothing was sent, the recorded curve was discarded, and the caller's step line will look like a turn that happened
      |         office_corridor->office_door step 6/7: 1 chunk(s) of 0.79s, change 6.5, best 6.5, hazards none — one push, so `best` IS the whole leg's travel
      |       step 6/7 bearing  270.1 (got  272.6) 0.79s -> walked 0.79s, best change 6.5
      |         turn to 270.4: NO-OP, already inside 4.0 deg (at 272.6, err -2.3) — nothing was sent, the recorded curve was discarded, and the caller's step line will look like a turn that happened
      |         office_corridor->office_door step 7/7: 1 chunk(s) of 0.42s, change 5.5, best 5.5, hazards none — one push, so `best` IS the whole leg's travel
      |       step 7/7 bearing  270.4 (got  272.6) 0.42s -> walked 0.42s, best change 5.5
      |       step 7 blocked but the scene is MOVING — an NPC in the passage, not a wall
      |       the view is featureless — this is geometry, not a mover; skipping the escape ladder it has never cleared
      |       escape ladder: did NOT clear (best 0.0 PIXELS, against SLIP_PROGRESS_PX 20.0px — NOT against STALL_CHANGE 6.0, which is grey_levels)
      |       step 7 moved only 5.5 grey_levels (< 6.0) over 0.42s — stall score 1
      |       arrived? None  (no appearance reference by design)
      |     leg office_door -> portrait_room
      |         turn to 338.1: TURNED to 334.5 (err +3.6) in 1 push(es)
      |         office_door->portrait_room step 1/16: 1 chunk(s) of 0.79s, change 15.0, best 15.0, hazards none — one push, so `best` IS the whole leg's travel
      |       step 1/16 bearing  338.1 (got  334.5) 0.79s -> walked 0.79s, best change 15.0
      |         turn to 339.2: TURNED to 338.6 (err +0.5) in 1 push(es)
      |         office_door->portrait_room step 2/16: 1 chunk(s) of 0.70s, change 23.7, best 23.7, hazards none — one push, so `best` IS the whole leg's travel
      |       step 2/16 bearing  339.2 (got  338.6) 0.70s -> walked 0.70s, best change 23.7
      |         turn to 347.9: TURNED to 346.2 (err +1.7) in 1 push(es)
      |         office_door->portrait_room step 3/16: 1 chunk(s) of 0.42s, change 27.8, best 27.8, hazards none — one push, so `best` IS the whole leg's travel
      |       step 3/16 bearing  347.9 (got  346.2) 0.42s -> walked 0.42s, best change 27.8
      |         turn to 355.2: TURNED to 359.0 (err -3.8) in 1 push(es)
      |         office_door->portrait_room step 4/16: 1 chunk(s) of 0.79s, change 42.3, best 42.3, hazards none — one push, so `best` IS the whole leg's travel
      |       step 4/16 bearing  355.2 (got  359.0) 0.79s -> walked 0.79s, best change 42.3
      |         turn to 360.0: NO-OP, already inside 4.0 deg (at 359.1, err +0.9) — nothing was sent, the recorded curve was discarded, and the caller's step line will look like a turn that happened
      |         office_door->portrait_room step 5/16: 1 chunk(s) of 0.51s, change 19.0, best 19.0, hazards none — one push, so `best` IS the whole leg's travel
      |       step 5/16 bearing  360.0 (got  359.1) 0.51s -> walked 0.51s, best change 19.0
      |         turn to 8.6: TURNED to 6.8 (err +1.8) in 1 push(es)
      |         office_door->portrait_room step 6/16: 1 chunk(s) of 0.78s, change 18.4, best 18.4, hazards none — one push, so `best` IS the whole leg's travel
      |       step 6/16 bearing    8.6 (got    6.8) 0.78s -> walked 0.78s, best change 18.4
      |         turn to 7.7: NO-OP, already inside 4.0 deg (at 6.9, err +0.9) — nothing was sent, the recorded curve was discarded, and the caller's step line will look like a turn that happened
      |         office_door->portrait_room step 7/16: 1 chunk(s) of 0.78s, change 30.1, best 30.1, hazards none — one push, so `best` IS the whole leg's travel
      |       step 7/16 bearing    7.7 (got    6.9) 0.78s -> walked 0.78s, best change 30.1
      |         turn to 1.7: TURNED to 0.5 (err +1.3) in 1 push(es)
      |         office_door->portrait_room step 8/16: 1 chunk(s) of 0.80s, change 33.8, best 33.8, hazards none — one push, so `best` IS the whole leg's travel
      |       step 8/16 bearing    1.7 (got    0.5) 0.80s -> walked 0.80s, best change 33.8
      |         turn to 359.6: NO-OP, already inside 4.0 deg (at 0.6, err -1.0) — nothing was sent, the recorded curve was discarded, and the caller's step line will look like a turn that happened
      |         office_door->portrait_room step 9/16: 1 chunk(s) of 0.36s, change 20.0, best 20.0, hazards none — one push, so `best` IS the whole leg's travel
      |       step 9/16 bearing  359.6 (got    0.6) 0.36s -> walked 0.36s, best change 20.0
      |         turn to 359.4: NO-OP, already inside 4.0 deg (at 0.4, err -1.0) — nothing was sent, the recorded curve was discarded, and the caller's step line will look like a turn that happened
      |         office_door->portrait_room step 10/16: 1 chunk(s) of 0.78s, change 24.0, best 24.0, hazards none — one push, so `best` IS the whole leg's travel
      |       step 10/16 bearing  359.4 (got    0.4) 0.78s -> walked 0.78s, best change 24.0
      |         turn to 357.9: NO-OP, already inside 4.0 deg (at 0.5, err -2.6) — nothing was sent, the recorded curve was discarded, and the caller's step line will look like a turn that happened
      |         office_door->portrait_room step 11/16: 1 chunk(s) of 0.79s, change 19.4, best 19.4, hazards none — one push, so `best` IS the whole leg's travel
      |       step 11/16 bearing  357.9 (got    0.5) 0.79s -> walked 0.79s, best change 19.4
      |         turn to 358.0: NO-OP, already inside 4.0 deg (at 0.5, err -2.4) — nothing was sent, the recorded curve was discarded, and the caller's step line will look like a turn that happened
      |         office_door->portrait_room step 12/16: 1 chunk(s) of 0.79s, change 19.7, best 19.7, hazards none — one push, so `best` IS the whole leg's travel
      |       step 12/16 bearing  358.0 (got    0.5) 0.79s -> walked 0.79s, best change 19.7
      |         turn to 357.8: NO-OP, already inside 4.0 deg (at 0.4, err -2.5) — nothing was sent, the recorded curve was discarded, and the caller's step line will look like a turn that happened
      |         office_door->portrait_room step 13/16: 1 chunk(s) of 0.79s, change 23.7, best 23.7, hazards none — one push, so `best` IS the whole leg's travel
      |       step 13/16 bearing  357.8 (got    0.4) 0.79s -> walked 0.79s, best change 23.7
      |         turn to 357.9: NO-OP, already inside 4.0 deg (at 0.5, err -2.5) — nothing was sent, the recorded curve was discarded, and the caller's step line will look like a turn that happened
      |         office_door->portrait_room step 14/16: 1 chunk(s) of 0.79s, change 29.4, best 29.4, hazards none — one push, so `best` IS the whole leg's travel
      |       step 14/16 bearing  357.9 (got    0.5) 0.79s -> walked 0.79s, best change 29.4
      |         turn to 0.8: NO-OP, already inside 4.0 deg (at 0.5, err +0.4) — nothing was sent, the recorded curve was discarded, and the caller's step line will look like a turn that happened
      |         office_door->portrait_room step 15/16: 1 chunk(s) of 0.79s, change 26.8, best 26.8, hazards none — one push, so `best` IS the whole leg's travel
      |       step 15/16 bearing    0.8 (got    0.5) 0.79s -> walked 0.79s, best change 26.8
      |         turn to 4.0: NO-OP, already inside 4.0 deg (at 0.5, err +3.5) — nothing was sent, the recorded curve was discarded, and the caller's step line will look like a turn that happened
      |         office_door->portrait_room step 16/16: 1 chunk(s) of 0.36s, change 17.2, best 17.2, hazards none — one push, so `best` IS the whole leg's travel
      |       step 16/16 bearing    4.0 (got    0.5) 0.36s -> walked 0.36s, best change 17.2
      |       arrived? True  (portrait_room 781.000/6.680)
      |         turn to 1.5: TURNED to 1.9 (err -0.4) in 1 push(es)
      |       align at portrait_room: yaw nulled to 1.9 (reference 1.5) — 0.4 deg REMAINING = ~8px of phantom dx still in the dx below
      |       align: step 1/6 dx=+43.8 (prev --)
      |       align: dx=+43.8 -> strafe right 0.10s
      |       align: within 35px (dx=-18.2) after 1 step(s)
      |       aligned at portrait_room: 18px from the recorded pose
      |       align at portrait_room: dx +18.2px
      |   arrived, but 1 node(s) could not be confirmed on the way: ['office_door'] — each is a hole in the reference set
      |   attempt 2/9 at portrait_room
      |   verified at portrait_room (portrait_room 891.000/7.190)
      |   attempt 1/9 at bar_pool_room
      |   route: portrait_room -> bar_pool_room  (2.0s of walking)
      |     leg portrait_room -> bar_pool_room
      |         turn to 286.6: TURNED to 288.4 (err -1.8) in 1 push(es)
      |         portrait_room->bar_pool_room step 1/4: 1 chunk(s) of 0.16s, change 9.5, best 9.5, hazards none — one push, so `best` IS the whole leg's travel
      |       step 1/4 bearing  286.6 (got  288.4) 0.16s -> walked 0.16s, best change 9.5
      |         turn to 292.2: NO-OP, already inside 4.0 deg (at 288.4, err +3.8) — nothing was sent, the recorded curve was discarded, and the caller's step line will look like a turn that happened
      |         portrait_room->bar_pool_room step 2/4: 1 chunk(s) of 0.79s, change 19.2, best 19.2, hazards none — one push, so `best` IS the whole leg's travel
      |       step 2/4 bearing  292.2 (got  288.4) 0.79s -> walked 0.79s, best change 19.2
      |         turn to 285.6: NO-OP, already inside 4.0 deg (at 288.4, err -2.8) — nothing was sent, the recorded curve was discarded, and the caller's step line will look like a turn that happened
      |         portrait_room->bar_pool_room step 3/4: 1 chunk(s) of 0.80s, change 21.7, best 21.7, hazards none — one push, so `best` IS the whole leg's travel
      |       step 3/4 bearing  285.6 (got  288.4) 0.80s -> walked 0.80s, best change 21.7
      |         turn to 287.6: NO-OP, already inside 4.0 deg (at 288.4, err -0.8) — nothing was sent, the recorded curve was discarded, and the caller's step line will look like a turn that happened
      |         portrait_room->bar_pool_room step 4/4: 1 chunk(s) of 0.23s, change 14.5, best 14.5, hazards none — one push, so `best` IS the whole leg's travel
      |       step 4/4 bearing  287.6 (got  288.4) 0.23s -> walked 0.23s, best change 14.5
      |       arrived? True  (bar_pool_room 466.000/3.450)
      |         turn to 288.2: NO-OP, already inside 0.5 deg (at 288.4, err -0.2) — nothing was sent, the recorded curve was discarded, and the caller's step line will look like a turn that happened
      |       align at bar_pool_room: yaw nulled to 288.4 (reference 288.2) — 0.2 deg REMAINING = ~5px of phantom dx still in the dx below
      |       align: step 1/6 dx=+130.7 (prev --)
      |       align: dx=+130.7 -> strafe right 0.11s
      |       align: step 2/6 dx=+84.1 (prev +130.7)
      |       align: dx=+84.1 -> strafe right 0.10s
      |       align: step 3/6 dx=+54.3 (prev +84.1)
      |       align: dx=+54.3 -> strafe right 0.10s
      |       align: dx barely changed (+54 -> +36) — blocked sideways, cannot correct from here
      |       aligned at bar_pool_room: 36px from the recorded pose
      |       align at bar_pool_room: dx +35.7px
      |   attempt 2/9 at bar_pool_room
      |   verified at bar_pool_room (bar_pool_room 469.000/3.450)
      |   attempt 1/9 at bar_jukebox
      |   route: bar_pool_room -> bar_jukebox  (3.3s of walking)
      |     leg bar_pool_room -> bar_jukebox
      |         turn to 2.1: TURNED to 1.3 (err +0.8) in 1 push(es)
      |         bar_pool_room->bar_jukebox step 1/5: 1 chunk(s) of 0.80s, change 18.1, best 18.1, hazards none — one push, so `best` IS the whole leg's travel
      |       step 1/5 bearing    2.1 (got    1.3) 0.80s -> walked 0.80s, best change 18.1
      |         turn to 1.2: NO-OP, already inside 4.0 deg (at 1.2, err -0.1) — nothing was sent, the recorded curve was discarded, and the caller's step line will look like a turn that happened
      |         bar_pool_room->bar_jukebox step 2/5: 1 chunk(s) of 0.79s, change 10.7, best 10.7, hazards none — one push, so `best` IS the whole leg's travel
      |       step 2/5 bearing    1.2 (got    1.2) 0.79s -> walked 0.79s, best change 10.7
      |         turn to 0.8: NO-OP, already inside 4.0 deg (at 1.2, err -0.5) — nothing was sent, the recorded curve was discarded, and the caller's step line will look like a turn that happened
      |         bar_pool_room->bar_jukebox step 3/5: 1 chunk(s) of 0.80s, change 3.3, best 3.3, hazards none — one push, so `best` IS the whole leg's travel
      |       step 3/5 bearing    0.8 (got    1.2) 0.80s -> walked 0.80s, best change 3.3
      |       step 3 blocked but the scene is MOVING — an NPC in the passage, not a wall
      |       the view is featureless — this is geometry, not a mover; skipping the escape ladder it has never cleared
      |       escape ladder: did NOT clear (best 0.0 PIXELS, against SLIP_PROGRESS_PX 20.0px — NOT against STALL_CHANGE 6.0, which is grey_levels)
      |       step 3 moved only 3.3 grey_levels (< 6.0) over 0.80s — stall score 1
      |         turn to 359.4: NO-OP, already inside 4.0 deg (at 1.2, err -1.8) — nothing was sent, the recorded curve was discarded, and the caller's step line will look like a turn that happened
      |         bar_pool_room->bar_jukebox step 4/5: 1 chunk(s) of 0.79s, change 3.2, best 3.2, hazards none — one push, so `best` IS the whole leg's travel
      |       step 4/5 bearing  359.4 (got    1.2) 0.79s -> walked 0.79s, best change 3.2
      |       step 4 blocked but the scene is MOVING — an NPC in the passage, not a wall
      |       the view is featureless — this is geometry, not a mover; skipping the escape ladder it has never cleared
      |       escape ladder: did NOT clear (best 0.0 PIXELS, against SLIP_PROGRESS_PX 20.0px — NOT against STALL_CHANGE 6.0, which is grey_levels)
      |       step 4 moved only 3.2 grey_levels (< 6.0) over 0.79s — stall score 2
      |       BLOCKED on step 4; abandoning the rest of this leg rather than pushing into whatever is in the way
      |       recovery fan did not find bar_jukebox
      |       arrived? None  (unverified, abstained (2.000/2.000))
      |   arrived, but 1 node(s) could not be confirmed on the way: ['bar_jukebox'] — each is a hole in the reference set
      |   attempt 2/9 at bar_jukebox
      |       re-localised by turning 180 deg: bar_pool_room 200.000/1.520
      |   re-localised at bar_pool_room by turning; routing from there
      |   route: bar_pool_room -> bar_jukebox  (3.3s of walking)
      |     leg bar_pool_room -> bar_jukebox
      |         turn to 2.1: TURNED to 0.8 (err +1.3) in 1 push(es)
      |         bar_pool_room->bar_jukebox step 1/5: 1 chunk(s) of 0.80s, change 16.5, best 16.5, hazards none — one push, so `best` IS the whole leg's travel
      |       step 1/5 bearing    2.1 (got    0.8) 0.80s -> walked 0.80s, best change 16.5
      |         turn to 1.2: NO-OP, already inside 4.0 deg (at 0.8, err +0.4) — nothing was sent, the recorded curve was discarded, and the caller's step line will look like a turn that happened
      |         bar_pool_room->bar_jukebox step 2/5: 1 chunk(s) of 0.79s, change 14.3, best 14.3, hazards none — one push, so `best` IS the whole leg's travel
      |       step 2/5 bearing    1.2 (got    0.8) 0.79s -> walked 0.79s, best change 14.3
      |         turn to 0.8: NO-OP, already inside 4.0 deg (at 0.8, err -0.0) — nothing was sent, the recorded curve was discarded, and the caller's step line will look like a turn that happened
      |         bar_pool_room->bar_jukebox step 3/5: 1 chunk(s) of 0.80s, change 5.5, best 5.5, hazards none — one push, so `best` IS the whole leg's travel
      |       step 3/5 bearing    0.8 (got    0.8) 0.80s -> walked 0.80s, best change 5.5
      |       step 3 blocked but the scene is MOVING — an NPC in the passage, not a wall
      |       waited 2.5s: displaced 3.0px
      |       jump 1: displaced 6.0px
      |       jump 2: displaced 20.4px
      |       escape ladder: CLEARED by jump (best 20.4 PIXELS, against SLIP_PROGRESS_PX 20.0px — NOT against STALL_CHANGE 6.0, which is grey_levels)
      |         turn to 359.4: NO-OP, already inside 4.0 deg (at 0.8, err -1.3) — nothing was sent, the recorded curve was discarded, and the caller's step line will look like a turn that happened
      |         bar_pool_room->bar_jukebox step 4/5: 1 chunk(s) of 0.79s, change 28.3, best 28.3, hazards none — one push, so `best` IS the whole leg's travel
      |       step 4/5 bearing  359.4 (got    0.8) 0.79s -> walked 0.79s, best change 28.3
      |         turn to 359.6: NO-OP, already inside 4.0 deg (at 0.8, err -1.1) — nothing was sent, the recorded curve was discarded, and the caller's step line will look like a turn that happened
      |         bar_pool_room->bar_jukebox step 5/5: 1 chunk(s) of 0.14s, change 11.0, best 11.0, hazards none — one push, so `best` IS the whole leg's travel
      |       step 5/5 bearing  359.6 (got    0.8) 0.14s -> walked 0.14s, best change 11.0
      |       arrived? True  (bar_jukebox 154.000/1.450)
      |         turn to 1.0: NO-OP, already inside 0.5 deg (at 0.8, err +0.3) — nothing was sent, the recorded curve was discarded, and the caller's step line will look like a turn that happened
      |       align at bar_jukebox: yaw nulled to 0.8 (reference 1.0) — 0.3 deg REMAINING = ~5px of phantom dx still in the dx below
      |       align: step 1/6 dx=+35.1 (prev --)
      |       align: dx=+35.1 is finer than one minimum push can place — as close as the stick gets
      |       aligned at bar_jukebox: 35px from the recorded pose
      |       align at bar_jukebox: dx +35.1px
      |   attempt 3/9 at bar_jukebox
      |   verified at bar_jukebox (bar_jukebox 163.000/1.550)
      |   attempt 1/9 at dealer_table
      |   route: bar_jukebox -> dealer_table  (4.1s of walking)
      |     leg bar_jukebox -> dealer_table
      |       no compass reading, so there is no arc to sweep
      |       swept 19 headings around 74; best ink 0.0101 at 13.58496251535459, prompt never appeared
      |       swept 19 headings around 76; best ink 0.0000 at None, prompt never appeared
      |       no compass reading, so there is no arc to sweep
      |       swept 19 headings around 76; best ink 0.0000 at None, prompt never appeared
      |       stepped 6.8s of a 6.5s budget without finding the prompt
      |       approach_goal: prompt not seen
      |       no compass reading, so there is no arc to sweep
      |       reach_table: GAVE UP
      |       arrived? False  (at_table=False)
      |     STOPPING at leg bar_jukebox -> dealer_table: the destination did not check out, so every leg after this one would be walked from an unknown position
      |   attempt 2/9 at dealer_table
      |       no compass reading — the relocalise sweep did NOT run (this is not 'nothing was recognised')
      |   not at dealer_table and cannot say where this is (unrecognised (95.000/1.280)) — reloading to a known start
      |   pause menu appeared late, after 0.6s of extra waiting
      |   pause menu open (selected 'Resume')
      |   selected: Load Last Save
      |   confirmation dialog up (delta 82.6) -> YES
      |   world back after 3.2s, spawn bearing 87 (E)
      |   route: office_corridor -> office_door -> portrait_room -> bar_pool_room -> bar_jukebox -> dealer_table  (25.5s of walking)
      |     leg office_corridor -> office_door
      |         turn to 270.4: TURNED to 269.0 (err +1.5) in 2 push(es)
      |         office_corridor->office_door step 1/7: 1 chunk(s) of 0.79s, change 19.6, best 19.6, hazards none — one push, so `best` IS the whole leg's travel
      |       step 1/7 bearing  270.4 (got  269.0) 0.79s -> walked 0.79s, best change 19.6
      |         turn to 270.1: NO-OP, already inside 4.0 deg (at 269.0, err +1.2) — nothing was sent, the recorded curve was discarded, and the caller's step line will look like a turn that happened
      |         office_corridor->office_door step 2/7: 1 chunk(s) of 0.78s, change 18.7, best 18.7, hazards none — one push, so `best` IS the whole leg's travel
      |       step 2/7 bearing  270.1 (got  269.0) 0.78s -> walked 0.78s, best change 18.7
      |         turn to 270.1: NO-OP, already inside 4.0 deg (at 269.0, err +1.2) — nothing was sent, the recorded curve was discarded, and the caller's step line will look like a turn that happened
      |         office_corridor->office_door step 3/7: 1 chunk(s) of 0.78s, change 15.3, best 15.3, hazards none — one push, so `best` IS the whole leg's travel
      |       step 3/7 bearing  270.1 (got  269.0) 0.78s -> walked 0.78s, best change 15.3
      |         turn to 270.3: NO-OP, already inside 4.0 deg (at 269.0, err +1.3) — nothing was sent, the recorded curve was discarded, and the caller's step line will look like a turn that happened
      |         office_corridor->office_door step 4/7: 1 chunk(s) of 0.78s, change 11.0, best 11.0, hazards none — one push, so `best` IS the whole leg's travel
      |       step 4/7 bearing  270.3 (got  269.0) 0.78s -> walked 0.78s, best change 11.0
      |         turn to 270.1: NO-OP, already inside 4.0 deg (at 269.0, err +1.2) — nothing was sent, the recorded curve was discarded, and the caller's step line will look like a turn that happened
      |         office_corridor->office_door step 5/7: 1 chunk(s) of 0.79s, change 8.3, best 8.3, hazards none — one push, so `best` IS the whole leg's travel
      |       step 5/7 bearing  270.1 (got  269.0) 0.79s -> walked 0.79s, best change 8.3
      |         turn to 270.1: NO-OP, already inside 4.0 deg (at 269.0, err +1.1) — nothing was sent, the recorded curve was discarded, and the caller's step line will look like a turn that happened
      |         office_corridor->office_door step 6/7: 1 chunk(s) of 0.79s, change 7.8, best 7.8, hazards none — one push, so `best` IS the whole leg's travel
      |       step 6/7 bearing  270.1 (got  269.0) 0.79s -> walked 0.79s, best change 7.8
      |         turn to 270.4: NO-OP, already inside 4.0 deg (at 269.0, err +1.4) — nothing was sent, the recorded curve was discarded, and the caller's step line will look like a turn that happened
      |         office_corridor->office_door step 7/7: 1 chunk(s) of 0.42s, change 8.4, best 8.4, hazards none — one push, so `best` IS the whole leg's travel
      |       step 7/7 bearing  270.4 (got  269.0) 0.42s -> walked 0.42s, best change 8.4
      |       arrived? None  (no appearance reference by design)
      |     leg office_door -> portrait_room
      |         turn to 338.1: TURNED to 337.0 (err +1.2) in 1 push(es)
      |         office_door->portrait_room step 1/16: 1 chunk(s) of 0.79s, change 12.5, best 12.5, hazards none — one push, so `best` IS the whole leg's travel
      |       step 1/16 bearing  338.1 (got  337.0) 0.79s -> walked 0.79s, best change 12.5
      |         turn to 339.2: NO-OP, already inside 4.0 deg (at 337.0, err +2.2) — nothing was sent, the recorded curve was discarded, and the caller's step line will look like a turn that happened
      |         office_door->portrait_room step 2/16: 1 chunk(s) of 0.70s, change 14.0, best 14.0, hazards none — one push, so `best` IS the whole leg's travel
      |       step 2/16 bearing  339.2 (got  337.0) 0.70s -> walked 0.70s, best change 14.0
      |         turn to 347.9: TURNED to 350.9 (err -3.0) in 1 push(es)
      |         office_door->portrait_room step 3/16: 1 chunk(s) of 0.42s, change 18.0, best 18.0, hazards none — one push, so `best` IS the whole leg's travel
      |       step 3/16 bearing  347.9 (got  350.9) 0.42s -> walked 0.42s, best change 18.0
      |         turn to 355.2: TURNED to 356.6 (err -1.5) in 1 push(es)
      |         office_door->portrait_room step 4/16: 1 chunk(s) of 0.79s, change 45.2, best 45.2, hazards none — one push, so `best` IS the whole leg's travel
      |       step 4/16 bearing  355.2 (got  356.6) 0.79s -> walked 0.79s, best change 45.2
      |         turn to 360.0: NO-OP, already inside 4.0 deg (at 356.5, err +3.5) — nothing was sent, the recorded curve was discarded, and the caller's step line will look like a turn that happened
      |         office_door->portrait_room step 5/16: 1 chunk(s) of 0.51s, change 36.1, best 36.1, hazards none — one push, so `best` IS the whole leg's travel
      |       step 5/16 bearing  360.0 (got  356.5) 0.51s -> walked 0.51s, best change 36.1
      |         turn to 8.6: TURNED to 6.9 (err +1.7) in 1 push(es)
      |         office_door->portrait_room step 6/16: 1 chunk(s) of 0.78s, change 16.9, best 16.9, hazards none — one push, so `best` IS the whole leg's travel
      |       step 6/16 bearing    8.6 (got    6.9) 0.78s -> walked 0.78s, best change 16.9
      |         turn to 7.7: NO-OP, already inside 4.0 deg (at 7.0, err +0.8) — nothing was sent, the recorded curve was discarded, and the caller's step line will look like a turn that happened
      |         office_door->portrait_room step 7/16: 1 chunk(s) of 0.78s, change 28.1, best 28.1, hazards none — one push, so `best` IS the whole leg's travel
      |       step 7/16 bearing    7.7 (got    7.0) 0.78s -> walked 0.78s, best change 28.1
      |         turn to 1.7: TURNED to 2.6 (err -0.8) in 1 push(es)
      |         office_door->portrait_room step 8/16: 1 chunk(s) of 0.80s, change 33.1, best 33.1, hazards none — one push, so `best` IS the whole leg's travel
      |       step 8/16 bearing    1.7 (got    2.6) 0.80s -> walked 0.80s, best change 33.1
      |         turn to 359.6: NO-OP, already inside 4.0 deg (at 2.6, err -2.9) — nothing was sent, the recorded curve was discarded, and the caller's step line will look like a turn that happened
      |         office_door->portrait_room step 9/16: 1 chunk(s) of 0.36s, change 25.0, best 25.0, hazards none — one push, so `best` IS the whole leg's travel
      |       step 9/16 bearing  359.6 (got    2.6) 0.36s -> walked 0.36s, best change 25.0
      |         turn to 359.4: NO-OP, already inside 4.0 deg (at 2.6, err -3.2) — nothing was sent, the recorded curve was discarded, and the caller's step line will look like a turn that happened
      |         office_door->portrait_room step 10/16: 1 chunk(s) of 0.78s, change 22.0, best 22.0, hazards none — one push, so `best` IS the whole leg's travel
      |       step 10/16 bearing  359.4 (got    2.6) 0.78s -> walked 0.78s, best change 22.0
      |         turn to 357.9: TURNED to 356.6 (err +1.3) in 1 push(es)
      |         office_door->portrait_room step 11/16: 1 chunk(s) of 0.79s, change 19.6, best 19.6, hazards none — one push, so `best` IS the whole leg's travel
      |       step 11/16 bearing  357.9 (got  356.6) 0.79s -> walked 0.79s, best change 19.6
      |         turn to 358.0: NO-OP, already inside 4.0 deg (at 356.6, err +1.4) — nothing was sent, the recorded curve was discarded, and the caller's step line will look like a turn that happened
      |         office_door->portrait_room step 12/16: 1 chunk(s) of 0.79s, change 18.9, best 18.9, hazards none — one push, so `best` IS the whole leg's travel
      |       step 12/16 bearing  358.0 (got  356.6) 0.79s -> walked 0.79s, best change 18.9
      |         turn to 357.8: NO-OP, already inside 4.0 deg (at 356.6, err +1.3) — nothing was sent, the recorded curve was discarded, and the caller's step line will look like a turn that happened
      |         office_door->portrait_room step 13/16: 1 chunk(s) of 0.79s, change 22.6, best 22.6, hazards none — one push, so `best` IS the whole leg's travel
      |       step 13/16 bearing  357.8 (got  356.6) 0.79s -> walked 0.79s, best change 22.6
      |         turn to 357.9: NO-OP, already inside 4.0 deg (at 356.6, err +1.3) — nothing was sent, the recorded curve was discarded, and the caller's step line will look like a turn that happened
      |         office_door->portrait_room step 14/16: 1 chunk(s) of 0.79s, change 27.3, best 27.3, hazards none — one push, so `best` IS the whole leg's travel
      |       step 14/16 bearing  357.9 (got  356.6) 0.79s -> walked 0.79s, best change 27.3
      |         turn to 0.8: TURNED to 359.4 (err +1.5) in 1 push(es)
      |         office_door->portrait_room step 15/16: 1 chunk(s) of 0.79s, change 25.8, best 25.8, hazards none — one push, so `best` IS the whole leg's travel
      |       step 15/16 bearing    0.8 (got  359.4) 0.79s -> walked 0.79s, best change 25.8
      |         turn to 4.0: TURNED to 5.3 (err -1.4) in 1 push(es)
      |         office_door->portrait_room step 16/16: 1 chunk(s) of 0.36s, change 16.6, best 16.6, hazards none — one push, so `best` IS the whole leg's travel
      |       step 16/16 bearing    4.0 (got    5.3) 0.36s -> walked 0.36s, best change 16.6
      |       arrived? True  (portrait_room 800.000/5.970)
      |         turn to 1.5: TURNED to 1.0 (err +0.5) in 2 push(es)
      |       align at portrait_room: yaw nulled to 1.0 (reference 1.5) — 0.5 deg REMAINING = ~9px of phantom dx still in the dx below
      |       align: step 1/6 dx=+131.6 (prev --)
      |       align: dx=+131.6 -> strafe right 0.11s
      |       align: dx barely changed (+132 -> +136) — blocked sideways, cannot correct from here
      |       aligned at portrait_room: 136px from the recorded pose
      |       align at portrait_room: dx +135.6px
      |     leg portrait_room -> bar_pool_room
      |         turn to 286.6: TURNED to 287.5 (err -0.9) in 1 push(es)
      |         portrait_room->bar_pool_room step 1/4: 1 chunk(s) of 0.16s, change 14.8, best 14.8, hazards none — one push, so `best` IS the whole leg's travel
      |       step 1/4 bearing  286.6 (got  287.5) 0.16s -> walked 0.16s, best change 14.8
      |         turn to 292.2: TURNED to 293.0 (err -0.8) in 1 push(es)
      |         portrait_room->bar_pool_room step 2/4: 1 chunk(s) of 0.79s, change 17.9, best 17.9, hazards none — one push, so `best` IS the whole leg's travel
      |       step 2/4 bearing  292.2 (got  293.0) 0.79s -> walked 0.79s, best change 17.9
      |         turn to 285.6: TURNED to 285.8 (err -0.2) in 1 push(es)
      |         portrait_room->bar_pool_room step 3/4: 1 chunk(s) of 0.80s, change 6.5, best 6.5, hazards none — one push, so `best` IS the whole leg's travel
      |       step 3/4 bearing  285.6 (got  285.8) 0.80s -> walked 0.80s, best change 6.5
      |         turn to 287.6: NO-OP, already inside 4.0 deg (at 285.8, err +1.8) — nothing was sent, the recorded curve was discarded, and the caller's step line will look like a turn that happened
      |         portrait_room->bar_pool_room step 4/4: 1 chunk(s) of 0.23s, change 5.1, best 5.1, hazards none — one push, so `best` IS the whole leg's travel
      |       step 4/4 bearing  287.6 (got  285.8) 0.23s -> walked 0.23s, best change 5.1
      |       step 4 blocked but the scene is MOVING — an NPC in the passage, not a wall
      |       waited 2.5s: displaced 1.4px
      |       jump 1: displaced 1.2px
      |       jump 2: displaced 2.0px
      |       slip right: displaced 61.2px
      |       escape ladder: CLEARED by strafe_right (best 61.2 PIXELS, against SLIP_PROGRESS_PX 20.0px — NOT against STALL_CHANGE 6.0, which is grey_levels)
      |       arrived? True  (bar_pool_room 245.000/1.590)
      |         turn to 288.2: TURNED to 288.6 (err -0.4) in 1 push(es)
      |       align at bar_pool_room: yaw nulled to 288.6 (reference 288.2) — 0.4 deg REMAINING = ~8px of phantom dx still in the dx below
      |       align: within 35px (dx=+3.0) after 0 step(s)
      |       aligned at bar_pool_room: 3px from the recorded pose
      |       align at bar_pool_room: dx +3.0px
      |     leg bar_pool_room -> bar_jukebox
      |         turn to 2.1: TURNED to 3.9 (err -1.8) in 1 push(es)
      |         bar_pool_room->bar_jukebox step 1/5: 1 chunk(s) of 0.80s, change 21.7, best 21.7, hazards none — one push, so `best` IS the whole leg's travel
      |       step 1/5 bearing    2.1 (got    3.9) 0.80s -> walked 0.80s, best change 21.7
      |         turn to 1.2: NO-OP, already inside 4.0 deg (at 3.9, err -2.7) — nothing was sent, the recorded curve was discarded, and the caller's step line will look like a turn that happened
      |         bar_pool_room->bar_jukebox step 2/5: 1 chunk(s) of 0.79s, change 22.6, best 22.6, hazards none — one push, so `best` IS the whole leg's travel
      |       step 2/5 bearing    1.2 (got    3.9) 0.79s -> walked 0.79s, best change 22.6
      |         turn to 0.8: NO-OP, already inside 4.0 deg (at 3.9, err -3.1) — nothing was sent, the recorded curve was discarded, and the caller's step line will look like a turn that happened
      |         bar_pool_room->bar_jukebox step 3/5: 1 chunk(s) of 0.80s, change 26.7, best 26.7, hazards none — one push, so `best` IS the whole leg's travel
      |       step 3/5 bearing    0.8 (got    3.9) 0.80s -> walked 0.80s, best change 26.7
      |         turn to 359.4: TURNED to 0.0 (err -0.6) in 1 push(es)
      |         bar_pool_room->bar_jukebox step 4/5: 1 chunk(s) of 0.79s, change 10.4, best 10.4, hazards none — one push, so `best` IS the whole leg's travel
      |       step 4/5 bearing  359.4 (got    0.0) 0.79s -> walked 0.79s, best change 10.4
      |         turn to 359.6: NO-OP, already inside 4.0 deg (at 0.0, err -0.4) — nothing was sent, the recorded curve was discarded, and the caller's step line will look like a turn that happened
      |         bar_pool_room->bar_jukebox step 5/5: 1 chunk(s) of 0.14s, change 4.5, best 4.5, hazards none — one push, so `best` IS the whole leg's travel
      |       step 5/5 bearing  359.6 (got    0.0) 0.14s -> walked 0.14s, best change 4.5
      |       step 5 blocked but the scene is MOVING — an NPC in the passage, not a wall
      |       waited 2.5s: displaced 23.9px
      |       escape ladder: CLEARED by wait (best 23.9 PIXELS, against SLIP_PROGRESS_PX 20.0px — NOT against STALL_CHANGE 6.0, which is grey_levels)
      |       recovery fan did not find bar_jukebox
      |       arrived? None  (unverified, abstained (21.000/1.050))
      |     leg bar_jukebox -> dealer_table
      |       swept 19 headings around 76; best ink 0.0230 at 336.10634648370495, prompt never appeared
      |       no compass reading, so there is no arc to sweep
      |       swept 19 headings around 77; best ink 0.0000 at None, prompt never appeared
      |       no compass reading, so there is no arc to sweep
      |       swept 19 headings around 54; best ink 0.0003 at 333.7641724015749, prompt never appeared
      |       stepped 6.8s of a 6.5s budget without finding the prompt
      |       approach_goal: prompt not seen
      |       swept 19 headings around 76; best ink 0.0000 at None, prompt never appeared
      |       reach_table: GAVE UP
      |       arrived? False  (at_table=False)
      |     STOPPING at leg bar_jukebox -> dealer_table: the destination did not check out, so every leg after this one would be walked from an unknown position
      |   attempt 3/9 at dealer_table
      |   not at dealer_table and cannot say where this is (unrecognised (88.000/1.310)) — reloading to a known start
      |   pause menu open (selected 'Resume')
      |   selected: Load Last Save
      |   no dialog yet (delta 2.1) — the commit press did not land, retrying (1/3)
      |   confirmation dialog up (delta 82.9) -> YES
      |   YES press 1 did not register, retrying
      |   world back after 3.2s, spawn bearing 87 (E)
      |   route: office_corridor -> office_door -> portrait_room -> bar_pool_room -> bar_jukebox -> dealer_table  (25.5s of walking)
      |     leg office_corridor -> office_door
      |         turn to 270.4: TURNED to 270.7 (err -0.2) in 2 push(es)
      |         office_corridor->office_door step 1/7: 1 chunk(s) of 0.79s, change 19.3, best 19.3, hazards none — one push, so `best` IS the whole leg's travel
      |       step 1/7 bearing  270.4 (got  270.7) 0.79s -> walked 0.79s, best change 19.3
      |         turn to 270.1: NO-OP, already inside 4.0 deg (at 270.6, err -0.5) — nothing was sent, the recorded curve was discarded, and the caller's step line will look like a turn that happened
      |         office_corridor->office_door step 2/7: 1 chunk(s) of 0.78s, change 19.3, best 19.3, hazards none — one push, so `best` IS the whole leg's travel
      |       step 2/7 bearing  270.1 (got  270.6) 0.78s -> walked 0.78s, best change 19.3
      |         turn to 270.1: NO-OP, already inside 4.0 deg (at 270.7, err -0.5) — nothing was sent, the recorded curve was discarded, and the caller's step line will look like a turn that happened
      |         office_corridor->office_door step 3/7: 1 chunk(s) of 0.78s, change 15.5, best 15.5, hazards none — one push, so `best` IS the whole leg's travel
      |       step 3/7 bearing  270.1 (got  270.7) 0.78s -> walked 0.78s, best change 15.5
      |         turn to 270.3: NO-OP, already inside 4.0 deg (at 270.7, err -0.4) — nothing was sent, the recorded curve was discarded, and the caller's step line will look like a turn that happened
      |         office_corridor->office_door step 4/7: 1 chunk(s) of 0.78s, change 10.2, best 10.2, hazards none — one push, so `best` IS the whole leg's travel
      |       step 4/7 bearing  270.3 (got  270.7) 0.78s -> walked 0.78s, best change 10.2
      |         turn to 270.1: NO-OP, already inside 4.0 deg (at 270.7, err -0.5) — nothing was sent, the recorded curve was discarded, and the caller's step line will look like a turn that happened
      |         office_corridor->office_door step 5/7: 1 chunk(s) of 0.79s, change 8.8, best 8.8, hazards none — one push, so `best` IS the whole leg's travel
      |       step 5/7 bearing  270.1 (got  270.7) 0.79s -> walked 0.79s, best change 8.8
      |         turn to 270.1: NO-OP, already inside 4.0 deg (at 270.7, err -0.6) — nothing was sent, the recorded curve was discarded, and the caller's step line will look like a turn that happened
      |         office_corridor->office_door step 6/7: 1 chunk(s) of 0.79s, change 6.4, best 6.4, hazards none — one push, so `best` IS the whole leg's travel
      |       step 6/7 bearing  270.1 (got  270.7) 0.79s -> walked 0.79s, best change 6.4
      |         turn to 270.4: NO-OP, already inside 4.0 deg (at 270.7, err -0.3) — nothing was sent, the recorded curve was discarded, and the caller's step line will look like a turn that happened
      |         office_corridor->office_door step 7/7: 1 chunk(s) of 0.42s, change 6.4, best 6.4, hazards none — one push, so `best` IS the whole leg's travel
      |       step 7/7 bearing  270.4 (got  270.7) 0.42s -> walked 0.42s, best change 6.4
      |       arrived? None  (no appearance reference by design)
      |     leg office_door -> portrait_room
      |         turn to 338.1: TURNED to 337.9 (err +0.2) in 2 push(es)
      |         office_door->portrait_room step 1/16: 1 chunk(s) of 0.79s, change 11.8, best 11.8, hazards none — one push, so `best` IS the whole leg's travel
      |       step 1/16 bearing  338.1 (got  337.9) 0.79s -> walked 0.79s, best change 11.8
      |         turn to 339.2: NO-OP, already inside 4.0 deg (at 337.9, err +1.3) — nothing was sent, the recorded curve was discarded, and the caller's step line will look like a turn that happened
      |         office_door->portrait_room step 2/16: 1 chunk(s) of 0.70s, change 20.1, best 20.1, hazards none — one push, so `best` IS the whole leg's travel
      |       step 2/16 bearing  339.2 (got  337.9) 0.70s -> walked 0.70s, best change 20.1
      |         turn to 347.9: TURNED to 346.2 (err +1.7) in 1 push(es)
      |         office_door->portrait_room step 3/16: 1 chunk(s) of 0.42s, change 27.0, best 27.0, hazards none — one push, so `best` IS the whole leg's travel
      |       step 3/16 bearing  347.9 (got  346.2) 0.42s -> walked 0.42s, best change 27.0
      |         turn to 355.2: TURNED to 356.9 (err -1.8) in 1 push(es)
      |         office_door->portrait_room step 4/16: 1 chunk(s) of 0.79s, change 42.2, best 42.2, hazards none — one push, so `best` IS the whole leg's travel
      |       step 4/16 bearing  355.2 (got  356.9) 0.79s -> walked 0.79s, best change 42.2
      |         turn to 360.0: NO-OP, already inside 4.0 deg (at 357.0, err +2.9) — nothing was sent, the recorded curve was discarded, and the caller's step line will look like a turn that happened
      |         office_door->portrait_room step 5/16: 1 chunk(s) of 0.51s, change 21.1, best 21.1, hazards none — one push, so `best` IS the whole leg's travel
      |       step 5/16 bearing  360.0 (got  357.0) 0.51s -> walked 0.51s, best change 21.1
      |         turn to 8.6: TURNED to 5.6 (err +3.0) in 1 push(es)
      |         office_door->portrait_room step 6/16: 1 chunk(s) of 0.78s, change 18.2, best 18.2, hazards none — one push, so `best` IS the whole leg's travel
      |       step 6/16 bearing    8.6 (got    5.6) 0.78s -> walked 0.78s, best change 18.2
      |         turn to 7.7: NO-OP, already inside 4.0 deg (at 5.6, err +2.2) — nothing was sent, the recorded curve was discarded, and the caller's step line will look like a turn that happened
      |         office_door->portrait_room step 7/16: 1 chunk(s) of 0.78s, change 33.5, best 33.5, hazards none — one push, so `best` IS the whole leg's travel
      |       step 7/16 bearing    7.7 (got    5.6) 0.78s -> walked 0.78s, best change 33.5
      |         turn to 1.7: NO-OP, already inside 4.0 deg (at 5.6, err -3.8) — nothing was sent, the recorded curve was discarded, and the caller's step line will look like a turn that happened
      |         office_door->portrait_room step 8/16: 1 chunk(s) of 0.80s, change 33.9, best 33.9, hazards none — one push, so `best` IS the whole leg's travel
      |       step 8/16 bearing    1.7 (got    5.6) 0.80s -> walked 0.80s, best change 33.9
      |         turn to 359.6: TURNED to 0.8 (err -1.2) in 1 push(es)
      |         office_door->portrait_room step 9/16: 1 chunk(s) of 0.36s, change 19.2, best 19.2, hazards none — one push, so `best` IS the whole leg's travel
      |       step 9/16 bearing  359.6 (got    0.8) 0.36s -> walked 0.36s, best change 19.2
      |         turn to 359.4: NO-OP, already inside 4.0 deg (at 0.8, err -1.4) — nothing was sent, the recorded curve was discarded, and the caller's step line will look like a turn that happened
      |         office_door->portrait_room step 10/16: 1 chunk(s) of 0.78s, change 20.4, best 20.4, hazards none — one push, so `best` IS the whole leg's travel
      |       step 10/16 bearing  359.4 (got    0.8) 0.78s -> walked 0.78s, best change 20.4
      |         turn to 357.9: NO-OP, already inside 4.0 deg (at 0.8, err -2.9) — nothing was sent, the recorded curve was discarded, and the caller's step line will look like a turn that happened
      |         office_door->portrait_room step 11/16: 1 chunk(s) of 0.79s, change 20.9, best 20.9, hazards none — one push, so `best` IS the whole leg's travel
      |       step 11/16 bearing  357.9 (got    0.8) 0.79s -> walked 0.79s, best change 20.9
      |         turn to 358.0: NO-OP, already inside 4.0 deg (at 0.8, err -2.8) — nothing was sent, the recorded curve was discarded, and the caller's step line will look like a turn that happened
      |         office_door->portrait_room step 12/16: 1 chunk(s) of 0.79s, change 23.3, best 23.3, hazards none — one push, so `best` IS the whole leg's travel
      |       step 12/16 bearing  358.0 (got    0.8) 0.79s -> walked 0.79s, best change 23.3
      |         turn to 357.8: NO-OP, already inside 4.0 deg (at 0.8, err -2.9) — nothing was sent, the recorded curve was discarded, and the caller's step line will look like a turn that happened
      |         office_door->portrait_room step 13/16: 1 chunk(s) of 0.79s, change 33.4, best 33.4, hazards none — one push, so `best` IS the whole leg's travel
      |       step 13/16 bearing  357.8 (got    0.8) 0.79s -> walked 0.79s, best change 33.4
      |         turn to 357.9: NO-OP, already inside 4.0 deg (at 0.8, err -2.9) — nothing was sent, the recorded curve was discarded, and the caller's step line will look like a turn that happened
      |         office_door->portrait_room step 14/16: 1 chunk(s) of 0.79s, change 37.7, best 37.7, hazards none — one push, so `best` IS the whole leg's travel
      |       step 14/16 bearing  357.9 (got    0.8) 0.79s -> walked 0.79s, best change 37.7
      |         turn to 0.8: NO-OP, already inside 4.0 deg (at 0.9, err -0.1) — nothing was sent, the recorded curve was discarded, and the caller's step line will look like a turn that happened
      |         office_door->portrait_room step 15/16: 1 chunk(s) of 0.79s, change 26.2, best 26.2, hazards none — one push, so `best` IS the whole leg's travel
      |       step 15/16 bearing    0.8 (got    0.9) 0.79s -> walked 0.79s, best change 26.2
      |         turn to 4.0: NO-OP, already inside 4.0 deg (at 0.8, err +3.1) — nothing was sent, the recorded curve was discarded, and the caller's step line will look like a turn that happened
      |         office_door->portrait_room step 16/16: 1 chunk(s) of 0.36s, change 15.7, best 15.7, hazards none — one push, so `best` IS the whole leg's travel
      |       step 16/16 bearing    4.0 (got    0.8) 0.36s -> walked 0.36s, best change 15.7
      |       arrived? True  (portrait_room 756.000/5.480)
      |         turn to 1.5: TURNED to 1.4 (err +0.1) in 1 push(es)
      |       align at portrait_room: yaw nulled to 1.4 (reference 1.5) — 0.1 deg REMAINING = ~2px of phantom dx still in the dx below
      |       align: within 35px (dx=+16.2) after 0 step(s)
      |       aligned at portrait_room: 16px from the recorded pose
      |       align at portrait_room: dx +16.2px
      |     leg portrait_room -> bar_pool_room
      |         turn to 286.6: TURNED to 285.1 (err +1.5) in 2 push(es)
      |         portrait_room->bar_pool_room step 1/4: 1 chunk(s) of 0.16s, change 10.1, best 10.1, hazards none — one push, so `best` IS the whole leg's travel
      |       step 1/4 bearing  286.6 (got  285.1) 0.16s -> walked 0.16s, best change 10.1
      |         turn to 292.2: TURNED to 293.6 (err -1.4) in 1 push(es)
      |         portrait_room->bar_pool_room step 2/4: 1 chunk(s) of 0.79s, change 18.6, best 18.6, hazards none — one push, so `best` IS the whole leg's travel
      |       step 2/4 bearing  292.2 (got  293.6) 0.79s -> walked 0.79s, best change 18.6
      |         turn to 285.6: TURNED to 287.4 (err -1.8) in 1 push(es)
      |         portrait_room->bar_pool_room step 3/4: 1 chunk(s) of 0.80s, change 18.5, best 18.5, hazards none — one push, so `best` IS the whole leg's travel
      |       step 3/4 bearing  285.6 (got  287.4) 0.80s -> walked 0.80s, best change 18.5
      |         turn to 287.6: NO-OP, already inside 4.0 deg (at 287.4, err +0.2) — nothing was sent, the recorded curve was discarded, and the caller's step line will look like a turn that happened
      |         portrait_room->bar_pool_room step 4/4: 1 chunk(s) of 0.23s, change 10.8, best 10.8, hazards none — one push, so `best` IS the whole leg's travel
      |       step 4/4 bearing  287.6 (got  287.4) 0.23s -> walked 0.23s, best change 10.8
      |       arrived? True  (bar_pool_room 577.000/4.510)
      |         turn to 288.2: TURNED to 288.2 (err -0.0) in 1 push(es)
      |       align at bar_pool_room: yaw nulled to 288.2 (reference 288.2) — 0.0 deg REMAINING = ~1px of phantom dx still in the dx below
      |       align: step 1/6 dx=+127.5 (prev --)
      |       align: dx=+127.5 -> strafe right 0.11s
      |       align: step 2/6 dx=+90.2 (prev +127.5)
      |       align: dx=+90.2 -> strafe right 0.10s
      |       align: step 3/6 dx=+60.1 (prev +90.2)
      |       align: dx=+60.1 -> strafe right 0.10s
      |       align: dx barely changed (+60 -> +43) — blocked sideways, cannot correct from here
      |       aligned at bar_pool_room: 43px from the recorded pose
      |       align at bar_pool_room: dx +43.4px
      |     leg bar_pool_room -> bar_jukebox
      |         turn to 2.1: TURNED to 2.3 (err -0.2) in 1 push(es)
      |         bar_pool_room->bar_jukebox step 1/5: 1 chunk(s) of 0.80s, change 15.2, best 15.2, hazards none — one push, so `best` IS the whole leg's travel
      |       step 1/5 bearing    2.1 (got    2.3) 0.80s -> walked 0.80s, best change 15.2
      |         turn to 1.2: NO-OP, already inside 4.0 deg (at 2.3, err -1.1) — nothing was sent, the recorded curve was discarded, and the caller's step line will look like a turn that happened
      |         bar_pool_room->bar_jukebox step 2/5: 1 chunk(s) of 0.79s, change 7.7, best 7.7, hazards none — one push, so `best` IS the whole leg's travel
      |       step 2/5 bearing    1.2 (got    2.3) 0.79s -> walked 0.79s, best change 7.7
      |         turn to 0.8: NO-OP, already inside 4.0 deg (at 2.3, err -1.5) — nothing was sent, the recorded curve was discarded, and the caller's step line will look like a turn that happened
      |         bar_pool_room->bar_jukebox step 3/5: 1 chunk(s) of 0.80s, change 3.5, best 3.5, hazards none — one push, so `best` IS the whole leg's travel
      |       step 3/5 bearing    0.8 (got    2.3) 0.80s -> walked 0.80s, best change 3.5
      |       step 3 blocked but the scene is MOVING — an NPC in the passage, not a wall
      |       the view is featureless — this is geometry, not a mover; skipping the escape ladder it has never cleared
      |       escape ladder: did NOT clear (best 0.0 PIXELS, against SLIP_PROGRESS_PX 20.0px — NOT against STALL_CHANGE 6.0, which is grey_levels)
      |       step 3 moved only 3.5 grey_levels (< 6.0) over 0.80s — stall score 1
      |         turn to 359.4: NO-OP, already inside 4.0 deg (at 2.3, err -2.8) — nothing was sent, the recorded curve was discarded, and the caller's step line will look like a turn that happened
      |         bar_pool_room->bar_jukebox step 4/5: 1 chunk(s) of 0.79s, change 4.4, best 4.4, hazards none — one push, so `best` IS the whole leg's travel
      |       step 4/5 bearing  359.4 (got    2.3) 0.79s -> walked 0.79s, best change 4.4
      |       step 4 blocked but the scene is MOVING — an NPC in the passage, not a wall
      |       the view is featureless — this is geometry, not a mover; skipping the escape ladder it has never cleared
      |       escape ladder: did NOT clear (best 0.0 PIXELS, against SLIP_PROGRESS_PX 20.0px — NOT against STALL_CHANGE 6.0, which is grey_levels)
      |       step 4 moved only 4.4 grey_levels (< 6.0) over 0.79s — stall score 2
      |       BLOCKED on step 4; abandoning the rest of this leg rather than pushing into whatever is in the way
      |       recovery fan did not find bar_jukebox
      |       arrived? None  (unverified, abstained (0.000/0.000))
      |     leg bar_jukebox -> dealer_table
      |       swept 19 headings around 78; best ink 0.0182 at 357.7105510982962, prompt never appeared
      |       swept 19 headings around 72; best ink 0.0089 at 272.4233429031525, prompt never appeared
      |       no compass reading, so there is no arc to sweep
      |       no compass reading, so there is no arc to sweep
      |       no compass reading, so there is no arc to sweep
      |       stepped 6.8s of a 6.5s budget without finding the prompt
      |       approach_goal: prompt not seen
      |       no compass reading, so there is no arc to sweep
      |       reach_table: GAVE UP
      |       arrived? False  (at_table=False)
      |     STOPPING at leg bar_jukebox -> dealer_table: the destination did not check out, so every leg after this one would be walked from an unknown position
      |   attempt 4/9 at dealer_table
      |       no compass reading — the relocalise sweep did NOT run (this is not 'nothing was recognised')
      |   not at dealer_table and cannot say where this is (unrecognised (1.000/1.000)) — reloading to a known start
      |   pause menu open (selected 'Resume')
      |   selected: Load Last Save
      |   confirmation dialog up (delta 81.7) -> YES
      |   YES press 1 did not register, retrying
      |   YES press 2 did not register, retrying
      |   world back after 3.2s, spawn bearing 87 (E)
      |   route: office_corridor -> office_door -> portrait_room -> bar_pool_room -> bar_jukebox -> dealer_table  (25.5s of walking)
      |     leg office_corridor -> office_door
      |         turn to 270.4: TURNED to 267.5 (err +3.0) in 2 push(es)
      |         office_corridor->office_door step 1/7: 1 chunk(s) of 0.79s, change 19.8, best 19.8, hazards none — one push, so `best` IS the whole leg's travel
      |       step 1/7 bearing  270.4 (got  267.5) 0.79s -> walked 0.79s, best change 19.8
      |         turn to 270.1: NO-OP, already inside 4.0 deg (at 267.5, err +2.7) — nothing was sent, the recorded curve was discarded, and the caller's step line will look like a turn that happened
      |         office_corridor->office_door step 2/7: 1 chunk(s) of 0.78s, change 19.2, best 19.2, hazards none — one push, so `best` IS the whole leg's travel
      |       step 2/7 bearing  270.1 (got  267.5) 0.78s -> walked 0.78s, best change 19.2
      |         turn to 270.1: NO-OP, already inside 4.0 deg (at 267.5, err +2.7) — nothing was sent, the recorded curve was discarded, and the caller's step line will look like a turn that happened
      |         office_corridor->office_door step 3/7: 1 chunk(s) of 0.78s, change 15.1, best 15.1, hazards none — one push, so `best` IS the whole leg's travel
      |       step 3/7 bearing  270.1 (got  267.5) 0.78s -> walked 0.78s, best change 15.1
      |         turn to 270.3: NO-OP, already inside 4.0 deg (at 267.5, err +2.8) — nothing was sent, the recorded curve was discarded, and the caller's step line will look like a turn that happened
      |         office_corridor->office_door step 4/7: 1 chunk(s) of 0.78s, change 10.7, best 10.7, hazards none — one push, so `best` IS the whole leg's travel
      |       step 4/7 bearing  270.3 (got  267.5) 0.78s -> walked 0.78s, best change 10.7
      |         turn to 270.1: NO-OP, already inside 4.0 deg (at 267.5, err +2.6) — nothing was sent, the recorded curve was discarded, and the caller's step line will look like a turn that happened
      |         office_corridor->office_door step 5/7: 1 chunk(s) of 0.79s, change 10.1, best 10.1, hazards none — one push, so `best` IS the whole leg's travel
      |       step 5/7 bearing  270.1 (got  267.5) 0.79s -> walked 0.79s, best change 10.1
      |         turn to 270.1: NO-OP, already inside 4.0 deg (at 267.5, err +2.6) — nothing was sent, the recorded curve was discarded, and the caller's step line will look like a turn that happened
      |         office_corridor->office_door step 6/7: 1 chunk(s) of 0.79s, change 7.8, best 7.8, hazards none — one push, so `best` IS the whole leg's travel
      |       step 6/7 bearing  270.1 (got  267.5) 0.79s -> walked 0.79s, best change 7.8
      |         turn to 270.4: NO-OP, already inside 4.0 deg (at 267.5, err +2.9) — nothing was sent, the recorded curve was discarded, and the caller's step line will look like a turn that happened
      |         office_corridor->office_door step 7/7: 1 chunk(s) of 0.42s, change 7.1, best 7.1, hazards none — one push, so `best` IS the whole leg's travel
      |       step 7/7 bearing  270.4 (got  267.5) 0.42s -> walked 0.42s, best change 7.1
      |       arrived? None  (no appearance reference by design)
      |     leg office_door -> portrait_room
      |         turn to 338.1: TURNED to 337.9 (err +0.2) in 1 push(es)
      |         office_door->portrait_room step 1/16: 1 chunk(s) of 0.79s, change 11.0, best 11.0, hazards none — one push, so `best` IS the whole leg's travel
      |       step 1/16 bearing  338.1 (got  337.9) 0.79s -> walked 0.79s, best change 11.0
      |         turn to 339.2: NO-OP, already inside 4.0 deg (at 337.9, err +1.3) — nothing was sent, the recorded curve was discarded, and the caller's step line will look like a turn that happened
      |         office_door->portrait_room step 2/16: 1 chunk(s) of 0.70s, change 11.8, best 11.8, hazards none — one push, so `best` IS the whole leg's travel
      |       step 2/16 bearing  339.2 (got  337.9) 0.70s -> walked 0.70s, best change 11.8
      |         turn to 347.9: TURNED to 350.1 (err -2.2) in 1 push(es)
      |         office_door->portrait_room step 3/16: 1 chunk(s) of 0.42s, change 18.4, best 18.4, hazards none — one push, so `best` IS the whole leg's travel
      |       step 3/16 bearing  347.9 (got  350.1) 0.42s -> walked 0.42s, best change 18.4
      |         turn to 355.2: TURNED to 355.6 (err -0.4) in 1 push(es)
      |         office_door->portrait_room step 4/16: 1 chunk(s) of 0.79s, change 44.0, best 44.0, hazards none — one push, so `best` IS the whole leg's travel
      |       step 4/16 bearing  355.2 (got  355.6) 0.79s -> walked 0.79s, best change 44.0
      |         turn to 360.0: TURNED to 0.3 (err -0.3) in 1 push(es)
      |         office_door->portrait_room step 5/16: 1 chunk(s) of 0.51s, change 30.7, best 30.7, hazards none — one push, so `best` IS the whole leg's travel
      |       step 5/16 bearing  360.0 (got    0.3) 0.51s -> walked 0.51s, best change 30.7
      |         turn to 8.6: TURNED to 8.6 (err -0.1) in 1 push(es)
      |         office_door->portrait_room step 6/16: 1 chunk(s) of 0.78s, change 18.7, best 18.7, hazards none — one push, so `best` IS the whole leg's travel
      |       step 6/16 bearing    8.6 (got    8.6) 0.78s -> walked 0.78s, best change 18.7
      |         turn to 7.7: NO-OP, already inside 4.0 deg (at 8.6, err -0.9) — nothing was sent, the recorded curve was discarded, and the caller's step line will look like a turn that happened
      |         office_door->portrait_room step 7/16: 1 chunk(s) of 0.78s, change 26.8, best 26.8, hazards none — one push, so `best` IS the whole leg's travel
      |       step 7/16 bearing    7.7 (got    8.6) 0.78s -> walked 0.78s, best change 26.8
      |         turn to 1.7: TURNED to 4.6 (err -2.8) in 1 push(es)
      |         office_door->portrait_room step 8/16: 1 chunk(s) of 0.80s, change 32.0, best 32.0, hazards none — one push, so `best` IS the whole leg's travel
      |       step 8/16 bearing    1.7 (got    4.6) 0.80s -> walked 0.80s, best change 32.0
      |         turn to 359.6: TURNED to 2.0 (err -2.4) in 1 push(es)
      |         office_door->portrait_room step 9/16: 1 chunk(s) of 0.36s, change 23.3, best 23.3, hazards none — one push, so `best` IS the whole leg's travel
      |       step 9/16 bearing  359.6 (got    2.0) 0.36s -> walked 0.36s, best change 23.3
      |         turn to 359.4: NO-OP, already inside 4.0 deg (at 2.0, err -2.7) — nothing was sent, the recorded curve was discarded, and the caller's step line will look like a turn that happened
      |         office_door->portrait_room step 10/16: 1 chunk(s) of 0.78s, change 18.3, best 18.3, hazards none — one push, so `best` IS the whole leg's travel
      |       step 10/16 bearing  359.4 (got    2.0) 0.78s -> walked 0.78s, best change 18.3
      |         turn to 357.9: TURNED to 357.5 (err +0.3) in 1 push(es)
      |         office_door->portrait_room step 11/16: 1 chunk(s) of 0.79s, change 18.8, best 18.8, hazards none — one push, so `best` IS the whole leg's travel
      |       step 11/16 bearing  357.9 (got  357.5) 0.79s -> walked 0.79s, best change 18.8
      |         turn to 358.0: NO-OP, already inside 4.0 deg (at 357.5, err +0.5) — nothing was sent, the recorded curve was discarded, and the caller's step line will look like a turn that happened
      |         office_door->portrait_room step 12/16: 1 chunk(s) of 0.79s, change 18.3, best 18.3, hazards none — one push, so `best` IS the whole leg's travel
      |       step 12/16 bearing  358.0 (got  357.5) 0.79s -> walked 0.79s, best change 18.3
      |         turn to 357.8: NO-OP, already inside 4.0 deg (at 357.5, err +0.3) — nothing was sent, the recorded curve was discarded, and the caller's step line will look like a turn that happened
      |         office_door->portrait_room step 13/16: 1 chunk(s) of 0.79s, change 24.6, best 24.6, hazards none — one push, so `best` IS the whole leg's travel
      |       step 13/16 bearing  357.8 (got  357.5) 0.79s -> walked 0.79s, best change 24.6
      |         turn to 357.9: NO-OP, already inside 4.0 deg (at 357.6, err +0.4) — nothing was sent, the recorded curve was discarded, and the caller's step line will look like a turn that happened
      |         office_door->portrait_room step 14/16: 1 chunk(s) of 0.79s, change 29.3, best 29.3, hazards none — one push, so `best` IS the whole leg's travel
      |       step 14/16 bearing  357.9 (got  357.6) 0.79s -> walked 0.79s, best change 29.3
      |         turn to 0.8: NO-OP, already inside 4.0 deg (at 357.6, err +3.3) — nothing was sent, the recorded curve was discarded, and the caller's step line will look like a turn that happened
      |         office_door->portrait_room step 15/16: 1 chunk(s) of 0.79s, change 26.7, best 26.7, hazards none — one push, so `best` IS the whole leg's travel
      |       step 15/16 bearing    0.8 (got  357.6) 0.79s -> walked 0.79s, best change 26.7
      |         turn to 4.0: TURNED to 4.1 (err -0.2) in 1 push(es)
      |         office_door->portrait_room step 16/16: 1 chunk(s) of 0.36s, change 15.2, best 15.2, hazards none — one push, so `best` IS the whole leg's travel
      |       step 16/16 bearing    4.0 (got    4.1) 0.36s -> walked 0.36s, best change 15.2
      |       arrived? True  (portrait_room 666.000/5.460)
      |         turn to 1.5: TURNED to 1.0 (err +0.4) in 1 push(es)
      |       align at portrait_room: yaw nulled to 1.0 (reference 1.5) — 0.4 deg REMAINING = ~8px of phantom dx still in the dx below
      |       align: within 35px (dx=+33.4) after 0 step(s)
      |       aligned at portrait_room: 33px from the recorded pose
      |       align at portrait_room: dx +33.4px
      |     leg portrait_room -> bar_pool_room
      |         turn to 286.6: TURNED to 289.9 (err -3.4) in 1 push(es)
      |         portrait_room->bar_pool_room step 1/4: 1 chunk(s) of 0.16s, change 9.1, best 9.1, hazards none — one push, so `best` IS the whole leg's travel
      |       step 1/4 bearing  286.6 (got  289.9) 0.16s -> walked 0.16s, best change 9.1
      |         turn to 292.2: NO-OP, already inside 4.0 deg (at 289.9, err +2.2) — nothing was sent, the recorded curve was discarded, and the caller's step line will look like a turn that happened
      |         portrait_room->bar_pool_room step 2/4: 1 chunk(s) of 0.79s, change 16.5, best 16.5, hazards none — one push, so `best` IS the whole leg's travel
      |       step 2/4 bearing  292.2 (got  289.9) 0.79s -> walked 0.79s, best change 16.5
      |         turn to 285.6: TURNED to 284.4 (err +1.2) in 1 push(es)
      |         portrait_room->bar_pool_room step 3/4: 1 chunk(s) of 0.80s, change 19.1, best 19.1, hazards none — one push, so `best` IS the whole leg's travel
      |       step 3/4 bearing  285.6 (got  284.4) 0.80s -> walked 0.80s, best change 19.1
      |         turn to 287.6: NO-OP, already inside 4.0 deg (at 284.4, err +3.2) — nothing was sent, the recorded curve was discarded, and the caller's step line will look like a turn that happened
      |         portrait_room->bar_pool_room step 4/4: 1 chunk(s) of 0.23s, change 12.2, best 12.2, hazards none — one push, so `best` IS the whole leg's travel
      |       step 4/4 bearing  287.6 (got  284.4) 0.23s -> walked 0.23s, best change 12.2
      |       arrived? True  (bar_pool_room 393.000/3.390)
      |         turn to 288.2: TURNED to 287.8 (err +0.4) in 2 push(es)
      |       align at bar_pool_room: yaw nulled to 287.8 (reference 288.2) — 0.4 deg REMAINING = ~7px of phantom dx still in the dx below
      |       align: step 1/6 dx=+145.8 (prev --)
      |       align: dx=+145.8 -> strafe right 0.12s
      |       align: step 2/6 dx=+116.7 (prev +145.8)
      |       align: dx=+116.7 -> strafe right 0.10s
      |       align: dx barely changed (+117 -> +99) — blocked sideways, cannot correct from here
      |       aligned at bar_pool_room: 99px from the recorded pose
      |       align at bar_pool_room: dx +99.1px
      |     leg bar_pool_room -> bar_jukebox
      |         turn to 2.1: TURNED to 0.6 (err +1.5) in 1 push(es)
      |         bar_pool_room->bar_jukebox step 1/5: 1 chunk(s) of 0.80s, change 16.5, best 16.5, hazards none — one push, so `best` IS the whole leg's travel
      |       step 1/5 bearing    2.1 (got    0.6) 0.80s -> walked 0.80s, best change 16.5
      |         turn to 1.2: NO-OP, already inside 4.0 deg (at 0.6, err +0.5) — nothing was sent, the recorded curve was discarded, and the caller's step line will look like a turn that happened
      |         bar_pool_room->bar_jukebox step 2/5: 1 chunk(s) of 0.79s, change 13.6, best 13.6, hazards none — one push, so `best` IS the whole leg's travel
      |       step 2/5 bearing    1.2 (got    0.6) 0.79s -> walked 0.79s, best change 13.6
      |         turn to 0.8: NO-OP, already inside 4.0 deg (at 0.6, err +0.2) — nothing was sent, the recorded curve was discarded, and the caller's step line will look like a turn that happened
      |         bar_pool_room->bar_jukebox step 3/5: 1 chunk(s) of 0.80s, change 3.3, best 3.3, hazards none — one push, so `best` IS the whole leg's travel
      |       step 3/5 bearing    0.8 (got    0.6) 0.80s -> walked 0.80s, best change 3.3
      |       step 3 blocked but the scene is MOVING — an NPC in the passage, not a wall
      |       the view is featureless — this is geometry, not a mover; skipping the escape ladder it has never cleared
      |       escape ladder: did NOT clear (best 0.0 PIXELS, against SLIP_PROGRESS_PX 20.0px — NOT against STALL_CHANGE 6.0, which is grey_levels)
      |       step 3 moved only 3.3 grey_levels (< 6.0) over 0.80s — stall score 1
      |         turn to 359.4: NO-OP, already inside 4.0 deg (at 0.6, err -1.2) — nothing was sent, the recorded curve was discarded, and the caller's step line will look like a turn that happened
      |         bar_pool_room->bar_jukebox step 4/5: 1 chunk(s) of 0.79s, change 2.0, best 2.0, hazards SHORT — one push, so `best` IS the whole leg's travel
      |       step 4/5 bearing  359.4 (got    0.6) 0.79s -> walked 0.79s, best change 2.0
      |       step 4 blocked but the scene is MOVING — an NPC in the passage, not a wall
      |       the view is featureless — this is geometry, not a mover; skipping the escape ladder it has never cleared
      |       escape ladder: did NOT clear (best 0.0 PIXELS, against SLIP_PROGRESS_PX 20.0px — NOT against STALL_CHANGE 6.0, which is grey_levels)
      |       step 4 moved only 2.0 grey_levels (< 6.0) over 0.79s — stall score 2
      |       BLOCKED on step 4; abandoning the rest of this leg rather than pushing into whatever is in the way
      |       recovery fan did not find bar_jukebox
      |       arrived? None  (unverified, abstained (1.000/1.000))
      |     leg bar_jukebox -> dealer_table
      |       swept 19 headings around 77; best ink 0.0139 at 337.032590051458, prompt never appeared
      |       swept 19 headings around 74; best ink 0.0000 at None, prompt never appeared
      |       no compass reading, so there is no arc to sweep
      |       no compass reading, so there is no arc to sweep
      |       no compass reading, so there is no arc to sweep
      |       stepped 6.8s of a 6.5s budget without finding the prompt
      |       approach_goal: prompt not seen
      |       no compass reading, so there is no arc to sweep
      |       reach_table: GAVE UP
      |       arrived? False  (at_table=False)
      |     STOPPING at leg bar_jukebox -> dealer_table: the destination did not check out, so every leg after this one would be walked from an unknown position
      |   attempt 5/9 at dealer_table
      |       no compass reading — the relocalise sweep did NOT run (this is not 'nothing was recognised')
      |   not at dealer_table and cannot say where this is (unrecognised (1.000/1.000)) — reloading to a known start
      |   pause menu open (selected 'Resume')
      |   selected: Load Last Save
      |   confirmation dialog up (delta 81.5) -> YES
      |   world back after 3.1s, spawn bearing 87 (E)
      |   route: office_corridor -> office_door -> portrait_room -> bar_pool_room -> bar_jukebox -> dealer_table  (25.5s of walking)
      |     leg office_corridor -> office_door
      |         turn to 270.4: TURNED to 271.0 (err -0.6) in 3 push(es)
      |         office_corridor->office_door step 1/7: 1 chunk(s) of 0.79s, change 18.9, best 18.9, hazards none — one push, so `best` IS the whole leg's travel
      |       step 1/7 bearing  270.4 (got  271.0) 0.79s -> walked 0.79s, best change 18.9
      |         turn to 270.1: NO-OP, already inside 4.0 deg (at 270.9, err -0.8) — nothing was sent, the recorded curve was discarded, and the caller's step line will look like a turn that happened
      |         office_corridor->office_door step 2/7: 1 chunk(s) of 0.78s, change 18.5, best 18.5, hazards none — one push, so `best` IS the whole leg's travel
      |       step 2/7 bearing  270.1 (got  270.9) 0.78s -> walked 0.78s, best change 18.5
      |         turn to 270.1: NO-OP, already inside 4.0 deg (at 271.0, err -0.9) — nothing was sent, the recorded curve was discarded, and the caller's step line will look like a turn that happened
      |         office_corridor->office_door step 3/7: 1 chunk(s) of 0.78s, change 14.7, best 14.7, hazards none — one push, so `best` IS the whole leg's travel
      |       step 3/7 bearing  270.1 (got  271.0) 0.78s -> walked 0.78s, best change 14.7
      |         turn to 270.3: NO-OP, already inside 4.0 deg (at 271.0, err -0.7) — nothing was sent, the recorded curve was discarded, and the caller's step line will look like a turn that happened
      |         office_corridor->office_door step 4/7: 1 chunk(s) of 0.78s, change 12.2, best 12.2, hazards none — one push, so `best` IS the whole leg's travel
      |       step 4/7 bearing  270.3 (got  271.0) 0.78s -> walked 0.78s, best change 12.2
      |         turn to 270.1: NO-OP, already inside 4.0 deg (at 271.0, err -0.9) — nothing was sent, the recorded curve was discarded, and the caller's step line will look like a turn that happened
      |         office_corridor->office_door step 5/7: 1 chunk(s) of 0.79s, change 8.2, best 8.2, hazards none — one push, so `best` IS the whole leg's travel
      |       step 5/7 bearing  270.1 (got  271.0) 0.79s -> walked 0.79s, best change 8.2
      |         turn to 270.1: NO-OP, already inside 4.0 deg (at 271.0, err -0.9) — nothing was sent, the recorded curve was discarded, and the caller's step line will look like a turn that happened
      |         office_corridor->office_door step 6/7: 1 chunk(s) of 0.79s, change 6.4, best 6.4, hazards none — one push, so `best` IS the whole leg's travel
      |       step 6/7 bearing  270.1 (got  271.0) 0.79s -> walked 0.79s, best change 6.4
      |         turn to 270.4: NO-OP, already inside 4.0 deg (at 271.0, err -0.7) — nothing was sent, the recorded curve was discarded, and the caller's step line will look like a turn that happened
      |         office_corridor->office_door step 7/7: 1 chunk(s) of 0.42s, change 6.3, best 6.3, hazards none — one push, so `best` IS the whole leg's travel
      |       step 7/7 bearing  270.4 (got  271.0) 0.42s -> walked 0.42s, best change 6.3
      |       arrived? None  (no appearance reference by design)
      |     leg office_door -> portrait_room
      |         turn to 338.1: TURNED to 336.6 (err +1.6) in 1 push(es)
      |         office_door->portrait_room step 1/16: 1 chunk(s) of 0.79s, change 12.7, best 12.7, hazards none — one push, so `best` IS the whole leg's travel
      |       step 1/16 bearing  338.1 (got  336.6) 0.79s -> walked 0.79s, best change 12.7
      |         turn to 339.2: NO-OP, already inside 4.0 deg (at 336.6, err +2.6) — nothing was sent, the recorded curve was discarded, and the caller's step line will look like a turn that happened
      |         office_door->portrait_room step 2/16: 1 chunk(s) of 0.70s, change 22.2, best 22.2, hazards none — one push, so `best` IS the whole leg's travel
      |       step 2/16 bearing  339.2 (got  336.6) 0.70s -> walked 0.70s, best change 22.2
      |         turn to 347.9: TURNED to 346.4 (err +1.5) in 1 push(es)
      |         office_door->portrait_room step 3/16: 1 chunk(s) of 0.42s, change 23.1, best 23.1, hazards none — one push, so `best` IS the whole leg's travel
      |       step 3/16 bearing  347.9 (got  346.4) 0.42s -> walked 0.42s, best change 23.1
      |         turn to 355.2: TURNED to 351.6 (err +3.6) in 1 push(es)
      |         office_door->portrait_room step 4/16: 1 chunk(s) of 0.79s, change 46.4, best 46.4, hazards none — one push, so `best` IS the whole leg's travel
      |       step 4/16 bearing  355.2 (got  351.6) 0.79s -> walked 0.79s, best change 46.4
      |         turn to 360.0: TURNED to 358.3 (err +1.7) in 1 push(es)
      |         office_door->portrait_room step 5/16: 1 chunk(s) of 0.51s, change 31.8, best 31.8, hazards none — one push, so `best` IS the whole leg's travel
      |       step 5/16 bearing  360.0 (got  358.3) 0.51s -> walked 0.51s, best change 31.8
      |         turn to 8.6: TURNED to 10.2 (err -1.6) in 1 push(es)
      |         office_door->portrait_room step 6/16: 1 chunk(s) of 0.78s, change 17.2, best 17.2, hazards none — one push, so `best` IS the whole leg's travel
      |       step 6/16 bearing    8.6 (got   10.2) 0.78s -> walked 0.78s, best change 17.2
      |         turn to 7.7: NO-OP, already inside 4.0 deg (at 10.2, err -2.4) — nothing was sent, the recorded curve was discarded, and the caller's step line will look like a turn that happened
      |         office_door->portrait_room step 7/16: 1 chunk(s) of 0.78s, change 29.6, best 29.6, hazards none — one push, so `best` IS the whole leg's travel
      |       step 7/16 bearing    7.7 (got   10.2) 0.78s -> walked 0.78s, best change 29.6
      |         turn to 1.7: TURNED to 5.2 (err -3.5) in 1 push(es)
      |         office_door->portrait_room step 8/16: 1 chunk(s) of 0.80s, change 32.7, best 32.7, hazards none — one push, so `best` IS the whole leg's travel
      |       step 8/16 bearing    1.7 (got    5.2) 0.80s -> walked 0.80s, best change 32.7
      |         turn to 359.6: TURNED to 0.5 (err -0.8) in 1 push(es)
      |         office_door->portrait_room step 9/16: 1 chunk(s) of 0.36s, change 18.1, best 18.1, hazards none — one push, so `best` IS the whole leg's travel
      |       step 9/16 bearing  359.6 (got    0.5) 0.36s -> walked 0.36s, best change 18.1
      |         turn to 359.4: NO-OP, already inside 4.0 deg (at 0.5, err -1.1) — nothing was sent, the recorded curve was discarded, and the caller's step line will look like a turn that happened
      |         office_door->portrait_room step 10/16: 1 chunk(s) of 0.78s, change 21.5, best 21.5, hazards none — one push, so `best` IS the whole leg's travel
      |       step 10/16 bearing  359.4 (got    0.5) 0.78s -> walked 0.78s, best change 21.5
      |         turn to 357.9: NO-OP, already inside 4.0 deg (at 0.6, err -2.7) — nothing was sent, the recorded curve was discarded, and the caller's step line will look like a turn that happened
      |         office_door->portrait_room step 11/16: 1 chunk(s) of 0.79s, change 20.0, best 20.0, hazards none — one push, so `best` IS the whole leg's travel
      |       step 11/16 bearing  357.9 (got    0.6) 0.79s -> walked 0.79s, best change 20.0
      |         turn to 358.0: NO-OP, already inside 4.0 deg (at 0.6, err -2.5) — nothing was sent, the recorded curve was discarded, and the caller's step line will look like a turn that happened
      |         office_door->portrait_room step 12/16: 1 chunk(s) of 0.79s, change 21.2, best 21.2, hazards none — one push, so `best` IS the whole leg's travel
      |       step 12/16 bearing  358.0 (got    0.6) 0.79s -> walked 0.79s, best change 21.2
      |         turn to 357.8: NO-OP, already inside 4.0 deg (at 0.5, err -2.6) — nothing was sent, the recorded curve was discarded, and the caller's step line will look like a turn that happened
      |         office_door->portrait_room step 13/16: 1 chunk(s) of 0.79s, change 25.2, best 25.2, hazards none — one push, so `best` IS the whole leg's travel
      |       step 13/16 bearing  357.8 (got    0.5) 0.79s -> walked 0.79s, best change 25.2
      |         turn to 357.9: NO-OP, already inside 4.0 deg (at 0.6, err -2.6) — nothing was sent, the recorded curve was discarded, and the caller's step line will look like a turn that happened
      |         office_door->portrait_room step 14/16: 1 chunk(s) of 0.79s, change 27.1, best 27.1, hazards none — one push, so `best` IS the whole leg's travel
      |       step 14/16 bearing  357.9 (got    0.6) 0.79s -> walked 0.79s, best change 27.1
      |         turn to 0.8: NO-OP, already inside 4.0 deg (at 0.6, err +0.3) — nothing was sent, the recorded curve was discarded, and the caller's step line will look like a turn that happened
      |         office_door->portrait_room step 15/16: 1 chunk(s) of 0.79s, change 23.9, best 23.9, hazards none — one push, so `best` IS the whole leg's travel
      |       step 15/16 bearing    0.8 (got    0.6) 0.79s -> walked 0.79s, best change 23.9
      |         turn to 4.0: NO-OP, already inside 4.0 deg (at 0.6, err +3.4) — nothing was sent, the recorded curve was discarded, and the caller's step line will look like a turn that happened
      |         office_door->portrait_room step 16/16: 1 chunk(s) of 0.36s, change 15.1, best 15.1, hazards none — one push, so `best` IS the whole leg's travel
      |       step 16/16 bearing    4.0 (got    0.6) 0.36s -> walked 0.36s, best change 15.1
      |       arrived? True  (portrait_room 746.000/6.490)
      |         turn to 1.5: TURNED to 1.6 (err -0.1) in 1 push(es)
      |       align at portrait_room: yaw nulled to 1.6 (reference 1.5) — 0.1 deg REMAINING = ~2px of phantom dx still in the dx below
      |       align: within 35px (dx=-10.5) after 0 step(s)
      |       aligned at portrait_room: 11px from the recorded pose
      |       align at portrait_room: dx +10.5px
      |     leg portrait_room -> bar_pool_room
      |         turn to 286.6: TURNED to 290.5 (err -3.9) in 1 push(es)
      |         portrait_room->bar_pool_room step 1/4: 1 chunk(s) of 0.16s, change 9.3, best 9.3, hazards none — one push, so `best` IS the whole leg's travel
      |       step 1/4 bearing  286.6 (got  290.5) 0.16s -> walked 0.16s, best change 9.3
      |         turn to 292.2: NO-OP, already inside 4.0 deg (at 290.5, err +1.7) — nothing was sent, the recorded curve was discarded, and the caller's step line will look like a turn that happened
      |         portrait_room->bar_pool_room step 2/4: 1 chunk(s) of 0.79s, change 15.3, best 15.3, hazards none — one push, so `best` IS the whole leg's travel
      |       step 2/4 bearing  292.2 (got  290.5) 0.79s -> walked 0.79s, best change 15.3
      |         turn to 285.6: TURNED to 287.5 (err -1.9) in 1 push(es)
      |         portrait_room->bar_pool_room step 3/4: 1 chunk(s) of 0.80s, change 15.7, best 15.7, hazards none — one push, so `best` IS the whole leg's travel
      |       step 3/4 bearing  285.6 (got  287.5) 0.80s -> walked 0.80s, best change 15.7
      |         turn to 287.6: NO-OP, already inside 4.0 deg (at 287.4, err +0.2) — nothing was sent, the recorded curve was discarded, and the caller's step line will look like a turn that happened
      |         portrait_room->bar_pool_room step 4/4: 1 chunk(s) of 0.23s, change 11.2, best 11.2, hazards none — one push, so `best` IS the whole leg's travel
      |       step 4/4 bearing  287.6 (got  287.4) 0.23s -> walked 0.23s, best change 11.2
      |       arrived? True  (bar_pool_room 521.000/4.570)
      |         turn to 288.2: TURNED to 287.8 (err +0.3) in 1 push(es)
      |       align at bar_pool_room: yaw nulled to 287.8 (reference 288.2) — 0.3 deg REMAINING = ~7px of phantom dx still in the dx below
      |       align: step 1/6 dx=+178.0 (prev --)
      |       align: dx=+178.0 -> strafe right 0.15s
      |       align: step 2/6 dx=+115.2 (prev +178.0)
      |       align: dx=+115.2 -> strafe right 0.10s
      |       align: within 35px (dx=+31.1) after 2 step(s)
      |       aligned at bar_pool_room: 31px from the recorded pose
      |       align at bar_pool_room: dx +31.1px
      |     leg bar_pool_room -> bar_jukebox
      |         turn to 2.1: TURNED to 3.1 (err -1.0) in 1 push(es)
      |         bar_pool_room->bar_jukebox step 1/5: 1 chunk(s) of 0.80s, change 19.1, best 19.1, hazards none — one push, so `best` IS the whole leg's travel
      |       step 1/5 bearing    2.1 (got    3.1) 0.80s -> walked 0.80s, best change 19.1
      |         turn to 1.2: NO-OP, already inside 4.0 deg (at 3.1, err -1.9) — nothing was sent, the recorded curve was discarded, and the caller's step line will look like a turn that happened
      |         bar_pool_room->bar_jukebox step 2/5: 1 chunk(s) of 0.79s, change 10.7, best 10.7, hazards none — one push, so `best` IS the whole leg's travel
      |       step 2/5 bearing    1.2 (got    3.1) 0.79s -> walked 0.79s, best change 10.7
      |         turn to 0.8: NO-OP, already inside 4.0 deg (at 3.1, err -2.3) — nothing was sent, the recorded curve was discarded, and the caller's step line will look like a turn that happened
      |         bar_pool_room->bar_jukebox step 3/5: 1 chunk(s) of 0.80s, change 17.8, best 17.8, hazards none — one push, so `best` IS the whole leg's travel
      |       step 3/5 bearing    0.8 (got    3.1) 0.80s -> walked 0.80s, best change 17.8
      |         turn to 359.4: NO-OP, already inside 4.0 deg (at 3.1, err -3.7) — nothing was sent, the recorded curve was discarded, and the caller's step line will look like a turn that happened
      |         bar_pool_room->bar_jukebox step 4/5: 1 chunk(s) of 0.79s, change 41.5, best 41.5, hazards none — one push, so `best` IS the whole leg's travel
      |       step 4/5 bearing  359.4 (got    3.1) 0.79s -> walked 0.79s, best change 41.5
      |         turn to 359.6: NO-OP, already inside 4.0 deg (at 3.1, err -3.5) — nothing was sent, the recorded curve was discarded, and the caller's step line will look like a turn that happened
      |         bar_pool_room->bar_jukebox step 5/5: 1 chunk(s) of 0.14s, change 17.5, best 17.5, hazards none — one push, so `best` IS the whole leg's travel
      |       step 5/5 bearing  359.6 (got    3.1) 0.14s -> walked 0.14s, best change 17.5
      |       arrived? True  (bar_jukebox 186.000/1.560)
      |         turn to 1.0: TURNED to 1.4 (err -0.4) in 1 push(es)
      |       align at bar_jukebox: yaw nulled to 1.4 (reference 1.0) — 0.4 deg REMAINING = ~7px of phantom dx still in the dx below
      |       align: within 35px (dx=+10.0) after 0 step(s)
      |       aligned at bar_jukebox: 10px from the recorded pose
      |       align at bar_jukebox: dx +10.0px
      |     leg bar_jukebox -> dealer_table
      |       swept 19 headings around 75; best ink 0.0105 at 34.745813149780815, prompt never appeared
      |       no compass reading, so there is no arc to sweep
      |       no compass reading, so there is no arc to sweep
      |       no compass reading, so there is no arc to sweep
      |       no compass reading, so there is no arc to sweep
      |       stepped 6.8s of a 6.5s budget without finding the prompt
      |       approach_goal: prompt not seen
      |       no compass reading, so there is no arc to sweep
      |       reach_table: GAVE UP
      |       arrived? False  (at_table=False)
      |     STOPPING at leg bar_jukebox -> dealer_table: the destination did not check out, so every leg after this one would be walked from an unknown position
      |   attempt 6/9 at dealer_table
      |       no compass reading — the relocalise sweep did NOT run (this is not 'nothing was recognised')
      |   not at dealer_table and cannot say where this is (unrecognised (1.000/1.000)) — reloading to a known start
      |   pause menu open (selected 'Resume')
      |   selected: Load Last Save
      |   confirmation dialog up (delta 80.2) -> YES
      |   YES press 1 did not register, retrying
      |   world back after 3.2s, spawn bearing 87 (E)
      |   route: office_corridor -> office_door -> portrait_room -> bar_pool_room -> bar_jukebox -> dealer_table  (25.5s of walking)
      |     leg office_corridor -> office_door
      |         turn to 270.4: TURNED to 266.7 (err +3.8) in 2 push(es)
      |         office_corridor->office_door step 1/7: 1 chunk(s) of 0.79s, change 20.1, best 20.1, hazards none — one push, so `best` IS the whole leg's travel
      |       step 1/7 bearing  270.4 (got  266.7) 0.79s -> walked 0.79s, best change 20.1
      |         turn to 270.1: NO-OP, already inside 4.0 deg (at 266.7, err +3.4) — nothing was sent, the recorded curve was discarded, and the caller's step line will look like a turn that happened
      |         office_corridor->office_door step 2/7: 1 chunk(s) of 0.78s, change 17.9, best 17.9, hazards none — one push, so `best` IS the whole leg's travel
      |       step 2/7 bearing  270.1 (got  266.7) 0.78s -> walked 0.78s, best change 17.9
      |         turn to 270.1: NO-OP, already inside 4.0 deg (at 266.7, err +3.5) — nothing was sent, the recorded curve was discarded, and the caller's step line will look like a turn that happened
      |         office_corridor->office_door step 3/7: 1 chunk(s) of 0.78s, change 14.2, best 14.2, hazards none — one push, so `best` IS the whole leg's travel
      |       step 3/7 bearing  270.1 (got  266.7) 0.78s -> walked 0.78s, best change 14.2
      |         turn to 270.3: NO-OP, already inside 4.0 deg (at 266.7, err +3.6) — nothing was sent, the recorded curve was discarded, and the caller's step line will look like a turn that happened
      |         office_corridor->office_door step 4/7: 1 chunk(s) of 0.78s, change 11.0, best 11.0, hazards none — one push, so `best` IS the whole leg's travel
      |       step 4/7 bearing  270.3 (got  266.7) 0.78s -> walked 0.78s, best change 11.0
      |         turn to 270.1: NO-OP, already inside 4.0 deg (at 266.7, err +3.5) — nothing was sent, the recorded curve was discarded, and the caller's step line will look like a turn that happened
      |         office_corridor->office_door step 5/7: 1 chunk(s) of 0.79s, change 11.7, best 11.7, hazards none — one push, so `best` IS the whole leg's travel
      |       step 5/7 bearing  270.1 (got  266.7) 0.79s -> walked 0.79s, best change 11.7
      |         turn to 270.1: NO-OP, already inside 4.0 deg (at 266.7, err +3.4) — nothing was sent, the recorded curve was discarded, and the caller's step line will look like a turn that happened
      |         office_corridor->office_door step 6/7: 1 chunk(s) of 0.79s, change 7.4, best 7.4, hazards none — one push, so `best` IS the whole leg's travel
      |       step 6/7 bearing  270.1 (got  266.7) 0.79s -> walked 0.79s, best change 7.4
      |         turn to 270.4: NO-OP, already inside 4.0 deg (at 266.7, err +3.7) — nothing was sent, the recorded curve was discarded, and the caller's step line will look like a turn that happened
      |         office_corridor->office_door step 7/7: 1 chunk(s) of 0.42s, change 7.3, best 7.3, hazards none — one push, so `best` IS the whole leg's travel
      |       step 7/7 bearing  270.4 (got  266.7) 0.42s -> walked 0.42s, best change 7.3
      |       arrived? None  (no appearance reference by design)
      |     leg office_door -> portrait_room
      |         turn to 338.1: TURNED to 339.6 (err -1.5) in 2 push(es)
      |         office_door->portrait_room step 1/16: 1 chunk(s) of 0.79s, change 10.9, best 10.9, hazards none — one push, so `best` IS the whole leg's travel
      |       step 1/16 bearing  338.1 (got  339.6) 0.79s -> walked 0.79s, best change 10.9
      |         turn to 339.2: NO-OP, already inside 4.0 deg (at 339.7, err -0.5) — nothing was sent, the recorded curve was discarded, and the caller's step line will look like a turn that happened
      |         office_door->portrait_room step 2/16: 1 chunk(s) of 0.70s, change 14.0, best 14.0, hazards none — one push, so `best` IS the whole leg's travel
      |       step 2/16 bearing  339.2 (got  339.7) 0.70s -> walked 0.70s, best change 14.0
      |         turn to 347.9: TURNED to 344.6 (err +3.3) in 1 push(es)
      |         office_door->portrait_room step 3/16: 1 chunk(s) of 0.42s, change 13.9, best 13.9, hazards none — one push, so `best` IS the whole leg's travel
      |       step 3/16 bearing  347.9 (got  344.6) 0.42s -> walked 0.42s, best change 13.9
      |         turn to 355.2: TURNED to 351.2 (err +4.0) in 1 push(es)
      |         office_door->portrait_room step 4/16: 1 chunk(s) of 0.79s, change 50.7, best 50.7, hazards none — one push, so `best` IS the whole leg's travel
      |       step 4/16 bearing  355.2 (got  351.2) 0.79s -> walked 0.79s, best change 50.7
      |         turn to 360.0: TURNED to 358.2 (err +1.8) in 1 push(es)
      |         office_door->portrait_room step 5/16: 1 chunk(s) of 0.51s, change 36.6, best 36.6, hazards none — one push, so `best` IS the whole leg's travel
      |       step 5/16 bearing  360.0 (got  358.2) 0.51s -> walked 0.51s, best change 36.6
      |         turn to 8.6: TURNED to 7.0 (err +1.6) in 1 push(es)
      |         office_door->portrait_room step 6/16: 1 chunk(s) of 0.78s, change 17.3, best 17.3, hazards none — one push, so `best` IS the whole leg's travel
      |       step 6/16 bearing    8.6 (got    7.0) 0.78s -> walked 0.78s, best change 17.3
      |         turn to 7.7: NO-OP, already inside 4.0 deg (at 7.0, err +0.7) — nothing was sent, the recorded curve was discarded, and the caller's step line will look like a turn that happened
      |         office_door->portrait_room step 7/16: 1 chunk(s) of 0.78s, change 28.1, best 28.1, hazards none — one push, so `best` IS the whole leg's travel
      |       step 7/16 bearing    7.7 (got    7.0) 0.78s -> walked 0.78s, best change 28.1
      |         turn to 1.7: TURNED to 3.7 (err -1.9) in 1 push(es)
      |         office_door->portrait_room step 8/16: 1 chunk(s) of 0.80s, change 32.8, best 32.8, hazards none — one push, so `best` IS the whole leg's travel
      |       step 8/16 bearing    1.7 (got    3.7) 0.80s -> walked 0.80s, best change 32.8
      |         turn to 359.6: TURNED to 0.1 (err -0.5) in 1 push(es)
      |         office_door->portrait_room step 9/16: 1 chunk(s) of 0.36s, change 23.9, best 23.9, hazards none — one push, so `best` IS the whole leg's travel
      |       step 9/16 bearing  359.6 (got    0.1) 0.36s -> walked 0.36s, best change 23.9
      |         turn to 359.4: NO-OP, already inside 4.0 deg (at 0.2, err -0.8) — nothing was sent, the recorded curve was discarded, and the caller's step line will look like a turn that happened
      |         office_door->portrait_room step 10/16: 1 chunk(s) of 0.78s, change 21.6, best 21.6, hazards none — one push, so `best` IS the whole leg's travel
      |       step 10/16 bearing  359.4 (got    0.2) 0.78s -> walked 0.78s, best change 21.6
      |         turn to 357.9: NO-OP, already inside 4.0 deg (at 0.1, err -2.3) — nothing was sent, the recorded curve was discarded, and the caller's step line will look like a turn that happened
      |         office_door->portrait_room step 11/16: 1 chunk(s) of 0.79s, change 18.9, best 18.9, hazards none — one push, so `best` IS the whole leg's travel
      |       step 11/16 bearing  357.9 (got    0.1) 0.79s -> walked 0.79s, best change 18.9
      |         turn to 358.0: NO-OP, already inside 4.0 deg (at 0.1, err -2.1) — nothing was sent, the recorded curve was discarded, and the caller's step line will look like a turn that happened
      |         office_door->portrait_room step 12/16: 1 chunk(s) of 0.79s, change 17.9, best 17.9, hazards none — one push, so `best` IS the whole leg's travel
      |       step 12/16 bearing  358.0 (got    0.1) 0.79s -> walked 0.79s, best change 17.9
      |         turn to 357.8: NO-OP, already inside 4.0 deg (at 0.1, err -2.2) — nothing was sent, the recorded curve was discarded, and the caller's step line will look like a turn that happened
      |         office_door->portrait_room step 13/16: 1 chunk(s) of 0.79s, change 23.7, best 23.7, hazards none — one push, so `best` IS the whole leg's travel
      |       step 13/16 bearing  357.8 (got    0.1) 0.79s -> walked 0.79s, best change 23.7
      |         turn to 357.9: NO-OP, already inside 4.0 deg (at 0.1, err -2.2) — nothing was sent, the recorded curve was discarded, and the caller's step line will look like a turn that happened
      |         office_door->portrait_room step 14/16: 1 chunk(s) of 0.79s, change 28.1, best 28.1, hazards none — one push, so `best` IS the whole leg's travel
      |       step 14/16 bearing  357.9 (got    0.1) 0.79s -> walked 0.79s, best change 28.1
      |         turn to 0.8: NO-OP, already inside 4.0 deg (at 0.1, err +0.7) — nothing was sent, the recorded curve was discarded, and the caller's step line will look like a turn that happened
      |         office_door->portrait_room step 15/16: 1 chunk(s) of 0.79s, change 27.1, best 27.1, hazards none — one push, so `best` IS the whole leg's travel
      |       step 15/16 bearing    0.8 (got    0.1) 0.79s -> walked 0.79s, best change 27.1
      |         turn to 4.0: NO-OP, already inside 4.0 deg (at 0.1, err +3.8) — nothing was sent, the recorded curve was discarded, and the caller's step line will look like a turn that happened
      |         office_door->portrait_room step 16/16: 1 chunk(s) of 0.36s, change 17.2, best 17.2, hazards none — one push, so `best` IS the whole leg's travel
      |       step 16/16 bearing    4.0 (got    0.1) 0.36s -> walked 0.36s, best change 17.2
      |       arrived? True  (portrait_room 771.000/5.930)
      |         turn to 1.5: TURNED to 1.0 (err +0.5) in 1 push(es)
      |       align at portrait_room: yaw nulled to 1.0 (reference 1.5) — 0.5 deg REMAINING = ~9px of phantom dx still in the dx below
      |       align: step 1/6 dx=+46.4 (prev --)
      |       align: dx=+46.4 -> strafe right 0.10s
      |       align: dx barely changed (+46 -> +28) — blocked sideways, cannot correct from here
      |       aligned at portrait_room: 28px from the recorded pose
      |       align at portrait_room: dx +28.3px
      |     leg portrait_room -> bar_pool_room
      |         turn to 286.6: TURNED to 289.9 (err -3.4) in 1 push(es)
      |         portrait_room->bar_pool_room step 1/4: 1 chunk(s) of 0.16s, change 13.1, best 13.1, hazards none — one push, so `best` IS the whole leg's travel
      |       step 1/4 bearing  286.6 (got  289.9) 0.16s -> walked 0.16s, best change 13.1
      |         turn to 292.2: NO-OP, already inside 4.0 deg (at 289.9, err +2.3) — nothing was sent, the recorded curve was discarded, and the caller's step line will look like a turn that happened
      |         portrait_room->bar_pool_room step 2/4: 1 chunk(s) of 0.79s, change 17.7, best 17.7, hazards none — one push, so `best` IS the whole leg's travel
      |       step 2/4 bearing  292.2 (got  289.9) 0.79s -> walked 0.79s, best change 17.7
      |         turn to 285.6: TURNED to 287.1 (err -1.5) in 1 push(es)
      |         portrait_room->bar_pool_room step 3/4: 1 chunk(s) of 0.80s, change 16.1, best 16.1, hazards none — one push, so `best` IS the whole leg's travel
      |       step 3/4 bearing  285.6 (got  287.1) 0.80s -> walked 0.80s, best change 16.1
      |         turn to 287.6: NO-OP, already inside 4.0 deg (at 287.1, err +0.5) — nothing was sent, the recorded curve was discarded, and the caller's step line will look like a turn that happened
      |         portrait_room->bar_pool_room step 4/4: 1 chunk(s) of 0.23s, change 10.3, best 10.3, hazards none — one push, so `best` IS the whole leg's travel
      |       step 4/4 bearing  287.6 (got  287.1) 0.23s -> walked 0.23s, best change 10.3
      |       arrived? True  (bar_pool_room 577.000/4.400)
      |         turn to 288.2: TURNED to 288.1 (err +0.1) in 1 push(es)
      |       align at bar_pool_room: yaw nulled to 288.1 (reference 288.2) — 0.1 deg REMAINING = ~1px of phantom dx still in the dx below
      |       align: step 1/6 dx=+106.3 (prev --)
      |       align: dx=+106.3 -> strafe right 0.10s
      |       align: step 2/6 dx=+83.3 (prev +106.3)
      |       align: dx=+83.3 -> strafe right 0.10s
      |       align: step 3/6 dx=+55.5 (prev +83.3)
      |       align: dx=+55.5 -> strafe right 0.10s
      |       align: dx barely changed (+56 -> +39) — blocked sideways, cannot correct from here
      |       aligned at bar_pool_room: 39px from the recorded pose
      |       align at bar_pool_room: dx +39.3px
      |     leg bar_pool_room -> bar_jukebox
      |         turn to 2.1: TURNED to 0.9 (err +1.2) in 1 push(es)
      |         bar_pool_room->bar_jukebox step 1/5: 1 chunk(s) of 0.80s, change 15.2, best 15.2, hazards none — one push, so `best` IS the whole leg's travel
      |       step 1/5 bearing    2.1 (got    0.9) 0.80s -> walked 0.80s, best change 15.2
      |         turn to 1.2: NO-OP, already inside 4.0 deg (at 0.9, err +0.2) — nothing was sent, the recorded curve was discarded, and the caller's step line will look like a turn that happened
      |         bar_pool_room->bar_jukebox step 2/5: 1 chunk(s) of 0.79s, change 10.5, best 10.5, hazards none — one push, so `best` IS the whole leg's travel
      |       step 2/5 bearing    1.2 (got    0.9) 0.79s -> walked 0.79s, best change 10.5
      |         turn to 0.8: NO-OP, already inside 4.0 deg (at 0.9, err -0.2) — nothing was sent, the recorded curve was discarded, and the caller's step line will look like a turn that happened
      |         bar_pool_room->bar_jukebox step 3/5: 1 chunk(s) of 0.80s, change 3.1, best 3.1, hazards none — one push, so `best` IS the whole leg's travel
      |       step 3/5 bearing    0.8 (got    0.9) 0.80s -> walked 0.80s, best change 3.1
      |       step 3 blocked but the scene is MOVING — an NPC in the passage, not a wall
      |       the view is featureless — this is geometry, not a mover; skipping the escape ladder it has never cleared
      |       escape ladder: did NOT clear (best 0.0 PIXELS, against SLIP_PROGRESS_PX 20.0px — NOT against STALL_CHANGE 6.0, which is grey_levels)
      |       step 3 moved only 3.1 grey_levels (< 6.0) over 0.80s — stall score 1
      |         turn to 359.4: NO-OP, already inside 4.0 deg (at 0.9, err -1.5) — nothing was sent, the recorded curve was discarded, and the caller's step line will look like a turn that happened
      |         bar_pool_room->bar_jukebox step 4/5: 1 chunk(s) of 0.79s, change 3.5, best 3.5, hazards none — one push, so `best` IS the whole leg's travel
      |       step 4/5 bearing  359.4 (got    0.9) 0.79s -> walked 0.79s, best change 3.5
      |       step 4 blocked but the scene is MOVING — an NPC in the passage, not a wall
      |       the view is featureless — this is geometry, not a mover; skipping the escape ladder it has never cleared
      |       escape ladder: did NOT clear (best 0.0 PIXELS, against SLIP_PROGRESS_PX 20.0px — NOT against STALL_CHANGE 6.0, which is grey_levels)
      |       step 4 moved only 3.5 grey_levels (< 6.0) over 0.79s — stall score 2
      |       BLOCKED on step 4; abandoning the rest of this leg rather than pushing into whatever is in the way
      |       recovery fan did not find bar_jukebox
      |       arrived? None  (unverified, abstained (1.000/1.000))
      |     leg bar_jukebox -> dealer_table
      |       swept 19 headings around 78; best ink 0.0135 at 38.334763948497866, prompt never appeared
      |       no compass reading, so there is no arc to sweep
      |       no compass reading, so there is no arc to sweep
      |       swept 19 headings around 75; best ink 0.0199 at 335.4043052782774, prompt never appeared
      |       swept 19 headings around 76; best ink 0.0000 at None, prompt never appeared
      |       stepped 6.8s of a 6.5s budget without finding the prompt
      |       approach_goal: prompt not seen
      |       no compass reading, so there is no arc to sweep
      |       reach_table: GAVE UP
      |       arrived? False  (at_table=False)
      |     STOPPING at leg bar_jukebox -> dealer_table: the destination did not check out, so every leg after this one would be walked from an unknown position
      |   attempt 7/9 at dealer_table
      |       no compass reading — the relocalise sweep did NOT run (this is not 'nothing was recognised')
      |   not at dealer_table and cannot say where this is (unrecognised (1.000/1.000)) — reloading to a known start
      |   pause menu open (selected 'Resume')
      |   selected: Load Last Save
      |   confirmation dialog up (delta 80.7) -> YES
      |   world back after 3.2s, spawn bearing 87 (E)
      |   route: office_corridor -> office_door -> portrait_room -> bar_pool_room -> bar_jukebox -> dealer_table  (25.5s of walking)
      |     leg office_corridor -> office_door
      |         turn to 270.4: TURNED to 269.2 (err +1.2) in 2 push(es)
      |         office_corridor->office_door step 1/7: 1 chunk(s) of 0.79s, change 19.7, best 19.7, hazards none — one push, so `best` IS the whole leg's travel
      |       step 1/7 bearing  270.4 (got  269.2) 0.79s -> walked 0.79s, best change 19.7
      |         turn to 270.1: NO-OP, already inside 4.0 deg (at 269.2, err +1.0) — nothing was sent, the recorded curve was discarded, and the caller's step line will look like a turn that happened
      |         office_corridor->office_door step 2/7: 1 chunk(s) of 0.78s, change 18.2, best 18.2, hazards none — one push, so `best` IS the whole leg's travel
      |       step 2/7 bearing  270.1 (got  269.2) 0.78s -> walked 0.78s, best change 18.2
      |         turn to 270.1: NO-OP, already inside 4.0 deg (at 269.1, err +1.1) — nothing was sent, the recorded curve was discarded, and the caller's step line will look like a turn that happened
      |         office_corridor->office_door step 3/7: 1 chunk(s) of 0.78s, change 14.5, best 14.5, hazards none — one push, so `best` IS the whole leg's travel
      |       step 3/7 bearing  270.1 (got  269.1) 0.78s -> walked 0.78s, best change 14.5
      |         turn to 270.3: NO-OP, already inside 4.0 deg (at 269.2, err +1.1) — nothing was sent, the recorded curve was discarded, and the caller's step line will look like a turn that happened
      |         office_corridor->office_door step 4/7: 1 chunk(s) of 0.78s, change 10.7, best 10.7, hazards none — one push, so `best` IS the whole leg's travel
      |       step 4/7 bearing  270.3 (got  269.2) 0.78s -> walked 0.78s, best change 10.7
      |         turn to 270.1: NO-OP, already inside 4.0 deg (at 269.2, err +0.9) — nothing was sent, the recorded curve was discarded, and the caller's step line will look like a turn that happened
      |         office_corridor->office_door step 5/7: 1 chunk(s) of 0.79s, change 9.6, best 9.6, hazards none — one push, so `best` IS the whole leg's travel
      |       step 5/7 bearing  270.1 (got  269.2) 0.79s -> walked 0.79s, best change 9.6
      |         turn to 270.1: NO-OP, already inside 4.0 deg (at 269.2, err +0.9) — nothing was sent, the recorded curve was discarded, and the caller's step line will look like a turn that happened
      |         office_corridor->office_door step 6/7: 1 chunk(s) of 0.79s, change 6.8, best 6.8, hazards none — one push, so `best` IS the whole leg's travel
      |       step 6/7 bearing  270.1 (got  269.2) 0.79s -> walked 0.79s, best change 6.8
      |         turn to 270.4: NO-OP, already inside 4.0 deg (at 269.2, err +1.2) — nothing was sent, the recorded curve was discarded, and the caller's step line will look like a turn that happened
      |         office_corridor->office_door step 7/7: 1 chunk(s) of 0.42s, change 7.0, best 7.0, hazards none — one push, so `best` IS the whole leg's travel
      |       step 7/7 bearing  270.4 (got  269.2) 0.42s -> walked 0.42s, best change 7.0
      |       arrived? None  (no appearance reference by design)
      |     leg office_door -> portrait_room
      |         turn to 338.1: TURNED to 335.9 (err +2.2) in 1 push(es)
      |         office_door->portrait_room step 1/16: 1 chunk(s) of 0.79s, change 12.9, best 12.9, hazards none — one push, so `best` IS the whole leg's travel
      |       step 1/16 bearing  338.1 (got  335.9) 0.79s -> walked 0.79s, best change 12.9
      |         turn to 339.2: NO-OP, already inside 4.0 deg (at 335.9, err +3.2) — nothing was sent, the recorded curve was discarded, and the caller's step line will look like a turn that happened
      |         office_door->portrait_room step 2/16: 1 chunk(s) of 0.70s, change 15.7, best 15.7, hazards none — one push, so `best` IS the whole leg's travel
      |       step 2/16 bearing  339.2 (got  335.9) 0.70s -> walked 0.70s, best change 15.7
      |         turn to 347.9: TURNED to 347.4 (err +0.5) in 1 push(es)
      |         office_door->portrait_room step 3/16: 1 chunk(s) of 0.42s, change 22.4, best 22.4, hazards none — one push, so `best` IS the whole leg's travel
      |       step 3/16 bearing  347.9 (got  347.4) 0.42s -> walked 0.42s, best change 22.4
      |         turn to 355.2: TURNED to 356.8 (err -1.7) in 1 push(es)
      |         office_door->portrait_room step 4/16: 1 chunk(s) of 0.79s, change 42.6, best 42.6, hazards none — one push, so `best` IS the whole leg's travel
      |       step 4/16 bearing  355.2 (got  356.8) 0.79s -> walked 0.79s, best change 42.6
      |         turn to 360.0: NO-OP, already inside 4.0 deg (at 356.8, err +3.2) — nothing was sent, the recorded curve was discarded, and the caller's step line will look like a turn that happened
      |         office_door->portrait_room step 5/16: 1 chunk(s) of 0.51s, change 28.7, best 28.7, hazards none — one push, so `best` IS the whole leg's travel
      |       step 5/16 bearing  360.0 (got  356.8) 0.51s -> walked 0.51s, best change 28.7
      |         turn to 8.6: TURNED to 6.8 (err +1.7) in 1 push(es)
      |         office_door->portrait_room step 6/16: 1 chunk(s) of 0.78s, change 17.3, best 17.3, hazards none — one push, so `best` IS the whole leg's travel
      |       step 6/16 bearing    8.6 (got    6.8) 0.78s -> walked 0.78s, best change 17.3
      |         turn to 7.7: NO-OP, already inside 4.0 deg (at 6.9, err +0.8) — nothing was sent, the recorded curve was discarded, and the caller's step line will look like a turn that happened
      |         office_door->portrait_room step 7/16: 1 chunk(s) of 0.78s, change 31.7, best 31.7, hazards none — one push, so `best` IS the whole leg's travel
      |       step 7/16 bearing    7.7 (got    6.9) 0.78s -> walked 0.78s, best change 31.7
      |         turn to 1.7: TURNED to 1.0 (err +0.8) in 1 push(es)
      |         office_door->portrait_room step 8/16: 1 chunk(s) of 0.80s, change 35.7, best 35.7, hazards none — one push, so `best` IS the whole leg's travel
      |       step 8/16 bearing    1.7 (got    1.0) 0.80s -> walked 0.80s, best change 35.7
      |         turn to 359.6: NO-OP, already inside 4.0 deg (at 0.5, err -0.8) — nothing was sent, the recorded curve was discarded, and the caller's step line will look like a turn that happened
      |         office_door->portrait_room step 9/16: 1 chunk(s) of 0.36s, change 18.8, best 18.8, hazards none — one push, so `best` IS the whole leg's travel
      |       step 9/16 bearing  359.6 (got    0.5) 0.36s -> walked 0.36s, best change 18.8
      |         turn to 359.4: NO-OP, already inside 4.0 deg (at 0.5, err -1.1) — nothing was sent, the recorded curve was discarded, and the caller's step line will look like a turn that happened
      |         office_door->portrait_room step 10/16: 1 chunk(s) of 0.78s, change 21.8, best 21.8, hazards none — one push, so `best` IS the whole leg's travel
      |       step 10/16 bearing  359.4 (got    0.5) 0.78s -> walked 0.78s, best change 21.8
      |         turn to 357.9: NO-OP, already inside 4.0 deg (at 0.5, err -2.6) — nothing was sent, the recorded curve was discarded, and the caller's step line will look like a turn that happened
      |         office_door->portrait_room step 11/16: 1 chunk(s) of 0.79s, change 19.3, best 19.3, hazards none — one push, so `best` IS the whole leg's travel
      |       step 11/16 bearing  357.9 (got    0.5) 0.79s -> walked 0.79s, best change 19.3
      |         turn to 358.0: NO-OP, already inside 4.0 deg (at 0.5, err -2.5) — nothing was sent, the recorded curve was discarded, and the caller's step line will look like a turn that happened
      |         office_door->portrait_room step 12/16: 1 chunk(s) of 0.79s, change 17.8, best 17.8, hazards none — one push, so `best` IS the whole leg's travel
      |       step 12/16 bearing  358.0 (got    0.5) 0.79s -> walked 0.79s, best change 17.8
      |         turn to 357.8: NO-OP, already inside 4.0 deg (at 0.4, err -2.6) — nothing was sent, the recorded curve was discarded, and the caller's step line will look like a turn that happened
      |         office_door->portrait_room step 13/16: 1 chunk(s) of 0.79s, change 22.7, best 22.7, hazards none — one push, so `best` IS the whole leg's travel
      |       step 13/16 bearing  357.8 (got    0.4) 0.79s -> walked 0.79s, best change 22.7
      |         turn to 357.9: NO-OP, already inside 4.0 deg (at 0.5, err -2.5) — nothing was sent, the recorded curve was discarded, and the caller's step line will look like a turn that happened
      |         office_door->portrait_room step 14/16: 1 chunk(s) of 0.79s, change 29.0, best 29.0, hazards none — one push, so `best` IS the whole leg's travel
      |       step 14/16 bearing  357.9 (got    0.5) 0.79s -> walked 0.79s, best change 29.0
      |         turn to 0.8: NO-OP, already inside 4.0 deg (at 0.5, err +0.4) — nothing was sent, the recorded curve was discarded, and the caller's step line will look like a turn that happened
      |         office_door->portrait_room step 15/16: 1 chunk(s) of 0.79s, change 28.0, best 28.0, hazards none — one push, so `best` IS the whole leg's travel
      |       step 15/16 bearing    0.8 (got    0.5) 0.79s -> walked 0.79s, best change 28.0
      |         turn to 4.0: NO-OP, already inside 4.0 deg (at 0.5, err +3.5) — nothing was sent, the recorded curve was discarded, and the caller's step line will look like a turn that happened
      |         office_door->portrait_room step 16/16: 1 chunk(s) of 0.36s, change 17.7, best 17.7, hazards none — one push, so `best` IS the whole leg's travel
      |       step 16/16 bearing    4.0 (got    0.5) 0.36s -> walked 0.36s, best change 17.7
      |       arrived? True  (portrait_room 805.000/6.820)
      |         turn to 1.5: TURNED to 1.2 (err +0.3) in 1 push(es)
      |       align at portrait_room: yaw nulled to 1.2 (reference 1.5) — 0.3 deg REMAINING = ~5px of phantom dx still in the dx below
      |       align: within 35px (dx=+27.1) after 0 step(s)
      |       aligned at portrait_room: 27px from the recorded pose
      |       align at portrait_room: dx +27.1px
      |     leg portrait_room -> bar_pool_room
      |         turn to 286.6: TURNED to 285.3 (err +1.3) in 1 push(es)
      |         portrait_room->bar_pool_room step 1/4: 1 chunk(s) of 0.16s, change 12.6, best 12.6, hazards none — one push, so `best` IS the whole leg's travel
      |       step 1/4 bearing  286.6 (got  285.3) 0.16s -> walked 0.16s, best change 12.6
      |         turn to 292.2: TURNED to 291.7 (err +0.5) in 2 push(es)
      |         portrait_room->bar_pool_room step 2/4: 1 chunk(s) of 0.79s, change 17.2, best 17.2, hazards none — one push, so `best` IS the whole leg's travel
      |       step 2/4 bearing  292.2 (got  291.7) 0.79s -> walked 0.79s, best change 17.2
      |         turn to 285.6: TURNED to 286.6 (err -1.0) in 1 push(es)
      |         portrait_room->bar_pool_room step 3/4: 1 chunk(s) of 0.80s, change 17.7, best 17.7, hazards none — one push, so `best` IS the whole leg's travel
      |       step 3/4 bearing  285.6 (got  286.6) 0.80s -> walked 0.80s, best change 17.7
      |         turn to 287.6: NO-OP, already inside 4.0 deg (at 286.6, err +1.0) — nothing was sent, the recorded curve was discarded, and the caller's step line will look like a turn that happened
      |         portrait_room->bar_pool_room step 4/4: 1 chunk(s) of 0.23s, change 10.8, best 10.8, hazards none — one push, so `best` IS the whole leg's travel
      |       step 4/4 bearing  287.6 (got  286.6) 0.23s -> walked 0.23s, best change 10.8
      |       arrived? True  (bar_pool_room 617.000/5.100)
      |         turn to 288.2: TURNED to 287.9 (err +0.2) in 1 push(es)
      |       align at bar_pool_room: yaw nulled to 287.9 (reference 288.2) — 0.2 deg REMAINING = ~5px of phantom dx still in the dx below
      |       align: step 1/6 dx=+118.3 (prev --)
      |       align: dx=+118.3 -> strafe right 0.10s
      |       align: step 2/6 dx=+83.3 (prev +118.3)
      |       align: dx=+83.3 -> strafe right 0.10s
      |       align: dx barely changed (+83 -> +67) — blocked sideways, cannot correct from here
      |       aligned at bar_pool_room: 67px from the recorded pose
      |       align at bar_pool_room: dx +67.1px
      |     leg bar_pool_room -> bar_jukebox
      |         turn to 2.1: TURNED to 0.8 (err +1.3) in 1 push(es)
      |         bar_pool_room->bar_jukebox step 1/5: 1 chunk(s) of 0.80s, change 15.2, best 15.2, hazards none — one push, so `best` IS the whole leg's travel
      |       step 1/5 bearing    2.1 (got    0.8) 0.80s -> walked 0.80s, best change 15.2
      |         turn to 1.2: NO-OP, already inside 4.0 deg (at 0.8, err +0.4) — nothing was sent, the recorded curve was discarded, and the caller's step line will look like a turn that happened
      |         bar_pool_room->bar_jukebox step 2/5: 1 chunk(s) of 0.79s, change 8.8, best 8.8, hazards none — one push, so `best` IS the whole leg's travel
      |       step 2/5 bearing    1.2 (got    0.8) 0.79s -> walked 0.79s, best change 8.8
      |         turn to 0.8: NO-OP, already inside 4.0 deg (at 0.8, err -0.0) — nothing was sent, the recorded curve was discarded, and the caller's step line will look like a turn that happened
      |         bar_pool_room->bar_jukebox step 3/5: 1 chunk(s) of 0.80s, change 2.1, best 2.1, hazards SHORT — one push, so `best` IS the whole leg's travel
      |       step 3/5 bearing    0.8 (got    0.8) 0.80s -> walked 0.80s, best change 2.1
      |       step 3 blocked but the scene is MOVING — an NPC in the passage, not a wall
      |       the view is featureless — this is geometry, not a mover; skipping the escape ladder it has never cleared
      |       escape ladder: did NOT clear (best 0.0 PIXELS, against SLIP_PROGRESS_PX 20.0px — NOT against STALL_CHANGE 6.0, which is grey_levels)
      |       step 3 moved only 2.1 grey_levels (< 6.0) over 0.80s — stall score 1
      |         turn to 359.4: NO-OP, already inside 4.0 deg (at 0.8, err -1.3) — nothing was sent, the recorded curve was discarded, and the caller's step line will look like a turn that happened
      |         bar_pool_room->bar_jukebox step 4/5: 1 chunk(s) of 0.79s, change 3.5, best 3.5, hazards none — one push, so `best` IS the whole leg's travel
      |       step 4/5 bearing  359.4 (got    0.8) 0.79s -> walked 0.79s, best change 3.5
      |       step 4 blocked but the scene is MOVING — an NPC in the passage, not a wall
      |       the view is featureless — this is geometry, not a mover; skipping the escape ladder it has never cleared
      |       escape ladder: did NOT clear (best 0.0 PIXELS, against SLIP_PROGRESS_PX 20.0px — NOT against STALL_CHANGE 6.0, which is grey_levels)
      |       step 4 moved only 3.5 grey_levels (< 6.0) over 0.79s — stall score 2
      |       BLOCKED on step 4; abandoning the rest of this leg rather than pushing into whatever is in the way
      |       recovery fan did not find bar_jukebox
      |       arrived? None  (unverified, abstained (0.000/0.000))
      |     leg bar_jukebox -> dealer_table
    trial exceeded 1800s and was killed — INVALID, not a failure
[ 4] INVALID after 1800s — timeout/crash/stream; not a failure
      |   pause menu open (selected 'Resume')
      |   selected: Load Last Save
      |   confirmation dialog up (delta 81.2) -> YES
      |   world back after 3.3s, spawn bearing 87 (E)
      |   attempt 1/9 at portrait_room
      |   locate() cannot name office_corridor (it has no appearance reference by design) but the caller reset onto it — routing from there instead of sweeping and reloading
      |   route: office_corridor -> office_door -> portrait_room  (16.2s of walking)
      |     leg office_corridor -> office_door
      |         turn to 270.4: TURNED to 272.3 (err -1.9) in 2 push(es)
      |         office_corridor->office_door step 1/7: 1 chunk(s) of 0.79s, change 18.4, best 18.4, hazards none — one push, so `best` IS the whole leg's travel
      |       step 1/7 bearing  270.4 (got  272.3) 0.79s -> walked 0.79s, best change 18.4
      |         turn to 270.1: NO-OP, already inside 4.0 deg (at 272.3, err -2.2) — nothing was sent, the recorded curve was discarded, and the caller's step line will look like a turn that happened
      |         office_corridor->office_door step 2/7: 1 chunk(s) of 0.78s, change 19.1, best 19.1, hazards none — one push, so `best` IS the whole leg's travel
      |       step 2/7 bearing  270.1 (got  272.3) 0.78s -> walked 0.78s, best change 19.1
      |         turn to 270.1: NO-OP, already inside 4.0 deg (at 272.2, err -2.1) — nothing was sent, the recorded curve was discarded, and the caller's step line will look like a turn that happened
      |         office_corridor->office_door step 3/7: 1 chunk(s) of 0.78s, change 15.3, best 15.3, hazards none — one push, so `best` IS the whole leg's travel
      |       step 3/7 bearing  270.1 (got  272.2) 0.78s -> walked 0.78s, best change 15.3
      |         turn to 270.3: NO-OP, already inside 4.0 deg (at 272.3, err -2.0) — nothing was sent, the recorded curve was discarded, and the caller's step line will look like a turn that happened
      |         office_corridor->office_door step 4/7: 1 chunk(s) of 0.78s, change 12.0, best 12.0, hazards none — one push, so `best` IS the whole leg's travel
      |       step 4/7 bearing  270.3 (got  272.3) 0.78s -> walked 0.78s, best change 12.0
      |         turn to 270.1: NO-OP, already inside 4.0 deg (at 272.3, err -2.2) — nothing was sent, the recorded curve was discarded, and the caller's step line will look like a turn that happened
      |         office_corridor->office_door step 5/7: 1 chunk(s) of 0.79s, change 7.8, best 7.8, hazards none — one push, so `best` IS the whole leg's travel
      |       step 5/7 bearing  270.1 (got  272.3) 0.79s -> walked 0.79s, best change 7.8
      |         turn to 270.1: NO-OP, already inside 4.0 deg (at 272.3, err -2.2) — nothing was sent, the recorded curve was discarded, and the caller's step line will look like a turn that happened
      |         office_corridor->office_door step 6/7: 1 chunk(s) of 0.79s, change 6.4, best 6.4, hazards none — one push, so `best` IS the whole leg's travel
      |       step 6/7 bearing  270.1 (got  272.3) 0.79s -> walked 0.79s, best change 6.4
      |         turn to 270.4: NO-OP, already inside 4.0 deg (at 272.3, err -1.9) — nothing was sent, the recorded curve was discarded, and the caller's step line will look like a turn that happened
      |         office_corridor->office_door step 7/7: 1 chunk(s) of 0.42s, change 6.6, best 6.6, hazards none — one push, so `best` IS the whole leg's travel
      |       step 7/7 bearing  270.4 (got  272.3) 0.42s -> walked 0.42s, best change 6.6
      |       arrived? None  (no appearance reference by design)
      |     leg office_door -> portrait_room
      |         turn to 338.1: TURNED to 340.3 (err -2.2) in 1 push(es)
      |         office_door->portrait_room step 1/16: 1 chunk(s) of 0.79s, change 13.4, best 13.4, hazards none — one push, so `best` IS the whole leg's travel
      |       step 1/16 bearing  338.1 (got  340.3) 0.79s -> walked 0.79s, best change 13.4
      |         turn to 339.2: NO-OP, already inside 4.0 deg (at 340.3, err -1.1) — nothing was sent, the recorded curve was discarded, and the caller's step line will look like a turn that happened
      |         office_door->portrait_room step 2/16: 1 chunk(s) of 0.70s, change 23.3, best 23.3, hazards none — one push, so `best` IS the whole leg's travel
      |       step 2/16 bearing  339.2 (got  340.3) 0.70s -> walked 0.70s, best change 23.3
      |         turn to 347.9: TURNED to 347.8 (err +0.1) in 1 push(es)
      |         office_door->portrait_room step 3/16: 1 chunk(s) of 0.42s, change 28.2, best 28.2, hazards none — one push, so `best` IS the whole leg's travel
      |       step 3/16 bearing  347.9 (got  347.8) 0.42s -> walked 0.42s, best change 28.2
      |         turn to 355.2: TURNED to 355.7 (err -0.6) in 1 push(es)
      |         office_door->portrait_room step 4/16: 1 chunk(s) of 0.79s, change 39.6, best 39.6, hazards none — one push, so `best` IS the whole leg's travel
      |       step 4/16 bearing  355.2 (got  355.7) 0.79s -> walked 0.79s, best change 39.6
      |         turn to 360.0: NO-OP, already inside 4.0 deg (at 357.5, err +2.5) — nothing was sent, the recorded curve was discarded, and the caller's step line will look like a turn that happened
      |         office_door->portrait_room step 5/16: 1 chunk(s) of 0.51s, change 21.9, best 21.9, hazards none — one push, so `best` IS the whole leg's travel
      |       step 5/16 bearing  360.0 (got  357.5) 0.51s -> walked 0.51s, best change 21.9
      |         turn to 8.6: TURNED to 10.5 (err -1.9) in 1 push(es)
      |         office_door->portrait_room step 6/16: 1 chunk(s) of 0.78s, change 19.2, best 19.2, hazards none — one push, so `best` IS the whole leg's travel
      |       step 6/16 bearing    8.6 (got   10.5) 0.78s -> walked 0.78s, best change 19.2
      |         turn to 7.7: NO-OP, already inside 4.0 deg (at 10.5, err -2.8) — nothing was sent, the recorded curve was discarded, and the caller's step line will look like a turn that happened
      |         office_door->portrait_room step 7/16: 1 chunk(s) of 0.78s, change 26.5, best 26.5, hazards none — one push, so `best` IS the whole leg's travel
      |       step 7/16 bearing    7.7 (got   10.5) 0.78s -> walked 0.78s, best change 26.5
      |         turn to 1.7: TURNED to 2.0 (err -0.3) in 1 push(es)
      |         office_door->portrait_room step 8/16: 1 chunk(s) of 0.80s, change 29.8, best 29.8, hazards none — one push, so `best` IS the whole leg's travel
      |       step 8/16 bearing    1.7 (got    2.0) 0.80s -> walked 0.80s, best change 29.8
      |         turn to 359.6: NO-OP, already inside 4.0 deg (at 2.0, err -2.4) — nothing was sent, the recorded curve was discarded, and the caller's step line will look like a turn that happened
      |         office_door->portrait_room step 9/16: 1 chunk(s) of 0.36s, change 17.9, best 17.9, hazards none — one push, so `best` IS the whole leg's travel
      |       step 9/16 bearing  359.6 (got    2.0) 0.36s -> walked 0.36s, best change 17.9
      |         turn to 359.4: NO-OP, already inside 4.0 deg (at 2.0, err -2.6) — nothing was sent, the recorded curve was discarded, and the caller's step line will look like a turn that happened
      |         office_door->portrait_room step 10/16: 1 chunk(s) of 0.78s, change 18.9, best 18.9, hazards none — one push, so `best` IS the whole leg's travel
      |       step 10/16 bearing  359.4 (got    2.0) 0.78s -> walked 0.78s, best change 18.9
      |         turn to 357.9: TURNED to 357.4 (err +0.4) in 1 push(es)
      |         office_door->portrait_room step 11/16: 1 chunk(s) of 0.79s, change 18.5, best 18.5, hazards none — one push, so `best` IS the whole leg's travel
      |       step 11/16 bearing  357.9 (got  357.4) 0.79s -> walked 0.79s, best change 18.5
      |         turn to 358.0: NO-OP, already inside 4.0 deg (at 357.5, err +0.5) — nothing was sent, the recorded curve was discarded, and the caller's step line will look like a turn that happened
      |         office_door->portrait_room step 12/16: 1 chunk(s) of 0.79s, change 20.2, best 20.2, hazards none — one push, so `best` IS the whole leg's travel
      |       step 12/16 bearing  358.0 (got  357.5) 0.79s -> walked 0.79s, best change 20.2
      |         turn to 357.8: NO-OP, already inside 4.0 deg (at 357.5, err +0.3) — nothing was sent, the recorded curve was discarded, and the caller's step line will look like a turn that happened
      |         office_door->portrait_room step 13/16: 1 chunk(s) of 0.79s, change 25.0, best 25.0, hazards none — one push, so `best` IS the whole leg's travel
      |       step 13/16 bearing  357.8 (got  357.5) 0.79s -> walked 0.79s, best change 25.0
      |         turn to 357.9: NO-OP, already inside 4.0 deg (at 357.5, err +0.4) — nothing was sent, the recorded curve was discarded, and the caller's step line will look like a turn that happened
      |         office_door->portrait_room step 14/16: 1 chunk(s) of 0.79s, change 25.9, best 25.9, hazards none — one push, so `best` IS the whole leg's travel
      |       step 14/16 bearing  357.9 (got  357.5) 0.79s -> walked 0.79s, best change 25.9
      |         turn to 0.8: NO-OP, already inside 4.0 deg (at 357.5, err +3.3) — nothing was sent, the recorded curve was discarded, and the caller's step line will look like a turn that happened
      |         office_door->portrait_room step 15/16: 1 chunk(s) of 0.79s, change 22.5, best 22.5, hazards none — one push, so `best` IS the whole leg's travel
      |       step 15/16 bearing    0.8 (got  357.5) 0.79s -> walked 0.79s, best change 22.5
      |         turn to 4.0: TURNED to 2.1 (err +1.8) in 1 push(es)
      |         office_door->portrait_room step 16/16: 1 chunk(s) of 0.36s, change 14.2, best 14.2, hazards none — one push, so `best` IS the whole leg's travel
      |       step 16/16 bearing    4.0 (got    2.1) 0.36s -> walked 0.36s, best change 14.2
      |       arrived? True  (portrait_room 574.000/4.950)
      |         turn to 1.5: TURNED to 1.4 (err +0.1) in 1 push(es)
      |       align at portrait_room: yaw nulled to 1.4 (reference 1.5) — 0.1 deg REMAINING = ~2px of phantom dx still in the dx below
      |       align: step 1/6 dx=+52.4 (prev --)
      |       align: dx=+52.4 -> strafe right 0.10s
      |       align: dx barely changed (+52 -> +57) — blocked sideways, cannot correct from here
      |       aligned at portrait_room: 57px from the recorded pose
      |       align at portrait_room: dx +56.6px
      |   arrived, but 1 node(s) could not be confirmed on the way: ['office_door'] — each is a hole in the reference set
      |   attempt 2/9 at portrait_room
      |   verified at portrait_room (portrait_room 664.000/5.490)
      |   attempt 1/9 at bar_pool_room
      |   route: portrait_room -> bar_pool_room  (2.0s of walking)
      |     leg portrait_room -> bar_pool_room
      |         turn to 286.6: TURNED to 286.5 (err +0.1) in 2 push(es)
      |         portrait_room->bar_pool_room step 1/4: 1 chunk(s) of 0.16s, change 10.1, best 10.1, hazards none — one push, so `best` IS the whole leg's travel
      |       step 1/4 bearing  286.6 (got  286.5) 0.16s -> walked 0.16s, best change 10.1
      |         turn to 292.2: TURNED to 292.0 (err +0.1) in 1 push(es)
      |         portrait_room->bar_pool_room step 2/4: 1 chunk(s) of 0.79s, change 15.4, best 15.4, hazards none — one push, so `best` IS the whole leg's travel
      |       step 2/4 bearing  292.2 (got  292.0) 0.79s -> walked 0.79s, best change 15.4
      |         turn to 285.6: TURNED to 285.4 (err +0.1) in 1 push(es)
      |         portrait_room->bar_pool_room step 3/4: 1 chunk(s) of 0.80s, change 13.9, best 13.9, hazards none — one push, so `best` IS the whole leg's travel
      |       step 3/4 bearing  285.6 (got  285.4) 0.80s -> walked 0.80s, best change 13.9
      |         turn to 287.6: NO-OP, already inside 4.0 deg (at 285.4, err +2.1) — nothing was sent, the recorded curve was discarded, and the caller's step line will look like a turn that happened
      |         portrait_room->bar_pool_room step 4/4: 1 chunk(s) of 0.23s, change 11.4, best 11.4, hazards none — one push, so `best` IS the whole leg's travel
      |       step 4/4 bearing  287.6 (got  285.4) 0.23s -> walked 0.23s, best change 11.4
      |       arrived? True  (bar_pool_room 805.000/6.540)
      |         turn to 288.2: TURNED to 287.9 (err +0.2) in 1 push(es)
      |       align at bar_pool_room: yaw nulled to 287.9 (reference 288.2) — 0.2 deg REMAINING = ~4px of phantom dx still in the dx below
      |       align: step 1/6 dx=+195.0 (prev --)
      |       align: dx=+195.0 -> strafe right 0.16s
      |       align: step 2/6 dx=+146.8 (prev +195.0)
      |       align: dx=+146.8 -> strafe right 0.12s
      |       align: step 3/6 dx=+103.2 (prev +146.8)
      |       align: dx=+103.2 -> strafe right 0.10s
      |       align: step 4/6 dx=+74.9 (prev +103.2)
      |       align: dx=+74.9 -> strafe right 0.10s
      |       align: step 5/6 dx=+47.7 (prev +74.9)
      |       align: dx=+47.7 -> strafe right 0.10s
      |       align: within 35px (dx=+2.9) after 5 step(s)
      |       aligned at bar_pool_room: 3px from the recorded pose
      |       align at bar_pool_room: dx +2.9px
      |   attempt 2/9 at bar_pool_room
      |   verified at bar_pool_room (bar_pool_room 666.000/6.280)
      |   attempt 1/9 at bar_jukebox
      |   route: bar_pool_room -> bar_jukebox  (3.3s of walking)
      |     leg bar_pool_room -> bar_jukebox
      |         turn to 2.1: TURNED to 2.1 (err +0.0) in 1 push(es)
      |         bar_pool_room->bar_jukebox step 1/5: 1 chunk(s) of 0.80s, change 19.4, best 19.4, hazards none — one push, so `best` IS the whole leg's travel
      |       step 1/5 bearing    2.1 (got    2.1) 0.80s -> walked 0.80s, best change 19.4
      |         turn to 1.2: NO-OP, already inside 4.0 deg (at 2.1, err -0.9) — nothing was sent, the recorded curve was discarded, and the caller's step line will look like a turn that happened
      |         bar_pool_room->bar_jukebox step 2/5: 1 chunk(s) of 0.79s, change 21.5, best 21.5, hazards none — one push, so `best` IS the whole leg's travel
      |       step 2/5 bearing    1.2 (got    2.1) 0.79s -> walked 0.79s, best change 21.5
      |         turn to 0.8: NO-OP, already inside 4.0 deg (at 2.0, err -1.2) — nothing was sent, the recorded curve was discarded, and the caller's step line will look like a turn that happened
      |         bar_pool_room->bar_jukebox step 3/5: 1 chunk(s) of 0.80s, change 33.9, best 33.9, hazards none — one push, so `best` IS the whole leg's travel
      |       step 3/5 bearing    0.8 (got    2.0) 0.80s -> walked 0.80s, best change 33.9
      |         turn to 359.4: NO-OP, already inside 4.0 deg (at 2.0, err -2.6) — nothing was sent, the recorded curve was discarded, and the caller's step line will look like a turn that happened
      |         bar_pool_room->bar_jukebox step 4/5: 1 chunk(s) of 0.79s, change 32.7, best 32.7, hazards none — one push, so `best` IS the whole leg's travel
      |       step 4/5 bearing  359.4 (got    2.0) 0.79s -> walked 0.79s, best change 32.7
      |         turn to 359.6: NO-OP, already inside 4.0 deg (at 2.1, err -2.5) — nothing was sent, the recorded curve was discarded, and the caller's step line will look like a turn that happened
      |         bar_pool_room->bar_jukebox step 5/5: 1 chunk(s) of 0.14s, change 17.9, best 17.9, hazards none — one push, so `best` IS the whole leg's travel
      |       step 5/5 bearing  359.6 (got    2.1) 0.14s -> walked 0.14s, best change 17.9
      |       arrived? True  (bar_jukebox 414.000/4.020)
      |         turn to 1.0: TURNED to 0.8 (err +0.2) in 1 push(es)
      |       align at bar_jukebox: yaw nulled to 0.8 (reference 1.0) — 0.2 deg REMAINING = ~3px of phantom dx still in the dx below
      |       align: step 1/6 dx=-69.4 (prev --)
      |       align: dx=-69.4 -> strafe left 0.10s
      |       align: step 2/6 dx=-42.6 (prev +69.4)
      |       align: dx=-42.6 -> strafe left 0.10s
      |       align: within 35px (dx=-7.0) after 2 step(s)
      |       aligned at bar_jukebox: 7px from the recorded pose
      |       align at bar_jukebox: dx +7.0px
      |   attempt 2/9 at bar_jukebox
      |   verified at bar_jukebox (bar_jukebox 480.000/4.710)
      |   attempt 1/9 at dealer_table
      |   route: bar_jukebox -> dealer_table  (4.1s of walking)
      |     leg bar_jukebox -> dealer_table
      |       swept 19 headings around 72; best ink 0.0320 at 12.444647706346387, prompt never appeared
      |       swept 19 headings around 76; best ink 0.0092 at 56.368330464716024, prompt never appeared
      |       swept 19 headings around 78; best ink 0.0123 at 58.153846153846175, prompt never appeared
      |       swept 19 headings around 51; best ink 0.0004 at 51.14334470989761, prompt never appeared
      |       swept 19 headings around 75; best ink 0.0007 at 95.24463519313305, prompt never appeared
      |       stepped 6.8s of a 6.5s budget without finding the prompt
      |       approach_goal: prompt not seen
      |       swept 19 headings around 313; best ink 0.0001 at 312.93356652875053, prompt never appeared
      |       reach_table: GAVE UP
      |       arrived? False  (at_table=False)
      |     STOPPING at leg bar_jukebox -> dealer_table: the destination did not check out, so every leg after this one would be walked from an unknown position
      |   attempt 2/9 at dealer_table
      |   not at dealer_table and cannot say where this is (unrecognised (9.000/1.290)) — reloading to a known start
      |   pause menu open (selected 'Resume')
      |   selected: Load Last Save
      |   confirmation dialog up (delta 87.6) -> YES
      |   world back after 3.2s, spawn bearing 87 (E)
      |   route: office_corridor -> office_door -> portrait_room -> bar_pool_room -> bar_jukebox -> dealer_table  (25.5s of walking)
      |     leg office_corridor -> office_door
      |         turn to 270.4: TURNED to 272.3 (err -1.9) in 2 push(es)
      |         office_corridor->office_door step 1/7: 1 chunk(s) of 0.79s, change 19.4, best 19.4, hazards none — one push, so `best` IS the whole leg's travel
      |       step 1/7 bearing  270.4 (got  272.3) 0.79s -> walked 0.79s, best change 19.4
      |         turn to 270.1: NO-OP, already inside 4.0 deg (at 272.3, err -2.2) — nothing was sent, the recorded curve was discarded, and the caller's step line will look like a turn that happened
      |         office_corridor->office_door step 2/7: 1 chunk(s) of 0.78s, change 19.0, best 19.0, hazards none — one push, so `best` IS the whole leg's travel
      |       step 2/7 bearing  270.1 (got  272.3) 0.78s -> walked 0.78s, best change 19.0
      |         turn to 270.1: NO-OP, already inside 4.0 deg (at 272.4, err -2.2) — nothing was sent, the recorded curve was discarded, and the caller's step line will look like a turn that happened
      |         office_corridor->office_door step 3/7: 1 chunk(s) of 0.78s, change 14.5, best 14.5, hazards none — one push, so `best` IS the whole leg's travel
      |       step 3/7 bearing  270.1 (got  272.4) 0.78s -> walked 0.78s, best change 14.5
      |         turn to 270.3: NO-OP, already inside 4.0 deg (at 272.3, err -2.1) — nothing was sent, the recorded curve was discarded, and the caller's step line will look like a turn that happened
      |         office_corridor->office_door step 4/7: 1 chunk(s) of 0.78s, change 11.0, best 11.0, hazards none — one push, so `best` IS the whole leg's travel
      |       step 4/7 bearing  270.3 (got  272.3) 0.78s -> walked 0.78s, best change 11.0
      |         turn to 270.1: NO-OP, already inside 4.0 deg (at 272.3, err -2.2) — nothing was sent, the recorded curve was discarded, and the caller's step line will look like a turn that happened
      |         office_corridor->office_door step 5/7: 1 chunk(s) of 0.79s, change 7.0, best 7.0, hazards none — one push, so `best` IS the whole leg's travel
      |       step 5/7 bearing  270.1 (got  272.3) 0.79s -> walked 0.79s, best change 7.0
      |         turn to 270.1: NO-OP, already inside 4.0 deg (at 272.3, err -2.2) — nothing was sent, the recorded curve was discarded, and the caller's step line will look like a turn that happened
      |         office_corridor->office_door step 6/7: 1 chunk(s) of 0.79s, change 7.9, best 7.9, hazards none — one push, so `best` IS the whole leg's travel
      |       step 6/7 bearing  270.1 (got  272.3) 0.79s -> walked 0.79s, best change 7.9
      |         turn to 270.4: NO-OP, already inside 4.0 deg (at 272.3, err -2.0) — nothing was sent, the recorded curve was discarded, and the caller's step line will look like a turn that happened
      |         office_corridor->office_door step 7/7: 1 chunk(s) of 0.42s, change 6.4, best 6.4, hazards none — one push, so `best` IS the whole leg's travel
      |       step 7/7 bearing  270.4 (got  272.3) 0.42s -> walked 0.42s, best change 6.4
      |       arrived? None  (no appearance reference by design)
      |     leg office_door -> portrait_room
      |         turn to 338.1: TURNED to 335.5 (err +2.7) in 1 push(es)
      |         office_door->portrait_room step 1/16: 1 chunk(s) of 0.79s, change 12.5, best 12.5, hazards none — one push, so `best` IS the whole leg's travel
      |       step 1/16 bearing  338.1 (got  335.5) 0.79s -> walked 0.79s, best change 12.5
      |         turn to 339.2: NO-OP, already inside 4.0 deg (at 335.5, err +3.7) — nothing was sent, the recorded curve was discarded, and the caller's step line will look like a turn that happened
      |         office_door->portrait_room step 2/16: 1 chunk(s) of 0.70s, change 20.1, best 20.1, hazards none — one push, so `best` IS the whole leg's travel
      |       step 2/16 bearing  339.2 (got  335.5) 0.70s -> walked 0.70s, best change 20.1
      |         turn to 347.9: TURNED to 347.6 (err +0.3) in 1 push(es)
      |         office_door->portrait_room step 3/16: 1 chunk(s) of 0.42s, change 21.0, best 21.0, hazards none — one push, so `best` IS the whole leg's travel
      |       step 3/16 bearing  347.9 (got  347.6) 0.42s -> walked 0.42s, best change 21.0
      |         turn to 355.2: TURNED to 352.1 (err +3.0) in 1 push(es)
      |         office_door->portrait_room step 4/16: 1 chunk(s) of 0.79s, change 47.5, best 47.5, hazards none — one push, so `best` IS the whole leg's travel
      |       step 4/16 bearing  355.2 (got  352.1) 0.79s -> walked 0.79s, best change 47.5
      |         turn to 360.0: TURNED to 1.6 (err -1.6) in 1 push(es)
      |         office_door->portrait_room step 5/16: 1 chunk(s) of 0.51s, change 28.3, best 28.3, hazards none — one push, so `best` IS the whole leg's travel
      |       step 5/16 bearing  360.0 (got    1.6) 0.51s -> walked 0.51s, best change 28.3
      |         turn to 8.6: TURNED to 6.6 (err +2.0) in 1 push(es)
      |         office_door->portrait_room step 6/16: 1 chunk(s) of 0.78s, change 17.5, best 17.5, hazards none — one push, so `best` IS the whole leg's travel
      |       step 6/16 bearing    8.6 (got    6.6) 0.78s -> walked 0.78s, best change 17.5
      |         turn to 7.7: NO-OP, already inside 4.0 deg (at 6.6, err +1.1) — nothing was sent, the recorded curve was discarded, and the caller's step line will look like a turn that happened
      |         office_door->portrait_room step 7/16: 1 chunk(s) of 0.78s, change 32.2, best 32.2, hazards none — one push, so `best` IS the whole leg's travel
      |       step 7/16 bearing    7.7 (got    6.6) 0.78s -> walked 0.78s, best change 32.2
      |         turn to 1.7: TURNED to 2.5 (err -0.7) in 1 push(es)
      |         office_door->portrait_room step 8/16: 1 chunk(s) of 0.80s, change 30.5, best 30.5, hazards none — one push, so `best` IS the whole leg's travel
      |       step 8/16 bearing    1.7 (got    2.5) 0.80s -> walked 0.80s, best change 30.5
      |         turn to 359.6: NO-OP, already inside 4.0 deg (at 2.5, err -2.9) — nothing was sent, the recorded curve was discarded, and the caller's step line will look like a turn that happened
      |         office_door->portrait_room step 9/16: 1 chunk(s) of 0.36s, change 27.9, best 27.9, hazards none — one push, so `best` IS the whole leg's travel
      |       step 9/16 bearing  359.6 (got    2.5) 0.36s -> walked 0.36s, best change 27.9
      |         turn to 359.4: NO-OP, already inside 4.0 deg (at 2.5, err -3.1) — nothing was sent, the recorded curve was discarded, and the caller's step line will look like a turn that happened
      |         office_door->portrait_room step 10/16: 1 chunk(s) of 0.78s, change 21.3, best 21.3, hazards none — one push, so `best` IS the whole leg's travel
      |       step 10/16 bearing  359.4 (got    2.5) 0.78s -> walked 0.78s, best change 21.3
      |         turn to 357.9: TURNED to 358.0 (err -0.1) in 1 push(es)
      |         office_door->portrait_room step 11/16: 1 chunk(s) of 0.79s, change 19.4, best 19.4, hazards none — one push, so `best` IS the whole leg's travel
      |       step 11/16 bearing  357.9 (got  358.0) 0.79s -> walked 0.79s, best change 19.4
      |         turn to 358.0: NO-OP, already inside 4.0 deg (at 358.0, err +0.0) — nothing was sent, the recorded curve was discarded, and the caller's step line will look like a turn that happened
      |         office_door->portrait_room step 12/16: 1 chunk(s) of 0.79s, change 18.0, best 18.0, hazards none — one push, so `best` IS the whole leg's travel
      |       step 12/16 bearing  358.0 (got  358.0) 0.79s -> walked 0.79s, best change 18.0
      |         turn to 357.8: NO-OP, already inside 4.0 deg (at 358.0, err -0.2) — nothing was sent, the recorded curve was discarded, and the caller's step line will look like a turn that happened
      |         office_door->portrait_room step 13/16: 1 chunk(s) of 0.79s, change 25.5, best 25.5, hazards none — one push, so `best` IS the whole leg's travel
      |       step 13/16 bearing  357.8 (got  358.0) 0.79s -> walked 0.79s, best change 25.5
      |         turn to 357.9: NO-OP, already inside 4.0 deg (at 358.0, err -0.0) — nothing was sent, the recorded curve was discarded, and the caller's step line will look like a turn that happened
      |         office_door->portrait_room step 14/16: 1 chunk(s) of 0.79s, change 30.0, best 30.0, hazards none — one push, so `best` IS the whole leg's travel
      |       step 14/16 bearing  357.9 (got  358.0) 0.79s -> walked 0.79s, best change 30.0
      |         turn to 0.8: NO-OP, already inside 4.0 deg (at 358.1, err +2.8) — nothing was sent, the recorded curve was discarded, and the caller's step line will look like a turn that happened
      |         office_door->portrait_room step 15/16: 1 chunk(s) of 0.79s, change 26.9, best 26.9, hazards none — one push, so `best` IS the whole leg's travel
      |       step 15/16 bearing    0.8 (got  358.1) 0.79s -> walked 0.79s, best change 26.9
      |         turn to 4.0: TURNED to 5.0 (err -1.1) in 1 push(es)
      |         office_door->portrait_room step 16/16: 1 chunk(s) of 0.36s, change 17.1, best 17.1, hazards none — one push, so `best` IS the whole leg's travel
      |       step 16/16 bearing    4.0 (got    5.0) 0.36s -> walked 0.36s, best change 17.1
      |       arrived? True  (portrait_room 719.000/6.150)
      |         turn to 1.5: TURNED to 1.5 (err -0.1) in 1 push(es)
      |       align at portrait_room: yaw nulled to 1.5 (reference 1.5) — 0.1 deg REMAINING = ~1px of phantom dx still in the dx below
      |       align: step 1/6 dx=+90.8 (prev --)
      |       align: dx=+90.8 -> strafe right 0.10s
      |       align: step 2/6 dx=+44.0 (prev +90.8)
      |       align: dx=+44.0 -> strafe right 0.10s
      |       align: dx barely changed (+44 -> +29) — blocked sideways, cannot correct from here
      |       aligned at portrait_room: 29px from the recorded pose
      |       align at portrait_room: dx +29.3px
      |     leg portrait_room -> bar_pool_room
      |         turn to 286.6: TURNED to 285.7 (err +0.9) in 1 push(es)
      |         portrait_room->bar_pool_room step 1/4: 1 chunk(s) of 0.16s, change 13.2, best 13.2, hazards none — one push, so `best` IS the whole leg's travel
      |       step 1/4 bearing  286.6 (got  285.7) 0.16s -> walked 0.16s, best change 13.2
      |         turn to 292.2: TURNED to 292.4 (err -0.2) in 1 push(es)
      |         portrait_room->bar_pool_room step 2/4: 1 chunk(s) of 0.79s, change 17.0, best 17.0, hazards none — one push, so `best` IS the whole leg's travel
      |       step 2/4 bearing  292.2 (got  292.4) 0.79s -> walked 0.79s, best change 17.0
      |         turn to 285.6: TURNED to 284.3 (err +1.3) in 1 push(es)
      |         portrait_room->bar_pool_room step 3/4: 1 chunk(s) of 0.80s, change 16.8, best 16.8, hazards none — one push, so `best` IS the whole leg's travel
      |       step 3/4 bearing  285.6 (got  284.3) 0.80s -> walked 0.80s, best change 16.8
      |         turn to 287.6: NO-OP, already inside 4.0 deg (at 284.4, err +3.2) — nothing was sent, the recorded curve was discarded, and the caller's step line will look like a turn that happened
      |         portrait_room->bar_pool_room step 4/4: 1 chunk(s) of 0.23s, change 9.5, best 9.5, hazards none — one push, so `best` IS the whole leg's travel
      |       step 4/4 bearing  287.6 (got  284.4) 0.23s -> walked 0.23s, best change 9.5
      |       arrived? True  (bar_pool_room 563.000/4.900)
      |         turn to 288.2: TURNED to 287.8 (err +0.4) in 1 push(es)
      |       align at bar_pool_room: yaw nulled to 287.8 (reference 288.2) — 0.4 deg REMAINING = ~7px of phantom dx still in the dx below
      |       align: step 1/6 dx=+115.3 (prev --)
      |       align: dx=+115.3 -> strafe right 0.10s
      |       align: step 2/6 dx=+84.7 (prev +115.3)
      |       align: dx=+84.7 -> strafe right 0.10s
      |       align: dx barely changed (+85 -> +75) — blocked sideways, cannot correct from here
      |       aligned at bar_pool_room: 75px from the recorded pose
      |       align at bar_pool_room: dx +75.2px
      |     leg bar_pool_room -> bar_jukebox
      |         turn to 2.1: TURNED to 1.8 (err +0.2) in 1 push(es)
      |         bar_pool_room->bar_jukebox step 1/5: 1 chunk(s) of 0.80s, change 16.0, best 16.0, hazards none — one push, so `best` IS the whole leg's travel
      |       step 1/5 bearing    2.1 (got    1.8) 0.80s -> walked 0.80s, best change 16.0
      |         turn to 1.2: NO-OP, already inside 4.0 deg (at 1.9, err -0.7) — nothing was sent, the recorded curve was discarded, and the caller's step line will look like a turn that happened
      |         bar_pool_room->bar_jukebox step 2/5: 1 chunk(s) of 0.79s, change 8.9, best 8.9, hazards none — one push, so `best` IS the whole leg's travel
      |       step 2/5 bearing    1.2 (got    1.9) 0.79s -> walked 0.79s, best change 8.9
      |         turn to 0.8: NO-OP, already inside 4.0 deg (at 1.8, err -1.1) — nothing was sent, the recorded curve was discarded, and the caller's step line will look like a turn that happened
      |         bar_pool_room->bar_jukebox step 3/5: 1 chunk(s) of 0.80s, change 2.5, best 2.5, hazards SHORT — one push, so `best` IS the whole leg's travel
      |       step 3/5 bearing    0.8 (got    1.8) 0.80s -> walked 0.80s, best change 2.5
      |       step 3 blocked but the scene is MOVING — an NPC in the passage, not a wall
      |       the view is featureless — this is geometry, not a mover; skipping the escape ladder it has never cleared
      |       escape ladder: did NOT clear (best 0.0 PIXELS, against SLIP_PROGRESS_PX 20.0px — NOT against STALL_CHANGE 6.0, which is grey_levels)
      |       step 3 moved only 2.5 grey_levels (< 6.0) over 0.80s — stall score 1
      |         turn to 359.4: NO-OP, already inside 4.0 deg (at 1.9, err -2.4) — nothing was sent, the recorded curve was discarded, and the caller's step line will look like a turn that happened
      |         bar_pool_room->bar_jukebox step 4/5: 1 chunk(s) of 0.79s, change 4.8, best 4.8, hazards none — one push, so `best` IS the whole leg's travel
      |       step 4/5 bearing  359.4 (got    1.9) 0.79s -> walked 0.79s, best change 4.8
      |       step 4 blocked but the scene is MOVING — an NPC in the passage, not a wall
      |       the view is featureless — this is geometry, not a mover; skipping the escape ladder it has never cleared
      |       escape ladder: did NOT clear (best 0.0 PIXELS, against SLIP_PROGRESS_PX 20.0px — NOT against STALL_CHANGE 6.0, which is grey_levels)
      |       step 4 moved only 4.8 grey_levels (< 6.0) over 0.79s — stall score 2
      |       BLOCKED on step 4; abandoning the rest of this leg rather than pushing into whatever is in the way
      |       recovery fan did not find bar_jukebox
      |       arrived? None  (unverified, abstained (0.000/0.000))
      |     leg bar_jukebox -> dealer_table
      |       swept 19 headings around 77; best ink 0.0000 at None, prompt never appeared
      |       no compass reading, so there is no arc to sweep
      |       no compass reading, so there is no arc to sweep
      |       no compass reading, so there is no arc to sweep
      |       no compass reading, so there is no arc to sweep
      |       stepped 6.8s of a 6.5s budget without finding the prompt
      |       approach_goal: prompt not seen
      |       no compass reading, so there is no arc to sweep
      |       reach_table: GAVE UP
      |       arrived? False  (at_table=False)
      |     STOPPING at leg bar_jukebox -> dealer_table: the destination did not check out, so every leg after this one would be walked from an unknown position
      |   attempt 3/9 at dealer_table
      |   not at dealer_table and cannot say where this is (unrecognised (1.000/1.000)) — reloading to a known start
      |   pause menu open (selected 'Resume')
      |   selected: Load Last Save
      |   confirmation dialog up (delta 81.5) -> YES
      |   YES press 1 did not register, retrying
      |   world back after 3.2s, spawn bearing 87 (E)
      |   route: office_corridor -> office_door -> portrait_room -> bar_pool_room -> bar_jukebox -> dealer_table  (25.5s of walking)
      |     leg office_corridor -> office_door
      |         turn to 270.4: TURNED to 268.6 (err +1.9) in 2 push(es)
      |         office_corridor->office_door step 1/7: 1 chunk(s) of 0.79s, change 19.7, best 19.7, hazards none — one push, so `best` IS the whole leg's travel
      |       step 1/7 bearing  270.4 (got  268.6) 0.79s -> walked 0.79s, best change 19.7
      |         turn to 270.1: NO-OP, already inside 4.0 deg (at 268.6, err +1.6) — nothing was sent, the recorded curve was discarded, and the caller's step line will look like a turn that happened
      |         office_corridor->office_door step 2/7: 1 chunk(s) of 0.78s, change 19.0, best 19.0, hazards none — one push, so `best` IS the whole leg's travel
      |       step 2/7 bearing  270.1 (got  268.6) 0.78s -> walked 0.78s, best change 19.0
      |         turn to 270.1: NO-OP, already inside 4.0 deg (at 268.5, err +1.7) — nothing was sent, the recorded curve was discarded, and the caller's step line will look like a turn that happened
      |         office_corridor->office_door step 3/7: 1 chunk(s) of 0.78s, change 14.9, best 14.9, hazards none — one push, so `best` IS the whole leg's travel
      |       step 3/7 bearing  270.1 (got  268.5) 0.78s -> walked 0.78s, best change 14.9
      |         turn to 270.3: NO-OP, already inside 4.0 deg (at 268.6, err +1.7) — nothing was sent, the recorded curve was discarded, and the caller's step line will look like a turn that happened
      |         office_corridor->office_door step 4/7: 1 chunk(s) of 0.78s, change 10.3, best 10.3, hazards none — one push, so `best` IS the whole leg's travel
      |       step 4/7 bearing  270.3 (got  268.6) 0.78s -> walked 0.78s, best change 10.3
      |         turn to 270.1: NO-OP, already inside 4.0 deg (at 268.6, err +1.6) — nothing was sent, the recorded curve was discarded, and the caller's step line will look like a turn that happened
      |         office_corridor->office_door step 5/7: 1 chunk(s) of 0.79s, change 8.4, best 8.4, hazards none — one push, so `best` IS the whole leg's travel
      |       step 5/7 bearing  270.1 (got  268.6) 0.79s -> walked 0.79s, best change 8.4
      |         turn to 270.1: NO-OP, already inside 4.0 deg (at 268.6, err +1.5) — nothing was sent, the recorded curve was discarded, and the caller's step line will look like a turn that happened
      |         office_corridor->office_door step 6/7: 1 chunk(s) of 0.79s, change 8.3, best 8.3, hazards none — one push, so `best` IS the whole leg's travel
      |       step 6/7 bearing  270.1 (got  268.6) 0.79s -> walked 0.79s, best change 8.3
      |         turn to 270.4: NO-OP, already inside 4.0 deg (at 268.6, err +1.8) — nothing was sent, the recorded curve was discarded, and the caller's step line will look like a turn that happened
      |         office_corridor->office_door step 7/7: 1 chunk(s) of 0.42s, change 8.0, best 8.0, hazards none — one push, so `best` IS the whole leg's travel
      |       step 7/7 bearing  270.4 (got  268.6) 0.42s -> walked 0.42s, best change 8.0
      |       arrived? None  (no appearance reference by design)
      |     leg office_door -> portrait_room
      |         turn to 338.1: TURNED to 336.5 (err +1.6) in 1 push(es)
      |         office_door->portrait_room step 1/16: 1 chunk(s) of 0.79s, change 11.1, best 11.1, hazards none — one push, so `best` IS the whole leg's travel
      |       step 1/16 bearing  338.1 (got  336.5) 0.79s -> walked 0.79s, best change 11.1
      |         turn to 339.2: NO-OP, already inside 4.0 deg (at 336.5, err +2.7) — nothing was sent, the recorded curve was discarded, and the caller's step line will look like a turn that happened
      |         office_door->portrait_room step 2/16: 1 chunk(s) of 0.70s, change 14.9, best 14.9, hazards none — one push, so `best` IS the whole leg's travel
      |       step 2/16 bearing  339.2 (got  336.5) 0.70s -> walked 0.70s, best change 14.9
      |         turn to 347.9: TURNED to 347.6 (err +0.3) in 1 push(es)
      |         office_door->portrait_room step 3/16: 1 chunk(s) of 0.42s, change 22.4, best 22.4, hazards none — one push, so `best` IS the whole leg's travel
      |       step 3/16 bearing  347.9 (got  347.6) 0.42s -> walked 0.42s, best change 22.4
      |         turn to 355.2: TURNED to 353.8 (err +1.4) in 1 push(es)
      |         office_door->portrait_room step 4/16: 1 chunk(s) of 0.79s, change 45.7, best 45.7, hazards none — one push, so `best` IS the whole leg's travel
      |       step 4/16 bearing  355.2 (got  353.8) 0.79s -> walked 0.79s, best change 45.7
      |         turn to 360.0: TURNED to 2.4 (err -2.4) in 1 push(es)
      |         office_door->portrait_room step 5/16: 1 chunk(s) of 0.51s, change 34.7, best 34.7, hazards none — one push, so `best` IS the whole leg's travel
      |       step 5/16 bearing  360.0 (got    2.4) 0.51s -> walked 0.51s, best change 34.7
      |         turn to 8.6: TURNED to 6.3 (err +2.3) in 1 push(es)
      |         office_door->portrait_room step 6/16: 1 chunk(s) of 0.78s, change 18.0, best 18.0, hazards none — one push, so `best` IS the whole leg's travel
      |       step 6/16 bearing    8.6 (got    6.3) 0.78s -> walked 0.78s, best change 18.0
      |         turn to 7.7: NO-OP, already inside 4.0 deg (at 6.2, err +1.6) — nothing was sent, the recorded curve was discarded, and the caller's step line will look like a turn that happened
      |         office_door->portrait_room step 7/16: 1 chunk(s) of 0.78s, change 29.2, best 29.2, hazards none — one push, so `best` IS the whole leg's travel
      |       step 7/16 bearing    7.7 (got    6.2) 0.78s -> walked 0.78s, best change 29.2
      |         turn to 1.7: TURNED to 2.0 (err -0.2) in 1 push(es)
      |         office_door->portrait_room step 8/16: 1 chunk(s) of 0.80s, change 35.2, best 35.2, hazards none — one push, so `best` IS the whole leg's travel
      |       step 8/16 bearing    1.7 (got    2.0) 0.80s -> walked 0.80s, best change 35.2
      |         turn to 359.6: NO-OP, already inside 4.0 deg (at 2.1, err -2.5) — nothing was sent, the recorded curve was discarded, and the caller's step line will look like a turn that happened
      |         office_door->portrait_room step 9/16: 1 chunk(s) of 0.36s, change 20.9, best 20.9, hazards none — one push, so `best` IS the whole leg's travel
      |       step 9/16 bearing  359.6 (got    2.1) 0.36s -> walked 0.36s, best change 20.9
      |         turn to 359.4: NO-OP, already inside 4.0 deg (at 1.9, err -2.5) — nothing was sent, the recorded curve was discarded, and the caller's step line will look like a turn that happened
      |         office_door->portrait_room step 10/16: 1 chunk(s) of 0.78s, change 20.2, best 20.2, hazards none — one push, so `best` IS the whole leg's travel
      |       step 10/16 bearing  359.4 (got    1.9) 0.78s -> walked 0.78s, best change 20.2
      |         turn to 357.9: TURNED to 357.4 (err +0.5) in 1 push(es)
      |         office_door->portrait_room step 11/16: 1 chunk(s) of 0.79s, change 20.2, best 20.2, hazards none — one push, so `best` IS the whole leg's travel
      |       step 11/16 bearing  357.9 (got  357.4) 0.79s -> walked 0.79s, best change 20.2
      |         turn to 358.0: NO-OP, already inside 4.0 deg (at 357.5, err +0.6) — nothing was sent, the recorded curve was discarded, and the caller's step line will look like a turn that happened
      |         office_door->portrait_room step 12/16: 1 chunk(s) of 0.79s, change 19.4, best 19.4, hazards none — one push, so `best` IS the whole leg's travel
      |       step 12/16 bearing  358.0 (got  357.5) 0.79s -> walked 0.79s, best change 19.4
      |         turn to 357.8: NO-OP, already inside 4.0 deg (at 357.5, err +0.4) — nothing was sent, the recorded curve was discarded, and the caller's step line will look like a turn that happened
      |         office_door->portrait_room step 13/16: 1 chunk(s) of 0.79s, change 26.3, best 26.3, hazards none — one push, so `best` IS the whole leg's travel
      |       step 13/16 bearing  357.8 (got  357.5) 0.79s -> walked 0.79s, best change 26.3
      |         turn to 357.9: NO-OP, already inside 4.0 deg (at 357.4, err +0.5) — nothing was sent, the recorded curve was discarded, and the caller's step line will look like a turn that happened
      |         office_door->portrait_room step 14/16: 1 chunk(s) of 0.79s, change 28.1, best 28.1, hazards none — one push, so `best` IS the whole leg's travel
      |       step 14/16 bearing  357.9 (got  357.4) 0.79s -> walked 0.79s, best change 28.1
      |         turn to 0.8: NO-OP, already inside 4.0 deg (at 357.5, err +3.4) — nothing was sent, the recorded curve was discarded, and the caller's step line will look like a turn that happened
      |         office_door->portrait_room step 15/16: 1 chunk(s) of 0.79s, change 24.5, best 24.5, hazards none — one push, so `best` IS the whole leg's travel
      |       step 15/16 bearing    0.8 (got  357.5) 0.79s -> walked 0.79s, best change 24.5
      |         turn to 4.0: TURNED to 2.9 (err +1.1) in 1 push(es)
      |         office_door->portrait_room step 16/16: 1 chunk(s) of 0.36s, change 16.0, best 16.0, hazards none — one push, so `best` IS the whole leg's travel
      |       step 16/16 bearing    4.0 (got    2.9) 0.36s -> walked 0.36s, best change 16.0
      |       arrived? True  (portrait_room 674.000/5.860)
      |         turn to 1.5: TURNED to 1.5 (err -0.0) in 1 push(es)
      |       align at portrait_room: yaw nulled to 1.5 (reference 1.5) — 0.0 deg REMAINING = ~0px of phantom dx still in the dx below
      |       align: step 1/6 dx=+116.2 (prev --)
      |       align: dx=+116.2 -> strafe right 0.10s
      |       align: dx barely changed (+116 -> +97) — blocked sideways, cannot correct from here
      |       aligned at portrait_room: 97px from the recorded pose
      |       align at portrait_room: dx +97.1px
      |     leg portrait_room -> bar_pool_room
      |         turn to 286.6: TURNED to 289.6 (err -3.1) in 2 push(es)
      |         portrait_room->bar_pool_room step 1/4: 1 chunk(s) of 0.16s, change 11.4, best 11.4, hazards none — one push, so `best` IS the whole leg's travel
      |       step 1/4 bearing  286.6 (got  289.6) 0.16s -> walked 0.16s, best change 11.4
      |         turn to 292.2: NO-OP, already inside 4.0 deg (at 289.6, err +2.5) — nothing was sent, the recorded curve was discarded, and the caller's step line will look like a turn that happened
      |         portrait_room->bar_pool_room step 2/4: 1 chunk(s) of 0.79s, change 16.8, best 16.8, hazards none — one push, so `best` IS the whole leg's travel
      |       step 2/4 bearing  292.2 (got  289.6) 0.79s -> walked 0.79s, best change 16.8
      |         turn to 285.6: TURNED to 285.3 (err +0.3) in 1 push(es)
      |         portrait_room->bar_pool_room step 3/4: 1 chunk(s) of 0.80s, change 15.8, best 15.8, hazards none — one push, so `best` IS the whole leg's travel
      |       step 3/4 bearing  285.6 (got  285.3) 0.80s -> walked 0.80s, best change 15.8
      |         turn to 287.6: NO-OP, already inside 4.0 deg (at 285.3, err +2.3) — nothing was sent, the recorded curve was discarded, and the caller's step line will look like a turn that happened
      |         portrait_room->bar_pool_room step 4/4: 1 chunk(s) of 0.23s, change 11.9, best 11.9, hazards none — one push, so `best` IS the whole leg's travel
      |       step 4/4 bearing  287.6 (got  285.3) 0.23s -> walked 0.23s, best change 11.9
      |       arrived? True  (bar_pool_room 695.000/5.700)
      |         turn to 288.2: TURNED to 288.0 (err +0.1) in 1 push(es)
      |       align at bar_pool_room: yaw nulled to 288.0 (reference 288.2) — 0.1 deg REMAINING = ~3px of phantom dx still in the dx below
      |       align: step 1/6 dx=+161.4 (prev --)
      |       align: dx=+161.4 -> strafe right 0.13s
      |       align: step 2/6 dx=+121.9 (prev +161.4)
      |       align: dx=+121.9 -> strafe right 0.10s
      |       align: step 3/6 dx=+96.7 (prev +121.9)
      |       align: dx=+96.7 -> strafe right 0.10s
      |       align: step 4/6 dx=+65.7 (prev +96.7)
      |       align: dx=+65.7 -> strafe right 0.10s
      |       align: step 5/6 dx=+40.1 (prev +65.7)
      |       align: dx=+40.1 -> strafe right 0.10s
      |       align: within 35px (dx=+10.1) after 5 step(s)
      |       aligned at bar_pool_room: 10px from the recorded pose
      |       align at bar_pool_room: dx +10.1px
      |     leg bar_pool_room -> bar_jukebox
      |         turn to 2.1: TURNED to 359.6 (err +2.4) in 1 push(es)
      |         bar_pool_room->bar_jukebox step 1/5: 1 chunk(s) of 0.80s, change 19.4, best 19.4, hazards none — one push, so `best` IS the whole leg's travel
      |       step 1/5 bearing    2.1 (got  359.6) 0.80s -> walked 0.80s, best change 19.4
      |         turn to 1.2: NO-OP, already inside 4.0 deg (at 359.7, err +1.5) — nothing was sent, the recorded curve was discarded, and the caller's step line will look like a turn that happened
      |         bar_pool_room->bar_jukebox step 2/5: 1 chunk(s) of 0.79s, change 5.4, best 5.4, hazards none — one push, so `best` IS the whole leg's travel
      |       step 2/5 bearing    1.2 (got  359.7) 0.79s -> walked 0.79s, best change 5.4
      |       step 2 blocked but the scene is MOVING — an NPC in the passage, not a wall
      |       displacement UNMEASURABLE (too few keypoints) — NOT the same as 0px
      |       waited 2.5s: displaced 0.0px
      |       displacement UNMEASURABLE (too few keypoints) — NOT the same as 0px
      |       jump 1: displaced 0.0px
      |       displacement UNMEASURABLE (too few keypoints) — NOT the same as 0px
      |       jump 2: displaced 0.0px
      |       displacement UNMEASURABLE (too few keypoints) — NOT the same as 0px
      |       slip right: displaced 0.0px
      |       displacement UNMEASURABLE (too few keypoints) — NOT the same as 0px
      |       slip left: displaced 0.0px
      |       nothing cleared it — treating this as geometry, not an NPC
      |       escape ladder: did NOT clear (best 0.0 PIXELS, against SLIP_PROGRESS_PX 20.0px — NOT against STALL_CHANGE 6.0, which is grey_levels)
      |       step 2 moved only 5.4 grey_levels (< 6.0) over 0.79s — stall score 1
      |         turn to 0.8: NO-OP, already inside 4.0 deg (at 359.7, err +1.1) — nothing was sent, the recorded curve was discarded, and the caller's step line will look like a turn that happened
      |         bar_pool_room->bar_jukebox step 3/5: 1 chunk(s) of 0.80s, change 1.9, best 1.9, hazards SHORT — one push, so `best` IS the whole leg's travel
      |       step 3/5 bearing    0.8 (got  359.7) 0.80s -> walked 0.80s, best change 1.9
      |       step 3 blocked but the scene is MOVING — an NPC in the passage, not a wall
      |       the view is featureless — this is geometry, not a mover; skipping the escape ladder it has never cleared
      |       escape ladder: did NOT clear (best 0.0 PIXELS, against SLIP_PROGRESS_PX 20.0px — NOT against STALL_CHANGE 6.0, which is grey_levels)
      |       step 3 moved only 1.9 grey_levels (< 6.0) over 0.80s — stall score 2
      |       BLOCKED on step 3; abandoning the rest of this leg rather than pushing into whatever is in the way
      |       recovery fan did not find bar_jukebox
      |       arrived? None  (unverified, abstained (1.000/1.000))
      |     leg bar_jukebox -> dealer_table
      |       swept 19 headings around 75; best ink 0.0021 at 55.207036486702805, prompt never appeared
      |       swept 19 headings around 72; best ink 0.0075 at 132.0768442855809, prompt never appeared
      |       no compass reading, so there is no arc to sweep
      |       no compass reading, so there is no arc to sweep
      |       no compass reading, so there is no arc to sweep
      |       stepped 6.8s of a 6.5s budget without finding the prompt
      |       approach_goal: prompt not seen
      |       no compass reading, so there is no arc to sweep
      |       reach_table: GAVE UP
      |       arrived? False  (at_table=False)
      |     STOPPING at leg bar_jukebox -> dealer_table: the destination did not check out, so every leg after this one would be walked from an unknown position
      |   attempt 4/9 at dealer_table
      |       no compass reading — the relocalise sweep did NOT run (this is not 'nothing was recognised')
      |   not at dealer_table and cannot say where this is (unrecognised (11.000/1.220)) — reloading to a known start
      |   pause menu open (selected 'Resume')
      |   selected: Load Last Save
      |   confirmation dialog up (delta 82.1) -> YES
      |   YES press 1 did not register, retrying
      |   world back after 3.2s, spawn bearing 87 (E)
      |   route: office_corridor -> office_door -> portrait_room -> bar_pool_room -> bar_jukebox -> dealer_table  (25.5s of walking)
      |     leg office_corridor -> office_door
      |         turn to 270.4: TURNED to 270.7 (err -0.2) in 2 push(es)
      |         office_corridor->office_door step 1/7: 1 chunk(s) of 0.79s, change 18.8, best 18.8, hazards none — one push, so `best` IS the whole leg's travel
      |       step 1/7 bearing  270.4 (got  270.7) 0.79s -> walked 0.79s, best change 18.8
      |         turn to 270.1: NO-OP, already inside 4.0 deg (at 270.6, err -0.5) — nothing was sent, the recorded curve was discarded, and the caller's step line will look like a turn that happened
      |         office_corridor->office_door step 2/7: 1 chunk(s) of 0.78s, change 18.8, best 18.8, hazards none — one push, so `best` IS the whole leg's travel
      |       step 2/7 bearing  270.1 (got  270.6) 0.78s -> walked 0.78s, best change 18.8
      |         turn to 270.1: NO-OP, already inside 4.0 deg (at 270.7, err -0.5) — nothing was sent, the recorded curve was discarded, and the caller's step line will look like a turn that happened
      |         office_corridor->office_door step 3/7: 1 chunk(s) of 0.78s, change 15.9, best 15.9, hazards none — one push, so `best` IS the whole leg's travel
      |       step 3/7 bearing  270.1 (got  270.7) 0.78s -> walked 0.78s, best change 15.9
      |         turn to 270.3: NO-OP, already inside 4.0 deg (at 270.7, err -0.4) — nothing was sent, the recorded curve was discarded, and the caller's step line will look like a turn that happened
      |         office_corridor->office_door step 4/7: 1 chunk(s) of 0.78s, change 11.3, best 11.3, hazards none — one push, so `best` IS the whole leg's travel
      |       step 4/7 bearing  270.3 (got  270.7) 0.78s -> walked 0.78s, best change 11.3
      |         turn to 270.1: NO-OP, already inside 4.0 deg (at 270.7, err -0.5) — nothing was sent, the recorded curve was discarded, and the caller's step line will look like a turn that happened
      |         office_corridor->office_door step 5/7: 1 chunk(s) of 0.79s, change 8.3, best 8.3, hazards none — one push, so `best` IS the whole leg's travel
      |       step 5/7 bearing  270.1 (got  270.7) 0.79s -> walked 0.79s, best change 8.3
      |         turn to 270.1: NO-OP, already inside 4.0 deg (at 270.7, err -0.6) — nothing was sent, the recorded curve was discarded, and the caller's step line will look like a turn that happened
      |         office_corridor->office_door step 6/7: 1 chunk(s) of 0.79s, change 7.5, best 7.5, hazards none — one push, so `best` IS the whole leg's travel
      |       step 6/7 bearing  270.1 (got  270.7) 0.79s -> walked 0.79s, best change 7.5
      |         turn to 270.4: NO-OP, already inside 4.0 deg (at 270.7, err -0.3) — nothing was sent, the recorded curve was discarded, and the caller's step line will look like a turn that happened
      |         office_corridor->office_door step 7/7: 1 chunk(s) of 0.42s, change 7.0, best 7.0, hazards none — one push, so `best` IS the whole leg's travel
      |       step 7/7 bearing  270.4 (got  270.7) 0.42s -> walked 0.42s, best change 7.0
      |       arrived? None  (no appearance reference by design)
      |     leg office_door -> portrait_room
      |         turn to 338.1: TURNED to 337.5 (err +0.7) in 1 push(es)
      |         office_door->portrait_room step 1/16: 1 chunk(s) of 0.79s, change 13.4, best 13.4, hazards none — one push, so `best` IS the whole leg's travel
      |       step 1/16 bearing  338.1 (got  337.5) 0.79s -> walked 0.79s, best change 13.4
      |         turn to 339.2: NO-OP, already inside 4.0 deg (at 337.4, err +1.8) — nothing was sent, the recorded curve was discarded, and the caller's step line will look like a turn that happened
      |         office_door->portrait_room step 2/16: 1 chunk(s) of 0.70s, change 18.6, best 18.6, hazards none — one push, so `best` IS the whole leg's travel
      |       step 2/16 bearing  339.2 (got  337.4) 0.70s -> walked 0.70s, best change 18.6
      |         turn to 347.9: TURNED to 346.3 (err +1.6) in 1 push(es)
      |         office_door->portrait_room step 3/16: 1 chunk(s) of 0.42s, change 21.6, best 21.6, hazards none — one push, so `best` IS the whole leg's travel
      |       step 3/16 bearing  347.9 (got  346.3) 0.42s -> walked 0.42s, best change 21.6
      |         turn to 355.2: TURNED to 355.8 (err -0.7) in 1 push(es)
      |         office_door->portrait_room step 4/16: 1 chunk(s) of 0.79s, change 39.0, best 39.0, hazards none — one push, so `best` IS the whole leg's travel
      |       step 4/16 bearing  355.2 (got  355.8) 0.79s -> walked 0.79s, best change 39.0
      |         turn to 360.0: TURNED to 0.0 (err -0.0) in 1 push(es)
      |         office_door->portrait_room step 5/16: 1 chunk(s) of 0.51s, change 19.1, best 19.1, hazards none — one push, so `best` IS the whole leg's travel
      |       step 5/16 bearing  360.0 (got    0.0) 0.51s -> walked 0.51s, best change 19.1
      |         turn to 8.6: TURNED to 9.4 (err -0.8) in 1 push(es)
      |         office_door->portrait_room step 6/16: 1 chunk(s) of 0.78s, change 20.0, best 20.0, hazards none — one push, so `best` IS the whole leg's travel
      |       step 6/16 bearing    8.6 (got    9.4) 0.78s -> walked 0.78s, best change 20.0
      |         turn to 7.7: NO-OP, already inside 4.0 deg (at 9.4, err -1.6) — nothing was sent, the recorded curve was discarded, and the caller's step line will look like a turn that happened
      |         office_door->portrait_room step 7/16: 1 chunk(s) of 0.78s, change 26.9, best 26.9, hazards none — one push, so `best` IS the whole leg's travel
      |       step 7/16 bearing    7.7 (got    9.4) 0.78s -> walked 0.78s, best change 26.9
      |         turn to 1.7: TURNED to 2.8 (err -1.1) in 1 push(es)
      |         office_door->portrait_room step 8/16: 1 chunk(s) of 0.80s, change 31.6, best 31.6, hazards none — one push, so `best` IS the whole leg's travel
      |       step 8/16 bearing    1.7 (got    2.8) 0.80s -> walked 0.80s, best change 31.6
      |         turn to 359.6: NO-OP, already inside 4.0 deg (at 2.7, err -3.1) — nothing was sent, the recorded curve was discarded, and the caller's step line will look like a turn that happened
      |         office_door->portrait_room step 9/16: 1 chunk(s) of 0.36s, change 14.8, best 14.8, hazards none — one push, so `best` IS the whole leg's travel
      |       step 9/16 bearing  359.6 (got    2.7) 0.36s -> walked 0.36s, best change 14.8
      |         turn to 359.4: NO-OP, already inside 4.0 deg (at 2.7, err -3.3) — nothing was sent, the recorded curve was discarded, and the caller's step line will look like a turn that happened
      |         office_door->portrait_room step 10/16: 1 chunk(s) of 0.78s, change 19.1, best 19.1, hazards none — one push, so `best` IS the whole leg's travel
      |       step 10/16 bearing  359.4 (got    2.7) 0.78s -> walked 0.78s, best change 19.1
      |         turn to 357.9: TURNED to 358.5 (err -0.7) in 1 push(es)
      |         office_door->portrait_room step 11/16: 1 chunk(s) of 0.79s, change 18.6, best 18.6, hazards none — one push, so `best` IS the whole leg's travel
      |       step 11/16 bearing  357.9 (got  358.5) 0.79s -> walked 0.79s, best change 18.6
      |         turn to 358.0: NO-OP, already inside 4.0 deg (at 358.6, err -0.6) — nothing was sent, the recorded curve was discarded, and the caller's step line will look like a turn that happened
      |         office_door->portrait_room step 12/16: 1 chunk(s) of 0.79s, change 19.8, best 19.8, hazards none — one push, so `best` IS the whole leg's travel
      |       step 12/16 bearing  358.0 (got  358.6) 0.79s -> walked 0.79s, best change 19.8
      |         turn to 357.8: NO-OP, already inside 4.0 deg (at 358.6, err -0.8) — nothing was sent, the recorded curve was discarded, and the caller's step line will look like a turn that happened
      |         office_door->portrait_room step 13/16: 1 chunk(s) of 0.79s, change 25.7, best 25.7, hazards none — one push, so `best` IS the whole leg's travel
      |       step 13/16 bearing  357.8 (got  358.6) 0.79s -> walked 0.79s, best change 25.7
      |         turn to 357.9: NO-OP, already inside 4.0 deg (at 358.6, err -0.7) — nothing was sent, the recorded curve was discarded, and the caller's step line will look like a turn that happened
      |         office_door->portrait_room step 14/16: 1 chunk(s) of 0.79s, change 29.1, best 29.1, hazards none — one push, so `best` IS the whole leg's travel
      |       step 14/16 bearing  357.9 (got  358.6) 0.79s -> walked 0.79s, best change 29.1
      |         turn to 0.8: NO-OP, already inside 4.0 deg (at 358.6, err +2.2) — nothing was sent, the recorded curve was discarded, and the caller's step line will look like a turn that happened
      |         office_door->portrait_room step 15/16: 1 chunk(s) of 0.79s, change 23.7, best 23.7, hazards none — one push, so `best` IS the whole leg's travel
      |       step 15/16 bearing    0.8 (got  358.6) 0.79s -> walked 0.79s, best change 23.7
      |         turn to 4.0: TURNED to 5.0 (err -1.0) in 1 push(es)
      |         office_door->portrait_room step 16/16: 1 chunk(s) of 0.36s, change 17.0, best 17.0, hazards none — one push, so `best` IS the whole leg's travel
      |       step 16/16 bearing    4.0 (got    5.0) 0.36s -> walked 0.36s, best change 17.0
      |       arrived? True  (portrait_room 527.000/4.500)
      |         turn to 1.5: TURNED to 1.5 (err -0.0) in 1 push(es)
      |       align at portrait_room: yaw nulled to 1.5 (reference 1.5) — 0.0 deg REMAINING = ~1px of phantom dx still in the dx below
      |       align: step 1/6 dx=-36.2 (prev --)
      |       align: dx=-36.2 -> strafe left 0.10s
      |       align: dx barely changed (-36 -> +19) — blocked sideways, cannot correct from here
      |       aligned at portrait_room: 19px from the recorded pose
      |       align at portrait_room: dx +19.1px
      |     leg portrait_room -> bar_pool_room
      |         turn to 286.6: TURNED to 286.3 (err +0.3) in 2 push(es)
      |         portrait_room->bar_pool_room step 1/4: 1 chunk(s) of 0.16s, change 7.9, best 7.9, hazards none — one push, so `best` IS the whole leg's travel
      |       step 1/4 bearing  286.6 (got  286.3) 0.16s -> walked 0.16s, best change 7.9
      |         turn to 292.2: TURNED to 291.3 (err +0.9) in 1 push(es)
      |         portrait_room->bar_pool_room step 2/4: 1 chunk(s) of 0.79s, change 17.1, best 17.1, hazards none — one push, so `best` IS the whole leg's travel
      |       step 2/4 bearing  292.2 (got  291.3) 0.79s -> walked 0.79s, best change 17.1
      |         turn to 285.6: TURNED to 286.6 (err -1.0) in 1 push(es)
      |         portrait_room->bar_pool_room step 3/4: 1 chunk(s) of 0.80s, change 14.8, best 14.8, hazards none — one push, so `best` IS the whole leg's travel
      |       step 3/4 bearing  285.6 (got  286.6) 0.80s -> walked 0.80s, best change 14.8
      |         turn to 287.6: NO-OP, already inside 4.0 deg (at 286.6, err +1.0) — nothing was sent, the recorded curve was discarded, and the caller's step line will look like a turn that happened
      |         portrait_room->bar_pool_room step 4/4: 1 chunk(s) of 0.23s, change 11.1, best 11.1, hazards none — one push, so `best` IS the whole leg's travel
      |       step 4/4 bearing  287.6 (got  286.6) 0.23s -> walked 0.23s, best change 11.1
      |       arrived? True  (bar_pool_room 794.000/8.540)
      |         turn to 288.2: TURNED to 287.9 (err +0.3) in 1 push(es)
      |       align at bar_pool_room: yaw nulled to 287.9 (reference 288.2) — 0.3 deg REMAINING = ~5px of phantom dx still in the dx below
      |       align: step 1/6 dx=+190.0 (prev --)
      |       align: dx=+190.0 -> strafe right 0.16s
      |       align: step 2/6 dx=+141.6 (prev +190.0)
      |       align: dx=+141.6 -> strafe right 0.12s
      |       align: step 3/6 dx=+87.8 (prev +141.6)
      |       align: dx=+87.8 -> strafe right 0.10s
      |       align: step 4/6 dx=+59.9 (prev +87.8)
      |       align: dx=+59.9 -> strafe right 0.10s
      |       align: within 35px (dx=+3.5) after 4 step(s)
      |       aligned at bar_pool_room: 3px from the recorded pose
      |       align at bar_pool_room: dx +3.5px
      |     leg bar_pool_room -> bar_jukebox
      |         turn to 2.1: TURNED to 359.6 (err +2.5) in 1 push(es)
      |         bar_pool_room->bar_jukebox step 1/5: 1 chunk(s) of 0.80s, change 19.6, best 19.6, hazards none — one push, so `best` IS the whole leg's travel
      |       step 1/5 bearing    2.1 (got  359.6) 0.80s -> walked 0.80s, best change 19.6
      |         turn to 1.2: NO-OP, already inside 4.0 deg (at 359.6, err +1.6) — nothing was sent, the recorded curve was discarded, and the caller's step line will look like a turn that happened
      |         bar_pool_room->bar_jukebox step 2/5: 1 chunk(s) of 0.79s, change 27.7, best 27.7, hazards none — one push, so `best` IS the whole leg's travel
      |       step 2/5 bearing    1.2 (got  359.6) 0.79s -> walked 0.79s, best change 27.7
      |         turn to 0.8: NO-OP, already inside 4.0 deg (at 359.5, err +1.2) — nothing was sent, the recorded curve was discarded, and the caller's step line will look like a turn that happened
      |         bar_pool_room->bar_jukebox step 3/5: 1 chunk(s) of 0.80s, change 37.0, best 37.0, hazards none — one push, so `best` IS the whole leg's travel
      |       step 3/5 bearing    0.8 (got  359.5) 0.80s -> walked 0.80s, best change 37.0
      |         turn to 359.4: NO-OP, already inside 4.0 deg (at 359.5, err -0.1) — nothing was sent, the recorded curve was discarded, and the caller's step line will look like a turn that happened
      |         bar_pool_room->bar_jukebox step 4/5: 1 chunk(s) of 0.79s, change 30.4, best 30.4, hazards none — one push, so `best` IS the whole leg's travel
      |       step 4/5 bearing  359.4 (got  359.5) 0.79s -> walked 0.79s, best change 30.4
      |         turn to 359.6: NO-OP, already inside 4.0 deg (at 359.5, err +0.1) — nothing was sent, the recorded curve was discarded, and the caller's step line will look like a turn that happened
      |         bar_pool_room->bar_jukebox step 5/5: 1 chunk(s) of 0.14s, change 15.0, best 15.0, hazards none — one push, so `best` IS the whole leg's travel
      |       step 5/5 bearing  359.6 (got  359.5) 0.14s -> walked 0.14s, best change 15.0
      |       arrived? True  (bar_jukebox 860.000/8.960)
      |         turn to 1.0: TURNED to 1.1 (err -0.1) in 1 push(es)
      |       align at bar_jukebox: yaw nulled to 1.1 (reference 1.0) — 0.1 deg REMAINING = ~1px of phantom dx still in the dx below
      |       align: step 1/6 dx=-55.2 (prev --)
      |       align: dx=-55.2 -> strafe left 0.10s
      |       align: within 35px (dx=-1.2) after 1 step(s)
      |       aligned at bar_jukebox: 1px from the recorded pose
      |       align at bar_jukebox: dx +1.2px
      |     leg bar_jukebox -> dealer_table
      |       swept 19 headings around 74; best ink 0.0370 at 94.29791997769621, prompt never appeared
      |       swept 19 headings around 76; best ink 0.0365 at 136.42567030367647, prompt never appeared
      |       swept 19 headings around 75; best ink 0.0015 at 134.6140651662675, prompt never appeared
      |       swept 19 headings around 78; best ink 0.0022 at 78.35364380715185, prompt never appeared
      |       swept 19 headings around 97; best ink 0.0004 at 77.04520396912899, prompt never appeared
      |       stepped 6.8s of a 6.5s budget without finding the prompt
      |       approach_goal: prompt not seen
      |       swept 19 headings around 75; best ink 0.0000 at None, prompt never appeared
      |       reach_table: GAVE UP
      |       arrived? False  (at_table=False)
      |     STOPPING at leg bar_jukebox -> dealer_table: the destination did not check out, so every leg after this one would be walked from an unknown position
      |   attempt 5/9 at dealer_table
      |       no compass reading — the relocalise sweep did NOT run (this is not 'nothing was recognised')
      |   not at dealer_table and cannot say where this is (unrecognised (39.000/1.180)) — reloading to a known start
      |   pause menu open (selected 'Resume')
      |   selected: Load Last Save
      |   confirmation dialog up (delta 88.1) -> YES
      |   world back after 3.2s, spawn bearing 87 (E)
      |   route: office_corridor -> office_door -> portrait_room -> bar_pool_room -> bar_jukebox -> dealer_table  (25.5s of walking)
      |     leg office_corridor -> office_door
      |         turn to 270.4: TURNED to 270.5 (err -0.1) in 2 push(es)
      |         office_corridor->office_door step 1/7: 1 chunk(s) of 0.79s, change 19.7, best 19.7, hazards none — one push, so `best` IS the whole leg's travel
      |       step 1/7 bearing  270.4 (got  270.5) 0.79s -> walked 0.79s, best change 19.7
      |         turn to 270.1: NO-OP, already inside 4.0 deg (at 270.6, err -0.5) — nothing was sent, the recorded curve was discarded, and the caller's step line will look like a turn that happened
      |         office_corridor->office_door step 2/7: 1 chunk(s) of 0.78s, change 19.5, best 19.5, hazards none — one push, so `best` IS the whole leg's travel
      |       step 2/7 bearing  270.1 (got  270.6) 0.78s -> walked 0.78s, best change 19.5
      |         turn to 270.1: NO-OP, already inside 4.0 deg (at 270.5, err -0.4) — nothing was sent, the recorded curve was discarded, and the caller's step line will look like a turn that happened
      |         office_corridor->office_door step 3/7: 1 chunk(s) of 0.78s, change 14.7, best 14.7, hazards none — one push, so `best` IS the whole leg's travel
      |       step 3/7 bearing  270.1 (got  270.5) 0.78s -> walked 0.78s, best change 14.7
      |         turn to 270.3: NO-OP, already inside 4.0 deg (at 270.5, err -0.3) — nothing was sent, the recorded curve was discarded, and the caller's step line will look like a turn that happened
      |         office_corridor->office_door step 4/7: 1 chunk(s) of 0.78s, change 12.1, best 12.1, hazards none — one push, so `best` IS the whole leg's travel
      |       step 4/7 bearing  270.3 (got  270.5) 0.78s -> walked 0.78s, best change 12.1
      |         turn to 270.1: NO-OP, already inside 4.0 deg (at 270.5, err -0.4) — nothing was sent, the recorded curve was discarded, and the caller's step line will look like a turn that happened
      |         office_corridor->office_door step 5/7: 1 chunk(s) of 0.79s, change 7.7, best 7.7, hazards none — one push, so `best` IS the whole leg's travel
      |       step 5/7 bearing  270.1 (got  270.5) 0.79s -> walked 0.79s, best change 7.7
      |         turn to 270.1: NO-OP, already inside 4.0 deg (at 270.5, err -0.4) — nothing was sent, the recorded curve was discarded, and the caller's step line will look like a turn that happened
      |         office_corridor->office_door step 6/7: 1 chunk(s) of 0.79s, change 8.4, best 8.4, hazards none — one push, so `best` IS the whole leg's travel
      |       step 6/7 bearing  270.1 (got  270.5) 0.79s -> walked 0.79s, best change 8.4
      |         turn to 270.4: NO-OP, already inside 4.0 deg (at 270.5, err -0.2) — nothing was sent, the recorded curve was discarded, and the caller's step line will look like a turn that happened
      |         office_corridor->office_door step 7/7: 1 chunk(s) of 0.42s, change 7.1, best 7.1, hazards none — one push, so `best` IS the whole leg's travel
      |       step 7/7 bearing  270.4 (got  270.5) 0.42s -> walked 0.42s, best change 7.1
      |       arrived? None  (no appearance reference by design)
      |     leg office_door -> portrait_room
      |         turn to 338.1: TURNED to 339.7 (err -1.6) in 1 push(es)
      |         office_door->portrait_room step 1/16: 1 chunk(s) of 0.79s, change 12.1, best 12.1, hazards none — one push, so `best` IS the whole leg's travel
      |       step 1/16 bearing  338.1 (got  339.7) 0.79s -> walked 0.79s, best change 12.1
      |         turn to 339.2: NO-OP, already inside 4.0 deg (at 339.7, err -0.5) — nothing was sent, the recorded curve was discarded, and the caller's step line will look like a turn that happened
      |         office_door->portrait_room step 2/16: 1 chunk(s) of 0.70s, change 19.8, best 19.8, hazards none — one push, so `best` IS the whole leg's travel
      |       step 2/16 bearing  339.2 (got  339.7) 0.70s -> walked 0.70s, best change 19.8
      |         turn to 347.9: TURNED to 344.7 (err +3.2) in 1 push(es)
      |         office_door->portrait_room step 3/16: 1 chunk(s) of 0.42s, change 23.4, best 23.4, hazards none — one push, so `best` IS the whole leg's travel
      |       step 3/16 bearing  347.9 (got  344.7) 0.42s -> walked 0.42s, best change 23.4
      |         turn to 355.2: TURNED to 353.5 (err +1.7) in 1 push(es)
      |         office_door->portrait_room step 4/16: 1 chunk(s) of 0.79s, change 43.8, best 43.8, hazards none — one push, so `best` IS the whole leg's travel
      |       step 4/16 bearing  355.2 (got  353.5) 0.79s -> walked 0.79s, best change 43.8
      |         turn to 360.0: TURNED to 359.5 (err +0.5) in 1 push(es)
      |         office_door->portrait_room step 5/16: 1 chunk(s) of 0.51s, change 26.2, best 26.2, hazards none — one push, so `best` IS the whole leg's travel
      |       step 5/16 bearing  360.0 (got  359.5) 0.51s -> walked 0.51s, best change 26.2
      |         turn to 8.6: TURNED to 6.8 (err +1.8) in 1 push(es)
      |         office_door->portrait_room step 6/16: 1 chunk(s) of 0.78s, change 18.3, best 18.3, hazards none — one push, so `best` IS the whole leg's travel
      |       step 6/16 bearing    8.6 (got    6.8) 0.78s -> walked 0.78s, best change 18.3
      |         turn to 7.7: NO-OP, already inside 4.0 deg (at 6.8, err +0.9) — nothing was sent, the recorded curve was discarded, and the caller's step line will look like a turn that happened
      |         office_door->portrait_room step 7/16: 1 chunk(s) of 0.78s, change 30.1, best 30.1, hazards none — one push, so `best` IS the whole leg's travel
      |       step 7/16 bearing    7.7 (got    6.8) 0.78s -> walked 0.78s, best change 30.1
      |         turn to 1.7: TURNED to 1.5 (err +0.2) in 1 push(es)
      |         office_door->portrait_room step 8/16: 1 chunk(s) of 0.80s, change 33.9, best 33.9, hazards none — one push, so `best` IS the whole leg's travel
      |       step 8/16 bearing    1.7 (got    1.5) 0.80s -> walked 0.80s, best change 33.9
      |         turn to 359.6: NO-OP, already inside 4.0 deg (at 1.4, err -1.8) — nothing was sent, the recorded curve was discarded, and the caller's step line will look like a turn that happened
      |         office_door->portrait_room step 9/16: 1 chunk(s) of 0.36s, change 16.8, best 16.8, hazards none — one push, so `best` IS the whole leg's travel
      |       step 9/16 bearing  359.6 (got    1.4) 0.36s -> walked 0.36s, best change 16.8
      |         turn to 359.4: NO-OP, already inside 4.0 deg (at 1.4, err -2.1) — nothing was sent, the recorded curve was discarded, and the caller's step line will look like a turn that happened
      |         office_door->portrait_room step 10/16: 1 chunk(s) of 0.78s, change 19.2, best 19.2, hazards none — one push, so `best` IS the whole leg's travel
      |       step 10/16 bearing  359.4 (got    1.4) 0.78s -> walked 0.78s, best change 19.2
      |         turn to 357.9: NO-OP, already inside 4.0 deg (at 1.4, err -3.5) — nothing was sent, the recorded curve was discarded, and the caller's step line will look like a turn that happened
      |         office_door->portrait_room step 11/16: 1 chunk(s) of 0.79s, change 21.2, best 21.2, hazards none — one push, so `best` IS the whole leg's travel
      |       step 11/16 bearing  357.9 (got    1.4) 0.79s -> walked 0.79s, best change 21.2
      |         turn to 358.0: NO-OP, already inside 4.0 deg (at 1.4, err -3.3) — nothing was sent, the recorded curve was discarded, and the caller's step line will look like a turn that happened
      |         office_door->portrait_room step 12/16: 1 chunk(s) of 0.79s, change 19.7, best 19.7, hazards none — one push, so `best` IS the whole leg's travel
      |       step 12/16 bearing  358.0 (got    1.4) 0.79s -> walked 0.79s, best change 19.7
      |         turn to 357.8: NO-OP, already inside 4.0 deg (at 1.5, err -3.6) — nothing was sent, the recorded curve was discarded, and the caller's step line will look like a turn that happened
      |         office_door->portrait_room step 13/16: 1 chunk(s) of 0.79s, change 22.0, best 22.0, hazards none — one push, so `best` IS the whole leg's travel
      |       step 13/16 bearing  357.8 (got    1.5) 0.79s -> walked 0.79s, best change 22.0
      |         turn to 357.9: NO-OP, already inside 4.0 deg (at 1.4, err -3.4) — nothing was sent, the recorded curve was discarded, and the caller's step line will look like a turn that happened
      |         office_door->portrait_room step 14/16: 1 chunk(s) of 0.79s, change 28.6, best 28.6, hazards none — one push, so `best` IS the whole leg's travel
      |       step 14/16 bearing  357.9 (got    1.4) 0.79s -> walked 0.79s, best change 28.6
      |         turn to 0.8: NO-OP, already inside 4.0 deg (at 1.5, err -0.7) — nothing was sent, the recorded curve was discarded, and the caller's step line will look like a turn that happened
      |         office_door->portrait_room step 15/16: 1 chunk(s) of 0.79s, change 26.1, best 26.1, hazards none — one push, so `best` IS the whole leg's travel
      |       step 15/16 bearing    0.8 (got    1.5) 0.79s -> walked 0.79s, best change 26.1
      |         turn to 4.0: NO-OP, already inside 4.0 deg (at 1.5, err +2.5) — nothing was sent, the recorded curve was discarded, and the caller's step line will look like a turn that happened
      |         office_door->portrait_room step 16/16: 1 chunk(s) of 0.36s, change 17.8, best 17.8, hazards none — one push, so `best` IS the whole leg's travel
      |       step 16/16 bearing    4.0 (got    1.5) 0.36s -> walked 0.36s, best change 17.8
      |       arrived? True  (portrait_room 754.000/6.730)
      |         turn to 1.5: NO-OP, already inside 0.5 deg (at 1.5, err -0.0) — nothing was sent, the recorded curve was discarded, and the caller's step line will look like a turn that happened
      |       align at portrait_room: yaw nulled to 1.5 (reference 1.5) — 0.0 deg REMAINING = ~0px of phantom dx still in the dx below
      |       align: within 35px (dx=-15.9) after 0 step(s)
      |       aligned at portrait_room: 16px from the recorded pose
      |       align at portrait_room: dx +15.9px
      |     leg portrait_room -> bar_pool_room
      |         turn to 286.6: TURNED to 290.4 (err -3.8) in 1 push(es)
      |         portrait_room->bar_pool_room step 1/4: 1 chunk(s) of 0.16s, change 8.4, best 8.4, hazards none — one push, so `best` IS the whole leg's travel
      |       step 1/4 bearing  286.6 (got  290.4) 0.16s -> walked 0.16s, best change 8.4
      |         turn to 292.2: NO-OP, already inside 4.0 deg (at 290.4, err +1.8) — nothing was sent, the recorded curve was discarded, and the caller's step line will look like a turn that happened
      |         portrait_room->bar_pool_room step 2/4: 1 chunk(s) of 0.79s, change 16.4, best 16.4, hazards none — one push, so `best` IS the whole leg's travel
      |       step 2/4 bearing  292.2 (got  290.4) 0.79s -> walked 0.79s, best change 16.4
      |         turn to 285.6: TURNED to 287.4 (err -1.8) in 1 push(es)
      |         portrait_room->bar_pool_room step 3/4: 1 chunk(s) of 0.80s, change 17.8, best 17.8, hazards none — one push, so `best` IS the whole leg's travel
      |       step 3/4 bearing  285.6 (got  287.4) 0.80s -> walked 0.80s, best change 17.8
      |         turn to 287.6: NO-OP, already inside 4.0 deg (at 287.4, err +0.2) — nothing was sent, the recorded curve was discarded, and the caller's step line will look like a turn that happened
      |         portrait_room->bar_pool_room step 4/4: 1 chunk(s) of 0.23s, change 11.4, best 11.4, hazards none — one push, so `best` IS the whole leg's travel
      |       step 4/4 bearing  287.6 (got  287.4) 0.23s -> walked 0.23s, best change 11.4
      |       arrived? True  (bar_pool_room 607.000/5.060)
      |         turn to 288.2: TURNED to 287.9 (err +0.3) in 1 push(es)
      |       align at bar_pool_room: yaw nulled to 287.9 (reference 288.2) — 0.3 deg REMAINING = ~5px of phantom dx still in the dx below
      |       align: step 1/6 dx=+139.1 (prev --)
      |       align: dx=+139.1 -> strafe right 0.12s
      |       align: step 2/6 dx=+114.6 (prev +139.1)
      |       align: dx=+114.6 -> strafe right 0.10s
      |       align: step 3/6 dx=+68.3 (prev +114.6)
      |       align: dx=+68.3 -> strafe right 0.10s
      |       align: within 35px (dx=+26.6) after 3 step(s)
      |       aligned at bar_pool_room: 27px from the recorded pose
      |       align at bar_pool_room: dx +26.6px
      |     leg bar_pool_room -> bar_jukebox
      |         turn to 2.1: TURNED to 358.3 (err +3.8) in 1 push(es)
      |         bar_pool_room->bar_jukebox step 1/5: 1 chunk(s) of 0.80s, change 16.6, best 16.6, hazards none — one push, so `best` IS the whole leg's travel
      |       step 1/5 bearing    2.1 (got  358.3) 0.80s -> walked 0.80s, best change 16.6
      |         turn to 1.2: NO-OP, already inside 4.0 deg (at 358.3, err +2.9) — nothing was sent, the recorded curve was discarded, and the caller's step line will look like a turn that happened
      |         bar_pool_room->bar_jukebox step 2/5: 1 chunk(s) of 0.79s, change 7.3, best 7.3, hazards none — one push, so `best` IS the whole leg's travel
      |       step 2/5 bearing    1.2 (got  358.3) 0.79s -> walked 0.79s, best change 7.3
      |         turn to 0.8: NO-OP, already inside 4.0 deg (at 358.3, err +2.5) — nothing was sent, the recorded curve was discarded, and the caller's step line will look like a turn that happened
      |         bar_pool_room->bar_jukebox step 3/5: 1 chunk(s) of 0.80s, change 2.7, best 2.7, hazards SHORT — one push, so `best` IS the whole leg's travel
      |       step 3/5 bearing    0.8 (got  358.3) 0.80s -> walked 0.80s, best change 2.7
      |       step 3 blocked but the scene is MOVING — an NPC in the passage, not a wall
      |       the view is featureless — this is geometry, not a mover; skipping the escape ladder it has never cleared
      |       escape ladder: did NOT clear (best 0.0 PIXELS, against SLIP_PROGRESS_PX 20.0px — NOT against STALL_CHANGE 6.0, which is grey_levels)
      |       step 3 moved only 2.7 grey_levels (< 6.0) over 0.80s — stall score 1
      |         turn to 359.4: NO-OP, already inside 4.0 deg (at 358.3, err +1.2) — nothing was sent, the recorded curve was discarded, and the caller's step line will look like a turn that happened
      |         bar_pool_room->bar_jukebox step 4/5: 1 chunk(s) of 0.79s, change 4.5, best 4.5, hazards none — one push, so `best` IS the whole leg's travel
      |       step 4/5 bearing  359.4 (got  358.3) 0.79s -> walked 0.79s, best change 4.5
      |       step 4 blocked but the scene is MOVING — an NPC in the passage, not a wall
      |       the view is featureless — this is geometry, not a mover; skipping the escape ladder it has never cleared
      |       escape ladder: did NOT clear (best 0.0 PIXELS, against SLIP_PROGRESS_PX 20.0px — NOT against STALL_CHANGE 6.0, which is grey_levels)
      |       step 4 moved only 4.5 grey_levels (< 6.0) over 0.79s — stall score 2
      |       BLOCKED on step 4; abandoning the rest of this leg rather than pushing into whatever is in the way
      |       recovery fan did not find bar_jukebox
      |       arrived? None  (unverified, abstained (1.000/1.000))
      |     leg bar_jukebox -> dealer_table
      |       swept 19 headings around 76; best ink 0.0260 at 55.5341325971512, prompt never appeared
      |       swept 19 headings around 78; best ink 0.0186 at 358.4600509495192, prompt never appeared
      |       swept 19 headings around 77; best ink 0.0089 at 277.39744946467647, prompt never appeared
      |       no compass reading, so there is no arc to sweep
      |       no compass reading, so there is no arc to sweep
      |       stepped 6.8s of a 6.5s budget without finding the prompt
      |       approach_goal: prompt not seen
      |       no compass reading, so there is no arc to sweep
      |       reach_table: GAVE UP
      |       arrived? False  (at_table=False)
      |     STOPPING at leg bar_jukebox -> dealer_table: the destination did not check out, so every leg after this one would be walked from an unknown position
      |   attempt 6/9 at dealer_table
      |   not at dealer_table and cannot say where this is (unrecognised (0.000/0.000)) — reloading to a known start
      |   pause menu open (selected 'Resume')
      |   selected: Load Last Save
      |   confirmation dialog up (delta 78.1) -> YES
      |   world back after 3.2s, spawn bearing 87 (E)
      |   route: office_corridor -> office_door -> portrait_room -> bar_pool_room -> bar_jukebox -> dealer_table  (25.5s of walking)
      |     leg office_corridor -> office_door
      |         turn to 270.4: TURNED to 271.0 (err -0.6) in 3 push(es)
      |         office_corridor->office_door step 1/7: 1 chunk(s) of 0.79s, change 19.0, best 19.0, hazards none — one push, so `best` IS the whole leg's travel
      |       step 1/7 bearing  270.4 (got  271.0) 0.79s -> walked 0.79s, best change 19.0
      |         turn to 270.1: NO-OP, already inside 4.0 deg (at 271.1, err -1.0) — nothing was sent, the recorded curve was discarded, and the caller's step line will look like a turn that happened
      |         office_corridor->office_door step 2/7: 1 chunk(s) of 0.78s, change 19.0, best 19.0, hazards none — one push, so `best` IS the whole leg's travel
      |       step 2/7 bearing  270.1 (got  271.1) 0.78s -> walked 0.78s, best change 19.0
      |         turn to 270.1: NO-OP, already inside 4.0 deg (at 271.0, err -0.9) — nothing was sent, the recorded curve was discarded, and the caller's step line will look like a turn that happened
      |         office_corridor->office_door step 3/7: 1 chunk(s) of 0.78s, change 16.7, best 16.7, hazards none — one push, so `best` IS the whole leg's travel
      |       step 3/7 bearing  270.1 (got  271.0) 0.78s -> walked 0.78s, best change 16.7
      |         turn to 270.3: NO-OP, already inside 4.0 deg (at 271.0, err -0.7) — nothing was sent, the recorded curve was discarded, and the caller's step line will look like a turn that happened
      |         office_corridor->office_door step 4/7: 1 chunk(s) of 0.78s, change 11.1, best 11.1, hazards none — one push, so `best` IS the whole leg's travel
      |       step 4/7 bearing  270.3 (got  271.0) 0.78s -> walked 0.78s, best change 11.1
      |         turn to 270.1: NO-OP, already inside 4.0 deg (at 271.0, err -0.9) — nothing was sent, the recorded curve was discarded, and the caller's step line will look like a turn that happened
      |         office_corridor->office_door step 5/7: 1 chunk(s) of 0.79s, change 8.0, best 8.0, hazards none — one push, so `best` IS the whole leg's travel
      |       step 5/7 bearing  270.1 (got  271.0) 0.79s -> walked 0.79s, best change 8.0
      |         turn to 270.1: NO-OP, already inside 4.0 deg (at 271.0, err -0.9) — nothing was sent, the recorded curve was discarded, and the caller's step line will look like a turn that happened
      |         office_corridor->office_door step 6/7: 1 chunk(s) of 0.79s, change 7.7, best 7.7, hazards none — one push, so `best` IS the whole leg's travel
      |       step 6/7 bearing  270.1 (got  271.0) 0.79s -> walked 0.79s, best change 7.7
      |         turn to 270.4: NO-OP, already inside 4.0 deg (at 271.0, err -0.7) — nothing was sent, the recorded curve was discarded, and the caller's step line will look like a turn that happened
      |         office_corridor->office_door step 7/7: 1 chunk(s) of 0.42s, change 7.2, best 7.2, hazards none — one push, so `best` IS the whole leg's travel
      |       step 7/7 bearing  270.4 (got  271.0) 0.42s -> walked 0.42s, best change 7.2
      |       arrived? None  (no appearance reference by design)
      |     leg office_door -> portrait_room
      |         turn to 338.1: TURNED to 335.4 (err +2.8) in 1 push(es)
      |         office_door->portrait_room step 1/16: 1 chunk(s) of 0.79s, change 13.0, best 13.0, hazards none — one push, so `best` IS the whole leg's travel
      |       step 1/16 bearing  338.1 (got  335.4) 0.79s -> walked 0.79s, best change 13.0
      |         turn to 339.2: NO-OP, already inside 4.0 deg (at 335.4, err +3.8) — nothing was sent, the recorded curve was discarded, and the caller's step line will look like a turn that happened
      |         office_door->portrait_room step 2/16: 1 chunk(s) of 0.70s, change 19.2, best 19.2, hazards none — one push, so `best` IS the whole leg's travel
      |       step 2/16 bearing  339.2 (got  335.4) 0.70s -> walked 0.70s, best change 19.2
      |         turn to 347.9: TURNED to 346.8 (err +1.1) in 1 push(es)
      |         office_door->portrait_room step 3/16: 1 chunk(s) of 0.42s, change 26.0, best 26.0, hazards none — one push, so `best` IS the whole leg's travel
      |       step 3/16 bearing  347.9 (got  346.8) 0.42s -> walked 0.42s, best change 26.0
      |         turn to 355.2: TURNED to 355.0 (err +0.2) in 1 push(es)
      |         office_door->portrait_room step 4/16: 1 chunk(s) of 0.79s, change 43.0, best 43.0, hazards none — one push, so `best` IS the whole leg's travel
      |       step 4/16 bearing  355.2 (got  355.0) 0.79s -> walked 0.79s, best change 43.0
      |         turn to 360.0: TURNED to 359.2 (err +0.8) in 1 push(es)
      |         office_door->portrait_room step 5/16: 1 chunk(s) of 0.51s, change 22.5, best 22.5, hazards none — one push, so `best` IS the whole leg's travel
      |       step 5/16 bearing  360.0 (got  359.2) 0.51s -> walked 0.51s, best change 22.5
      |         turn to 8.6: TURNED to 6.8 (err +1.8) in 1 push(es)
      |         office_door->portrait_room step 6/16: 1 chunk(s) of 0.78s, change 18.8, best 18.8, hazards none — one push, so `best` IS the whole leg's travel
      |       step 6/16 bearing    8.6 (got    6.8) 0.78s -> walked 0.78s, best change 18.8
      |         turn to 7.7: NO-OP, already inside 4.0 deg (at 6.8, err +0.9) — nothing was sent, the recorded curve was discarded, and the caller's step line will look like a turn that happened
      |         office_door->portrait_room step 7/16: 1 chunk(s) of 0.78s, change 33.9, best 33.9, hazards none — one push, so `best` IS the whole leg's travel
      |       step 7/16 bearing    7.7 (got    6.8) 0.78s -> walked 0.78s, best change 33.9
      |         turn to 1.7: TURNED to 2.6 (err -0.8) in 1 push(es)
      |         office_door->portrait_room step 8/16: 1 chunk(s) of 0.80s, change 36.5, best 36.5, hazards none — one push, so `best` IS the whole leg's travel
      |       step 8/16 bearing    1.7 (got    2.6) 0.80s -> walked 0.80s, best change 36.5
      |         turn to 359.6: NO-OP, already inside 4.0 deg (at 2.5, err -2.9) — nothing was sent, the recorded curve was discarded, and the caller's step line will look like a turn that happened
      |         office_door->portrait_room step 9/16: 1 chunk(s) of 0.36s, change 17.2, best 17.2, hazards none — one push, so `best` IS the whole leg's travel
      |       step 9/16 bearing  359.6 (got    2.5) 0.36s -> walked 0.36s, best change 17.2
      |         turn to 359.4: NO-OP, already inside 4.0 deg (at 2.7, err -3.3) — nothing was sent, the recorded curve was discarded, and the caller's step line will look like a turn that happened
      |         office_door->portrait_room step 10/16: 1 chunk(s) of 0.78s, change 19.3, best 19.3, hazards none — one push, so `best` IS the whole leg's travel
      |       step 10/16 bearing  359.4 (got    2.7) 0.78s -> walked 0.78s, best change 19.3
      |         turn to 357.9: TURNED to 357.5 (err +0.3) in 1 push(es)
      |         office_door->portrait_room step 11/16: 1 chunk(s) of 0.79s, change 18.9, best 18.9, hazards none — one push, so `best` IS the whole leg's travel
      |       step 11/16 bearing  357.9 (got  357.5) 0.79s -> walked 0.79s, best change 18.9
      |         turn to 358.0: NO-OP, already inside 4.0 deg (at 357.6, err +0.4) — nothing was sent, the recorded curve was discarded, and the caller's step line will look like a turn that happened
      |         office_door->portrait_room step 12/16: 1 chunk(s) of 0.79s, change 20.0, best 20.0, hazards none — one push, so `best` IS the whole leg's travel
      |       step 12/16 bearing  358.0 (got  357.6) 0.79s -> walked 0.79s, best change 20.0
      |         turn to 357.8: NO-OP, already inside 4.0 deg (at 357.5, err +0.3) — nothing was sent, the recorded curve was discarded, and the caller's step line will look like a turn that happened
      |         office_door->portrait_room step 13/16: 1 chunk(s) of 0.79s, change 26.0, best 26.0, hazards none — one push, so `best` IS the whole leg's travel
      |       step 13/16 bearing  357.8 (got  357.5) 0.79s -> walked 0.79s, best change 26.0
      |         turn to 357.9: NO-OP, already inside 4.0 deg (at 357.6, err +0.4) — nothing was sent, the recorded curve was discarded, and the caller's step line will look like a turn that happened
      |         office_door->portrait_room step 14/16: 1 chunk(s) of 0.79s, change 27.6, best 27.6, hazards none — one push, so `best` IS the whole leg's travel
      |       step 14/16 bearing  357.9 (got  357.6) 0.79s -> walked 0.79s, best change 27.6
      |         turn to 0.8: NO-OP, already inside 4.0 deg (at 357.6, err +3.3) — nothing was sent, the recorded curve was discarded, and the caller's step line will look like a turn that happened
      |         office_door->portrait_room step 15/16: 1 chunk(s) of 0.79s, change 23.2, best 23.2, hazards none — one push, so `best` IS the whole leg's travel
      |       step 15/16 bearing    0.8 (got  357.6) 0.79s -> walked 0.79s, best change 23.2
      |         turn to 4.0: TURNED to 2.9 (err +1.1) in 1 push(es)
      |         office_door->portrait_room step 16/16: 1 chunk(s) of 0.36s, change 18.1, best 18.1, hazards none — one push, so `best` IS the whole leg's travel
      |       step 16/16 bearing    4.0 (got    2.9) 0.36s -> walked 0.36s, best change 18.1
      |       arrived? True  (portrait_room 629.000/5.160)
      |         turn to 1.5: TURNED to 1.5 (err -0.0) in 1 push(es)
      |       align at portrait_room: yaw nulled to 1.5 (reference 1.5) — 0.0 deg REMAINING = ~0px of phantom dx still in the dx below
      |       align: step 1/6 dx=+88.8 (prev --)
      |       align: dx=+88.8 -> strafe right 0.10s
      |       align: step 2/6 dx=+57.7 (prev +88.8)
      |       align: dx=+57.7 -> strafe right 0.10s
      |       align: within 35px (dx=+30.2) after 2 step(s)
      |       aligned at portrait_room: 30px from the recorded pose
      |       align at portrait_room: dx +30.2px
      |     leg portrait_room -> bar_pool_room
      |         turn to 286.6: TURNED to 289.2 (err -2.6) in 1 push(es)
      |         portrait_room->bar_pool_room step 1/4: 1 chunk(s) of 0.16s, change 10.6, best 10.6, hazards none — one push, so `best` IS the whole leg's travel
      |       step 1/4 bearing  286.6 (got  289.2) 0.16s -> walked 0.16s, best change 10.6
      |         turn to 292.2: NO-OP, already inside 4.0 deg (at 289.2, err +3.0) — nothing was sent, the recorded curve was discarded, and the caller's step line will look like a turn that happened
      |         portrait_room->bar_pool_room step 2/4: 1 chunk(s) of 0.79s, change 18.6, best 18.6, hazards none — one push, so `best` IS the whole leg's travel
      |       step 2/4 bearing  292.2 (got  289.2) 0.79s -> walked 0.79s, best change 18.6
      |         turn to 285.6: NO-OP, already inside 4.0 deg (at 289.2, err -3.6) — nothing was sent, the recorded curve was discarded, and the caller's step line will look like a turn that happened
      |         portrait_room->bar_pool_room step 3/4: 1 chunk(s) of 0.80s, change 17.5, best 17.5, hazards none — one push, so `best` IS the whole leg's travel
      |       step 3/4 bearing  285.6 (got  289.2) 0.80s -> walked 0.80s, best change 17.5
      |         turn to 287.6: NO-OP, already inside 4.0 deg (at 289.2, err -1.6) — nothing was sent, the recorded curve was discarded, and the caller's step line will look like a turn that happened
      |         portrait_room->bar_pool_room step 4/4: 1 chunk(s) of 0.23s, change 10.3, best 10.3, hazards none — one push, so `best` IS the whole leg's travel
      |       step 4/4 bearing  287.6 (got  289.2) 0.23s -> walked 0.23s, best change 10.3
      |       arrived? True  (bar_pool_room 743.000/6.040)
      |         turn to 288.2: TURNED to 288.1 (err +0.1) in 1 push(es)
      |       align at bar_pool_room: yaw nulled to 288.1 (reference 288.2) — 0.1 deg REMAINING = ~2px of phantom dx still in the dx below
      |       align: step 1/6 dx=+133.3 (prev --)
      |       align: dx=+133.3 -> strafe right 0.11s
      |       align: step 2/6 dx=+87.1 (prev +133.3)
      |       align: dx=+87.1 -> strafe right 0.10s
      |       align: step 3/6 dx=+63.2 (prev +87.1)
      |       align: dx=+63.2 -> strafe right 0.10s
      |       align: dx barely changed (+63 -> +46) — blocked sideways, cannot correct from here
      |       aligned at bar_pool_room: 46px from the recorded pose
      |       align at bar_pool_room: dx +45.6px
      |     leg bar_pool_room -> bar_jukebox
      |         turn to 2.1: TURNED to 359.7 (err +2.4) in 1 push(es)
      |         bar_pool_room->bar_jukebox step 1/5: 1 chunk(s) of 0.80s, change 18.4, best 18.4, hazards none — one push, so `best` IS the whole leg's travel
      |       step 1/5 bearing    2.1 (got  359.7) 0.80s -> walked 0.80s, best change 18.4
      |         turn to 1.2: NO-OP, already inside 4.0 deg (at 359.7, err +1.4) — nothing was sent, the recorded curve was discarded, and the caller's step line will look like a turn that happened
      |         bar_pool_room->bar_jukebox step 2/5: 1 chunk(s) of 0.79s, change 11.2, best 11.2, hazards none — one push, so `best` IS the whole leg's travel
      |       step 2/5 bearing    1.2 (got  359.7) 0.79s -> walked 0.79s, best change 11.2
      |         turn to 0.8: NO-OP, already inside 4.0 deg (at 359.7, err +1.1) — nothing was sent, the recorded curve was discarded, and the caller's step line will look like a turn that happened
      |         bar_pool_room->bar_jukebox step 3/5: 1 chunk(s) of 0.80s, change 3.5, best 3.5, hazards none — one push, so `best` IS the whole leg's travel
      |       step 3/5 bearing    0.8 (got  359.7) 0.80s -> walked 0.80s, best change 3.5
      |       step 3 blocked but the scene is MOVING — an NPC in the passage, not a wall
      |       the view is featureless — this is geometry, not a mover; skipping the escape ladder it has never cleared
      |       escape ladder: did NOT clear (best 0.0 PIXELS, against SLIP_PROGRESS_PX 20.0px — NOT against STALL_CHANGE 6.0, which is grey_levels)
      |       step 3 moved only 3.5 grey_levels (< 6.0) over 0.80s — stall score 1
      |         turn to 359.4: NO-OP, already inside 4.0 deg (at 359.7, err -0.3) — nothing was sent, the recorded curve was discarded, and the caller's step line will look like a turn that happened
      |         bar_pool_room->bar_jukebox step 4/5: 1 chunk(s) of 0.79s, change 5.0, best 5.0, hazards none — one push, so `best` IS the whole leg's travel
      |       step 4/5 bearing  359.4 (got  359.7) 0.79s -> walked 0.79s, best change 5.0
      |       step 4 blocked but the scene is MOVING — an NPC in the passage, not a wall
      |       the view is featureless — this is geometry, not a mover; skipping the escape ladder it has never cleared
      |       escape ladder: did NOT clear (best 0.0 PIXELS, against SLIP_PROGRESS_PX 20.0px — NOT against STALL_CHANGE 6.0, which is grey_levels)
      |       step 4 moved only 5.0 grey_levels (< 6.0) over 0.79s — stall score 2
      |       BLOCKED on step 4; abandoning the rest of this leg rather than pushing into whatever is in the way
      |       recovery fan did not find bar_jukebox
      |       arrived? None  (unverified, abstained (2.000/2.000))
      |     leg bar_jukebox -> dealer_table
      |       swept 19 headings around 76; best ink 0.0020 at 55.917805202420055, prompt never appeared
    trial exceeded 1800s and was killed — INVALID, not a failure
[ 5] INVALID after 1800s — timeout/crash/stream; not a failure
      |   pause menu open (selected 'Resume')
      |   selected: Load Last Save
      |   confirmation dialog up (delta 80.1) -> YES
      |   world back after 3.3s, spawn bearing 87 (E)
      |   attempt 1/9 at portrait_room
      |   locate() cannot name office_corridor (it has no appearance reference by design) but the caller reset onto it — routing from there instead of sweeping and reloading
      |   route: office_corridor -> office_door -> portrait_room  (16.2s of walking)
      |     leg office_corridor -> office_door
      |         turn to 270.4: TURNED to 270.1 (err +0.4) in 2 push(es)
      |         office_corridor->office_door step 1/7: 1 chunk(s) of 0.79s, change 19.5, best 19.5, hazards none — one push, so `best` IS the whole leg's travel
      |       step 1/7 bearing  270.4 (got  270.1) 0.79s -> walked 0.79s, best change 19.5
      |         turn to 270.1: NO-OP, already inside 4.0 deg (at 270.0, err +0.1) — nothing was sent, the recorded curve was discarded, and the caller's step line will look like a turn that happened
      |         office_corridor->office_door step 2/7: 1 chunk(s) of 0.78s, change 19.0, best 19.0, hazards none — one push, so `best` IS the whole leg's travel
      |       step 2/7 bearing  270.1 (got  270.0) 0.78s -> walked 0.78s, best change 19.0
      |         turn to 270.1: NO-OP, already inside 4.0 deg (at 270.1, err +0.1) — nothing was sent, the recorded curve was discarded, and the caller's step line will look like a turn that happened
      |         office_corridor->office_door step 3/7: 1 chunk(s) of 0.78s, change 15.2, best 15.2, hazards none — one push, so `best` IS the whole leg's travel
      |       step 3/7 bearing  270.1 (got  270.1) 0.78s -> walked 0.78s, best change 15.2
      |         turn to 270.3: NO-OP, already inside 4.0 deg (at 270.1, err +0.2) — nothing was sent, the recorded curve was discarded, and the caller's step line will look like a turn that happened
      |         office_corridor->office_door step 4/7: 1 chunk(s) of 0.78s, change 11.1, best 11.1, hazards none — one push, so `best` IS the whole leg's travel
      |       step 4/7 bearing  270.3 (got  270.1) 0.78s -> walked 0.78s, best change 11.1
      |         turn to 270.1: NO-OP, already inside 4.0 deg (at 270.1, err +0.0) — nothing was sent, the recorded curve was discarded, and the caller's step line will look like a turn that happened
      |         office_corridor->office_door step 5/7: 1 chunk(s) of 0.79s, change 7.4, best 7.4, hazards none — one push, so `best` IS the whole leg's travel
      |       step 5/7 bearing  270.1 (got  270.1) 0.79s -> walked 0.79s, best change 7.4
      |         turn to 270.1: NO-OP, already inside 4.0 deg (at 270.1, err +0.0) — nothing was sent, the recorded curve was discarded, and the caller's step line will look like a turn that happened
      |         office_corridor->office_door step 6/7: 1 chunk(s) of 0.79s, change 7.6, best 7.6, hazards none — one push, so `best` IS the whole leg's travel
      |       step 6/7 bearing  270.1 (got  270.1) 0.79s -> walked 0.79s, best change 7.6
      |         turn to 270.4: NO-OP, already inside 4.0 deg (at 270.1, err +0.3) — nothing was sent, the recorded curve was discarded, and the caller's step line will look like a turn that happened
      |         office_corridor->office_door step 7/7: 1 chunk(s) of 0.42s, change 7.5, best 7.5, hazards none — one push, so `best` IS the whole leg's travel
      |       step 7/7 bearing  270.4 (got  270.1) 0.42s -> walked 0.42s, best change 7.5
      |       arrived? None  (no appearance reference by design)
      |     leg office_door -> portrait_room
      |         turn to 338.1: TURNED to 338.1 (err +0.0) in 1 push(es)
      |         office_door->portrait_room step 1/16: 1 chunk(s) of 0.79s, change 12.6, best 12.6, hazards none — one push, so `best` IS the whole leg's travel
      |       step 1/16 bearing  338.1 (got  338.1) 0.79s -> walked 0.79s, best change 12.6
      |         turn to 339.2: NO-OP, already inside 4.0 deg (at 338.1, err +1.1) — nothing was sent, the recorded curve was discarded, and the caller's step line will look like a turn that happened
      |         office_door->portrait_room step 2/16: 1 chunk(s) of 0.70s, change 18.0, best 18.0, hazards none — one push, so `best` IS the whole leg's travel
      |       step 2/16 bearing  339.2 (got  338.1) 0.70s -> walked 0.70s, best change 18.0
      |         turn to 347.9: TURNED to 347.2 (err +0.7) in 1 push(es)
      |         office_door->portrait_room step 3/16: 1 chunk(s) of 0.42s, change 22.7, best 22.7, hazards none — one push, so `best` IS the whole leg's travel
      |       step 3/16 bearing  347.9 (got  347.2) 0.42s -> walked 0.42s, best change 22.7
      |         turn to 355.2: TURNED to 354.5 (err +0.7) in 1 push(es)
      |         office_door->portrait_room step 4/16: 1 chunk(s) of 0.79s, change 43.3, best 43.3, hazards none — one push, so `best` IS the whole leg's travel
      |       step 4/16 bearing  355.2 (got  354.5) 0.79s -> walked 0.79s, best change 43.3
      |         turn to 360.0: TURNED to 359.2 (err +0.8) in 1 push(es)
      |         office_door->portrait_room step 5/16: 1 chunk(s) of 0.51s, change 23.1, best 23.1, hazards none — one push, so `best` IS the whole leg's travel
      |       step 5/16 bearing  360.0 (got  359.2) 0.51s -> walked 0.51s, best change 23.1
      |         turn to 8.6: TURNED to 6.8 (err +1.7) in 1 push(es)
      |         office_door->portrait_room step 6/16: 1 chunk(s) of 0.78s, change 18.7, best 18.7, hazards none — one push, so `best` IS the whole leg's travel
      |       step 6/16 bearing    8.6 (got    6.8) 0.78s -> walked 0.78s, best change 18.7
      |         turn to 7.7: NO-OP, already inside 4.0 deg (at 6.9, err +0.8) — nothing was sent, the recorded curve was discarded, and the caller's step line will look like a turn that happened
      |         office_door->portrait_room step 7/16: 1 chunk(s) of 0.78s, change 29.7, best 29.7, hazards none — one push, so `best` IS the whole leg's travel
      |       step 7/16 bearing    7.7 (got    6.9) 0.78s -> walked 0.78s, best change 29.7
      |         turn to 1.7: TURNED to 1.5 (err +0.2) in 1 push(es)
      |         office_door->portrait_room step 8/16: 1 chunk(s) of 0.80s, change 34.6, best 34.6, hazards none — one push, so `best` IS the whole leg's travel
      |       step 8/16 bearing    1.7 (got    1.5) 0.80s -> walked 0.80s, best change 34.6
      |         turn to 359.6: NO-OP, already inside 4.0 deg (at 1.7, err -2.1) — nothing was sent, the recorded curve was discarded, and the caller's step line will look like a turn that happened
      |         office_door->portrait_room step 9/16: 1 chunk(s) of 0.36s, change 17.4, best 17.4, hazards none — one push, so `best` IS the whole leg's travel
      |       step 9/16 bearing  359.6 (got    1.7) 0.36s -> walked 0.36s, best change 17.4
      |         turn to 359.4: NO-OP, already inside 4.0 deg (at 1.5, err -2.2) — nothing was sent, the recorded curve was discarded, and the caller's step line will look like a turn that happened
      |         office_door->portrait_room step 10/16: 1 chunk(s) of 0.78s, change 20.5, best 20.5, hazards none — one push, so `best` IS the whole leg's travel
      |       step 10/16 bearing  359.4 (got    1.5) 0.78s -> walked 0.78s, best change 20.5
      |         turn to 357.9: NO-OP, already inside 4.0 deg (at 1.5, err -3.7) — nothing was sent, the recorded curve was discarded, and the caller's step line will look like a turn that happened
      |         office_door->portrait_room step 11/16: 1 chunk(s) of 0.79s, change 19.1, best 19.1, hazards none — one push, so `best` IS the whole leg's travel
      |       step 11/16 bearing  357.9 (got    1.5) 0.79s -> walked 0.79s, best change 19.1
      |         turn to 358.0: NO-OP, already inside 4.0 deg (at 1.5, err -3.5) — nothing was sent, the recorded curve was discarded, and the caller's step line will look like a turn that happened
      |         office_door->portrait_room step 12/16: 1 chunk(s) of 0.79s, change 19.6, best 19.6, hazards none — one push, so `best` IS the whole leg's travel
      |       step 12/16 bearing  358.0 (got    1.5) 0.79s -> walked 0.79s, best change 19.6
      |         turn to 357.8: NO-OP, already inside 4.0 deg (at 1.6, err -3.7) — nothing was sent, the recorded curve was discarded, and the caller's step line will look like a turn that happened
      |         office_door->portrait_room step 13/16: 1 chunk(s) of 0.79s, change 22.4, best 22.4, hazards none — one push, so `best` IS the whole leg's travel
      |       step 13/16 bearing  357.8 (got    1.6) 0.79s -> walked 0.79s, best change 22.4
      |         turn to 357.9: NO-OP, already inside 4.0 deg (at 1.5, err -3.6) — nothing was sent, the recorded curve was discarded, and the caller's step line will look like a turn that happened
      |         office_door->portrait_room step 14/16: 1 chunk(s) of 0.79s, change 29.9, best 29.9, hazards none — one push, so `best` IS the whole leg's travel
      |       step 14/16 bearing  357.9 (got    1.5) 0.79s -> walked 0.79s, best change 29.9
      |         turn to 0.8: NO-OP, already inside 4.0 deg (at 1.6, err -0.7) — nothing was sent, the recorded curve was discarded, and the caller's step line will look like a turn that happened
      |         office_door->portrait_room step 15/16: 1 chunk(s) of 0.79s, change 27.0, best 27.0, hazards none — one push, so `best` IS the whole leg's travel
      |       step 15/16 bearing    0.8 (got    1.6) 0.79s -> walked 0.79s, best change 27.0
      |         turn to 4.0: NO-OP, already inside 4.0 deg (at 1.5, err +2.4) — nothing was sent, the recorded curve was discarded, and the caller's step line will look like a turn that happened
      |         office_door->portrait_room step 16/16: 1 chunk(s) of 0.36s, change 15.4, best 15.4, hazards none — one push, so `best` IS the whole leg's travel
      |       step 16/16 bearing    4.0 (got    1.5) 0.36s -> walked 0.36s, best change 15.4
      |       arrived? True  (portrait_room 713.000/5.840)
      |         turn to 1.5: NO-OP, already inside 0.5 deg (at 1.5, err -0.1) — nothing was sent, the recorded curve was discarded, and the caller's step line will look like a turn that happened
      |       align at portrait_room: yaw nulled to 1.5 (reference 1.5) — 0.1 deg REMAINING = ~1px of phantom dx still in the dx below
      |       align: within 35px (dx=-22.1) after 0 step(s)
      |       aligned at portrait_room: 22px from the recorded pose
      |       align at portrait_room: dx +22.1px
      |   arrived, but 1 node(s) could not be confirmed on the way: ['office_door'] — each is a hole in the reference set
      |   attempt 2/9 at portrait_room
      |   verified at portrait_room (portrait_room 782.000/6.680)
      |   attempt 1/9 at bar_pool_room
      |   route: portrait_room -> bar_pool_room  (2.0s of walking)
      |     leg portrait_room -> bar_pool_room
      |         turn to 286.6: TURNED to 289.3 (err -2.7) in 1 push(es)
      |         portrait_room->bar_pool_room step 1/4: 1 chunk(s) of 0.16s, change 8.7, best 8.7, hazards none — one push, so `best` IS the whole leg's travel
      |       step 1/4 bearing  286.6 (got  289.3) 0.16s -> walked 0.16s, best change 8.7
      |         turn to 292.2: NO-OP, already inside 4.0 deg (at 289.2, err +2.9) — nothing was sent, the recorded curve was discarded, and the caller's step line will look like a turn that happened
      |         portrait_room->bar_pool_room step 2/4: 1 chunk(s) of 0.79s, change 17.6, best 17.6, hazards none — one push, so `best` IS the whole leg's travel
      |       step 2/4 bearing  292.2 (got  289.2) 0.79s -> walked 0.79s, best change 17.6
      |         turn to 285.6: NO-OP, already inside 4.0 deg (at 289.3, err -3.7) — nothing was sent, the recorded curve was discarded, and the caller's step line will look like a turn that happened
      |         portrait_room->bar_pool_room step 3/4: 1 chunk(s) of 0.80s, change 16.3, best 16.3, hazards none — one push, so `best` IS the whole leg's travel
      |       step 3/4 bearing  285.6 (got  289.3) 0.80s -> walked 0.80s, best change 16.3
      |         turn to 287.6: NO-OP, already inside 4.0 deg (at 289.2, err -1.7) — nothing was sent, the recorded curve was discarded, and the caller's step line will look like a turn that happened
      |         portrait_room->bar_pool_room step 4/4: 1 chunk(s) of 0.23s, change 10.7, best 10.7, hazards none — one push, so `best` IS the whole leg's travel
      |       step 4/4 bearing  287.6 (got  289.2) 0.23s -> walked 0.23s, best change 10.7
      |       arrived? True  (bar_pool_room 607.000/5.140)
      |         turn to 288.2: TURNED to 287.7 (err +0.5) in 1 push(es)
      |       align at bar_pool_room: yaw nulled to 287.7 (reference 288.2) — 0.5 deg REMAINING = ~8px of phantom dx still in the dx below
      |       align: step 1/6 dx=+141.0 (prev --)
      |       align: dx=+141.0 -> strafe right 0.12s
      |       align: step 2/6 dx=+97.7 (prev +141.0)
      |       align: dx=+97.7 -> strafe right 0.10s
      |       align: step 3/6 dx=+66.9 (prev +97.7)
      |       align: dx=+66.9 -> strafe right 0.10s
      |       align: within 35px (dx=+21.4) after 3 step(s)
      |       aligned at bar_pool_room: 21px from the recorded pose
      |       align at bar_pool_room: dx +21.4px
      |   attempt 2/9 at bar_pool_room
      |   verified at bar_pool_room (bar_pool_room 667.000/5.850)
      |   attempt 1/9 at bar_jukebox
      |   route: bar_pool_room -> bar_jukebox  (3.3s of walking)
      |     leg bar_pool_room -> bar_jukebox
      |         turn to 2.1: TURNED to 4.1 (err -2.0) in 1 push(es)
      |         bar_pool_room->bar_jukebox step 1/5: 1 chunk(s) of 0.80s, change 18.1, best 18.1, hazards none — one push, so `best` IS the whole leg's travel
      |       step 1/5 bearing    2.1 (got    4.1) 0.80s -> walked 0.80s, best change 18.1
      |         turn to 1.2: NO-OP, already inside 4.0 deg (at 4.2, err -3.0) — nothing was sent, the recorded curve was discarded, and the caller's step line will look like a turn that happened
      |         bar_pool_room->bar_jukebox step 2/5: 1 chunk(s) of 0.79s, change 5.6, best 5.6, hazards none — one push, so `best` IS the whole leg's travel
      |       step 2/5 bearing    1.2 (got    4.2) 0.79s -> walked 0.79s, best change 5.6
      |       step 2 blocked but the scene is MOVING — an NPC in the passage, not a wall
      |       the view is featureless — this is geometry, not a mover; skipping the escape ladder it has never cleared
      |       escape ladder: did NOT clear (best 0.0 PIXELS, against SLIP_PROGRESS_PX 20.0px — NOT against STALL_CHANGE 6.0, which is grey_levels)
      |       step 2 moved only 5.6 grey_levels (< 6.0) over 0.79s — stall score 1
      |         turn to 0.8: NO-OP, already inside 4.0 deg (at 4.2, err -3.4) — nothing was sent, the recorded curve was discarded, and the caller's step line will look like a turn that happened
      |         bar_pool_room->bar_jukebox step 3/5: 1 chunk(s) of 0.80s, change 4.0, best 4.0, hazards none — one push, so `best` IS the whole leg's travel
      |       step 3/5 bearing    0.8 (got    4.2) 0.80s -> walked 0.80s, best change 4.0
      |       step 3 blocked but the scene is MOVING — an NPC in the passage, not a wall
      |       the view is featureless — this is geometry, not a mover; skipping the escape ladder it has never cleared
      |       escape ladder: did NOT clear (best 0.0 PIXELS, against SLIP_PROGRESS_PX 20.0px — NOT against STALL_CHANGE 6.0, which is grey_levels)
      |       step 3 moved only 4.0 grey_levels (< 6.0) over 0.80s — stall score 2
      |       BLOCKED on step 3; abandoning the rest of this leg rather than pushing into whatever is in the way
      |       recovery fan did not find bar_jukebox
      |       arrived? None  (unverified, abstained (1.000/1.000))
      |   arrived, but 1 node(s) could not be confirmed on the way: ['bar_jukebox'] — each is a hole in the reference set
      |   attempt 2/9 at bar_jukebox
      |       no compass reading — the relocalise sweep did NOT run (this is not 'nothing was recognised')
      |   not at bar_jukebox and cannot say where this is (unrecognised (8.000/1.600)) — reloading to a known start
      |   pause menu open (selected 'Resume')
      |   selected: Load Last Save
      |   no dialog yet (delta 2.8) — the commit press did not land, retrying (1/3)
      |   confirmation dialog up (delta 82.5) -> YES
      |   world back after 3.2s, spawn bearing 87 (E)
      |   route: office_corridor -> office_door -> portrait_room -> bar_pool_room -> bar_jukebox  (21.4s of walking)
      |     leg office_corridor -> office_door
      |         turn to 270.4: TURNED to 270.2 (err +0.2) in 3 push(es)
      |         office_corridor->office_door step 1/7: 1 chunk(s) of 0.79s, change 19.5, best 19.5, hazards none — one push, so `best` IS the whole leg's travel
      |       step 1/7 bearing  270.4 (got  270.2) 0.79s -> walked 0.79s, best change 19.5
      |         turn to 270.1: NO-OP, already inside 4.0 deg (at 270.3, err -0.2) — nothing was sent, the recorded curve was discarded, and the caller's step line will look like a turn that happened
      |         office_corridor->office_door step 2/7: 1 chunk(s) of 0.78s, change 19.0, best 19.0, hazards none — one push, so `best` IS the whole leg's travel
      |       step 2/7 bearing  270.1 (got  270.3) 0.78s -> walked 0.78s, best change 19.0
      |         turn to 270.1: NO-OP, already inside 4.0 deg (at 270.2, err -0.1) — nothing was sent, the recorded curve was discarded, and the caller's step line will look like a turn that happened
      |         office_corridor->office_door step 3/7: 1 chunk(s) of 0.78s, change 14.4, best 14.4, hazards none — one push, so `best` IS the whole leg's travel
      |       step 3/7 bearing  270.1 (got  270.2) 0.78s -> walked 0.78s, best change 14.4
      |         turn to 270.3: NO-OP, already inside 4.0 deg (at 270.2, err +0.1) — nothing was sent, the recorded curve was discarded, and the caller's step line will look like a turn that happened
      |         office_corridor->office_door step 4/7: 1 chunk(s) of 0.78s, change 12.4, best 12.4, hazards none — one push, so `best` IS the whole leg's travel
      |       step 4/7 bearing  270.3 (got  270.2) 0.78s -> walked 0.78s, best change 12.4
      |         turn to 270.1: NO-OP, already inside 4.0 deg (at 270.2, err -0.1) — nothing was sent, the recorded curve was discarded, and the caller's step line will look like a turn that happened
      |         office_corridor->office_door step 5/7: 1 chunk(s) of 0.79s, change 8.4, best 8.4, hazards none — one push, so `best` IS the whole leg's travel
      |       step 5/7 bearing  270.1 (got  270.2) 0.79s -> walked 0.79s, best change 8.4
      |         turn to 270.1: NO-OP, already inside 4.0 deg (at 270.2, err -0.1) — nothing was sent, the recorded curve was discarded, and the caller's step line will look like a turn that happened
      |         office_corridor->office_door step 6/7: 1 chunk(s) of 0.79s, change 7.2, best 7.2, hazards none — one push, so `best` IS the whole leg's travel
      |       step 6/7 bearing  270.1 (got  270.2) 0.79s -> walked 0.79s, best change 7.2
      |         turn to 270.4: NO-OP, already inside 4.0 deg (at 270.2, err +0.1) — nothing was sent, the recorded curve was discarded, and the caller's step line will look like a turn that happened
      |         office_corridor->office_door step 7/7: 1 chunk(s) of 0.42s, change 6.2, best 6.2, hazards none — one push, so `best` IS the whole leg's travel
      |       step 7/7 bearing  270.4 (got  270.2) 0.42s -> walked 0.42s, best change 6.2
      |       arrived? None  (no appearance reference by design)
      |     leg office_door -> portrait_room
      |         turn to 338.1: TURNED to 335.8 (err +2.3) in 1 push(es)
      |         office_door->portrait_room step 1/16: 1 chunk(s) of 0.79s, change 11.2, best 11.2, hazards none — one push, so `best` IS the whole leg's travel
      |       step 1/16 bearing  338.1 (got  335.8) 0.79s -> walked 0.79s, best change 11.2
      |         turn to 339.2: NO-OP, already inside 4.0 deg (at 335.8, err +3.4) — nothing was sent, the recorded curve was discarded, and the caller's step line will look like a turn that happened
      |         office_door->portrait_room step 2/16: 1 chunk(s) of 0.70s, change 17.7, best 17.7, hazards none — one push, so `best` IS the whole leg's travel
      |       step 2/16 bearing  339.2 (got  335.8) 0.70s -> walked 0.70s, best change 17.7
      |         turn to 347.9: TURNED to 347.5 (err +0.4) in 1 push(es)
      |         office_door->portrait_room step 3/16: 1 chunk(s) of 0.42s, change 23.5, best 23.5, hazards none — one push, so `best` IS the whole leg's travel
      |       step 3/16 bearing  347.9 (got  347.5) 0.42s -> walked 0.42s, best change 23.5
      |         turn to 355.2: TURNED to 355.2 (err -0.0) in 1 push(es)
      |         office_door->portrait_room step 4/16: 1 chunk(s) of 0.79s, change 43.0, best 43.0, hazards none — one push, so `best` IS the whole leg's travel
      |       step 4/16 bearing  355.2 (got  355.2) 0.79s -> walked 0.79s, best change 43.0
      |         turn to 360.0: TURNED to 359.4 (err +0.6) in 1 push(es)
      |         office_door->portrait_room step 5/16: 1 chunk(s) of 0.51s, change 26.5, best 26.5, hazards none — one push, so `best` IS the whole leg's travel
      |       step 5/16 bearing  360.0 (got  359.4) 0.51s -> walked 0.51s, best change 26.5
      |         turn to 8.6: TURNED to 7.7 (err +0.9) in 1 push(es)
      |         office_door->portrait_room step 6/16: 1 chunk(s) of 0.78s, change 17.1, best 17.1, hazards none — one push, so `best` IS the whole leg's travel
      |       step 6/16 bearing    8.6 (got    7.7) 0.78s -> walked 0.78s, best change 17.1
      |         turn to 7.7: NO-OP, already inside 4.0 deg (at 7.7, err +0.0) — nothing was sent, the recorded curve was discarded, and the caller's step line will look like a turn that happened
      |         office_door->portrait_room step 7/16: 1 chunk(s) of 0.78s, change 27.0, best 27.0, hazards none — one push, so `best` IS the whole leg's travel
      |       step 7/16 bearing    7.7 (got    7.7) 0.78s -> walked 0.78s, best change 27.0
      |         turn to 1.7: TURNED to 2.8 (err -1.0) in 1 push(es)
      |         office_door->portrait_room step 8/16: 1 chunk(s) of 0.80s, change 33.1, best 33.1, hazards none — one push, so `best` IS the whole leg's travel
      |       step 8/16 bearing    1.7 (got    2.8) 0.80s -> walked 0.80s, best change 33.1
      |         turn to 359.6: NO-OP, already inside 4.0 deg (at 2.8, err -3.2) — nothing was sent, the recorded curve was discarded, and the caller's step line will look like a turn that happened
      |         office_door->portrait_room step 9/16: 1 chunk(s) of 0.36s, change 21.1, best 21.1, hazards none — one push, so `best` IS the whole leg's travel
      |       step 9/16 bearing  359.6 (got    2.8) 0.36s -> walked 0.36s, best change 21.1
      |         turn to 359.4: NO-OP, already inside 4.0 deg (at 2.8, err -3.4) — nothing was sent, the recorded curve was discarded, and the caller's step line will look like a turn that happened
      |         office_door->portrait_room step 10/16: 1 chunk(s) of 0.78s, change 21.2, best 21.2, hazards none — one push, so `best` IS the whole leg's travel
      |       step 10/16 bearing  359.4 (got    2.8) 0.78s -> walked 0.78s, best change 21.2
      |         turn to 357.9: TURNED to 358.6 (err -0.8) in 1 push(es)
      |         office_door->portrait_room step 11/16: 1 chunk(s) of 0.79s, change 19.3, best 19.3, hazards none — one push, so `best` IS the whole leg's travel
      |       step 11/16 bearing  357.9 (got  358.6) 0.79s -> walked 0.79s, best change 19.3
      |         turn to 358.0: NO-OP, already inside 4.0 deg (at 358.7, err -0.6) — nothing was sent, the recorded curve was discarded, and the caller's step line will look like a turn that happened
      |         office_door->portrait_room step 12/16: 1 chunk(s) of 0.79s, change 20.0, best 20.0, hazards none — one push, so `best` IS the whole leg's travel
      |       step 12/16 bearing  358.0 (got  358.7) 0.79s -> walked 0.79s, best change 20.0
      |         turn to 357.8: NO-OP, already inside 4.0 deg (at 358.6, err -0.8) — nothing was sent, the recorded curve was discarded, and the caller's step line will look like a turn that happened
      |         office_door->portrait_room step 13/16: 1 chunk(s) of 0.79s, change 24.9, best 24.9, hazards none — one push, so `best` IS the whole leg's travel
      |       step 13/16 bearing  357.8 (got  358.6) 0.79s -> walked 0.79s, best change 24.9
      |         turn to 357.9: NO-OP, already inside 4.0 deg (at 358.6, err -0.6) — nothing was sent, the recorded curve was discarded, and the caller's step line will look like a turn that happened
      |         office_door->portrait_room step 14/16: 1 chunk(s) of 0.79s, change 30.0, best 30.0, hazards none — one push, so `best` IS the whole leg's travel
      |       step 14/16 bearing  357.9 (got  358.6) 0.79s -> walked 0.79s, best change 30.0
      |         turn to 0.8: NO-OP, already inside 4.0 deg (at 358.6, err +2.2) — nothing was sent, the recorded curve was discarded, and the caller's step line will look like a turn that happened
      |         office_door->portrait_room step 15/16: 1 chunk(s) of 0.79s, change 28.2, best 28.2, hazards none — one push, so `best` IS the whole leg's travel
      |       step 15/16 bearing    0.8 (got  358.6) 0.79s -> walked 0.79s, best change 28.2
      |         turn to 4.0: TURNED to 3.3 (err +0.7) in 1 push(es)
      |         office_door->portrait_room step 16/16: 1 chunk(s) of 0.36s, change 16.6, best 16.6, hazards none — one push, so `best` IS the whole leg's travel
      |       step 16/16 bearing    4.0 (got    3.3) 0.36s -> walked 0.36s, best change 16.6
      |       arrived? True  (portrait_room 694.000/5.780)
      |         turn to 1.5: TURNED to 1.3 (err +0.1) in 2 push(es)
      |       align at portrait_room: yaw nulled to 1.3 (reference 1.5) — 0.1 deg REMAINING = ~2px of phantom dx still in the dx below
      |       align: step 1/6 dx=+60.8 (prev --)
      |       align: dx=+60.8 -> strafe right 0.10s
      |       align: step 2/6 dx=+37.3 (prev +60.8)
      |       align: dx=+37.3 -> strafe right 0.10s
      |       align: within 35px (dx=+3.5) after 2 step(s)
      |       aligned at portrait_room: 3px from the recorded pose
      |       align at portrait_room: dx +3.5px
      |     leg portrait_room -> bar_pool_room
      |         turn to 286.6: TURNED to 285.3 (err +1.3) in 2 push(es)
      |         portrait_room->bar_pool_room step 1/4: 1 chunk(s) of 0.16s, change 10.5, best 10.5, hazards none — one push, so `best` IS the whole leg's travel
      |       step 1/4 bearing  286.6 (got  285.3) 0.16s -> walked 0.16s, best change 10.5
      |         turn to 292.2: TURNED to 292.2 (err -0.1) in 1 push(es)
      |         portrait_room->bar_pool_room step 2/4: 1 chunk(s) of 0.79s, change 17.3, best 17.3, hazards none — one push, so `best` IS the whole leg's travel
      |       step 2/4 bearing  292.2 (got  292.2) 0.79s -> walked 0.79s, best change 17.3
      |         turn to 285.6: TURNED to 283.7 (err +1.9) in 1 push(es)
      |         portrait_room->bar_pool_room step 3/4: 1 chunk(s) of 0.80s, change 17.2, best 17.2, hazards none — one push, so `best` IS the whole leg's travel
      |       step 3/4 bearing  285.6 (got  283.7) 0.80s -> walked 0.80s, best change 17.2
      |         turn to 287.6: NO-OP, already inside 4.0 deg (at 283.7, err +3.9) — nothing was sent, the recorded curve was discarded, and the caller's step line will look like a turn that happened
      |         portrait_room->bar_pool_room step 4/4: 1 chunk(s) of 0.23s, change 10.5, best 10.5, hazards none — one push, so `best` IS the whole leg's travel
      |       step 4/4 bearing  287.6 (got  283.7) 0.23s -> walked 0.23s, best change 10.5
      |       arrived? True  (bar_pool_room 392.000/3.500)
      |         turn to 288.2: TURNED to 288.0 (err +0.1) in 1 push(es)
      |       align at bar_pool_room: yaw nulled to 288.0 (reference 288.2) — 0.1 deg REMAINING = ~2px of phantom dx still in the dx below
      |       align: step 1/6 dx=+115.5 (prev --)
      |       align: dx=+115.5 -> strafe right 0.10s
      |       align: step 2/6 dx=+96.2 (prev +115.5)
      |       align: dx=+96.2 -> strafe right 0.10s
      |       align: step 3/6 dx=+75.4 (prev +96.2)
      |       align: dx=+75.4 -> strafe right 0.10s
      |       align: step 4/6 dx=+53.0 (prev +75.4)
      |       align: dx=+53.0 -> strafe right 0.10s
      |       align: within 35px (dx=+24.0) after 4 step(s)
      |       aligned at bar_pool_room: 24px from the recorded pose
      |       align at bar_pool_room: dx +24.0px
      |     leg bar_pool_room -> bar_jukebox
      |         turn to 2.1: TURNED to 359.7 (err +2.4) in 1 push(es)
      |         bar_pool_room->bar_jukebox step 1/5: 1 chunk(s) of 0.80s, change 14.9, best 14.9, hazards none — one push, so `best` IS the whole leg's travel
      |       step 1/5 bearing    2.1 (got  359.7) 0.80s -> walked 0.80s, best change 14.9
      |         turn to 1.2: NO-OP, already inside 4.0 deg (at 359.7, err +1.5) — nothing was sent, the recorded curve was discarded, and the caller's step line will look like a turn that happened
      |         bar_pool_room->bar_jukebox step 2/5: 1 chunk(s) of 0.79s, change 9.3, best 9.3, hazards none — one push, so `best` IS the whole leg's travel
      |       step 2/5 bearing    1.2 (got  359.7) 0.79s -> walked 0.79s, best change 9.3
      |         turn to 0.8: NO-OP, already inside 4.0 deg (at 359.7, err +1.1) — nothing was sent, the recorded curve was discarded, and the caller's step line will look like a turn that happened
      |         bar_pool_room->bar_jukebox step 3/5: 1 chunk(s) of 0.80s, change 3.9, best 3.9, hazards none — one push, so `best` IS the whole leg's travel
      |       step 3/5 bearing    0.8 (got  359.7) 0.80s -> walked 0.80s, best change 3.9
      |       step 3 blocked but the scene is MOVING — an NPC in the passage, not a wall
      |       the view is featureless — this is geometry, not a mover; skipping the escape ladder it has never cleared
      |       escape ladder: did NOT clear (best 0.0 PIXELS, against SLIP_PROGRESS_PX 20.0px — NOT against STALL_CHANGE 6.0, which is grey_levels)
      |       step 3 moved only 3.9 grey_levels (< 6.0) over 0.80s — stall score 1
      |         turn to 359.4: NO-OP, already inside 4.0 deg (at 359.7, err -0.2) — nothing was sent, the recorded curve was discarded, and the caller's step line will look like a turn that happened
      |         bar_pool_room->bar_jukebox step 4/5: 1 chunk(s) of 0.79s, change 1.7, best 1.7, hazards SHORT — one push, so `best` IS the whole leg's travel
      |       step 4/5 bearing  359.4 (got  359.7) 0.79s -> walked 0.79s, best change 1.7
      |       step 4 blocked but the scene is MOVING — an NPC in the passage, not a wall
      |       the view is featureless — this is geometry, not a mover; skipping the escape ladder it has never cleared
      |       escape ladder: did NOT clear (best 0.0 PIXELS, against SLIP_PROGRESS_PX 20.0px — NOT against STALL_CHANGE 6.0, which is grey_levels)
      |       step 4 moved only 1.7 grey_levels (< 6.0) over 0.79s — stall score 2
      |       BLOCKED on step 4; abandoning the rest of this leg rather than pushing into whatever is in the way
      |       recovery fan did not find bar_jukebox
      |       arrived? None  (unverified, abstained (1.000/1.000))
      |   arrived, but 2 node(s) could not be confirmed on the way: ['office_door', 'bar_jukebox'] — each is a hole in the reference set
      |   attempt 3/9 at bar_jukebox
      |       re-localised by turning 180 deg: bar_pool_room 266.000/2.110
      |   re-localised at bar_pool_room by turning; routing from there
      |   route: bar_pool_room -> bar_jukebox  (3.3s of walking)
      |     leg bar_pool_room -> bar_jukebox
      |         turn to 2.1: TURNED to 0.7 (err +1.4) in 1 push(es)
      |         bar_pool_room->bar_jukebox step 1/5: 1 chunk(s) of 0.80s, change 38.9, best 38.9, hazards none — one push, so `best` IS the whole leg's travel
      |       step 1/5 bearing    2.1 (got    0.7) 0.80s -> walked 0.80s, best change 38.9
      |         turn to 1.2: NO-OP, already inside 4.0 deg (at 0.5, err +0.6) — nothing was sent, the recorded curve was discarded, and the caller's step line will look like a turn that happened
      |         bar_pool_room->bar_jukebox step 2/5: 1 chunk(s) of 0.79s, change 16.9, best 16.9, hazards none — one push, so `best` IS the whole leg's travel
      |       step 2/5 bearing    1.2 (got    0.5) 0.79s -> walked 0.79s, best change 16.9
      |         turn to 0.8: NO-OP, already inside 4.0 deg (at 0.7, err +0.1) — nothing was sent, the recorded curve was discarded, and the caller's step line will look like a turn that happened
      |         bar_pool_room->bar_jukebox step 3/5: 1 chunk(s) of 0.80s, change 14.8, best 14.8, hazards none — one push, so `best` IS the whole leg's travel
      |       step 3/5 bearing    0.8 (got    0.7) 0.80s -> walked 0.80s, best change 14.8
      |         turn to 359.4: NO-OP, already inside 4.0 deg (at 0.6, err -1.1) — nothing was sent, the recorded curve was discarded, and the caller's step line will look like a turn that happened
      |         bar_pool_room->bar_jukebox step 4/5: 1 chunk(s) of 0.79s, change 19.3, best 19.3, hazards none — one push, so `best` IS the whole leg's travel
      |       step 4/5 bearing  359.4 (got    0.6) 0.79s -> walked 0.79s, best change 19.3
      |         turn to 359.6: NO-OP, already inside 4.0 deg (at 0.7, err -1.1) — nothing was sent, the recorded curve was discarded, and the caller's step line will look like a turn that happened
      |         bar_pool_room->bar_jukebox step 5/5: 1 chunk(s) of 0.14s, change 6.6, best 6.6, hazards none — one push, so `best` IS the whole leg's travel
      |       step 5/5 bearing  359.6 (got    0.7) 0.14s -> walked 0.14s, best change 6.6
      |       recovery fan did not find bar_jukebox
      |       arrived? None  (unverified, abstained (95.000/1.040))
      |   arrived, but 1 node(s) could not be confirmed on the way: ['bar_jukebox'] — each is a hole in the reference set
      |   attempt 4/9 at bar_jukebox
      |   not at bar_jukebox and cannot say where this is (unrecognised (15.000/1.070)) — reloading to a known start
      |   pause menu open (selected 'Resume')
      |   selected: Load Last Save
      |   confirmation dialog up (delta 79.4) -> YES
      |   world back after 3.2s, spawn bearing 87 (E)
      |   route: office_corridor -> office_door -> portrait_room -> bar_pool_room -> bar_jukebox  (21.4s of walking)
      |     leg office_corridor -> office_door
      |         turn to 270.4: TURNED to 271.0 (err -0.6) in 3 push(es)
      |         office_corridor->office_door step 1/7: 1 chunk(s) of 0.79s, change 19.5, best 19.5, hazards none — one push, so `best` IS the whole leg's travel
      |       step 1/7 bearing  270.4 (got  271.0) 0.79s -> walked 0.79s, best change 19.5
      |         turn to 270.1: NO-OP, already inside 4.0 deg (at 270.9, err -0.8) — nothing was sent, the recorded curve was discarded, and the caller's step line will look like a turn that happened
      |         office_corridor->office_door step 2/7: 1 chunk(s) of 0.78s, change 17.6, best 17.6, hazards none — one push, so `best` IS the whole leg's travel
      |       step 2/7 bearing  270.1 (got  270.9) 0.78s -> walked 0.78s, best change 17.6
      |         turn to 270.1: NO-OP, already inside 4.0 deg (at 271.0, err -0.9) — nothing was sent, the recorded curve was discarded, and the caller's step line will look like a turn that happened
      |         office_corridor->office_door step 3/7: 1 chunk(s) of 0.78s, change 14.9, best 14.9, hazards none — one push, so `best` IS the whole leg's travel
      |       step 3/7 bearing  270.1 (got  271.0) 0.78s -> walked 0.78s, best change 14.9
      |         turn to 270.3: NO-OP, already inside 4.0 deg (at 271.0, err -0.7) — nothing was sent, the recorded curve was discarded, and the caller's step line will look like a turn that happened
      |         office_corridor->office_door step 4/7: 1 chunk(s) of 0.78s, change 10.7, best 10.7, hazards none — one push, so `best` IS the whole leg's travel
      |       step 4/7 bearing  270.3 (got  271.0) 0.78s -> walked 0.78s, best change 10.7
      |         turn to 270.1: NO-OP, already inside 4.0 deg (at 271.0, err -0.9) — nothing was sent, the recorded curve was discarded, and the caller's step line will look like a turn that happened
      |         office_corridor->office_door step 5/7: 1 chunk(s) of 0.79s, change 9.6, best 9.6, hazards none — one push, so `best` IS the whole leg's travel
      |       step 5/7 bearing  270.1 (got  271.0) 0.79s -> walked 0.79s, best change 9.6
      |         turn to 270.1: NO-OP, already inside 4.0 deg (at 271.0, err -0.9) — nothing was sent, the recorded curve was discarded, and the caller's step line will look like a turn that happened
      |         office_corridor->office_door step 6/7: 1 chunk(s) of 0.79s, change 6.2, best 6.2, hazards none — one push, so `best` IS the whole leg's travel
      |       step 6/7 bearing  270.1 (got  271.0) 0.79s -> walked 0.79s, best change 6.2
      |         turn to 270.4: NO-OP, already inside 4.0 deg (at 271.0, err -0.7) — nothing was sent, the recorded curve was discarded, and the caller's step line will look like a turn that happened
      |         office_corridor->office_door step 7/7: 1 chunk(s) of 0.42s, change 6.0, best 6.0, hazards none — one push, so `best` IS the whole leg's travel
      |       step 7/7 bearing  270.4 (got  271.0) 0.42s -> walked 0.42s, best change 6.0
      |       step 7 blocked but the scene is MOVING — an NPC in the passage, not a wall
      |       the view is featureless — this is geometry, not a mover; skipping the escape ladder it has never cleared
      |       escape ladder: did NOT clear (best 0.0 PIXELS, against SLIP_PROGRESS_PX 20.0px — NOT against STALL_CHANGE 6.0, which is grey_levels)
      |       step 7 moved only 6.0 grey_levels (< 6.0) over 0.42s — stall score 1
      |       arrived? None  (no appearance reference by design)
      |     leg office_door -> portrait_room
      |         turn to 338.1: TURNED to 337.8 (err +0.3) in 1 push(es)
      |         office_door->portrait_room step 1/16: 1 chunk(s) of 0.79s, change 13.3, best 13.3, hazards none — one push, so `best` IS the whole leg's travel
      |       step 1/16 bearing  338.1 (got  337.8) 0.79s -> walked 0.79s, best change 13.3
      |         turn to 339.2: NO-OP, already inside 4.0 deg (at 337.8, err +1.4) — nothing was sent, the recorded curve was discarded, and the caller's step line will look like a turn that happened
      |         office_door->portrait_room step 2/16: 1 chunk(s) of 0.70s, change 16.7, best 16.7, hazards none — one push, so `best` IS the whole leg's travel
      |       step 2/16 bearing  339.2 (got  337.8) 0.70s -> walked 0.70s, best change 16.7
      |         turn to 347.9: TURNED to 347.2 (err +0.7) in 1 push(es)
      |         office_door->portrait_room step 3/16: 1 chunk(s) of 0.42s, change 22.5, best 22.5, hazards none — one push, so `best` IS the whole leg's travel
      |       step 3/16 bearing  347.9 (got  347.2) 0.42s -> walked 0.42s, best change 22.5
      |         turn to 355.2: TURNED to 354.4 (err +0.8) in 1 push(es)
      |         office_door->portrait_room step 4/16: 1 chunk(s) of 0.79s, change 44.9, best 44.9, hazards none — one push, so `best` IS the whole leg's travel
      |       step 4/16 bearing  355.2 (got  354.4) 0.79s -> walked 0.79s, best change 44.9
      |         turn to 360.0: TURNED to 1.5 (err -1.6) in 1 push(es)
      |         office_door->portrait_room step 5/16: 1 chunk(s) of 0.51s, change 24.0, best 24.0, hazards none — one push, so `best` IS the whole leg's travel
      |       step 5/16 bearing  360.0 (got    1.5) 0.51s -> walked 0.51s, best change 24.0
      |         turn to 8.6: TURNED to 8.1 (err +0.5) in 1 push(es)
      |         office_door->portrait_room step 6/16: 1 chunk(s) of 0.78s, change 18.3, best 18.3, hazards none — one push, so `best` IS the whole leg's travel
      |       step 6/16 bearing    8.6 (got    8.1) 0.78s -> walked 0.78s, best change 18.3
      |         turn to 7.7: NO-OP, already inside 4.0 deg (at 8.1, err -0.3) — nothing was sent, the recorded curve was discarded, and the caller's step line will look like a turn that happened
      |         office_door->portrait_room step 7/16: 1 chunk(s) of 0.78s, change 32.0, best 32.0, hazards none — one push, so `best` IS the whole leg's travel
      |       step 7/16 bearing    7.7 (got    8.1) 0.78s -> walked 0.78s, best change 32.0
      |         turn to 1.7: TURNED to 1.8 (err -0.0) in 1 push(es)
      |         office_door->portrait_room step 8/16: 1 chunk(s) of 0.80s, change 38.1, best 38.1, hazards none — one push, so `best` IS the whole leg's travel
      |       step 8/16 bearing    1.7 (got    1.8) 0.80s -> walked 0.80s, best change 38.1
      |         turn to 359.6: NO-OP, already inside 4.0 deg (at 1.8, err -2.2) — nothing was sent, the recorded curve was discarded, and the caller's step line will look like a turn that happened
      |         office_door->portrait_room step 9/16: 1 chunk(s) of 0.36s, change 18.8, best 18.8, hazards none — one push, so `best` IS the whole leg's travel
      |       step 9/16 bearing  359.6 (got    1.8) 0.36s -> walked 0.36s, best change 18.8
      |         turn to 359.4: NO-OP, already inside 4.0 deg (at 1.6, err -2.2) — nothing was sent, the recorded curve was discarded, and the caller's step line will look like a turn that happened
      |         office_door->portrait_room step 10/16: 1 chunk(s) of 0.78s, change 21.3, best 21.3, hazards none — one push, so `best` IS the whole leg's travel
      |       step 10/16 bearing  359.4 (got    1.6) 0.78s -> walked 0.78s, best change 21.3
      |         turn to 357.9: NO-OP, already inside 4.0 deg (at 1.8, err -3.9) — nothing was sent, the recorded curve was discarded, and the caller's step line will look like a turn that happened
      |         office_door->portrait_room step 11/16: 1 chunk(s) of 0.79s, change 18.8, best 18.8, hazards none — one push, so `best` IS the whole leg's travel
      |       step 11/16 bearing  357.9 (got    1.8) 0.79s -> walked 0.79s, best change 18.8
      |         turn to 358.0: NO-OP, already inside 4.0 deg (at 1.7, err -3.7) — nothing was sent, the recorded curve was discarded, and the caller's step line will look like a turn that happened
      |         office_door->portrait_room step 12/16: 1 chunk(s) of 0.79s, change 19.5, best 19.5, hazards none — one push, so `best` IS the whole leg's travel
      |       step 12/16 bearing  358.0 (got    1.7) 0.79s -> walked 0.79s, best change 19.5
      |         turn to 357.8: NO-OP, already inside 4.0 deg (at 1.8, err -3.9) — nothing was sent, the recorded curve was discarded, and the caller's step line will look like a turn that happened
      |         office_door->portrait_room step 13/16: 1 chunk(s) of 0.79s, change 23.6, best 23.6, hazards none — one push, so `best` IS the whole leg's travel
      |       step 13/16 bearing  357.8 (got    1.8) 0.79s -> walked 0.79s, best change 23.6
      |         turn to 357.9: NO-OP, already inside 4.0 deg (at 1.7, err -3.8) — nothing was sent, the recorded curve was discarded, and the caller's step line will look like a turn that happened
      |         office_door->portrait_room step 14/16: 1 chunk(s) of 0.79s, change 30.6, best 30.6, hazards none — one push, so `best` IS the whole leg's travel
      |       step 14/16 bearing  357.9 (got    1.7) 0.79s -> walked 0.79s, best change 30.6
      |         turn to 0.8: NO-OP, already inside 4.0 deg (at 1.7, err -0.8) — nothing was sent, the recorded curve was discarded, and the caller's step line will look like a turn that happened
      |         office_door->portrait_room step 15/16: 1 chunk(s) of 0.79s, change 28.0, best 28.0, hazards none — one push, so `best` IS the whole leg's travel
      |       step 15/16 bearing    0.8 (got    1.7) 0.79s -> walked 0.79s, best change 28.0
      |         turn to 4.0: NO-OP, already inside 4.0 deg (at 1.7, err +2.2) — nothing was sent, the recorded curve was discarded, and the caller's step line will look like a turn that happened
      |         office_door->portrait_room step 16/16: 1 chunk(s) of 0.36s, change 17.5, best 17.5, hazards none — one push, so `best` IS the whole leg's travel
      |       step 16/16 bearing    4.0 (got    1.7) 0.36s -> walked 0.36s, best change 17.5
      |       arrived? True  (portrait_room 678.000/5.100)
      |         turn to 1.5: NO-OP, already inside 0.5 deg (at 1.7, err -0.2) — nothing was sent, the recorded curve was discarded, and the caller's step line will look like a turn that happened
      |       align at portrait_room: yaw nulled to 1.7 (reference 1.5) — 0.2 deg REMAINING = ~5px of phantom dx still in the dx below
      |       align: step 1/6 dx=-60.7 (prev --)
      |       align: dx=-60.7 -> strafe left 0.10s
      |       align: within 35px (dx=-23.8) after 1 step(s)
      |       aligned at portrait_room: 24px from the recorded pose
      |       align at portrait_room: dx +23.8px
      |     leg portrait_room -> bar_pool_room
      |         turn to 286.6: TURNED to 288.2 (err -1.7) in 1 push(es)
      |         portrait_room->bar_pool_room step 1/4: 1 chunk(s) of 0.16s, change 8.4, best 8.4, hazards none — one push, so `best` IS the whole leg's travel
      |       step 1/4 bearing  286.6 (got  288.2) 0.16s -> walked 0.16s, best change 8.4
      |         turn to 292.2: NO-OP, already inside 4.0 deg (at 288.2, err +4.0) — nothing was sent, the recorded curve was discarded, and the caller's step line will look like a turn that happened
      |         portrait_room->bar_pool_room step 2/4: 1 chunk(s) of 0.79s, change 15.9, best 15.9, hazards none — one push, so `best` IS the whole leg's travel
      |       step 2/4 bearing  292.2 (got  288.2) 0.79s -> walked 0.79s, best change 15.9
      |         turn to 285.6: NO-OP, already inside 4.0 deg (at 288.2, err -2.6) — nothing was sent, the recorded curve was discarded, and the caller's step line will look like a turn that happened
      |         portrait_room->bar_pool_room step 3/4: 1 chunk(s) of 0.80s, change 18.3, best 18.3, hazards none — one push, so `best` IS the whole leg's travel
      |       step 3/4 bearing  285.6 (got  288.2) 0.80s -> walked 0.80s, best change 18.3
      |         turn to 287.6: NO-OP, already inside 4.0 deg (at 288.2, err -0.6) — nothing was sent, the recorded curve was discarded, and the caller's step line will look like a turn that happened
      |         portrait_room->bar_pool_room step 4/4: 1 chunk(s) of 0.23s, change 11.7, best 11.7, hazards none — one push, so `best` IS the whole leg's travel
      |       step 4/4 bearing  287.6 (got  288.2) 0.23s -> walked 0.23s, best change 11.7
      |       arrived? True  (bar_pool_room 657.000/5.090)
      |         turn to 288.2: NO-OP, already inside 0.5 deg (at 288.2, err -0.1) — nothing was sent, the recorded curve was discarded, and the caller's step line will look like a turn that happened
      |       align at bar_pool_room: yaw nulled to 288.2 (reference 288.2) — 0.1 deg REMAINING = ~2px of phantom dx still in the dx below
      |       align: step 1/6 dx=+157.6 (prev --)
      |       align: dx=+157.6 -> strafe right 0.13s
      |       align: step 2/6 dx=+132.5 (prev +157.6)
      |       align: dx=+132.5 -> strafe right 0.11s
      |       align: step 3/6 dx=+91.6 (prev +132.5)
      |       align: dx=+91.6 -> strafe right 0.10s
      |       align: dx barely changed (+92 -> +78) — blocked sideways, cannot correct from here
      |       aligned at bar_pool_room: 78px from the recorded pose
      |       align at bar_pool_room: dx +77.8px
      |     leg bar_pool_room -> bar_jukebox
      |         turn to 2.1: TURNED to 359.9 (err +2.2) in 1 push(es)
      |         bar_pool_room->bar_jukebox step 1/5: 1 chunk(s) of 0.80s, change 18.0, best 18.0, hazards none — one push, so `best` IS the whole leg's travel
      |       step 1/5 bearing    2.1 (got  359.9) 0.80s -> walked 0.80s, best change 18.0
      |         turn to 1.2: NO-OP, already inside 4.0 deg (at 359.9, err +1.3) — nothing was sent, the recorded curve was discarded, and the caller's step line will look like a turn that happened
      |         bar_pool_room->bar_jukebox step 2/5: 1 chunk(s) of 0.79s, change 11.2, best 11.2, hazards none — one push, so `best` IS the whole leg's travel
      |       step 2/5 bearing    1.2 (got  359.9) 0.79s -> walked 0.79s, best change 11.2
      |         turn to 0.8: NO-OP, already inside 4.0 deg (at 359.8, err +0.9) — nothing was sent, the recorded curve was discarded, and the caller's step line will look like a turn that happened
      |         bar_pool_room->bar_jukebox step 3/5: 1 chunk(s) of 0.80s, change 16.9, best 16.9, hazards none — one push, so `best` IS the whole leg's travel
      |       step 3/5 bearing    0.8 (got  359.8) 0.80s -> walked 0.80s, best change 16.9
      |         turn to 359.4: NO-OP, already inside 4.0 deg (at 359.8, err -0.4) — nothing was sent, the recorded curve was discarded, and the caller's step line will look like a turn that happened
      |         bar_pool_room->bar_jukebox step 4/5: 1 chunk(s) of 0.79s, change 31.6, best 31.6, hazards none — one push, so `best` IS the whole leg's travel
      |       step 4/5 bearing  359.4 (got  359.8) 0.79s -> walked 0.79s, best change 31.6
      |         turn to 359.6: NO-OP, already inside 4.0 deg (at 359.9, err -0.2) — nothing was sent, the recorded curve was discarded, and the caller's step line will look like a turn that happened
      |         bar_pool_room->bar_jukebox step 5/5: 1 chunk(s) of 0.14s, change 10.5, best 10.5, hazards none — one push, so `best` IS the whole leg's travel
      |       step 5/5 bearing  359.6 (got  359.9) 0.14s -> walked 0.14s, best change 10.5
      |       arrived? True  (bar_jukebox 313.000/2.160)
      |         turn to 1.0: TURNED to 0.9 (err +0.1) in 1 push(es)
      |       align at bar_jukebox: yaw nulled to 0.9 (reference 1.0) — 0.1 deg REMAINING = ~3px of phantom dx still in the dx below
      |       align: within 35px (dx=+20.9) after 0 step(s)
      |       aligned at bar_jukebox: 21px from the recorded pose
      |       align at bar_jukebox: dx +20.9px
      |   arrived, but 1 node(s) could not be confirmed on the way: ['office_door'] — each is a hole in the reference set
      |   attempt 5/9 at bar_jukebox
      |   verified at bar_jukebox (bar_jukebox 289.000/2.010)
      |   attempt 1/9 at dealer_table
      |   route: bar_jukebox -> dealer_table  (4.1s of walking)
      |     leg bar_jukebox -> dealer_table
      |       no compass reading, so there is no arc to sweep
      |       no compass reading, so there is no arc to sweep
      |       swept 19 headings around 79; best ink 0.0105 at 178.63111606269197, prompt never appeared
      |       no compass reading, so there is no arc to sweep
      |       no compass reading, so there is no arc to sweep
      |       stepped 6.8s of a 6.5s budget without finding the prompt
      |       approach_goal: prompt not seen
      |       no compass reading, so there is no arc to sweep
      |       reach_table: GAVE UP
      |       arrived? False  (at_table=False)
      |     STOPPING at leg bar_jukebox -> dealer_table: the destination did not check out, so every leg after this one would be walked from an unknown position
      |   attempt 2/9 at dealer_table
      |   verified at dealer_table (dealer_table 194.000/1.530)
[ 6] ARRIVED depth 4/4 in 486s  recheck at_table=False  DISAGREED  streak 2  best 2
      |   pause menu open (selected 'Resume')
      |   selected: Load Last Save
      |   confirmation dialog up (delta 81.1) -> YES
      |   world back after 3.3s, spawn bearing 87 (E)
      |   attempt 1/9 at portrait_room
      |   locate() cannot name office_corridor (it has no appearance reference by design) but the caller reset onto it — routing from there instead of sweeping and reloading
      |   route: office_corridor -> office_door -> portrait_room  (16.2s of walking)
      |     leg office_corridor -> office_door
      |         turn to 270.4: TURNED to 270.4 (err -0.0) in 2 push(es)
      |         office_corridor->office_door step 1/7: 1 chunk(s) of 0.79s, change 18.7, best 18.7, hazards none — one push, so `best` IS the whole leg's travel
      |       step 1/7 bearing  270.4 (got  270.4) 0.79s -> walked 0.79s, best change 18.7
      |         turn to 270.1: NO-OP, already inside 4.0 deg (at 270.5, err -0.3) — nothing was sent, the recorded curve was discarded, and the caller's step line will look like a turn that happened
      |         office_corridor->office_door step 2/7: 1 chunk(s) of 0.78s, change 18.8, best 18.8, hazards none — one push, so `best` IS the whole leg's travel
      |       step 2/7 bearing  270.1 (got  270.5) 0.78s -> walked 0.78s, best change 18.8
      |         turn to 270.1: NO-OP, already inside 4.0 deg (at 270.4, err -0.3) — nothing was sent, the recorded curve was discarded, and the caller's step line will look like a turn that happened
      |         office_corridor->office_door step 3/7: 1 chunk(s) of 0.78s, change 14.9, best 14.9, hazards none — one push, so `best` IS the whole leg's travel
      |       step 3/7 bearing  270.1 (got  270.4) 0.78s -> walked 0.78s, best change 14.9
      |         turn to 270.3: NO-OP, already inside 4.0 deg (at 270.5, err -0.2) — nothing was sent, the recorded curve was discarded, and the caller's step line will look like a turn that happened
      |         office_corridor->office_door step 4/7: 1 chunk(s) of 0.78s, change 11.6, best 11.6, hazards none — one push, so `best` IS the whole leg's travel
      |       step 4/7 bearing  270.3 (got  270.5) 0.78s -> walked 0.78s, best change 11.6
      |         turn to 270.1: NO-OP, already inside 4.0 deg (at 270.5, err -0.4) — nothing was sent, the recorded curve was discarded, and the caller's step line will look like a turn that happened
      |         office_corridor->office_door step 5/7: 1 chunk(s) of 0.79s, change 8.1, best 8.1, hazards none — one push, so `best` IS the whole leg's travel
      |       step 5/7 bearing  270.1 (got  270.5) 0.79s -> walked 0.79s, best change 8.1
      |         turn to 270.1: NO-OP, already inside 4.0 deg (at 270.4, err -0.3) — nothing was sent, the recorded curve was discarded, and the caller's step line will look like a turn that happened
      |         office_corridor->office_door step 6/7: 1 chunk(s) of 0.79s, change 6.4, best 6.4, hazards none — one push, so `best` IS the whole leg's travel
      |       step 6/7 bearing  270.1 (got  270.4) 0.79s -> walked 0.79s, best change 6.4
      |         turn to 270.4: NO-OP, already inside 4.0 deg (at 270.4, err -0.1) — nothing was sent, the recorded curve was discarded, and the caller's step line will look like a turn that happened
      |         office_corridor->office_door step 7/7: 1 chunk(s) of 0.42s, change 6.5, best 6.5, hazards none — one push, so `best` IS the whole leg's travel
      |       step 7/7 bearing  270.4 (got  270.4) 0.42s -> walked 0.42s, best change 6.5
      |       arrived? None  (no appearance reference by design)
      |     leg office_door -> portrait_room
      |         turn to 338.1: TURNED to 336.0 (err +2.1) in 1 push(es)
      |         office_door->portrait_room step 1/16: 1 chunk(s) of 0.79s, change 11.6, best 11.6, hazards none — one push, so `best` IS the whole leg's travel
      |       step 1/16 bearing  338.1 (got  336.0) 0.79s -> walked 0.79s, best change 11.6
      |         turn to 339.2: NO-OP, already inside 4.0 deg (at 336.0, err +3.2) — nothing was sent, the recorded curve was discarded, and the caller's step line will look like a turn that happened
      |         office_door->portrait_room step 2/16: 1 chunk(s) of 0.70s, change 15.7, best 15.7, hazards none — one push, so `best` IS the whole leg's travel
      |       step 2/16 bearing  339.2 (got  336.0) 0.70s -> walked 0.70s, best change 15.7
      |         turn to 347.9: TURNED to 344.6 (err +3.3) in 1 push(es)
      |         office_door->portrait_room step 3/16: 1 chunk(s) of 0.42s, change 18.5, best 18.5, hazards none — one push, so `best` IS the whole leg's travel
      |       step 3/16 bearing  347.9 (got  344.6) 0.42s -> walked 0.42s, best change 18.5
      |         turn to 355.2: TURNED to 354.5 (err +0.6) in 1 push(es)
      |         office_door->portrait_room step 4/16: 1 chunk(s) of 0.79s, change 46.9, best 46.9, hazards none — one push, so `best` IS the whole leg's travel
      |       step 4/16 bearing  355.2 (got  354.5) 0.79s -> walked 0.79s, best change 46.9
      |         turn to 360.0: TURNED to 0.5 (err -0.5) in 1 push(es)
      |         office_door->portrait_room step 5/16: 1 chunk(s) of 0.51s, change 27.1, best 27.1, hazards none — one push, so `best` IS the whole leg's travel
      |       step 5/16 bearing  360.0 (got    0.5) 0.51s -> walked 0.51s, best change 27.1
      |         turn to 8.6: TURNED to 7.7 (err +0.9) in 1 push(es)
      |         office_door->portrait_room step 6/16: 1 chunk(s) of 0.78s, change 16.7, best 16.7, hazards none — one push, so `best` IS the whole leg's travel
      |       step 6/16 bearing    8.6 (got    7.7) 0.78s -> walked 0.78s, best change 16.7
      |         turn to 7.7: NO-OP, already inside 4.0 deg (at 7.8, err -0.0) — nothing was sent, the recorded curve was discarded, and the caller's step line will look like a turn that happened
      |         office_door->portrait_room step 7/16: 1 chunk(s) of 0.78s, change 29.4, best 29.4, hazards none — one push, so `best` IS the whole leg's travel
      |       step 7/16 bearing    7.7 (got    7.8) 0.78s -> walked 0.78s, best change 29.4
      |         turn to 1.7: TURNED to 2.8 (err -1.1) in 1 push(es)
      |         office_door->portrait_room step 8/16: 1 chunk(s) of 0.80s, change 33.7, best 33.7, hazards none — one push, so `best` IS the whole leg's travel
      |       step 8/16 bearing    1.7 (got    2.8) 0.80s -> walked 0.80s, best change 33.7
      |         turn to 359.6: NO-OP, already inside 4.0 deg (at 2.8, err -3.2) — nothing was sent, the recorded curve was discarded, and the caller's step line will look like a turn that happened
      |         office_door->portrait_room step 9/16: 1 chunk(s) of 0.36s, change 20.2, best 20.2, hazards none — one push, so `best` IS the whole leg's travel
      |       step 9/16 bearing  359.6 (got    2.8) 0.36s -> walked 0.36s, best change 20.2
      |         turn to 359.4: NO-OP, already inside 4.0 deg (at 2.8, err -3.5) — nothing was sent, the recorded curve was discarded, and the caller's step line will look like a turn that happened
      |         office_door->portrait_room step 10/16: 1 chunk(s) of 0.78s, change 21.2, best 21.2, hazards none — one push, so `best` IS the whole leg's travel
      |       step 10/16 bearing  359.4 (got    2.8) 0.78s -> walked 0.78s, best change 21.2
      |         turn to 357.9: TURNED to 358.6 (err -0.8) in 1 push(es)
      |         office_door->portrait_room step 11/16: 1 chunk(s) of 0.79s, change 18.5, best 18.5, hazards none — one push, so `best` IS the whole leg's travel
      |       step 11/16 bearing  357.9 (got  358.6) 0.79s -> walked 0.79s, best change 18.5
      |         turn to 358.0: NO-OP, already inside 4.0 deg (at 358.7, err -0.7) — nothing was sent, the recorded curve was discarded, and the caller's step line will look like a turn that happened
      |         office_door->portrait_room step 12/16: 1 chunk(s) of 0.79s, change 18.0, best 18.0, hazards none — one push, so `best` IS the whole leg's travel
      |       step 12/16 bearing  358.0 (got  358.7) 0.79s -> walked 0.79s, best change 18.0
      |         turn to 357.8: NO compass reading, abandoned BEFORE turning — the caller's 'got --' is an unread heading, not a heading that was reached
      |         office_door->portrait_room step 13/16: 1 chunk(s) of 0.79s, change 23.8, best 23.8, hazards none — one push, so `best` IS the whole leg's travel
      |       step 13/16 bearing  357.8 (got  358.7) 0.79s -> walked 0.79s, best change 23.8
      |         turn to 357.9: NO-OP, already inside 4.0 deg (at 358.6, err -0.7) — nothing was sent, the recorded curve was discarded, and the caller's step line will look like a turn that happened
      |         office_door->portrait_room step 14/16: 1 chunk(s) of 0.79s, change 29.6, best 29.6, hazards none — one push, so `best` IS the whole leg's travel
      |       step 14/16 bearing  357.9 (got  358.6) 0.79s -> walked 0.79s, best change 29.6
      |         turn to 0.8: NO-OP, already inside 4.0 deg (at 358.8, err +2.1) — nothing was sent, the recorded curve was discarded, and the caller's step line will look like a turn that happened
      |         office_door->portrait_room step 15/16: 1 chunk(s) of 0.79s, change 26.8, best 26.8, hazards none — one push, so `best` IS the whole leg's travel
      |       step 15/16 bearing    0.8 (got  358.8) 0.79s -> walked 0.79s, best change 26.8
      |         turn to 4.0: TURNED to 3.2 (err +0.7) in 1 push(es)
      |         office_door->portrait_room step 16/16: 1 chunk(s) of 0.36s, change 18.9, best 18.9, hazards none — one push, so `best` IS the whole leg's travel
      |       step 16/16 bearing    4.0 (got    3.2) 0.36s -> walked 0.36s, best change 18.9
      |       arrived? True  (portrait_room 735.000/5.790)
      |         turn to 1.5: TURNED to 1.9 (err -0.4) in 1 push(es)
      |       align at portrait_room: yaw nulled to 1.9 (reference 1.5) — 0.4 deg REMAINING = ~7px of phantom dx still in the dx below
      |       align: step 1/6 dx=+48.6 (prev --)
      |       align: dx=+48.6 -> strafe right 0.10s
      |       align: dx barely changed (+49 -> +31) — blocked sideways, cannot correct from here
      |       aligned at portrait_room: 31px from the recorded pose
      |       align at portrait_room: dx +30.7px
      |   arrived, but 1 node(s) could not be confirmed on the way: ['office_door'] — each is a hole in the reference set
      |   attempt 2/9 at portrait_room
      |   verified at portrait_room (portrait_room 788.000/6.250)
      |   attempt 1/9 at bar_pool_room
      |   route: portrait_room -> bar_pool_room  (2.0s of walking)
      |     leg portrait_room -> bar_pool_room
      |         turn to 286.6: TURNED to 287.2 (err -0.6) in 1 push(es)
      |         portrait_room->bar_pool_room step 1/4: 1 chunk(s) of 0.16s, change 11.3, best 11.3, hazards none — one push, so `best` IS the whole leg's travel
      |       step 1/4 bearing  286.6 (got  287.2) 0.16s -> walked 0.16s, best change 11.3
      |         turn to 292.2: TURNED to 292.1 (err +0.1) in 1 push(es)
      |         portrait_room->bar_pool_room step 2/4: 1 chunk(s) of 0.79s, change 18.5, best 18.5, hazards none — one push, so `best` IS the whole leg's travel
      |       step 2/4 bearing  292.2 (got  292.1) 0.79s -> walked 0.79s, best change 18.5
      |         turn to 285.6: TURNED to 286.8 (err -1.3) in 1 push(es)
      |         portrait_room->bar_pool_room step 3/4: 1 chunk(s) of 0.80s, change 18.2, best 18.2, hazards none — one push, so `best` IS the whole leg's travel
      |       step 3/4 bearing  285.6 (got  286.8) 0.80s -> walked 0.80s, best change 18.2
      |         turn to 287.6: NO-OP, already inside 4.0 deg (at 286.8, err +0.8) — nothing was sent, the recorded curve was discarded, and the caller's step line will look like a turn that happened
      |         portrait_room->bar_pool_room step 4/4: 1 chunk(s) of 0.23s, change 10.4, best 10.4, hazards none — one push, so `best` IS the whole leg's travel
      |       step 4/4 bearing  287.6 (got  286.8) 0.23s -> walked 0.23s, best change 10.4
      |       arrived? True  (bar_pool_room 339.000/2.920)
      |         turn to 288.2: TURNED to 287.9 (err +0.3) in 1 push(es)
      |       align at bar_pool_room: yaw nulled to 287.9 (reference 288.2) — 0.3 deg REMAINING = ~5px of phantom dx still in the dx below
      |       align: step 1/6 dx=+110.3 (prev --)
      |       align: dx=+110.3 -> strafe right 0.10s
      |       align: step 2/6 dx=+71.7 (prev +110.3)
      |       align: dx=+71.7 -> strafe right 0.10s
      |       align: dx barely changed (+72 -> +55) — blocked sideways, cannot correct from here
      |       aligned at bar_pool_room: 55px from the recorded pose
      |       align at bar_pool_room: dx +55.1px
      |   attempt 2/9 at bar_pool_room
      |   verified at bar_pool_room (bar_pool_room 341.000/2.840)
      |   attempt 1/9 at bar_jukebox
      |   route: bar_pool_room -> bar_jukebox  (3.3s of walking)
      |     leg bar_pool_room -> bar_jukebox
      |         turn to 2.1: TURNED to 2.5 (err -0.4) in 2 push(es)
      |         bar_pool_room->bar_jukebox step 1/5: 1 chunk(s) of 0.80s, change 15.8, best 15.8, hazards none — one push, so `best` IS the whole leg's travel
      |       step 1/5 bearing    2.1 (got    2.5) 0.80s -> walked 0.80s, best change 15.8
      |         turn to 1.2: NO-OP, already inside 4.0 deg (at 2.5, err -1.3) — nothing was sent, the recorded curve was discarded, and the caller's step line will look like a turn that happened
      |         bar_pool_room->bar_jukebox step 2/5: 1 chunk(s) of 0.79s, change 10.9, best 10.9, hazards none — one push, so `best` IS the whole leg's travel
      |       step 2/5 bearing    1.2 (got    2.5) 0.79s -> walked 0.79s, best change 10.9
      |         turn to 0.8: NO-OP, already inside 4.0 deg (at 2.5, err -1.7) — nothing was sent, the recorded curve was discarded, and the caller's step line will look like a turn that happened
      |         bar_pool_room->bar_jukebox step 3/5: 1 chunk(s) of 0.80s, change 3.6, best 3.6, hazards none — one push, so `best` IS the whole leg's travel
      |       step 3/5 bearing    0.8 (got    2.5) 0.80s -> walked 0.80s, best change 3.6
      |       step 3 blocked but the scene is MOVING — an NPC in the passage, not a wall
      |       the view is featureless — this is geometry, not a mover; skipping the escape ladder it has never cleared
      |       escape ladder: did NOT clear (best 0.0 PIXELS, against SLIP_PROGRESS_PX 20.0px — NOT against STALL_CHANGE 6.0, which is grey_levels)
      |       step 3 moved only 3.6 grey_levels (< 6.0) over 0.80s — stall score 1
      |         turn to 359.4: NO-OP, already inside 4.0 deg (at 2.5, err -3.0) — nothing was sent, the recorded curve was discarded, and the caller's step line will look like a turn that happened
      |         bar_pool_room->bar_jukebox step 4/5: 1 chunk(s) of 0.79s, change 4.2, best 4.2, hazards none — one push, so `best` IS the whole leg's travel
      |       step 4/5 bearing  359.4 (got    2.5) 0.79s -> walked 0.79s, best change 4.2
      |       step 4 blocked but the scene is MOVING — an NPC in the passage, not a wall
      |       the view is featureless — this is geometry, not a mover; skipping the escape ladder it has never cleared
      |       escape ladder: did NOT clear (best 0.0 PIXELS, against SLIP_PROGRESS_PX 20.0px — NOT against STALL_CHANGE 6.0, which is grey_levels)
      |       step 4 moved only 4.2 grey_levels (< 6.0) over 0.79s — stall score 2
      |       BLOCKED on step 4; abandoning the rest of this leg rather than pushing into whatever is in the way
      |       recovery fan did not find bar_jukebox
      |       arrived? None  (unverified, abstained (1.000/1.000))
      |   arrived, but 1 node(s) could not be confirmed on the way: ['bar_jukebox'] — each is a hole in the reference set
      |   attempt 2/9 at bar_jukebox
      |       re-localised by turning 180 deg: bar_pool_room 279.000/2.430
      |   re-localised at bar_pool_room by turning; routing from there
      |   route: bar_pool_room -> bar_jukebox  (3.3s of walking)
      |     leg bar_pool_room -> bar_jukebox
      |         turn to 2.1: TURNED to 358.8 (err +3.3) in 1 push(es)
      |         bar_pool_room->bar_jukebox step 1/5: 1 chunk(s) of 0.80s, change 14.0, best 14.0, hazards none — one push, so `best` IS the whole leg's travel
      |       step 1/5 bearing    2.1 (got  358.8) 0.80s -> walked 0.80s, best change 14.0
      |         turn to 1.2: NO-OP, already inside 4.0 deg (at 358.8, err +2.4) — nothing was sent, the recorded curve was discarded, and the caller's step line will look like a turn that happened
      |         bar_pool_room->bar_jukebox step 2/5: 1 chunk(s) of 0.79s, change 9.6, best 9.6, hazards none — one push, so `best` IS the whole leg's travel
      |       step 2/5 bearing    1.2 (got  358.8) 0.79s -> walked 0.79s, best change 9.6
      |         turn to 0.8: NO-OP, already inside 4.0 deg (at 358.8, err +2.0) — nothing was sent, the recorded curve was discarded, and the caller's step line will look like a turn that happened
      |         bar_pool_room->bar_jukebox step 3/5: 1 chunk(s) of 0.80s, change 4.2, best 4.2, hazards none — one push, so `best` IS the whole leg's travel
      |       step 3/5 bearing    0.8 (got  358.8) 0.80s -> walked 0.80s, best change 4.2
      |       step 3 blocked but the scene is MOVING — an NPC in the passage, not a wall
      |       the view is featureless — this is geometry, not a mover; skipping the escape ladder it has never cleared
      |       escape ladder: did NOT clear (best 0.0 PIXELS, against SLIP_PROGRESS_PX 20.0px — NOT against STALL_CHANGE 6.0, which is grey_levels)
      |       step 3 moved only 4.2 grey_levels (< 6.0) over 0.80s — stall score 1
      |         turn to 359.4: NO-OP, already inside 4.0 deg (at 358.8, err +0.6) — nothing was sent, the recorded curve was discarded, and the caller's step line will look like a turn that happened
      |         bar_pool_room->bar_jukebox step 4/5: 1 chunk(s) of 0.79s, change 4.3, best 4.3, hazards none — one push, so `best` IS the whole leg's travel
      |       step 4/5 bearing  359.4 (got  358.8) 0.79s -> walked 0.79s, best change 4.3
      |       step 4 blocked but the scene is MOVING — an NPC in the passage, not a wall
      |       the view is featureless — this is geometry, not a mover; skipping the escape ladder it has never cleared
      |       escape ladder: did NOT clear (best 0.0 PIXELS, against SLIP_PROGRESS_PX 20.0px — NOT against STALL_CHANGE 6.0, which is grey_levels)
      |       step 4 moved only 4.3 grey_levels (< 6.0) over 0.79s — stall score 2
      |       BLOCKED on step 4; abandoning the rest of this leg rather than pushing into whatever is in the way
      |       recovery fan did not find bar_jukebox
      |       arrived? None  (unverified, abstained (0.000/0.000))
      |   arrived, but 1 node(s) could not be confirmed on the way: ['bar_jukebox'] — each is a hole in the reference set
      |   attempt 3/9 at bar_jukebox
      |   not at bar_jukebox and cannot say where this is (unrecognised (61.000/1.000)) — reloading to a known start
      |   pause menu open (selected 'Resume')
      |   selected: Load Last Save
      |   no dialog yet (delta 1.7) — the commit press did not land, retrying (1/3)
      |   confirmation dialog up (delta 79.6) -> YES
      |   world back after 3.2s, spawn bearing 87 (E)
      |   route: office_corridor -> office_door -> portrait_room -> bar_pool_room -> bar_jukebox  (21.4s of walking)
      |     leg office_corridor -> office_door
      |         turn to 270.4: TURNED to 267.9 (err +2.6) in 2 push(es)
      |         office_corridor->office_door step 1/7: 1 chunk(s) of 0.79s, change 19.3, best 19.3, hazards none — one push, so `best` IS the whole leg's travel
      |       step 1/7 bearing  270.4 (got  267.9) 0.79s -> walked 0.79s, best change 19.3
      |         turn to 270.1: NO-OP, already inside 4.0 deg (at 267.9, err +2.3) — nothing was sent, the recorded curve was discarded, and the caller's step line will look like a turn that happened
      |         office_corridor->office_door step 2/7: 1 chunk(s) of 0.78s, change 18.5, best 18.5, hazards none — one push, so `best` IS the whole leg's travel
      |       step 2/7 bearing  270.1 (got  267.9) 0.78s -> walked 0.78s, best change 18.5
      |         turn to 270.1: NO-OP, already inside 4.0 deg (at 267.8, err +2.3) — nothing was sent, the recorded curve was discarded, and the caller's step line will look like a turn that happened
      |         office_corridor->office_door step 3/7: 1 chunk(s) of 0.78s, change 14.3, best 14.3, hazards none — one push, so `best` IS the whole leg's travel
      |       step 3/7 bearing  270.1 (got  267.8) 0.78s -> walked 0.78s, best change 14.3
      |         turn to 270.3: NO-OP, already inside 4.0 deg (at 267.8, err +2.5) — nothing was sent, the recorded curve was discarded, and the caller's step line will look like a turn that happened
      |         office_corridor->office_door step 4/7: 1 chunk(s) of 0.78s, change 10.5, best 10.5, hazards none — one push, so `best` IS the whole leg's travel
      |       step 4/7 bearing  270.3 (got  267.8) 0.78s -> walked 0.78s, best change 10.5
      |         turn to 270.1: NO-OP, already inside 4.0 deg (at 267.9, err +2.3) — nothing was sent, the recorded curve was discarded, and the caller's step line will look like a turn that happened
      |         office_corridor->office_door step 5/7: 1 chunk(s) of 0.79s, change 10.5, best 10.5, hazards none — one push, so `best` IS the whole leg's travel
      |       step 5/7 bearing  270.1 (got  267.9) 0.79s -> walked 0.79s, best change 10.5
      |         turn to 270.1: NO-OP, already inside 4.0 deg (at 267.9, err +2.2) — nothing was sent, the recorded curve was discarded, and the caller's step line will look like a turn that happened
      |         office_corridor->office_door step 6/7: 1 chunk(s) of 0.79s, change 7.0, best 7.0, hazards none — one push, so `best` IS the whole leg's travel
      |       step 6/7 bearing  270.1 (got  267.9) 0.79s -> walked 0.79s, best change 7.0
      |         turn to 270.4: NO-OP, already inside 4.0 deg (at 267.9, err +2.5) — nothing was sent, the recorded curve was discarded, and the caller's step line will look like a turn that happened
      |         office_corridor->office_door step 7/7: 1 chunk(s) of 0.42s, change 7.6, best 7.6, hazards none — one push, so `best` IS the whole leg's travel
      |       step 7/7 bearing  270.4 (got  267.9) 0.42s -> walked 0.42s, best change 7.6
      |       arrived? None  (no appearance reference by design)
      |     leg office_door -> portrait_room
      |         turn to 338.1: TURNED to 335.9 (err +2.3) in 1 push(es)
      |         office_door->portrait_room step 1/16: 1 chunk(s) of 0.79s, change 10.9, best 10.9, hazards none — one push, so `best` IS the whole leg's travel
      |       step 1/16 bearing  338.1 (got  335.9) 0.79s -> walked 0.79s, best change 10.9
      |         turn to 339.2: NO-OP, already inside 4.0 deg (at 335.9, err +3.3) — nothing was sent, the recorded curve was discarded, and the caller's step line will look like a turn that happened
      |         office_door->portrait_room step 2/16: 1 chunk(s) of 0.70s, change 13.3, best 13.3, hazards none — one push, so `best` IS the whole leg's travel
      |       step 2/16 bearing  339.2 (got  335.9) 0.70s -> walked 0.70s, best change 13.3
      |         turn to 347.9: TURNED to 346.2 (err +1.7) in 1 push(es)
      |         office_door->portrait_room step 3/16: 1 chunk(s) of 0.42s, change 17.9, best 17.9, hazards none — one push, so `best` IS the whole leg's travel
      |       step 3/16 bearing  347.9 (got  346.2) 0.42s -> walked 0.42s, best change 17.9
      |         turn to 355.2: TURNED to 355.1 (err +0.0) in 1 push(es)
      |         office_door->portrait_room step 4/16: 1 chunk(s) of 0.79s, change 47.0, best 47.0, hazards none — one push, so `best` IS the whole leg's travel
      |       step 4/16 bearing  355.2 (got  355.1) 0.79s -> walked 0.79s, best change 47.0
      |         turn to 360.0: TURNED to 359.9 (err +0.1) in 1 push(es)
      |         office_door->portrait_room step 5/16: 1 chunk(s) of 0.51s, change 29.2, best 29.2, hazards none — one push, so `best` IS the whole leg's travel
      |       step 5/16 bearing  360.0 (got  359.9) 0.51s -> walked 0.51s, best change 29.2
      |         turn to 8.6: TURNED to 7.7 (err +0.9) in 1 push(es)
      |         office_door->portrait_room step 6/16: 1 chunk(s) of 0.78s, change 16.9, best 16.9, hazards none — one push, so `best` IS the whole leg's travel
      |       step 6/16 bearing    8.6 (got    7.7) 0.78s -> walked 0.78s, best change 16.9
      |         turn to 7.7: NO-OP, already inside 4.0 deg (at 7.8, err -0.0) — nothing was sent, the recorded curve was discarded, and the caller's step line will look like a turn that happened
      |         office_door->portrait_room step 7/16: 1 chunk(s) of 0.78s, change 28.9, best 28.9, hazards none — one push, so `best` IS the whole leg's travel
      |       step 7/16 bearing    7.7 (got    7.8) 0.78s -> walked 0.78s, best change 28.9
      |         turn to 1.7: TURNED to 2.8 (err -1.1) in 1 push(es)
      |         office_door->portrait_room step 8/16: 1 chunk(s) of 0.80s, change 35.2, best 35.2, hazards none — one push, so `best` IS the whole leg's travel
      |       step 8/16 bearing    1.7 (got    2.8) 0.80s -> walked 0.80s, best change 35.2
      |         turn to 359.6: NO-OP, already inside 4.0 deg (at 2.8, err -3.2) — nothing was sent, the recorded curve was discarded, and the caller's step line will look like a turn that happened
      |         office_door->portrait_room step 9/16: 1 chunk(s) of 0.36s, change 19.5, best 19.5, hazards none — one push, so `best` IS the whole leg's travel
      |       step 9/16 bearing  359.6 (got    2.8) 0.36s -> walked 0.36s, best change 19.5
      |         turn to 359.4: NO-OP, already inside 4.0 deg (at 2.9, err -3.5) — nothing was sent, the recorded curve was discarded, and the caller's step line will look like a turn that happened
      |         office_door->portrait_room step 10/16: 1 chunk(s) of 0.78s, change 21.7, best 21.7, hazards none — one push, so `best` IS the whole leg's travel
      |       step 10/16 bearing  359.4 (got    2.9) 0.78s -> walked 0.78s, best change 21.7
      |         turn to 357.9: TURNED to 0.8 (err -2.9) in 1 push(es)
      |         office_door->portrait_room step 11/16: 1 chunk(s) of 0.79s, change 19.5, best 19.5, hazards none — one push, so `best` IS the whole leg's travel
      |       step 11/16 bearing  357.9 (got    0.8) 0.79s -> walked 0.79s, best change 19.5
      |         turn to 358.0: NO-OP, already inside 4.0 deg (at 0.7, err -2.7) — nothing was sent, the recorded curve was discarded, and the caller's step line will look like a turn that happened
      |         office_door->portrait_room step 12/16: 1 chunk(s) of 0.79s, change 19.6, best 19.6, hazards none — one push, so `best` IS the whole leg's travel
      |       step 12/16 bearing  358.0 (got    0.7) 0.79s -> walked 0.79s, best change 19.6
      |         turn to 357.8: NO-OP, already inside 4.0 deg (at 0.8, err -2.9) — nothing was sent, the recorded curve was discarded, and the caller's step line will look like a turn that happened
      |         office_door->portrait_room step 13/16: 1 chunk(s) of 0.79s, change 22.4, best 22.4, hazards none — one push, so `best` IS the whole leg's travel
      |       step 13/16 bearing  357.8 (got    0.8) 0.79s -> walked 0.79s, best change 22.4
      |         turn to 357.9: NO-OP, already inside 4.0 deg (at 0.7, err -2.8) — nothing was sent, the recorded curve was discarded, and the caller's step line will look like a turn that happened
      |         office_door->portrait_room step 14/16: 1 chunk(s) of 0.79s, change 28.8, best 28.8, hazards none — one push, so `best` IS the whole leg's travel
      |       step 14/16 bearing  357.9 (got    0.7) 0.79s -> walked 0.79s, best change 28.8
      |         turn to 0.8: NO-OP, already inside 4.0 deg (at 0.8, err +0.1) — nothing was sent, the recorded curve was discarded, and the caller's step line will look like a turn that happened
      |         office_door->portrait_room step 15/16: 1 chunk(s) of 0.79s, change 26.9, best 26.9, hazards none — one push, so `best` IS the whole leg's travel
      |       step 15/16 bearing    0.8 (got    0.8) 0.79s -> walked 0.79s, best change 26.9
      |         turn to 4.0: NO-OP, already inside 4.0 deg (at 0.8, err +3.2) — nothing was sent, the recorded curve was discarded, and the caller's step line will look like a turn that happened
      |         office_door->portrait_room step 16/16: 1 chunk(s) of 0.36s, change 18.4, best 18.4, hazards none — one push, so `best` IS the whole leg's travel
      |       step 16/16 bearing    4.0 (got    0.8) 0.36s -> walked 0.36s, best change 18.4
      |       arrived? True  (portrait_room 717.000/5.830)
      |         turn to 1.5: TURNED to 1.2 (err +0.2) in 1 push(es)
      |       align at portrait_room: yaw nulled to 1.2 (reference 1.5) — 0.2 deg REMAINING = ~5px of phantom dx still in the dx below
      |       align: within 35px (dx=-13.7) after 0 step(s)
      |       aligned at portrait_room: 14px from the recorded pose
      |       align at portrait_room: dx +13.7px
      |     leg portrait_room -> bar_pool_room
      |         turn to 286.6: TURNED to 290.1 (err -3.6) in 1 push(es)
      |         portrait_room->bar_pool_room step 1/4: 1 chunk(s) of 0.16s, change 9.7, best 9.7, hazards none — one push, so `best` IS the whole leg's travel
      |       step 1/4 bearing  286.6 (got  290.1) 0.16s -> walked 0.16s, best change 9.7
      |         turn to 292.2: NO-OP, already inside 4.0 deg (at 290.1, err +2.1) — nothing was sent, the recorded curve was discarded, and the caller's step line will look like a turn that happened
      |         portrait_room->bar_pool_room step 2/4: 1 chunk(s) of 0.79s, change 18.6, best 18.6, hazards none — one push, so `best` IS the whole leg's travel
      |       step 2/4 bearing  292.2 (got  290.1) 0.79s -> walked 0.79s, best change 18.6
      |         turn to 285.6: TURNED to 285.3 (err +0.3) in 1 push(es)
      |         portrait_room->bar_pool_room step 3/4: 1 chunk(s) of 0.80s, change 18.0, best 18.0, hazards none — one push, so `best` IS the whole leg's travel
      |       step 3/4 bearing  285.6 (got  285.3) 0.80s -> walked 0.80s, best change 18.0
      |         turn to 287.6: NO-OP, already inside 4.0 deg (at 285.3, err +2.3) — nothing was sent, the recorded curve was discarded, and the caller's step line will look like a turn that happened
      |         portrait_room->bar_pool_room step 4/4: 1 chunk(s) of 0.23s, change 11.6, best 11.6, hazards none — one push, so `best` IS the whole leg's travel
      |       step 4/4 bearing  287.6 (got  285.3) 0.23s -> walked 0.23s, best change 11.6
      |       arrived? True  (bar_pool_room 958.000/7.850)
      |         turn to 288.2: TURNED to 288.3 (err -0.2) in 1 push(es)
      |       align at bar_pool_room: yaw nulled to 288.3 (reference 288.2) — 0.2 deg REMAINING = ~3px of phantom dx still in the dx below
      |       align: step 1/6 dx=+123.0 (prev --)
      |       align: dx=+123.0 -> strafe right 0.10s
      |       align: step 2/6 dx=+83.8 (prev +123.0)
      |       align: dx=+83.8 -> strafe right 0.10s
      |       align: dx barely changed (+84 -> +64) — blocked sideways, cannot correct from here
      |       aligned at bar_pool_room: 64px from the recorded pose
      |       align at bar_pool_room: dx +64.5px
      |     leg bar_pool_room -> bar_jukebox
      |         turn to 2.1: TURNED to 360.0 (err +2.1) in 1 push(es)
      |         bar_pool_room->bar_jukebox step 1/5: 1 chunk(s) of 0.80s, change 16.1, best 16.1, hazards none — one push, so `best` IS the whole leg's travel
      |       step 1/5 bearing    2.1 (got  360.0) 0.80s -> walked 0.80s, best change 16.1
      |         turn to 1.2: NO-OP, already inside 4.0 deg (at 360.0, err +1.2) — nothing was sent, the recorded curve was discarded, and the caller's step line will look like a turn that happened
      |         bar_pool_room->bar_jukebox step 2/5: 1 chunk(s) of 0.79s, change 9.6, best 9.6, hazards none — one push, so `best` IS the whole leg's travel
      |       step 2/5 bearing    1.2 (got  360.0) 0.79s -> walked 0.79s, best change 9.6
      |         turn to 0.8: NO-OP, already inside 4.0 deg (at 360.0, err +0.8) — nothing was sent, the recorded curve was discarded, and the caller's step line will look like a turn that happened
      |         bar_pool_room->bar_jukebox step 3/5: 1 chunk(s) of 0.80s, change 3.8, best 3.8, hazards none — one push, so `best` IS the whole leg's travel
      |       step 3/5 bearing    0.8 (got  360.0) 0.80s -> walked 0.80s, best change 3.8
      |       step 3 blocked but the scene is MOVING — an NPC in the passage, not a wall
      |       the view is featureless — this is geometry, not a mover; skipping the escape ladder it has never cleared
      |       escape ladder: did NOT clear (best 0.0 PIXELS, against SLIP_PROGRESS_PX 20.0px — NOT against STALL_CHANGE 6.0, which is grey_levels)
      |       step 3 moved only 3.8 grey_levels (< 6.0) over 0.80s — stall score 1
      |         turn to 359.4: NO-OP, already inside 4.0 deg (at 360.0, err -0.5) — nothing was sent, the recorded curve was discarded, and the caller's step line will look like a turn that happened
      |         bar_pool_room->bar_jukebox step 4/5: 1 chunk(s) of 0.79s, change 3.6, best 3.6, hazards none — one push, so `best` IS the whole leg's travel
      |       step 4/5 bearing  359.4 (got  360.0) 0.79s -> walked 0.79s, best change 3.6
      |       step 4 blocked but the scene is MOVING — an NPC in the passage, not a wall
      |       the view is featureless — this is geometry, not a mover; skipping the escape ladder it has never cleared
      |       escape ladder: did NOT clear (best 0.0 PIXELS, against SLIP_PROGRESS_PX 20.0px — NOT against STALL_CHANGE 6.0, which is grey_levels)
      |       step 4 moved only 3.6 grey_levels (< 6.0) over 0.79s — stall score 2
      |       BLOCKED on step 4; abandoning the rest of this leg rather than pushing into whatever is in the way
      |       recovery fan did not find bar_jukebox
      |       arrived? None  (unverified, abstained (0.000/0.000))
      |   arrived, but 2 node(s) could not be confirmed on the way: ['office_door', 'bar_jukebox'] — each is a hole in the reference set
      |   attempt 4/9 at bar_jukebox
      |       re-localised by turning 300 deg: portrait_room 365.000/3.150
      |   re-localised at portrait_room by turning; routing from there
      |   route: portrait_room -> bar_pool_room -> bar_jukebox  (5.3s of walking)
      |     leg portrait_room -> bar_pool_room
      |         turn to 286.6: TURNED to 286.8 (err -0.2) in 2 push(es)
      |         portrait_room->bar_pool_room step 1/4: 1 chunk(s) of 0.16s, change 10.5, best 10.5, hazards none — one push, so `best` IS the whole leg's travel
      |       step 1/4 bearing  286.6 (got  286.8) 0.16s -> walked 0.16s, best change 10.5
      |         turn to 292.2: TURNED to 291.8 (err +0.4) in 1 push(es)
      |         portrait_room->bar_pool_room step 2/4: 1 chunk(s) of 0.79s, change 20.1, best 20.1, hazards none — one push, so `best` IS the whole leg's travel
      |       step 2/4 bearing  292.2 (got  291.8) 0.79s -> walked 0.79s, best change 20.1
      |         turn to 285.6: TURNED to 285.8 (err -0.2) in 1 push(es)
      |         portrait_room->bar_pool_room step 3/4: 1 chunk(s) of 0.80s, change 23.2, best 23.2, hazards none — one push, so `best` IS the whole leg's travel
      |       step 3/4 bearing  285.6 (got  285.8) 0.80s -> walked 0.80s, best change 23.2
      |         turn to 287.6: NO-OP, already inside 4.0 deg (at 286.2, err +1.4) — nothing was sent, the recorded curve was discarded, and the caller's step line will look like a turn that happened
      |         portrait_room->bar_pool_room step 4/4: 1 chunk(s) of 0.23s, change 6.2, best 6.2, hazards none — one push, so `best` IS the whole leg's travel
      |       step 4/4 bearing  287.6 (got  286.2) 0.23s -> walked 0.23s, best change 6.2
      |       recovery fan did not find bar_pool_room
      |       arrived? None  (unverified, abstained (127.000/1.090))
      |     leg bar_pool_room -> bar_jukebox
      |         turn to 2.1: TURNED to 3.4 (err -1.3) in 2 push(es)
      |         bar_pool_room->bar_jukebox step 1/5: 1 chunk(s) of 0.80s, change 33.3, best 33.3, hazards none — one push, so `best` IS the whole leg's travel
      |       step 1/5 bearing    2.1 (got    3.4) 0.80s -> walked 0.80s, best change 33.3
      |         turn to 1.2: NO-OP, already inside 4.0 deg (at 3.4, err -2.2) — nothing was sent, the recorded curve was discarded, and the caller's step line will look like a turn that happened
      |         bar_pool_room->bar_jukebox step 2/5: 1 chunk(s) of 0.79s, change 37.7, best 37.7, hazards none — one push, so `best` IS the whole leg's travel
      |       step 2/5 bearing    1.2 (got    3.4) 0.79s -> walked 0.79s, best change 37.7
      |         turn to 0.8: TURNED to 0.3 (err +0.4) in 1 push(es)
      |         bar_pool_room->bar_jukebox step 3/5: 1 chunk(s) of 0.80s, change 37.5, best 37.5, hazards none — one push, so `best` IS the whole leg's travel
      |       step 3/5 bearing    0.8 (got    0.3) 0.80s -> walked 0.80s, best change 37.5
      |         turn to 359.4: TURNED to 358.5 (err +0.9) in 2 push(es)
      |         bar_pool_room->bar_jukebox step 4/5: 1 chunk(s) of 0.79s, change 54.9, best 54.9, hazards none — one push, so `best` IS the whole leg's travel
      |       step 4/5 bearing  359.4 (got  358.5) 0.79s -> walked 0.79s, best change 54.9
      |         turn to 359.6: NO-OP, already inside 4.0 deg (at 359.2, err +0.4) — nothing was sent, the recorded curve was discarded, and the caller's step line will look like a turn that happened
      |         bar_pool_room->bar_jukebox step 5/5: 1 chunk(s) of 0.14s, change 28.9, best 28.9, hazards none — one push, so `best` IS the whole leg's travel
      |       step 5/5 bearing  359.6 (got  359.2) 0.14s -> walked 0.14s, best change 28.9
      |       arrived? True  (bar_jukebox 142.000/2.060)
      |         turn to 1.0: TURNED to 1.4 (err -0.4) in 3 push(es)
      |       align at bar_jukebox: yaw nulled to 1.4 (reference 1.0) — 0.4 deg REMAINING = ~7px of phantom dx still in the dx below
      |       align: step 1/6 dx=-137.6 (prev --)
      |       align: dx=-137.6 -> strafe left 0.11s
      |       align: step 2/6 dx=+228.3 (prev +137.6)
      |       align: dx=+228.3 -> strafe right 0.19s
      |       align: diverging (228px vs 138px before) — stopping
      |       aligned at bar_jukebox: 228px from the recorded pose
      |       align at bar_jukebox: dx +228.3px
      |   arrived, but 1 node(s) could not be confirmed on the way: ['bar_pool_room'] — each is a hole in the reference set
      |   attempt 5/9 at bar_jukebox
      |   verified at bar_jukebox (bar_jukebox 142.000/1.950)
      |   attempt 1/9 at dealer_table
      |   route: bar_jukebox -> dealer_table  (4.1s of walking)
      |     leg bar_jukebox -> dealer_table
      |       swept 19 headings around 75; best ink 0.0001 at 115.35958904109589, prompt never appeared
      |       swept 19 headings around 77; best ink 0.0000 at None, prompt never appeared
      |       swept 19 headings around 76; best ink 0.0000 at None, prompt never appeared
      |       swept 19 headings around 75; best ink 0.0000 at None, prompt never appeared
      |       swept 19 headings around 73; best ink 0.0000 at None, prompt never appeared
      |       stepped 6.8s of a 6.5s budget without finding the prompt
      |       approach_goal: prompt not seen
      |       swept 19 headings around 75; best ink 0.0000 at None, prompt never appeared
      |       reach_table: GAVE UP
      |       arrived? False  (at_table=False)
      |     STOPPING at leg bar_jukebox -> dealer_table: the destination did not check out, so every leg after this one would be walked from an unknown position
      |   attempt 2/9 at dealer_table
      |   not at dealer_table and cannot say where this is (unrecognised (2.000/2.000)) — reloading to a known start
      |   pause menu open (selected 'Resume')
      |   selected: Load Last Save
      |   confirmation dialog up (delta 82.7) -> YES
      |   YES press 1 did not register, retrying
      |   world back after 3.1s, spawn bearing 87 (E)
      |   route: office_corridor -> office_door -> portrait_room -> bar_pool_room -> bar_jukebox -> dealer_table  (25.5s of walking)
      |     leg office_corridor -> office_door
      |         turn to 270.4: TURNED to 271.2 (err -0.8) in 2 push(es)
      |         office_corridor->office_door step 1/7: 1 chunk(s) of 0.79s, change 19.6, best 19.6, hazards none — one push, so `best` IS the whole leg's travel
      |       step 1/7 bearing  270.4 (got  271.2) 0.79s -> walked 0.79s, best change 19.6
      |         turn to 270.1: NO-OP, already inside 4.0 deg (at 271.2, err -1.1) — nothing was sent, the recorded curve was discarded, and the caller's step line will look like a turn that happened
      |         office_corridor->office_door step 2/7: 1 chunk(s) of 0.78s, change 18.9, best 18.9, hazards none — one push, so `best` IS the whole leg's travel
      |       step 2/7 bearing  270.1 (got  271.2) 0.78s -> walked 0.78s, best change 18.9
      |         turn to 270.1: NO-OP, already inside 4.0 deg (at 271.2, err -1.1) — nothing was sent, the recorded curve was discarded, and the caller's step line will look like a turn that happened
      |         office_corridor->office_door step 3/7: 1 chunk(s) of 0.78s, change 15.2, best 15.2, hazards none — one push, so `best` IS the whole leg's travel
      |       step 3/7 bearing  270.1 (got  271.2) 0.78s -> walked 0.78s, best change 15.2
      |         turn to 270.3: NO-OP, already inside 4.0 deg (at 271.2, err -1.0) — nothing was sent, the recorded curve was discarded, and the caller's step line will look like a turn that happened
      |         office_corridor->office_door step 4/7: 1 chunk(s) of 0.78s, change 11.4, best 11.4, hazards none — one push, so `best` IS the whole leg's travel
      |       step 4/7 bearing  270.3 (got  271.2) 0.78s -> walked 0.78s, best change 11.4
      |         turn to 270.1: NO-OP, already inside 4.0 deg (at 271.2, err -1.1) — nothing was sent, the recorded curve was discarded, and the caller's step line will look like a turn that happened
      |         office_corridor->office_door step 5/7: 1 chunk(s) of 0.79s, change 7.9, best 7.9, hazards none — one push, so `best` IS the whole leg's travel
      |       step 5/7 bearing  270.1 (got  271.2) 0.79s -> walked 0.79s, best change 7.9
      |         turn to 270.1: NO-OP, already inside 4.0 deg (at 271.2, err -1.1) — nothing was sent, the recorded curve was discarded, and the caller's step line will look like a turn that happened
      |         office_corridor->office_door step 6/7: 1 chunk(s) of 0.79s, change 7.9, best 7.9, hazards none — one push, so `best` IS the whole leg's travel
      |       step 6/7 bearing  270.1 (got  271.2) 0.79s -> walked 0.79s, best change 7.9
      |         turn to 270.4: NO-OP, already inside 4.0 deg (at 271.3, err -0.9) — nothing was sent, the recorded curve was discarded, and the caller's step line will look like a turn that happened
      |         office_corridor->office_door step 7/7: 1 chunk(s) of 0.42s, change 7.7, best 7.7, hazards none — one push, so `best` IS the whole leg's travel
      |       step 7/7 bearing  270.4 (got  271.3) 0.42s -> walked 0.42s, best change 7.7
      |       arrived? None  (no appearance reference by design)
      |     leg office_door -> portrait_room
      |         turn to 338.1: TURNED to 340.0 (err -1.9) in 2 push(es)
      |         office_door->portrait_room step 1/16: 1 chunk(s) of 0.79s, change 13.2, best 13.2, hazards none — one push, so `best` IS the whole leg's travel
      |       step 1/16 bearing  338.1 (got  340.0) 0.79s -> walked 0.79s, best change 13.2
      |         turn to 339.2: NO-OP, already inside 4.0 deg (at 340.0, err -0.9) — nothing was sent, the recorded curve was discarded, and the caller's step line will look like a turn that happened
      |         office_door->portrait_room step 2/16: 1 chunk(s) of 0.70s, change 19.5, best 19.5, hazards none — one push, so `best` IS the whole leg's travel
      |       step 2/16 bearing  339.2 (got  340.0) 0.70s -> walked 0.70s, best change 19.5
      |         turn to 347.9: TURNED to 347.0 (err +0.9) in 1 push(es)
      |         office_door->portrait_room step 3/16: 1 chunk(s) of 0.42s, change 27.4, best 27.4, hazards none — one push, so `best` IS the whole leg's travel
      |       step 3/16 bearing  347.9 (got  347.0) 0.42s -> walked 0.42s, best change 27.4
      |         turn to 355.2: TURNED to 353.5 (err +1.6) in 1 push(es)
      |         office_door->portrait_room step 4/16: 1 chunk(s) of 0.79s, change 42.8, best 42.8, hazards none — one push, so `best` IS the whole leg's travel
      |       step 4/16 bearing  355.2 (got  353.5) 0.79s -> walked 0.79s, best change 42.8
      |         turn to 360.0: TURNED to 358.9 (err +1.1) in 1 push(es)
      |         office_door->portrait_room step 5/16: 1 chunk(s) of 0.51s, change 22.6, best 22.6, hazards none — one push, so `best` IS the whole leg's travel
      |       step 5/16 bearing  360.0 (got  358.9) 0.51s -> walked 0.51s, best change 22.6
      |         turn to 8.6: TURNED to 8.9 (err -0.3) in 1 push(es)
      |         office_door->portrait_room step 6/16: 1 chunk(s) of 0.78s, change 18.2, best 18.2, hazards none — one push, so `best` IS the whole leg's travel
      |       step 6/16 bearing    8.6 (got    8.9) 0.78s -> walked 0.78s, best change 18.2
      |         turn to 7.7: NO-OP, already inside 4.0 deg (at 8.8, err -1.1) — nothing was sent, the recorded curve was discarded, and the caller's step line will look like a turn that happened
      |         office_door->portrait_room step 7/16: 1 chunk(s) of 0.78s, change 31.2, best 31.2, hazards none — one push, so `best` IS the whole leg's travel
      |       step 7/16 bearing    7.7 (got    8.8) 0.78s -> walked 0.78s, best change 31.2
      |         turn to 1.7: TURNED to 3.3 (err -1.6) in 1 push(es)
      |         office_door->portrait_room step 8/16: 1 chunk(s) of 0.80s, change 34.5, best 34.5, hazards none — one push, so `best` IS the whole leg's travel
      |       step 8/16 bearing    1.7 (got    3.3) 0.80s -> walked 0.80s, best change 34.5
      |         turn to 359.6: NO-OP, already inside 4.0 deg (at 3.3, err -3.7) — nothing was sent, the recorded curve was discarded, and the caller's step line will look like a turn that happened
      |         office_door->portrait_room step 9/16: 1 chunk(s) of 0.36s, change 18.5, best 18.5, hazards none — one push, so `best` IS the whole leg's travel
      |       step 9/16 bearing  359.6 (got    3.3) 0.36s -> walked 0.36s, best change 18.5
      |         turn to 359.4: NO-OP, already inside 4.0 deg (at 3.3, err -3.9) — nothing was sent, the recorded curve was discarded, and the caller's step line will look like a turn that happened
      |         office_door->portrait_room step 10/16: 1 chunk(s) of 0.78s, change 18.5, best 18.5, hazards none — one push, so `best` IS the whole leg's travel
      |       step 10/16 bearing  359.4 (got    3.3) 0.78s -> walked 0.78s, best change 18.5
      |         turn to 357.9: TURNED to 359.2 (err -1.4) in 1 push(es)
      |         office_door->portrait_room step 11/16: 1 chunk(s) of 0.79s, change 18.2, best 18.2, hazards none — one push, so `best` IS the whole leg's travel
      |       step 11/16 bearing  357.9 (got  359.2) 0.79s -> walked 0.79s, best change 18.2
      |         turn to 358.0: NO-OP, already inside 4.0 deg (at 359.4, err -1.3) — nothing was sent, the recorded curve was discarded, and the caller's step line will look like a turn that happened
      |         office_door->portrait_room step 12/16: 1 chunk(s) of 0.79s, change 19.5, best 19.5, hazards none — one push, so `best` IS the whole leg's travel
      |       step 12/16 bearing  358.0 (got  359.4) 0.79s -> walked 0.79s, best change 19.5
      |         turn to 357.8: NO-OP, already inside 4.0 deg (at 359.3, err -1.4) — nothing was sent, the recorded curve was discarded, and the caller's step line will look like a turn that happened
      |         office_door->portrait_room step 13/16: 1 chunk(s) of 0.79s, change 24.3, best 24.3, hazards none — one push, so `best` IS the whole leg's travel
      |       step 13/16 bearing  357.8 (got  359.3) 0.79s -> walked 0.79s, best change 24.3
      |         turn to 357.9: NO-OP, already inside 4.0 deg (at 359.4, err -1.4) — nothing was sent, the recorded curve was discarded, and the caller's step line will look like a turn that happened
      |         office_door->portrait_room step 14/16: 1 chunk(s) of 0.79s, change 26.9, best 26.9, hazards none — one push, so `best` IS the whole leg's travel
      |       step 14/16 bearing  357.9 (got  359.4) 0.79s -> walked 0.79s, best change 26.9
      |         turn to 0.8: NO-OP, already inside 4.0 deg (at 359.3, err +1.5) — nothing was sent, the recorded curve was discarded, and the caller's step line will look like a turn that happened
      |         office_door->portrait_room step 15/16: 1 chunk(s) of 0.79s, change 25.2, best 25.2, hazards none — one push, so `best` IS the whole leg's travel
      |       step 15/16 bearing    0.8 (got  359.3) 0.79s -> walked 0.79s, best change 25.2
      |         turn to 4.0: TURNED to 1.3 (err +2.6) in 1 push(es)
      |         office_door->portrait_room step 16/16: 1 chunk(s) of 0.36s, change 14.7, best 14.7, hazards none — one push, so `best` IS the whole leg's travel
      |       step 16/16 bearing    4.0 (got    1.3) 0.36s -> walked 0.36s, best change 14.7
      |       arrived? True  (portrait_room 657.000/5.570)
      |         turn to 1.5: NO-OP, already inside 0.5 deg (at 1.3, err +0.1) — nothing was sent, the recorded curve was discarded, and the caller's step line will look like a turn that happened
      |       align at portrait_room: yaw nulled to 1.3 (reference 1.5) — 0.1 deg REMAINING = ~3px of phantom dx still in the dx below
      |       align: within 35px (dx=+18.0) after 0 step(s)
      |       aligned at portrait_room: 18px from the recorded pose
      |       align at portrait_room: dx +18.0px
      |     leg portrait_room -> bar_pool_room
      |         turn to 286.6: TURNED to 286.3 (err +0.3) in 2 push(es)
      |         portrait_room->bar_pool_room step 1/4: 1 chunk(s) of 0.16s, change 10.0, best 10.0, hazards none — one push, so `best` IS the whole leg's travel
      |       step 1/4 bearing  286.6 (got  286.3) 0.16s -> walked 0.16s, best change 10.0
      |         turn to 292.2: TURNED to 290.0 (err +2.2) in 1 push(es)
      |         portrait_room->bar_pool_room step 2/4: 1 chunk(s) of 0.79s, change 18.8, best 18.8, hazards none — one push, so `best` IS the whole leg's travel
      |       step 2/4 bearing  292.2 (got  290.0) 0.79s -> walked 0.79s, best change 18.8
      |         turn to 285.6: TURNED to 284.0 (err +1.6) in 1 push(es)
      |         portrait_room->bar_pool_room step 3/4: 1 chunk(s) of 0.80s, change 17.5, best 17.5, hazards none — one push, so `best` IS the whole leg's travel
      |       step 3/4 bearing  285.6 (got  284.0) 0.80s -> walked 0.80s, best change 17.5
      |         turn to 287.6: NO-OP, already inside 4.0 deg (at 284.0, err +3.6) — nothing was sent, the recorded curve was discarded, and the caller's step line will look like a turn that happened
      |         portrait_room->bar_pool_room step 4/4: 1 chunk(s) of 0.23s, change 11.2, best 11.2, hazards none — one push, so `best` IS the whole leg's travel
      |       step 4/4 bearing  287.6 (got  284.0) 0.23s -> walked 0.23s, best change 11.2
      |       arrived? True  (bar_pool_room 826.000/6.030)
      |         turn to 288.2: TURNED to 288.1 (err +0.0) in 1 push(es)
      |       align at bar_pool_room: yaw nulled to 288.1 (reference 288.2) — 0.0 deg REMAINING = ~0px of phantom dx still in the dx below
      |       align: step 1/6 dx=+139.2 (prev --)
      |       align: dx=+139.2 -> strafe right 0.12s
      |       align: step 2/6 dx=+96.5 (prev +139.2)
      |       align: dx=+96.5 -> strafe right 0.10s
      |       align: step 3/6 dx=+72.2 (prev +96.5)
      |       align: dx=+72.2 -> strafe right 0.10s
      |       align: dx barely changed (+72 -> +61) — blocked sideways, cannot correct from here
      |       aligned at bar_pool_room: 61px from the recorded pose
      |       align at bar_pool_room: dx +61.0px
      |     leg bar_pool_room -> bar_jukebox
      |         turn to 2.1: TURNED to 5.9 (err -3.9) in 1 push(es)
      |         bar_pool_room->bar_jukebox step 1/5: 1 chunk(s) of 0.80s, change 17.9, best 17.9, hazards none — one push, so `best` IS the whole leg's travel
      |       step 1/5 bearing    2.1 (got    5.9) 0.80s -> walked 0.80s, best change 17.9
      |         turn to 1.2: TURNED to 1.9 (err -0.7) in 1 push(es)
      |         bar_pool_room->bar_jukebox step 2/5: 1 chunk(s) of 0.79s, change 8.6, best 8.6, hazards none — one push, so `best` IS the whole leg's travel
      |       step 2/5 bearing    1.2 (got    1.9) 0.79s -> walked 0.79s, best change 8.6
      |         turn to 0.8: NO-OP, already inside 4.0 deg (at 1.9, err -1.1) — nothing was sent, the recorded curve was discarded, and the caller's step line will look like a turn that happened
      |         bar_pool_room->bar_jukebox step 3/5: 1 chunk(s) of 0.80s, change 2.1, best 2.1, hazards SHORT — one push, so `best` IS the whole leg's travel
      |       step 3/5 bearing    0.8 (got    1.9) 0.80s -> walked 0.80s, best change 2.1
      |       step 3 blocked but the scene is MOVING — an NPC in the passage, not a wall
      |       the view is featureless — this is geometry, not a mover; skipping the escape ladder it has never cleared
      |       escape ladder: did NOT clear (best 0.0 PIXELS, against SLIP_PROGRESS_PX 20.0px — NOT against STALL_CHANGE 6.0, which is grey_levels)
      |       step 3 moved only 2.1 grey_levels (< 6.0) over 0.80s — stall score 1
      |         turn to 359.4: NO-OP, already inside 4.0 deg (at 1.9, err -2.4) — nothing was sent, the recorded curve was discarded, and the caller's step line will look like a turn that happened
      |         bar_pool_room->bar_jukebox step 4/5: 1 chunk(s) of 0.79s, change 5.8, best 5.8, hazards none — one push, so `best` IS the whole leg's travel
      |       step 4/5 bearing  359.4 (got    1.9) 0.79s -> walked 0.79s, best change 5.8
      |       step 4 blocked but the scene is MOVING — an NPC in the passage, not a wall
      |       the view is featureless — this is geometry, not a mover; skipping the escape ladder it has never cleared
      |       escape ladder: did NOT clear (best 0.0 PIXELS, against SLIP_PROGRESS_PX 20.0px — NOT against STALL_CHANGE 6.0, which is grey_levels)
      |       step 4 moved only 5.8 grey_levels (< 6.0) over 0.79s — stall score 2
      |       BLOCKED on step 4; abandoning the rest of this leg rather than pushing into whatever is in the way
      |       recovery fan did not find bar_jukebox
      |       arrived? None  (unverified, abstained (1.000/1.000))
      |     leg bar_jukebox -> dealer_table
      |       swept 19 headings around 76; best ink 0.0003 at 55.79759862778731, prompt never appeared
      |       swept 19 headings around 77; best ink 0.0148 at 316.88026599322313, prompt never appeared
      |       no compass reading, so there is no arc to sweep
      |       no compass reading, so there is no arc to sweep
      |       swept 19 headings around 76; best ink 0.0000 at None, prompt never appeared
      |       stepped 6.8s of a 6.5s budget without finding the prompt
      |       approach_goal: prompt not seen
      |       no compass reading, so there is no arc to sweep
      |       reach_table: GAVE UP
      |       arrived? False  (at_table=False)
      |     STOPPING at leg bar_jukebox -> dealer_table: the destination did not check out, so every leg after this one would be walked from an unknown position
      |   attempt 3/9 at dealer_table
      |       no compass reading — the relocalise sweep did NOT run (this is not 'nothing was recognised')
      |   not at dealer_table and cannot say where this is (unrecognised (2.000/2.000)) — reloading to a known start
      |   pause menu open (selected 'Resume')
      |   selected: Load Last Save
      |   confirmation dialog up (delta 79.4) -> YES
      |   world back after 3.1s, spawn bearing 87 (E)
      |   route: office_corridor -> office_door -> portrait_room -> bar_pool_room -> bar_jukebox -> dealer_table  (25.5s of walking)
      |     leg office_corridor -> office_door
      |         turn to 270.4: TURNED to 270.1 (err +0.3) in 3 push(es)
      |         office_corridor->office_door step 1/7: 1 chunk(s) of 0.79s, change 19.5, best 19.5, hazards none — one push, so `best` IS the whole leg's travel
      |       step 1/7 bearing  270.4 (got  270.1) 0.79s -> walked 0.79s, best change 19.5
      |         turn to 270.1: NO-OP, already inside 4.0 deg (at 270.0, err +0.1) — nothing was sent, the recorded curve was discarded, and the caller's step line will look like a turn that happened
      |         office_corridor->office_door step 2/7: 1 chunk(s) of 0.78s, change 17.9, best 17.9, hazards none — one push, so `best` IS the whole leg's travel
      |       step 2/7 bearing  270.1 (got  270.0) 0.78s -> walked 0.78s, best change 17.9
      |         turn to 270.1: NO-OP, already inside 4.0 deg (at 270.1, err +0.0) — nothing was sent, the recorded curve was discarded, and the caller's step line will look like a turn that happened
      |         office_corridor->office_door step 3/7: 1 chunk(s) of 0.78s, change 13.9, best 13.9, hazards none — one push, so `best` IS the whole leg's travel
      |       step 3/7 bearing  270.1 (got  270.1) 0.78s -> walked 0.78s, best change 13.9
      |         turn to 270.3: NO-OP, already inside 4.0 deg (at 270.1, err +0.1) — nothing was sent, the recorded curve was discarded, and the caller's step line will look like a turn that happened
      |         office_corridor->office_door step 4/7: 1 chunk(s) of 0.78s, change 10.2, best 10.2, hazards none — one push, so `best` IS the whole leg's travel
      |       step 4/7 bearing  270.3 (got  270.1) 0.78s -> walked 0.78s, best change 10.2
      |         turn to 270.1: NO-OP, already inside 4.0 deg (at 270.2, err -0.0) — nothing was sent, the recorded curve was discarded, and the caller's step line will look like a turn that happened
      |         office_corridor->office_door step 5/7: 1 chunk(s) of 0.79s, change 10.5, best 10.5, hazards none — one push, so `best` IS the whole leg's travel
      |       step 5/7 bearing  270.1 (got  270.2) 0.79s -> walked 0.79s, best change 10.5
      |         turn to 270.1: NO-OP, already inside 4.0 deg (at 270.1, err -0.0) — nothing was sent, the recorded curve was discarded, and the caller's step line will look like a turn that happened
      |         office_corridor->office_door step 6/7: 1 chunk(s) of 0.79s, change 6.1, best 6.1, hazards none — one push, so `best` IS the whole leg's travel
      |       step 6/7 bearing  270.1 (got  270.1) 0.79s -> walked 0.79s, best change 6.1
      |         turn to 270.4: NO-OP, already inside 4.0 deg (at 270.1, err +0.2) — nothing was sent, the recorded curve was discarded, and the caller's step line will look like a turn that happened
      |         office_corridor->office_door step 7/7: 1 chunk(s) of 0.42s, change 6.2, best 6.2, hazards none — one push, so `best` IS the whole leg's travel
      |       step 7/7 bearing  270.4 (got  270.1) 0.42s -> walked 0.42s, best change 6.2
      |       arrived? None  (no appearance reference by design)
      |     leg office_door -> portrait_room
      |         turn to 338.1: TURNED to 340.5 (err -2.4) in 1 push(es)
      |         office_door->portrait_room step 1/16: 1 chunk(s) of 0.79s, change 12.4, best 12.4, hazards none — one push, so `best` IS the whole leg's travel
      |       step 1/16 bearing  338.1 (got  340.5) 0.79s -> walked 0.79s, best change 12.4
      |         turn to 339.2: NO-OP, already inside 4.0 deg (at 340.6, err -1.4) — nothing was sent, the recorded curve was discarded, and the caller's step line will look like a turn that happened
      |         office_door->portrait_room step 2/16: 1 chunk(s) of 0.70s, change 16.6, best 16.6, hazards none — one push, so `best` IS the whole leg's travel
      |       step 2/16 bearing  339.2 (got  340.6) 0.70s -> walked 0.70s, best change 16.6
      |         turn to 347.9: TURNED to 348.0 (err -0.1) in 1 push(es)
      |         office_door->portrait_room step 3/16: 1 chunk(s) of 0.42s, change 21.9, best 21.9, hazards none — one push, so `best` IS the whole leg's travel
      |       step 3/16 bearing  347.9 (got  348.0) 0.42s -> walked 0.42s, best change 21.9
      |         turn to 355.2: TURNED to 353.9 (err +1.3) in 1 push(es)
      |         office_door->portrait_room step 4/16: 1 chunk(s) of 0.79s, change 41.9, best 41.9, hazards none — one push, so `best` IS the whole leg's travel
      |       step 4/16 bearing  355.2 (got  353.9) 0.79s -> walked 0.79s, best change 41.9
      |         turn to 360.0: TURNED to 2.8 (err -2.8) in 1 push(es)
      |         office_door->portrait_room step 5/16: 1 chunk(s) of 0.51s, change 24.7, best 24.7, hazards none — one push, so `best` IS the whole leg's travel
      |       step 5/16 bearing  360.0 (got    2.8) 0.51s -> walked 0.51s, best change 24.7
      |         turn to 8.6: TURNED to 6.5 (err +2.1) in 1 push(es)
      |         office_door->portrait_room step 6/16: 1 chunk(s) of 0.78s, change 18.7, best 18.7, hazards none — one push, so `best` IS the whole leg's travel
      |       step 6/16 bearing    8.6 (got    6.5) 0.78s -> walked 0.78s, best change 18.7
      |         turn to 7.7: NO-OP, already inside 4.0 deg (at 6.5, err +1.3) — nothing was sent, the recorded curve was discarded, and the caller's step line will look like a turn that happened
      |         office_door->portrait_room step 7/16: 1 chunk(s) of 0.78s, change 28.5, best 28.5, hazards none — one push, so `best` IS the whole leg's travel
      |       step 7/16 bearing    7.7 (got    6.5) 0.78s -> walked 0.78s, best change 28.5
      |         turn to 1.7: TURNED to 1.5 (err +0.2) in 1 push(es)
      |         office_door->portrait_room step 8/16: 1 chunk(s) of 0.80s, change 32.7, best 32.7, hazards none — one push, so `best` IS the whole leg's travel
      |       step 8/16 bearing    1.7 (got    1.5) 0.80s -> walked 0.80s, best change 32.7
      |         turn to 359.6: NO-OP, already inside 4.0 deg (at 1.5, err -1.9) — nothing was sent, the recorded curve was discarded, and the caller's step line will look like a turn that happened
      |         office_door->portrait_room step 9/16: 1 chunk(s) of 0.36s, change 21.6, best 21.6, hazards none — one push, so `best` IS the whole leg's travel
      |       step 9/16 bearing  359.6 (got    1.5) 0.36s -> walked 0.36s, best change 21.6
      |         turn to 359.4: NO-OP, already inside 4.0 deg (at 1.5, err -2.2) — nothing was sent, the recorded curve was discarded, and the caller's step line will look like a turn that happened
      |         office_door->portrait_room step 10/16: 1 chunk(s) of 0.78s, change 22.5, best 22.5, hazards none — one push, so `best` IS the whole leg's travel
      |       step 10/16 bearing  359.4 (got    1.5) 0.78s -> walked 0.78s, best change 22.5
      |         turn to 357.9: NO-OP, already inside 4.0 deg (at 1.5, err -3.7) — nothing was sent, the recorded curve was discarded, and the caller's step line will look like a turn that happened
      |         office_door->portrait_room step 11/16: 1 chunk(s) of 0.79s, change 20.4, best 20.4, hazards none — one push, so `best` IS the whole leg's travel
      |       step 11/16 bearing  357.9 (got    1.5) 0.79s -> walked 0.79s, best change 20.4
      |         turn to 358.0: NO-OP, already inside 4.0 deg (at 1.5, err -3.5) — nothing was sent, the recorded curve was discarded, and the caller's step line will look like a turn that happened
      |         office_door->portrait_room step 12/16: 1 chunk(s) of 0.79s, change 17.5, best 17.5, hazards none — one push, so `best` IS the whole leg's travel
      |       step 12/16 bearing  358.0 (got    1.5) 0.79s -> walked 0.79s, best change 17.5
      |         turn to 357.8: NO-OP, already inside 4.0 deg (at 1.5, err -3.7) — nothing was sent, the recorded curve was discarded, and the caller's step line will look like a turn that happened
      |         office_door->portrait_room step 13/16: 1 chunk(s) of 0.79s, change 22.1, best 22.1, hazards none — one push, so `best` IS the whole leg's travel
      |       step 13/16 bearing  357.8 (got    1.5) 0.79s -> walked 0.79s, best change 22.1
      |         turn to 357.9: NO-OP, already inside 4.0 deg (at 1.6, err -3.7) — nothing was sent, the recorded curve was discarded, and the caller's step line will look like a turn that happened
      |         office_door->portrait_room step 14/16: 1 chunk(s) of 0.79s, change 28.1, best 28.1, hazards none — one push, so `best` IS the whole leg's travel
      |       step 14/16 bearing  357.9 (got    1.6) 0.79s -> walked 0.79s, best change 28.1
      |         turn to 0.8: NO-OP, already inside 4.0 deg (at 1.6, err -0.8) — nothing was sent, the recorded curve was discarded, and the caller's step line will look like a turn that happened
      |         office_door->portrait_room step 15/16: 1 chunk(s) of 0.79s, change 27.2, best 27.2, hazards none — one push, so `best` IS the whole leg's travel
      |       step 15/16 bearing    0.8 (got    1.6) 0.79s -> walked 0.79s, best change 27.2
      |         turn to 4.0: NO-OP, already inside 4.0 deg (at 1.5, err +2.4) — nothing was sent, the recorded curve was discarded, and the caller's step line will look like a turn that happened
      |         office_door->portrait_room step 16/16: 1 chunk(s) of 0.36s, change 17.1, best 17.1, hazards none — one push, so `best` IS the whole leg's travel
      |       step 16/16 bearing    4.0 (got    1.5) 0.36s -> walked 0.36s, best change 17.1
      |       arrived? True  (portrait_room 777.000/6.120)
      |         turn to 1.5: NO-OP, already inside 0.5 deg (at 1.5, err -0.1) — nothing was sent, the recorded curve was discarded, and the caller's step line will look like a turn that happened
      |       align at portrait_room: yaw nulled to 1.5 (reference 1.5) — 0.1 deg REMAINING = ~1px of phantom dx still in the dx below
      |       align: step 1/6 dx=-65.7 (prev --)
      |       align: dx=-65.7 -> strafe left 0.10s
      |       align: within 35px (dx=-28.9) after 1 step(s)
      |       aligned at portrait_room: 29px from the recorded pose
      |       align at portrait_room: dx +28.9px
      |     leg portrait_room -> bar_pool_room
      |         turn to 286.6: TURNED to 286.8 (err -0.3) in 2 push(es)
      |         portrait_room->bar_pool_room step 1/4: 1 chunk(s) of 0.16s, change 13.9, best 13.9, hazards none — one push, so `best` IS the whole leg's travel
      |       step 1/4 bearing  286.6 (got  286.8) 0.16s -> walked 0.16s, best change 13.9
      |         turn to 292.2: TURNED to 293.8 (err -1.6) in 1 push(es)
      |         portrait_room->bar_pool_room step 2/4: 1 chunk(s) of 0.79s, change 17.6, best 17.6, hazards none — one push, so `best` IS the whole leg's travel
      |       step 2/4 bearing  292.2 (got  293.8) 0.79s -> walked 0.79s, best change 17.6
      |         turn to 285.6: TURNED to 289.0 (err -3.4) in 1 push(es)
      |         portrait_room->bar_pool_room step 3/4: 1 chunk(s) of 0.80s, change 17.1, best 17.1, hazards none — one push, so `best` IS the whole leg's travel
      |       step 3/4 bearing  285.6 (got  289.0) 0.80s -> walked 0.80s, best change 17.1
      |         turn to 287.6: NO-OP, already inside 4.0 deg (at 288.9, err -1.4) — nothing was sent, the recorded curve was discarded, and the caller's step line will look like a turn that happened
      |         portrait_room->bar_pool_room step 4/4: 1 chunk(s) of 0.23s, change 9.9, best 9.9, hazards none — one push, so `best` IS the whole leg's travel
      |       step 4/4 bearing  287.6 (got  288.9) 0.23s -> walked 0.23s, best change 9.9
      |       arrived? True  (bar_pool_room 507.000/4.220)
      |         turn to 288.2: TURNED to 287.8 (err +0.4) in 1 push(es)
      |       align at bar_pool_room: yaw nulled to 287.8 (reference 288.2) — 0.4 deg REMAINING = ~7px of phantom dx still in the dx below
      |       align: step 1/6 dx=+114.2 (prev --)
      |       align: dx=+114.2 -> strafe right 0.10s
      |       align: step 2/6 dx=+78.8 (prev +114.2)
      |       align: dx=+78.8 -> strafe right 0.10s
      |       align: dx barely changed (+79 -> +68) — blocked sideways, cannot correct from here
      |       aligned at bar_pool_room: 68px from the recorded pose
      |       align at bar_pool_room: dx +67.9px
      |     leg bar_pool_room -> bar_jukebox
      |         turn to 2.1: TURNED to 358.2 (err +3.9) in 1 push(es)
      |         bar_pool_room->bar_jukebox step 1/5: 1 chunk(s) of 0.80s, change 16.6, best 16.6, hazards none — one push, so `best` IS the whole leg's travel
      |       step 1/5 bearing    2.1 (got  358.2) 0.80s -> walked 0.80s, best change 16.6
      |         turn to 1.2: NO-OP, already inside 4.0 deg (at 358.2, err +3.0) — nothing was sent, the recorded curve was discarded, and the caller's step line will look like a turn that happened
      |         bar_pool_room->bar_jukebox step 2/5: 1 chunk(s) of 0.79s, change 8.5, best 8.5, hazards none — one push, so `best` IS the whole leg's travel
      |       step 2/5 bearing    1.2 (got  358.2) 0.79s -> walked 0.79s, best change 8.5
      |         turn to 0.8: NO-OP, already inside 4.0 deg (at 358.2, err +2.6) — nothing was sent, the recorded curve was discarded, and the caller's step line will look like a turn that happened
      |         bar_pool_room->bar_jukebox step 3/5: 1 chunk(s) of 0.80s, change 3.0, best 3.0, hazards none — one push, so `best` IS the whole leg's travel
      |       step 3/5 bearing    0.8 (got  358.2) 0.80s -> walked 0.80s, best change 3.0
      |       step 3 blocked but the scene is MOVING — an NPC in the passage, not a wall
      |       the view is featureless — this is geometry, not a mover; skipping the escape ladder it has never cleared
      |       escape ladder: did NOT clear (best 0.0 PIXELS, against SLIP_PROGRESS_PX 20.0px — NOT against STALL_CHANGE 6.0, which is grey_levels)
      |       step 3 moved only 3.0 grey_levels (< 6.0) over 0.80s — stall score 1
      |         turn to 359.4: NO-OP, already inside 4.0 deg (at 358.2, err +1.2) — nothing was sent, the recorded curve was discarded, and the caller's step line will look like a turn that happened
      |         bar_pool_room->bar_jukebox step 4/5: 1 chunk(s) of 0.79s, change 4.2, best 4.2, hazards none — one push, so `best` IS the whole leg's travel
      |       step 4/5 bearing  359.4 (got  358.2) 0.79s -> walked 0.79s, best change 4.2
      |       step 4 blocked but the scene is MOVING — an NPC in the passage, not a wall
      |       the view is featureless — this is geometry, not a mover; skipping the escape ladder it has never cleared
      |       escape ladder: did NOT clear (best 0.0 PIXELS, against SLIP_PROGRESS_PX 20.0px — NOT against STALL_CHANGE 6.0, which is grey_levels)
      |       step 4 moved only 4.2 grey_levels (< 6.0) over 0.79s — stall score 2
      |       BLOCKED on step 4; abandoning the rest of this leg rather than pushing into whatever is in the way
      |       recovery fan did not find bar_jukebox
      |       arrived? None  (unverified, abstained (2.000/2.000))
      |     leg bar_jukebox -> dealer_table
      |       swept 19 headings around 78; best ink 0.0008 at 57.83382054471144, prompt never appeared
      |       swept 19 headings around 74; best ink 0.0000 at None, prompt never appeared
      |       no compass reading, so there is no arc to sweep
      |       no compass reading, so there is no arc to sweep
      |       no compass reading, so there is no arc to sweep
      |       stepped 6.8s of a 6.5s budget without finding the prompt
      |       approach_goal: prompt not seen
      |       no compass reading, so there is no arc to sweep
      |       reach_table: GAVE UP
      |       arrived? False  (at_table=False)
      |     STOPPING at leg bar_jukebox -> dealer_table: the destination did not check out, so every leg after this one would be walked from an unknown position
      |   attempt 4/9 at dealer_table
      |   not at dealer_table and cannot say where this is (unrecognised (2.000/2.000)) — reloading to a known start
      |   pause menu open (selected 'Resume')
      |   selected: Load Last Save
      |   confirmation dialog up (delta 78.5) -> YES
      |   world back after 3.1s, spawn bearing 87 (E)
      |   route: office_corridor -> office_door -> portrait_room -> bar_pool_room -> bar_jukebox -> dealer_table  (25.5s of walking)
      |     leg office_corridor -> office_door
      |         turn to 270.4: TURNED to 272.0 (err -1.5) in 2 push(es)
      |         office_corridor->office_door step 1/7: 1 chunk(s) of 0.79s, change 19.2, best 19.2, hazards none — one push, so `best` IS the whole leg's travel
      |       step 1/7 bearing  270.4 (got  272.0) 0.79s -> walked 0.79s, best change 19.2
      |         turn to 270.1: NO-OP, already inside 4.0 deg (at 272.0, err -1.9) — nothing was sent, the recorded curve was discarded, and the caller's step line will look like a turn that happened
      |         office_corridor->office_door step 2/7: 1 chunk(s) of 0.78s, change 18.1, best 18.1, hazards none — one push, so `best` IS the whole leg's travel
      |       step 2/7 bearing  270.1 (got  272.0) 0.78s -> walked 0.78s, best change 18.1
      |         turn to 270.1: NO-OP, already inside 4.0 deg (at 272.0, err -1.8) — nothing was sent, the recorded curve was discarded, and the caller's step line will look like a turn that happened
      |         office_corridor->office_door step 3/7: 1 chunk(s) of 0.78s, change 15.3, best 15.3, hazards none — one push, so `best` IS the whole leg's travel
      |       step 3/7 bearing  270.1 (got  272.0) 0.78s -> walked 0.78s, best change 15.3
      |         turn to 270.3: NO-OP, already inside 4.0 deg (at 272.0, err -1.7) — nothing was sent, the recorded curve was discarded, and the caller's step line will look like a turn that happened
      |         office_corridor->office_door step 4/7: 1 chunk(s) of 0.78s, change 11.6, best 11.6, hazards none — one push, so `best` IS the whole leg's travel
      |       step 4/7 bearing  270.3 (got  272.0) 0.78s -> walked 0.78s, best change 11.6
      |         turn to 270.1: NO-OP, already inside 4.0 deg (at 271.9, err -1.8) — nothing was sent, the recorded curve was discarded, and the caller's step line will look like a turn that happened
      |         office_corridor->office_door step 5/7: 1 chunk(s) of 0.79s, change 9.6, best 9.6, hazards none — one push, so `best` IS the whole leg's travel
      |       step 5/7 bearing  270.1 (got  271.9) 0.79s -> walked 0.79s, best change 9.6
      |         turn to 270.1: NO-OP, already inside 4.0 deg (at 272.0, err -1.9) — nothing was sent, the recorded curve was discarded, and the caller's step line will look like a turn that happened
      |         office_corridor->office_door step 6/7: 1 chunk(s) of 0.79s, change 6.9, best 6.9, hazards none — one push, so `best` IS the whole leg's travel
      |       step 6/7 bearing  270.1 (got  272.0) 0.79s -> walked 0.79s, best change 6.9
      |         turn to 270.4: NO-OP, already inside 4.0 deg (at 272.0, err -1.6) — nothing was sent, the recorded curve was discarded, and the caller's step line will look like a turn that happened
      |         office_corridor->office_door step 7/7: 1 chunk(s) of 0.42s, change 6.8, best 6.8, hazards none — one push, so `best` IS the whole leg's travel
      |       step 7/7 bearing  270.4 (got  272.0) 0.42s -> walked 0.42s, best change 6.8
      |       arrived? None  (no appearance reference by design)
      |     leg office_door -> portrait_room
      |         turn to 338.1: TURNED to 338.7 (err -0.6) in 1 push(es)
      |         office_door->portrait_room step 1/16: 1 chunk(s) of 0.79s, change 12.8, best 12.8, hazards none — one push, so `best` IS the whole leg's travel
      |       step 1/16 bearing  338.1 (got  338.7) 0.79s -> walked 0.79s, best change 12.8
      |         turn to 339.2: NO-OP, already inside 4.0 deg (at 338.7, err +0.5) — nothing was sent, the recorded curve was discarded, and the caller's step line will look like a turn that happened
      |         office_door->portrait_room step 2/16: 1 chunk(s) of 0.70s, change 19.2, best 19.2, hazards none — one push, so `best` IS the whole leg's travel
      |       step 2/16 bearing  339.2 (got  338.7) 0.70s -> walked 0.70s, best change 19.2
      |         turn to 347.9: TURNED to 345.4 (err +2.5) in 1 push(es)
      |         office_door->portrait_room step 3/16: 1 chunk(s) of 0.42s, change 23.4, best 23.4, hazards none — one push, so `best` IS the whole leg's travel
      |       step 3/16 bearing  347.9 (got  345.4) 0.42s -> walked 0.42s, best change 23.4
      |         turn to 355.2: TURNED to 355.5 (err -0.4) in 1 push(es)
      |         office_door->portrait_room step 4/16: 1 chunk(s) of 0.79s, change 40.4, best 40.4, hazards none — one push, so `best` IS the whole leg's travel
      |       step 4/16 bearing  355.2 (got  355.5) 0.79s -> walked 0.79s, best change 40.4
      |         turn to 360.0: TURNED to 0.0 (err -0.0) in 1 push(es)
      |         office_door->portrait_room step 5/16: 1 chunk(s) of 0.51s, change 21.7, best 21.7, hazards none — one push, so `best` IS the whole leg's travel
      |       step 5/16 bearing  360.0 (got    0.0) 0.51s -> walked 0.51s, best change 21.7
      |         turn to 8.6: TURNED to 7.6 (err +1.0) in 1 push(es)
      |         office_door->portrait_room step 6/16: 1 chunk(s) of 0.78s, change 19.2, best 19.2, hazards none — one push, so `best` IS the whole leg's travel
      |       step 6/16 bearing    8.6 (got    7.6) 0.78s -> walked 0.78s, best change 19.2
      |         turn to 7.7: NO-OP, already inside 4.0 deg (at 7.6, err +0.1) — nothing was sent, the recorded curve was discarded, and the caller's step line will look like a turn that happened
      |         office_door->portrait_room step 7/16: 1 chunk(s) of 0.78s, change 28.6, best 28.6, hazards none — one push, so `best` IS the whole leg's travel
      |       step 7/16 bearing    7.7 (got    7.6) 0.78s -> walked 0.78s, best change 28.6
      |         turn to 1.7: TURNED to 4.0 (err -2.3) in 1 push(es)
      |         office_door->portrait_room step 8/16: 1 chunk(s) of 0.80s, change 32.1, best 32.1, hazards none — one push, so `best` IS the whole leg's travel
      |       step 8/16 bearing    1.7 (got    4.0) 0.80s -> walked 0.80s, best change 32.1
      |         turn to 359.6: TURNED to 359.2 (err +0.4) in 1 push(es)
      |         office_door->portrait_room step 9/16: 1 chunk(s) of 0.36s, change 17.9, best 17.9, hazards none — one push, so `best` IS the whole leg's travel
      |       step 9/16 bearing  359.6 (got  359.2) 0.36s -> walked 0.36s, best change 17.9
      |         turn to 359.4: NO-OP, already inside 4.0 deg (at 359.3, err +0.1) — nothing was sent, the recorded curve was discarded, and the caller's step line will look like a turn that happened
      |         office_door->portrait_room step 10/16: 1 chunk(s) of 0.78s, change 21.1, best 21.1, hazards none — one push, so `best` IS the whole leg's travel
      |       step 10/16 bearing  359.4 (got  359.3) 0.78s -> walked 0.78s, best change 21.1
      |         turn to 357.9: NO-OP, already inside 4.0 deg (at 359.2, err -1.4) — nothing was sent, the recorded curve was discarded, and the caller's step line will look like a turn that happened
      |         office_door->portrait_room step 11/16: 1 chunk(s) of 0.79s, change 19.5, best 19.5, hazards none — one push, so `best` IS the whole leg's travel
      |       step 11/16 bearing  357.9 (got  359.2) 0.79s -> walked 0.79s, best change 19.5
      |         turn to 358.0: NO-OP, already inside 4.0 deg (at 359.2, err -1.2) — nothing was sent, the recorded curve was discarded, and the caller's step line will look like a turn that happened
      |         office_door->portrait_room step 12/16: 1 chunk(s) of 0.79s, change 19.9, best 19.9, hazards none — one push, so `best` IS the whole leg's travel
      |       step 12/16 bearing  358.0 (got  359.2) 0.79s -> walked 0.79s, best change 19.9
      |         turn to 357.8: NO-OP, already inside 4.0 deg (at 359.3, err -1.4) — nothing was sent, the recorded curve was discarded, and the caller's step line will look like a turn that happened
      |         office_door->portrait_room step 13/16: 1 chunk(s) of 0.79s, change 24.5, best 24.5, hazards none — one push, so `best` IS the whole leg's travel
      |       step 13/16 bearing  357.8 (got  359.3) 0.79s -> walked 0.79s, best change 24.5
      |         turn to 357.9: NO-OP, already inside 4.0 deg (at 359.2, err -1.2) — nothing was sent, the recorded curve was discarded, and the caller's step line will look like a turn that happened
      |         office_door->portrait_room step 14/16: 1 chunk(s) of 0.79s, change 28.5, best 28.5, hazards none — one push, so `best` IS the whole leg's travel
      |       step 14/16 bearing  357.9 (got  359.2) 0.79s -> walked 0.79s, best change 28.5
      |         turn to 0.8: NO-OP, already inside 4.0 deg (at 359.2, err +1.6) — nothing was sent, the recorded curve was discarded, and the caller's step line will look like a turn that happened
      |         office_door->portrait_room step 15/16: 1 chunk(s) of 0.79s, change 24.8, best 24.8, hazards none — one push, so `best` IS the whole leg's travel
      |       step 15/16 bearing    0.8 (got  359.2) 0.79s -> walked 0.79s, best change 24.8
      |         turn to 4.0: TURNED to 4.4 (err -0.4) in 1 push(es)
      |         office_door->portrait_room step 16/16: 1 chunk(s) of 0.36s, change 16.4, best 16.4, hazards none — one push, so `best` IS the whole leg's travel
      |       step 16/16 bearing    4.0 (got    4.4) 0.36s -> walked 0.36s, best change 16.4
      |       arrived? True  (portrait_room 642.000/5.140)
      |         turn to 1.5: TURNED to 1.4 (err +0.1) in 1 push(es)
      |       align at portrait_room: yaw nulled to 1.4 (reference 1.5) — 0.1 deg REMAINING = ~2px of phantom dx still in the dx below
      |       align: within 35px (dx=+15.2) after 0 step(s)
      |       aligned at portrait_room: 15px from the recorded pose
      |       align at portrait_room: dx +15.2px
      |     leg portrait_room -> bar_pool_room
      |         turn to 286.6: TURNED to 287.9 (err -1.3) in 1 push(es)
      |         portrait_room->bar_pool_room step 1/4: 1 chunk(s) of 0.16s, change 8.5, best 8.5, hazards none — one push, so `best` IS the whole leg's travel
      |       step 1/4 bearing  286.6 (got  287.9) 0.16s -> walked 0.16s, best change 8.5
      |         turn to 292.2: TURNED to 293.2 (err -1.0) in 1 push(es)
      |         portrait_room->bar_pool_room step 2/4: 1 chunk(s) of 0.79s, change 15.1, best 15.1, hazards none — one push, so `best` IS the whole leg's travel
      |       step 2/4 bearing  292.2 (got  293.2) 0.79s -> walked 0.79s, best change 15.1
      |         turn to 285.6: TURNED to 285.8 (err -0.2) in 1 push(es)
      |         portrait_room->bar_pool_room step 3/4: 1 chunk(s) of 0.80s, change 15.6, best 15.6, hazards none — one push, so `best` IS the whole leg's travel
      |       step 3/4 bearing  285.6 (got  285.8) 0.80s -> walked 0.80s, best change 15.6
      |         turn to 287.6: NO-OP, already inside 4.0 deg (at 285.8, err +1.8) — nothing was sent, the recorded curve was discarded, and the caller's step line will look like a turn that happened
      |         portrait_room->bar_pool_room step 4/4: 1 chunk(s) of 0.23s, change 11.3, best 11.3, hazards none — one push, so `best` IS the whole leg's travel
      |       step 4/4 bearing  287.6 (got  285.8) 0.23s -> walked 0.23s, best change 11.3
      |       arrived? True  (bar_pool_room 668.000/6.420)
      |         turn to 288.2: TURNED to 287.9 (err +0.3) in 1 push(es)
      |       align at bar_pool_room: yaw nulled to 287.9 (reference 288.2) — 0.3 deg REMAINING = ~5px of phantom dx still in the dx below
      |       align: step 1/6 dx=+158.3 (prev --)
      |       align: dx=+158.3 -> strafe right 0.13s
      |       align: step 2/6 dx=+107.1 (prev +158.3)
      |       align: dx=+107.1 -> strafe right 0.10s
      |       align: step 3/6 dx=+59.5 (prev +107.1)
      |       align: dx=+59.5 -> strafe right 0.10s
      |       align: within 35px (dx=+20.0) after 3 step(s)
      |       aligned at bar_pool_room: 20px from the recorded pose
      |       align at bar_pool_room: dx +20.0px
      |     leg bar_pool_room -> bar_jukebox
      |         turn to 2.1: TURNED to 3.2 (err -1.1) in 1 push(es)
      |         bar_pool_room->bar_jukebox step 1/5: 1 chunk(s) of 0.80s, change 17.9, best 17.9, hazards none — one push, so `best` IS the whole leg's travel
      |       step 1/5 bearing    2.1 (got    3.2) 0.80s -> walked 0.80s, best change 17.9
      |         turn to 1.2: NO-OP, already inside 4.0 deg (at 3.2, err -2.0) — nothing was sent, the recorded curve was discarded, and the caller's step line will look like a turn that happened
      |         bar_pool_room->bar_jukebox step 2/5: 1 chunk(s) of 0.79s, change 7.7, best 7.7, hazards none — one push, so `best` IS the whole leg's travel
      |       step 2/5 bearing    1.2 (got    3.2) 0.79s -> walked 0.79s, best change 7.7
      |         turn to 0.8: NO-OP, already inside 4.0 deg (at 3.2, err -2.4) — nothing was sent, the recorded curve was discarded, and the caller's step line will look like a turn that happened
      |         bar_pool_room->bar_jukebox step 3/5: 1 chunk(s) of 0.80s, change 3.3, best 3.3, hazards none — one push, so `best` IS the whole leg's travel
      |       step 3/5 bearing    0.8 (got    3.2) 0.80s -> walked 0.80s, best change 3.3
      |       step 3 blocked but the scene is MOVING — an NPC in the passage, not a wall
      |       the view is featureless — this is geometry, not a mover; skipping the escape ladder it has never cleared
      |       escape ladder: did NOT clear (best 0.0 PIXELS, against SLIP_PROGRESS_PX 20.0px — NOT against STALL_CHANGE 6.0, which is grey_levels)
      |       step 3 moved only 3.3 grey_levels (< 6.0) over 0.80s — stall score 1
      |         turn to 359.4: NO-OP, already inside 4.0 deg (at 3.2, err -3.7) — nothing was sent, the recorded curve was discarded, and the caller's step line will look like a turn that happened
      |         bar_pool_room->bar_jukebox step 4/5: 1 chunk(s) of 0.79s, change 5.0, best 5.0, hazards none — one push, so `best` IS the whole leg's travel
      |       step 4/5 bearing  359.4 (got    3.2) 0.79s -> walked 0.79s, best change 5.0
      |       step 4 blocked but the scene is MOVING — an NPC in the passage, not a wall
      |       the view is featureless — this is geometry, not a mover; skipping the escape ladder it has never cleared
      |       escape ladder: did NOT clear (best 0.0 PIXELS, against SLIP_PROGRESS_PX 20.0px — NOT against STALL_CHANGE 6.0, which is grey_levels)
      |       step 4 moved only 5.0 grey_levels (< 6.0) over 0.79s — stall score 2
      |       BLOCKED on step 4; abandoning the rest of this leg rather than pushing into whatever is in the way
      |       recovery fan did not find bar_jukebox
      |       arrived? None  (unverified, abstained (1.000/1.000))
      |     leg bar_jukebox -> dealer_table
      |       swept 19 headings around 75; best ink 0.0010 at 54.56640907196103, prompt never appeared
      |       swept 19 headings around 74; best ink 0.0116 at 53.910665898758396, prompt never appeared
      |       no compass reading, so there is no arc to sweep
      |       no compass reading, so there is no arc to sweep
      |       swept 19 headings around 78; best ink 0.0000 at None, prompt never appeared
      |       stepped 6.8s of a 6.5s budget without finding the prompt
      |       approach_goal: prompt not seen
      |       swept 19 headings around 72; best ink 0.0000 at None, prompt never appeared
      |       reach_table: GAVE UP
      |       arrived? False  (at_table=False)
      |     STOPPING at leg bar_jukebox -> dealer_table: the destination did not check out, so every leg after this one would be walked from an unknown position
      |   attempt 5/9 at dealer_table
      |   not at dealer_table and cannot say where this is (unrecognised (77.000/1.050)) — reloading to a known start
      |   pause menu open (selected 'Resume')
      |   selected: Load Last Save
      |   confirmation dialog up (delta 81.3) -> YES
      |   YES press 1 did not register, retrying
      |   world back after 3.2s, spawn bearing 87 (E)
      |   route: office_corridor -> office_door -> portrait_room -> bar_pool_room -> bar_jukebox -> dealer_table  (25.5s of walking)
      |     leg office_corridor -> office_door
      |         turn to 270.4: TURNED to 272.3 (err -1.9) in 2 push(es)
      |         office_corridor->office_door step 1/7: 1 chunk(s) of 0.79s, change 19.4, best 19.4, hazards none — one push, so `best` IS the whole leg's travel
      |       step 1/7 bearing  270.4 (got  272.3) 0.79s -> walked 0.79s, best change 19.4
      |         turn to 270.1: NO-OP, already inside 4.0 deg (at 272.3, err -2.2) — nothing was sent, the recorded curve was discarded, and the caller's step line will look like a turn that happened
      |         office_corridor->office_door step 2/7: 1 chunk(s) of 0.78s, change 17.9, best 17.9, hazards none — one push, so `best` IS the whole leg's travel
      |       step 2/7 bearing  270.1 (got  272.3) 0.78s -> walked 0.78s, best change 17.9
      |         turn to 270.1: NO-OP, already inside 4.0 deg (at 272.2, err -2.1) — nothing was sent, the recorded curve was discarded, and the caller's step line will look like a turn that happened
      |         office_corridor->office_door step 3/7: 1 chunk(s) of 0.78s, change 14.6, best 14.6, hazards none — one push, so `best` IS the whole leg's travel
      |       step 3/7 bearing  270.1 (got  272.2) 0.78s -> walked 0.78s, best change 14.6
      |         turn to 270.3: NO-OP, already inside 4.0 deg (at 272.3, err -2.0) — nothing was sent, the recorded curve was discarded, and the caller's step line will look like a turn that happened
      |         office_corridor->office_door step 4/7: 1 chunk(s) of 0.78s, change 10.7, best 10.7, hazards none — one push, so `best` IS the whole leg's travel
      |       step 4/7 bearing  270.3 (got  272.3) 0.78s -> walked 0.78s, best change 10.7
      |         turn to 270.1: NO-OP, already inside 4.0 deg (at 272.3, err -2.2) — nothing was sent, the recorded curve was discarded, and the caller's step line will look like a turn that happened
      |         office_corridor->office_door step 5/7: 1 chunk(s) of 0.79s, change 9.9, best 9.9, hazards none — one push, so `best` IS the whole leg's travel
      |       step 5/7 bearing  270.1 (got  272.3) 0.79s -> walked 0.79s, best change 9.9
      |         turn to 270.1: NO-OP, already inside 4.0 deg (at 272.3, err -2.2) — nothing was sent, the recorded curve was discarded, and the caller's step line will look like a turn that happened
      |         office_corridor->office_door step 6/7: 1 chunk(s) of 0.79s, change 6.3, best 6.3, hazards none — one push, so `best` IS the whole leg's travel
      |       step 6/7 bearing  270.1 (got  272.3) 0.79s -> walked 0.79s, best change 6.3
      |         turn to 270.4: NO-OP, already inside 4.0 deg (at 272.3, err -1.9) — nothing was sent, the recorded curve was discarded, and the caller's step line will look like a turn that happened
      |         office_corridor->office_door step 7/7: 1 chunk(s) of 0.42s, change 5.5, best 5.5, hazards none — one push, so `best` IS the whole leg's travel
      |       step 7/7 bearing  270.4 (got  272.3) 0.42s -> walked 0.42s, best change 5.5
      |       step 7 blocked but the scene is MOVING — an NPC in the passage, not a wall
      |       the view is featureless — this is geometry, not a mover; skipping the escape ladder it has never cleared
      |       escape ladder: did NOT clear (best 0.0 PIXELS, against SLIP_PROGRESS_PX 20.0px — NOT against STALL_CHANGE 6.0, which is grey_levels)
      |       step 7 moved only 5.5 grey_levels (< 6.0) over 0.42s — stall score 1
      |       arrived? None  (no appearance reference by design)
      |     leg office_door -> portrait_room
      |         turn to 338.1: TURNED to 337.8 (err +0.3) in 1 push(es)
      |         office_door->portrait_room step 1/16: 1 chunk(s) of 0.79s, change 13.2, best 13.2, hazards none — one push, so `best` IS the whole leg's travel
      |       step 1/16 bearing  338.1 (got  337.8) 0.79s -> walked 0.79s, best change 13.2
      |         turn to 339.2: NO-OP, already inside 4.0 deg (at 337.8, err +1.4) — nothing was sent, the recorded curve was discarded, and the caller's step line will look like a turn that happened
      |         office_door->portrait_room step 2/16: 1 chunk(s) of 0.70s, change 16.6, best 16.6, hazards none — one push, so `best` IS the whole leg's travel
      |       step 2/16 bearing  339.2 (got  337.8) 0.70s -> walked 0.70s, best change 16.6
      |         turn to 347.9: TURNED to 351.5 (err -3.6) in 1 push(es)
      |         office_door->portrait_room step 3/16: 1 chunk(s) of 0.42s, change 25.9, best 25.9, hazards none — one push, so `best` IS the whole leg's travel
      |       step 3/16 bearing  347.9 (got  351.5) 0.42s -> walked 0.42s, best change 25.9
      |         turn to 355.2: NO-OP, already inside 4.0 deg (at 351.4, err +3.8) — nothing was sent, the recorded curve was discarded, and the caller's step line will look like a turn that happened
      |         office_door->portrait_room step 4/16: 1 chunk(s) of 0.79s, change 45.2, best 45.2, hazards none — one push, so `best` IS the whole leg's travel
      |       step 4/16 bearing  355.2 (got  351.4) 0.79s -> walked 0.79s, best change 45.2
      |         turn to 360.0: TURNED to 356.6 (err +3.4) in 1 push(es)
      |         office_door->portrait_room step 5/16: 1 chunk(s) of 0.51s, change 28.8, best 28.8, hazards none — one push, so `best` IS the whole leg's travel
      |       step 5/16 bearing  360.0 (got  356.6) 0.51s -> walked 0.51s, best change 28.8
      |         turn to 8.6: TURNED to 5.4 (err +3.1) in 1 push(es)
      |         office_door->portrait_room step 6/16: 1 chunk(s) of 0.78s, change 17.2, best 17.2, hazards none — one push, so `best` IS the whole leg's travel
      |       step 6/16 bearing    8.6 (got    5.4) 0.78s -> walked 0.78s, best change 17.2
      |         turn to 7.7: NO-OP, already inside 4.0 deg (at 5.3, err +2.4) — nothing was sent, the recorded curve was discarded, and the caller's step line will look like a turn that happened
      |         office_door->portrait_room step 7/16: 1 chunk(s) of 0.78s, change 33.7, best 33.7, hazards none — one push, so `best` IS the whole leg's travel
      |       step 7/16 bearing    7.7 (got    5.3) 0.78s -> walked 0.78s, best change 33.7
      |         turn to 1.7: NO-OP, already inside 4.0 deg (at 5.4, err -3.7) — nothing was sent, the recorded curve was discarded, and the caller's step line will look like a turn that happened
      |         office_door->portrait_room step 8/16: 1 chunk(s) of 0.80s, change 34.7, best 34.7, hazards none — one push, so `best` IS the whole leg's travel
      |       step 8/16 bearing    1.7 (got    5.4) 0.80s -> walked 0.80s, best change 34.7
      |         turn to 359.6: NO compass reading, abandoned BEFORE turning — the caller's 'got --' is an unread heading, not a heading that was reached
      |         office_door->portrait_room step 9/16: 1 chunk(s) of 0.36s, change 19.9, best 19.9, hazards none — one push, so `best` IS the whole leg's travel
      |       step 9/16 bearing  359.6 (got --) 0.36s -> walked 0.36s, best change 19.9
      |         turn to 359.4: TURNED to 358.6 (err +0.8) in 1 push(es)
      |         office_door->portrait_room step 10/16: 1 chunk(s) of 0.78s, change 22.1, best 22.1, hazards none — one push, so `best` IS the whole leg's travel
      |       step 10/16 bearing  359.4 (got  358.6) 0.78s -> walked 0.78s, best change 22.1
      |         turn to 357.9: NO-OP, already inside 4.0 deg (at 358.6, err -0.7) — nothing was sent, the recorded curve was discarded, and the caller's step line will look like a turn that happened
      |         office_door->portrait_room step 11/16: 1 chunk(s) of 0.79s, change 20.3, best 20.3, hazards none — one push, so `best` IS the whole leg's travel
      |       step 11/16 bearing  357.9 (got  358.6) 0.79s -> walked 0.79s, best change 20.3
      |         turn to 358.0: NO-OP, already inside 4.0 deg (at 358.6, err -0.6) — nothing was sent, the recorded curve was discarded, and the caller's step line will look like a turn that happened
      |         office_door->portrait_room step 12/16: 1 chunk(s) of 0.79s, change 20.5, best 20.5, hazards none — one push, so `best` IS the whole leg's travel
      |       step 12/16 bearing  358.0 (got  358.6) 0.79s -> walked 0.79s, best change 20.5
      |         turn to 357.8: NO-OP, already inside 4.0 deg (at 358.6, err -0.8) — nothing was sent, the recorded curve was discarded, and the caller's step line will look like a turn that happened
      |         office_door->portrait_room step 13/16: 1 chunk(s) of 0.79s, change 24.0, best 24.0, hazards none — one push, so `best` IS the whole leg's travel
      |       step 13/16 bearing  357.8 (got  358.6) 0.79s -> walked 0.79s, best change 24.0
      |         turn to 357.9: NO-OP, already inside 4.0 deg (at 358.5, err -0.6) — nothing was sent, the recorded curve was discarded, and the caller's step line will look like a turn that happened
      |         office_door->portrait_room step 14/16: 1 chunk(s) of 0.79s, change 29.8, best 29.8, hazards none — one push, so `best` IS the whole leg's travel
      |       step 14/16 bearing  357.9 (got  358.5) 0.79s -> walked 0.79s, best change 29.8
      |         turn to 0.8: NO-OP, already inside 4.0 deg (at 358.5, err +2.3) — nothing was sent, the recorded curve was discarded, and the caller's step line will look like a turn that happened
      |         office_door->portrait_room step 15/16: 1 chunk(s) of 0.79s, change 26.7, best 26.7, hazards none — one push, so `best` IS the whole leg's travel
      |       step 15/16 bearing    0.8 (got  358.5) 0.79s -> walked 0.79s, best change 26.7
      |         turn to 4.0: TURNED to 2.7 (err +1.3) in 1 push(es)
      |         office_door->portrait_room step 16/16: 1 chunk(s) of 0.36s, change 18.2, best 18.2, hazards none — one push, so `best` IS the whole leg's travel
      |       step 16/16 bearing    4.0 (got    2.7) 0.36s -> walked 0.36s, best change 18.2
      |       arrived? True  (portrait_room 658.000/5.530)
      |         turn to 1.5: TURNED to 2.0 (err -0.5) in 2 push(es)
      |       align at portrait_room: yaw nulled to 2.0 (reference 1.5) — 0.5 deg REMAINING = ~9px of phantom dx still in the dx below
      |       align: step 1/6 dx=+64.7 (prev --)
      |       align: dx=+64.7 -> strafe right 0.10s
      |       align: within 35px (dx=+34.9) after 1 step(s)
      |       aligned at portrait_room: 35px from the recorded pose
      |       align at portrait_room: dx +34.9px
      |     leg portrait_room -> bar_pool_room
      |         turn to 286.6: TURNED to 286.2 (err +0.3) in 2 push(es)
      |         portrait_room->bar_pool_room step 1/4: 1 chunk(s) of 0.16s, change 10.3, best 10.3, hazards none — one push, so `best` IS the whole leg's travel
      |       step 1/4 bearing  286.6 (got  286.2) 0.16s -> walked 0.16s, best change 10.3
      |         turn to 292.2: TURNED to 291.3 (err +0.9) in 1 push(es)
      |         portrait_room->bar_pool_room step 2/4: 1 chunk(s) of 0.79s, change 18.3, best 18.3, hazards none — one push, so `best` IS the whole leg's travel
      |       step 2/4 bearing  292.2 (got  291.3) 0.79s -> walked 0.79s, best change 18.3
      |         turn to 285.6: TURNED to 287.7 (err -2.1) in 1 push(es)
      |         portrait_room->bar_pool_room step 3/4: 1 chunk(s) of 0.80s, change 19.9, best 19.9, hazards none — one push, so `best` IS the whole leg's travel
      |       step 3/4 bearing  285.6 (got  287.7) 0.80s -> walked 0.80s, best change 19.9
      |         turn to 287.6: NO-OP, already inside 4.0 deg (at 287.7, err -0.1) — nothing was sent, the recorded curve was discarded, and the caller's step line will look like a turn that happened
      |         portrait_room->bar_pool_room step 4/4: 1 chunk(s) of 0.23s, change 11.5, best 11.5, hazards none — one push, so `best` IS the whole leg's travel
      |       step 4/4 bearing  287.6 (got  287.7) 0.23s -> walked 0.23s, best change 11.5
      |       arrived? True  (bar_pool_room 379.000/3.180)
      |         turn to 288.2: NO-OP, already inside 0.5 deg (at 287.7, err +0.4) — nothing was sent, the recorded curve was discarded, and the caller's step line will look like a turn that happened
      |       align at bar_pool_room: yaw nulled to 287.7 (reference 288.2) — 0.4 deg REMAINING = ~8px of phantom dx still in the dx below
      |       align: step 1/6 dx=+152.0 (prev --)
      |       align: dx=+152.0 -> strafe right 0.13s
      |       align: step 2/6 dx=+108.0 (prev +152.0)
      |       align: dx=+108.0 -> strafe right 0.10s
      |       align: step 3/6 dx=+78.8 (prev +108.0)
      |       align: dx=+78.8 -> strafe right 0.10s
      |       align: step 4/6 dx=+48.5 (prev +78.8)
      |       align: dx=+48.5 -> strafe right 0.10s
      |       align: dx barely changed (+48 -> +31) — blocked sideways, cannot correct from here
      |       aligned at bar_pool_room: 31px from the recorded pose
      |       align at bar_pool_room: dx +30.5px
      |     leg bar_pool_room -> bar_jukebox
      |         turn to 2.1: TURNED to 0.6 (err +1.5) in 2 push(es)
      |         bar_pool_room->bar_jukebox step 1/5: 1 chunk(s) of 0.80s, change 17.1, best 17.1, hazards none — one push, so `best` IS the whole leg's travel
      |       step 1/5 bearing    2.1 (got    0.6) 0.80s -> walked 0.80s, best change 17.1
      |         turn to 1.2: NO-OP, already inside 4.0 deg (at 0.6, err +0.6) — nothing was sent, the recorded curve was discarded, and the caller's step line will look like a turn that happened
      |         bar_pool_room->bar_jukebox step 2/5: 1 chunk(s) of 0.79s, change 8.0, best 8.0, hazards none — one push, so `best` IS the whole leg's travel
      |       step 2/5 bearing    1.2 (got    0.6) 0.79s -> walked 0.79s, best change 8.0
      |         turn to 0.8: NO-OP, already inside 4.0 deg (at 0.6, err +0.2) — nothing was sent, the recorded curve was discarded, and the caller's step line will look like a turn that happened
      |         bar_pool_room->bar_jukebox step 3/5: 1 chunk(s) of 0.80s, change 6.7, best 6.7, hazards none — one push, so `best` IS the whole leg's travel
      |       step 3/5 bearing    0.8 (got    0.6) 0.80s -> walked 0.80s, best change 6.7
      |         turn to 359.4: NO-OP, already inside 4.0 deg (at 0.6, err -1.2) — nothing was sent, the recorded curve was discarded, and the caller's step line will look like a turn that happened
      |         bar_pool_room->bar_jukebox step 4/5: 1 chunk(s) of 0.79s, change 4.3, best 4.3, hazards none — one push, so `best` IS the whole leg's travel
      |       step 4/5 bearing  359.4 (got    0.6) 0.79s -> walked 0.79s, best change 4.3
      |       step 4 blocked but the scene is MOVING — an NPC in the passage, not a wall
      |       the view is featureless — this is geometry, not a mover; skipping the escape ladder it has never cleared
      |       escape ladder: did NOT clear (best 0.0 PIXELS, against SLIP_PROGRESS_PX 20.0px — NOT against STALL_CHANGE 6.0, which is grey_levels)
      |       step 4 moved only 4.3 grey_levels (< 6.0) over 0.79s — stall score 1
      |         turn to 359.6: NO-OP, already inside 4.0 deg (at 0.6, err -1.0) — nothing was sent, the recorded curve was discarded, and the caller's step line will look like a turn that happened
      |         bar_pool_room->bar_jukebox step 5/5: 1 chunk(s) of 0.14s, change 3.3, best 3.3, hazards none — one push, so `best` IS the whole leg's travel
      |       step 5/5 bearing  359.6 (got    0.6) 0.14s -> walked 0.14s, best change 3.3
      |       step 5 blocked but the scene is MOVING — an NPC in the passage, not a wall
      |       the view is featureless — this is geometry, not a mover; skipping the escape ladder it has never cleared
      |       escape ladder: did NOT clear (best 0.0 PIXELS, against SLIP_PROGRESS_PX 20.0px — NOT against STALL_CHANGE 6.0, which is grey_levels)
      |       step 5 moved only 3.3 grey_levels (< 6.0) over 0.14s — stall score 2
      |       BLOCKED on step 5; abandoning the rest of this leg rather than pushing into whatever is in the way
    trial exceeded 1800s and was killed — INVALID, not a failure
[ 7] INVALID after 1800s — timeout/crash/stream; not a failure
      |   pause menu appeared late, after 0.6s of extra waiting
      |   pause menu open (selected 'Resume')
      |   selected: Load Last Save
      |   confirmation dialog up (delta 82.9) -> YES
      |   world back after 3.3s, spawn bearing 87 (E)
      |   attempt 1/9 at portrait_room
      |   locate() cannot name office_corridor (it has no appearance reference by design) but the caller reset onto it — routing from there instead of sweeping and reloading
      |   route: office_corridor -> office_door -> portrait_room  (16.2s of walking)
      |     leg office_corridor -> office_door
      |         turn to 270.4: TURNED to 269.9 (err +0.6) in 2 push(es)
      |         office_corridor->office_door step 1/7: 1 chunk(s) of 0.79s, change 19.5, best 19.5, hazards none — one push, so `best` IS the whole leg's travel
      |       step 1/7 bearing  270.4 (got  269.9) 0.79s -> walked 0.79s, best change 19.5
      |         turn to 270.1: NO-OP, already inside 4.0 deg (at 269.8, err +0.3) — nothing was sent, the recorded curve was discarded, and the caller's step line will look like a turn that happened
      |         office_corridor->office_door step 2/7: 1 chunk(s) of 0.78s, change 19.2, best 19.2, hazards none — one push, so `best` IS the whole leg's travel
      |       step 2/7 bearing  270.1 (got  269.8) 0.78s -> walked 0.78s, best change 19.2
      |         turn to 270.1: NO-OP, already inside 4.0 deg (at 269.9, err +0.3) — nothing was sent, the recorded curve was discarded, and the caller's step line will look like a turn that happened
      |         office_corridor->office_door step 3/7: 1 chunk(s) of 0.78s, change 14.3, best 14.3, hazards none — one push, so `best` IS the whole leg's travel
      |       step 3/7 bearing  270.1 (got  269.9) 0.78s -> walked 0.78s, best change 14.3
      |         turn to 270.3: NO-OP, already inside 4.0 deg (at 269.9, err +0.4) — nothing was sent, the recorded curve was discarded, and the caller's step line will look like a turn that happened
      |         office_corridor->office_door step 4/7: 1 chunk(s) of 0.78s, change 12.3, best 12.3, hazards none — one push, so `best` IS the whole leg's travel
      |       step 4/7 bearing  270.3 (got  269.9) 0.78s -> walked 0.78s, best change 12.3
      |         turn to 270.1: NO-OP, already inside 4.0 deg (at 269.9, err +0.2) — nothing was sent, the recorded curve was discarded, and the caller's step line will look like a turn that happened
      |         office_corridor->office_door step 5/7: 1 chunk(s) of 0.79s, change 8.8, best 8.8, hazards none — one push, so `best` IS the whole leg's travel
      |       step 5/7 bearing  270.1 (got  269.9) 0.79s -> walked 0.79s, best change 8.8
      |         turn to 270.1: NO-OP, already inside 4.0 deg (at 269.9, err +0.2) — nothing was sent, the recorded curve was discarded, and the caller's step line will look like a turn that happened
      |         office_corridor->office_door step 6/7: 1 chunk(s) of 0.79s, change 7.2, best 7.2, hazards none — one push, so `best` IS the whole leg's travel
      |       step 6/7 bearing  270.1 (got  269.9) 0.79s -> walked 0.79s, best change 7.2
      |         turn to 270.4: NO-OP, already inside 4.0 deg (at 269.9, err +0.5) — nothing was sent, the recorded curve was discarded, and the caller's step line will look like a turn that happened
      |         office_corridor->office_door step 7/7: 1 chunk(s) of 0.42s, change 6.8, best 6.8, hazards none — one push, so `best` IS the whole leg's travel
      |       step 7/7 bearing  270.4 (got  269.9) 0.42s -> walked 0.42s, best change 6.8
      |       arrived? None  (no appearance reference by design)
      |     leg office_door -> portrait_room
      |         turn to 338.1: TURNED to 336.6 (err +1.5) in 1 push(es)
      |         office_door->portrait_room step 1/16: 1 chunk(s) of 0.79s, change 11.4, best 11.4, hazards none — one push, so `best` IS the whole leg's travel
      |       step 1/16 bearing  338.1 (got  336.6) 0.79s -> walked 0.79s, best change 11.4
      |         turn to 339.2: NO-OP, already inside 4.0 deg (at 336.6, err +2.5) — nothing was sent, the recorded curve was discarded, and the caller's step line will look like a turn that happened
      |         office_door->portrait_room step 2/16: 1 chunk(s) of 0.70s, change 16.2, best 16.2, hazards none — one push, so `best` IS the whole leg's travel
      |       step 2/16 bearing  339.2 (got  336.6) 0.70s -> walked 0.70s, best change 16.2
      |         turn to 347.9: TURNED to 345.1 (err +2.8) in 1 push(es)
      |         office_door->portrait_room step 3/16: 1 chunk(s) of 0.42s, change 21.6, best 21.6, hazards none — one push, so `best` IS the whole leg's travel
      |       step 3/16 bearing  347.9 (got  345.1) 0.42s -> walked 0.42s, best change 21.6
      |         turn to 355.2: TURNED to 356.6 (err -1.4) in 1 push(es)
      |         office_door->portrait_room step 4/16: 1 chunk(s) of 0.79s, change 43.9, best 43.9, hazards none — one push, so `best` IS the whole leg's travel
      |       step 4/16 bearing  355.2 (got  356.6) 0.79s -> walked 0.79s, best change 43.9
      |         turn to 360.0: NO-OP, already inside 4.0 deg (at 356.5, err +3.5) — nothing was sent, the recorded curve was discarded, and the caller's step line will look like a turn that happened
      |         office_door->portrait_room step 5/16: 1 chunk(s) of 0.51s, change 33.4, best 33.4, hazards none — one push, so `best` IS the whole leg's travel
      |       step 5/16 bearing  360.0 (got  356.5) 0.51s -> walked 0.51s, best change 33.4
      |         turn to 8.6: TURNED to 9.1 (err -0.5) in 1 push(es)
      |         office_door->portrait_room step 6/16: 1 chunk(s) of 0.78s, change 18.3, best 18.3, hazards none — one push, so `best` IS the whole leg's travel
      |       step 6/16 bearing    8.6 (got    9.1) 0.78s -> walked 0.78s, best change 18.3
      |         turn to 7.7: NO-OP, already inside 4.0 deg (at 9.0, err -1.3) — nothing was sent, the recorded curve was discarded, and the caller's step line will look like a turn that happened
      |         office_door->portrait_room step 7/16: 1 chunk(s) of 0.78s, change 27.7, best 27.7, hazards none — one push, so `best` IS the whole leg's travel
      |       step 7/16 bearing    7.7 (got    9.0) 0.78s -> walked 0.78s, best change 27.7
      |         turn to 1.7: TURNED to 1.2 (err +0.5) in 1 push(es)
      |         office_door->portrait_room step 8/16: 1 chunk(s) of 0.80s, change 34.1, best 34.1, hazards none — one push, so `best` IS the whole leg's travel
      |       step 8/16 bearing    1.7 (got    1.2) 0.80s -> walked 0.80s, best change 34.1
      |         turn to 359.6: NO-OP, already inside 4.0 deg (at 1.2, err -1.6) — nothing was sent, the recorded curve was discarded, and the caller's step line will look like a turn that happened
      |         office_door->portrait_room step 9/16: 1 chunk(s) of 0.36s, change 21.9, best 21.9, hazards none — one push, so `best` IS the whole leg's travel
      |       step 9/16 bearing  359.6 (got    1.2) 0.36s -> walked 0.36s, best change 21.9
      |         turn to 359.4: NO-OP, already inside 4.0 deg (at 1.2, err -1.8) — nothing was sent, the recorded curve was discarded, and the caller's step line will look like a turn that happened
      |         office_door->portrait_room step 10/16: 1 chunk(s) of 0.78s, change 23.8, best 23.8, hazards none — one push, so `best` IS the whole leg's travel
      |       step 10/16 bearing  359.4 (got    1.2) 0.78s -> walked 0.78s, best change 23.8
      |         turn to 357.9: NO-OP, already inside 4.0 deg (at 1.2, err -3.4) — nothing was sent, the recorded curve was discarded, and the caller's step line will look like a turn that happened
      |         office_door->portrait_room step 11/16: 1 chunk(s) of 0.79s, change 19.7, best 19.7, hazards none — one push, so `best` IS the whole leg's travel
      |       step 11/16 bearing  357.9 (got    1.2) 0.79s -> walked 0.79s, best change 19.7
      |         turn to 358.0: NO-OP, already inside 4.0 deg (at 1.2, err -3.2) — nothing was sent, the recorded curve was discarded, and the caller's step line will look like a turn that happened
      |         office_door->portrait_room step 12/16: 1 chunk(s) of 0.79s, change 19.6, best 19.6, hazards none — one push, so `best` IS the whole leg's travel
      |       step 12/16 bearing  358.0 (got    1.2) 0.79s -> walked 0.79s, best change 19.6
      |         turn to 357.8: NO-OP, already inside 4.0 deg (at 1.2, err -3.3) — nothing was sent, the recorded curve was discarded, and the caller's step line will look like a turn that happened
      |         office_door->portrait_room step 13/16: 1 chunk(s) of 0.79s, change 22.3, best 22.3, hazards none — one push, so `best` IS the whole leg's travel
      |       step 13/16 bearing  357.8 (got    1.2) 0.79s -> walked 0.79s, best change 22.3
      |         turn to 357.9: NO-OP, already inside 4.0 deg (at 1.2, err -3.3) — nothing was sent, the recorded curve was discarded, and the caller's step line will look like a turn that happened
      |         office_door->portrait_room step 14/16: 1 chunk(s) of 0.79s, change 28.7, best 28.7, hazards none — one push, so `best` IS the whole leg's travel
      |       step 14/16 bearing  357.9 (got    1.2) 0.79s -> walked 0.79s, best change 28.7
      |         turn to 0.8: NO-OP, already inside 4.0 deg (at 1.2, err -0.4) — nothing was sent, the recorded curve was discarded, and the caller's step line will look like a turn that happened
      |         office_door->portrait_room step 15/16: 1 chunk(s) of 0.79s, change 25.9, best 25.9, hazards none — one push, so `best` IS the whole leg's travel
      |       step 15/16 bearing    0.8 (got    1.2) 0.79s -> walked 0.79s, best change 25.9
      |         turn to 4.0: NO-OP, already inside 4.0 deg (at 1.2, err +2.7) — nothing was sent, the recorded curve was discarded, and the caller's step line will look like a turn that happened
      |         office_door->portrait_room step 16/16: 1 chunk(s) of 0.36s, change 16.4, best 16.4, hazards none — one push, so `best` IS the whole leg's travel
      |       step 16/16 bearing    4.0 (got    1.2) 0.36s -> walked 0.36s, best change 16.4
      |       arrived? True  (portrait_room 885.000/6.650)
      |         turn to 1.5: NO-OP, already inside 0.5 deg (at 1.2, err +0.3) — nothing was sent, the recorded curve was discarded, and the caller's step line will look like a turn that happened
      |       align at portrait_room: yaw nulled to 1.2 (reference 1.5) — 0.3 deg REMAINING = ~5px of phantom dx still in the dx below
      |       align: within 35px (dx=-3.6) after 0 step(s)
      |       aligned at portrait_room: 4px from the recorded pose
      |       align at portrait_room: dx +3.6px
      |   arrived, but 1 node(s) could not be confirmed on the way: ['office_door'] — each is a hole in the reference set
      |   attempt 2/9 at portrait_room
      |   verified at portrait_room (portrait_room 970.000/7.350)
      |   attempt 1/9 at bar_pool_room
      |   route: portrait_room -> bar_pool_room  (2.0s of walking)
      |     leg portrait_room -> bar_pool_room
      |         turn to 286.6: TURNED to 287.4 (err -0.8) in 2 push(es)
      |         portrait_room->bar_pool_room step 1/4: 1 chunk(s) of 0.16s, change 11.8, best 11.8, hazards none — one push, so `best` IS the whole leg's travel
      |       step 1/4 bearing  286.6 (got  287.4) 0.16s -> walked 0.16s, best change 11.8
      |         turn to 292.2: TURNED to 293.2 (err -1.0) in 1 push(es)
      |         portrait_room->bar_pool_room step 2/4: 1 chunk(s) of 0.79s, change 18.2, best 18.2, hazards none — one push, so `best` IS the whole leg's travel
      |       step 2/4 bearing  292.2 (got  293.2) 0.79s -> walked 0.79s, best change 18.2
      |         turn to 285.6: TURNED to 285.1 (err +0.5) in 1 push(es)
      |         portrait_room->bar_pool_room step 3/4: 1 chunk(s) of 0.80s, change 17.3, best 17.3, hazards none — one push, so `best` IS the whole leg's travel
      |       step 3/4 bearing  285.6 (got  285.1) 0.80s -> walked 0.80s, best change 17.3
      |         turn to 287.6: NO-OP, already inside 4.0 deg (at 285.0, err +2.6) — nothing was sent, the recorded curve was discarded, and the caller's step line will look like a turn that happened
      |         portrait_room->bar_pool_room step 4/4: 1 chunk(s) of 0.23s, change 9.8, best 9.8, hazards none — one push, so `best` IS the whole leg's travel
      |       step 4/4 bearing  287.6 (got  285.0) 0.23s -> walked 0.23s, best change 9.8
      |       arrived? True  (bar_pool_room 785.000/6.180)
      |         turn to 288.2: TURNED to 288.5 (err -0.4) in 1 push(es)
      |       align at bar_pool_room: yaw nulled to 288.5 (reference 288.2) — 0.4 deg REMAINING = ~7px of phantom dx still in the dx below
      |       align: step 1/6 dx=+101.9 (prev --)
      |       align: dx=+101.9 -> strafe right 0.10s
      |       align: step 2/6 dx=+80.0 (prev +101.9)
      |       align: dx=+80.0 -> strafe right 0.10s
      |       align: step 3/6 dx=+57.1 (prev +80.0)
      |       align: dx=+57.1 -> strafe right 0.10s
      |       align: within 35px (dx=+33.3) after 3 step(s)
      |       aligned at bar_pool_room: 33px from the recorded pose
      |       align at bar_pool_room: dx +33.3px
      |   attempt 2/9 at bar_pool_room
      |   verified at bar_pool_room (bar_pool_room 560.000/4.670)
      |   attempt 1/9 at bar_jukebox
      |   route: bar_pool_room -> bar_jukebox  (3.3s of walking)
      |     leg bar_pool_room -> bar_jukebox
      |         turn to 2.1: TURNED to 0.2 (err +1.9) in 1 push(es)
      |         bar_pool_room->bar_jukebox step 1/5: 1 chunk(s) of 0.80s, change 14.3, best 14.3, hazards none — one push, so `best` IS the whole leg's travel
      |       step 1/5 bearing    2.1 (got    0.2) 0.80s -> walked 0.80s, best change 14.3
      |         turn to 1.2: NO-OP, already inside 4.0 deg (at 0.2, err +1.0) — nothing was sent, the recorded curve was discarded, and the caller's step line will look like a turn that happened
      |         bar_pool_room->bar_jukebox step 2/5: 1 chunk(s) of 0.79s, change 9.1, best 9.1, hazards none — one push, so `best` IS the whole leg's travel
      |       step 2/5 bearing    1.2 (got    0.2) 0.79s -> walked 0.79s, best change 9.1
      |         turn to 0.8: NO-OP, already inside 4.0 deg (at 0.2, err +0.6) — nothing was sent, the recorded curve was discarded, and the caller's step line will look like a turn that happened
      |         bar_pool_room->bar_jukebox step 3/5: 1 chunk(s) of 0.80s, change 3.6, best 3.6, hazards none — one push, so `best` IS the whole leg's travel
      |       step 3/5 bearing    0.8 (got    0.2) 0.80s -> walked 0.80s, best change 3.6
      |       step 3 blocked but the scene is MOVING — an NPC in the passage, not a wall
      |       the view is featureless — this is geometry, not a mover; skipping the escape ladder it has never cleared
      |       escape ladder: did NOT clear (best 0.0 PIXELS, against SLIP_PROGRESS_PX 20.0px — NOT against STALL_CHANGE 6.0, which is grey_levels)
      |       step 3 moved only 3.6 grey_levels (< 6.0) over 0.80s — stall score 1
      |         turn to 359.4: NO-OP, already inside 4.0 deg (at 0.2, err -0.8) — nothing was sent, the recorded curve was discarded, and the caller's step line will look like a turn that happened
      |         bar_pool_room->bar_jukebox step 4/5: 1 chunk(s) of 0.79s, change 2.3, best 2.3, hazards SHORT — one push, so `best` IS the whole leg's travel
      |       step 4/5 bearing  359.4 (got    0.2) 0.79s -> walked 0.79s, best change 2.3
      |       step 4 blocked but the scene is MOVING — an NPC in the passage, not a wall
      |       the view is featureless — this is geometry, not a mover; skipping the escape ladder it has never cleared
      |       escape ladder: did NOT clear (best 0.0 PIXELS, against SLIP_PROGRESS_PX 20.0px — NOT against STALL_CHANGE 6.0, which is grey_levels)
      |       step 4 moved only 2.3 grey_levels (< 6.0) over 0.79s — stall score 2
      |       BLOCKED on step 4; abandoning the rest of this leg rather than pushing into whatever is in the way
      |       recovery fan did not find bar_jukebox
      |       arrived? None  (unverified, abstained (0.000/0.000))
      |   arrived, but 1 node(s) could not be confirmed on the way: ['bar_jukebox'] — each is a hole in the reference set
      |   attempt 2/9 at bar_jukebox
      |       no compass reading — the relocalise sweep did NOT run (this is not 'nothing was recognised')
      |   not at bar_jukebox and cannot say where this is (unrecognised (27.000/1.290)) — reloading to a known start
      |   pause menu open (selected 'Resume')
      |   selected: Load Last Save
      |   no dialog yet (delta 3.2) — the commit press did not land, retrying (1/3)
      |   confirmation dialog up (delta 82.0) -> YES
      |   world back after 3.2s, spawn bearing 87 (E)
      |   route: office_corridor -> office_door -> portrait_room -> bar_pool_room -> bar_jukebox  (21.4s of walking)
      |     leg office_corridor -> office_door
      |         turn to 270.4: TURNED to 272.6 (err -2.2) in 2 push(es)
      |         office_corridor->office_door step 1/7: 1 chunk(s) of 0.79s, change 18.7, best 18.7, hazards none — one push, so `best` IS the whole leg's travel
      |       step 1/7 bearing  270.4 (got  272.6) 0.79s -> walked 0.79s, best change 18.7
      |         turn to 270.1: NO-OP, already inside 4.0 deg (at 272.6, err -2.5) — nothing was sent, the recorded curve was discarded, and the caller's step line will look like a turn that happened
      |         office_corridor->office_door step 2/7: 1 chunk(s) of 0.78s, change 18.1, best 18.1, hazards none — one push, so `best` IS the whole leg's travel
      |       step 2/7 bearing  270.1 (got  272.6) 0.78s -> walked 0.78s, best change 18.1
      |         turn to 270.1: NO-OP, already inside 4.0 deg (at 272.7, err -2.6) — nothing was sent, the recorded curve was discarded, and the caller's step line will look like a turn that happened
      |         office_corridor->office_door step 3/7: 1 chunk(s) of 0.78s, change 16.3, best 16.3, hazards none — one push, so `best` IS the whole leg's travel
      |       step 3/7 bearing  270.1 (got  272.7) 0.78s -> walked 0.78s, best change 16.3
      |         turn to 270.3: NO-OP, already inside 4.0 deg (at 272.6, err -2.3) — nothing was sent, the recorded curve was discarded, and the caller's step line will look like a turn that happened
      |         office_corridor->office_door step 4/7: 1 chunk(s) of 0.78s, change 11.9, best 11.9, hazards none — one push, so `best` IS the whole leg's travel
      |       step 4/7 bearing  270.3 (got  272.6) 0.78s -> walked 0.78s, best change 11.9
      |         turn to 270.1: NO-OP, already inside 4.0 deg (at 272.7, err -2.6) — nothing was sent, the recorded curve was discarded, and the caller's step line will look like a turn that happened
      |         office_corridor->office_door step 5/7: 1 chunk(s) of 0.79s, change 8.4, best 8.4, hazards none — one push, so `best` IS the whole leg's travel
      |       step 5/7 bearing  270.1 (got  272.7) 0.79s -> walked 0.79s, best change 8.4
      |         turn to 270.1: NO-OP, already inside 4.0 deg (at 272.6, err -2.5) — nothing was sent, the recorded curve was discarded, and the caller's step line will look like a turn that happened
      |         office_corridor->office_door step 6/7: 1 chunk(s) of 0.79s, change 7.3, best 7.3, hazards none — one push, so `best` IS the whole leg's travel
      |       step 6/7 bearing  270.1 (got  272.6) 0.79s -> walked 0.79s, best change 7.3
      |         turn to 270.4: NO-OP, already inside 4.0 deg (at 272.6, err -2.3) — nothing was sent, the recorded curve was discarded, and the caller's step line will look like a turn that happened
      |         office_corridor->office_door step 7/7: 1 chunk(s) of 0.42s, change 6.1, best 6.1, hazards none — one push, so `best` IS the whole leg's travel
      |       step 7/7 bearing  270.4 (got  272.6) 0.42s -> walked 0.42s, best change 6.1
      |       arrived? None  (no appearance reference by design)
      |     leg office_door -> portrait_room
      |         turn to 338.1: TURNED to 339.4 (err -1.3) in 1 push(es)
      |         office_door->portrait_room step 1/16: 1 chunk(s) of 0.79s, change 14.8, best 14.8, hazards none — one push, so `best` IS the whole leg's travel
      |       step 1/16 bearing  338.1 (got  339.4) 0.79s -> walked 0.79s, best change 14.8
      |         turn to 339.2: NO-OP, already inside 4.0 deg (at 339.4, err -0.2) — nothing was sent, the recorded curve was discarded, and the caller's step line will look like a turn that happened
      |         office_door->portrait_room step 2/16: 1 chunk(s) of 0.70s, change 23.4, best 23.4, hazards none — one push, so `best` IS the whole leg's travel
      |       step 2/16 bearing  339.2 (got  339.4) 0.70s -> walked 0.70s, best change 23.4
      |         turn to 347.9: TURNED to 348.7 (err -0.8) in 1 push(es)
      |         office_door->portrait_room step 3/16: 1 chunk(s) of 0.42s, change 26.2, best 26.2, hazards none — one push, so `best` IS the whole leg's travel
      |       step 3/16 bearing  347.9 (got  348.7) 0.42s -> walked 0.42s, best change 26.2
      |         turn to 355.2: TURNED to 355.5 (err -0.4) in 1 push(es)
      |         office_door->portrait_room step 4/16: 1 chunk(s) of 0.79s, change 43.1, best 43.1, hazards none — one push, so `best` IS the whole leg's travel
      |       step 4/16 bearing  355.2 (got  355.5) 0.79s -> walked 0.79s, best change 43.1
      |         turn to 360.0: TURNED to 360.0 (err +0.0) in 1 push(es)
      |         office_door->portrait_room step 5/16: 1 chunk(s) of 0.51s, change 14.9, best 14.9, hazards none — one push, so `best` IS the whole leg's travel
      |       step 5/16 bearing  360.0 (got  360.0) 0.51s -> walked 0.51s, best change 14.9
      |         turn to 8.6: TURNED to 8.5 (err +0.1) in 1 push(es)
      |         office_door->portrait_room step 6/16: 1 chunk(s) of 0.78s, change 19.4, best 19.4, hazards none — one push, so `best` IS the whole leg's travel
      |       step 6/16 bearing    8.6 (got    8.5) 0.78s -> walked 0.78s, best change 19.4
      |         turn to 7.7: NO-OP, already inside 4.0 deg (at 8.4, err -0.7) — nothing was sent, the recorded curve was discarded, and the caller's step line will look like a turn that happened
      |         office_door->portrait_room step 7/16: 1 chunk(s) of 0.78s, change 28.0, best 28.0, hazards none — one push, so `best` IS the whole leg's travel
      |       step 7/16 bearing    7.7 (got    8.4) 0.78s -> walked 0.78s, best change 28.0
      |         turn to 1.7: TURNED to 1.7 (err +0.0) in 1 push(es)
      |         office_door->portrait_room step 8/16: 1 chunk(s) of 0.80s, change 33.7, best 33.7, hazards none — one push, so `best` IS the whole leg's travel
      |       step 8/16 bearing    1.7 (got    1.7) 0.80s -> walked 0.80s, best change 33.7
      |         turn to 359.6: NO-OP, already inside 4.0 deg (at 1.7, err -2.1) — nothing was sent, the recorded curve was discarded, and the caller's step line will look like a turn that happened
      |         office_door->portrait_room step 9/16: 1 chunk(s) of 0.36s, change 17.6, best 17.6, hazards none — one push, so `best` IS the whole leg's travel
      |       step 9/16 bearing  359.6 (got    1.7) 0.36s -> walked 0.36s, best change 17.6
      |         turn to 359.4: NO-OP, already inside 4.0 deg (at 1.7, err -2.4) — nothing was sent, the recorded curve was discarded, and the caller's step line will look like a turn that happened
      |         office_door->portrait_room step 10/16: 1 chunk(s) of 0.78s, change 19.4, best 19.4, hazards none — one push, so `best` IS the whole leg's travel
      |       step 10/16 bearing  359.4 (got    1.7) 0.78s -> walked 0.78s, best change 19.4
      |         turn to 357.9: NO-OP, already inside 4.0 deg (at 1.8, err -3.9) — nothing was sent, the recorded curve was discarded, and the caller's step line will look like a turn that happened
      |         office_door->portrait_room step 11/16: 1 chunk(s) of 0.79s, change 20.0, best 20.0, hazards none — one push, so `best` IS the whole leg's travel
      |       step 11/16 bearing  357.9 (got    1.8) 0.79s -> walked 0.79s, best change 20.0
      |         turn to 358.0: NO-OP, already inside 4.0 deg (at 1.7, err -3.7) — nothing was sent, the recorded curve was discarded, and the caller's step line will look like a turn that happened
      |         office_door->portrait_room step 12/16: 1 chunk(s) of 0.79s, change 20.3, best 20.3, hazards none — one push, so `best` IS the whole leg's travel
      |       step 12/16 bearing  358.0 (got    1.7) 0.79s -> walked 0.79s, best change 20.3
      |         turn to 357.8: NO-OP, already inside 4.0 deg (at 1.7, err -3.9) — nothing was sent, the recorded curve was discarded, and the caller's step line will look like a turn that happened
      |         office_door->portrait_room step 13/16: 1 chunk(s) of 0.79s, change 21.4, best 21.4, hazards none — one push, so `best` IS the whole leg's travel
      |       step 13/16 bearing  357.8 (got    1.7) 0.79s -> walked 0.79s, best change 21.4
      |         turn to 357.9: NO-OP, already inside 4.0 deg (at 1.7, err -3.7) — nothing was sent, the recorded curve was discarded, and the caller's step line will look like a turn that happened
      |         office_door->portrait_room step 14/16: 1 chunk(s) of 0.79s, change 29.5, best 29.5, hazards none — one push, so `best` IS the whole leg's travel
      |       step 14/16 bearing  357.9 (got    1.7) 0.79s -> walked 0.79s, best change 29.5
      |         turn to 0.8: NO-OP, already inside 4.0 deg (at 1.7, err -0.9) — nothing was sent, the recorded curve was discarded, and the caller's step line will look like a turn that happened
      |         office_door->portrait_room step 15/16: 1 chunk(s) of 0.79s, change 27.0, best 27.0, hazards none — one push, so `best` IS the whole leg's travel
      |       step 15/16 bearing    0.8 (got    1.7) 0.79s -> walked 0.79s, best change 27.0
      |         turn to 4.0: NO-OP, already inside 4.0 deg (at 1.7, err +2.3) — nothing was sent, the recorded curve was discarded, and the caller's step line will look like a turn that happened
      |         office_door->portrait_room step 16/16: 1 chunk(s) of 0.36s, change 17.8, best 17.8, hazards none — one push, so `best` IS the whole leg's travel
      |       step 16/16 bearing    4.0 (got    1.7) 0.36s -> walked 0.36s, best change 17.8
      |       arrived? True  (portrait_room 735.000/5.330)
      |         turn to 1.5: NO-OP, already inside 0.5 deg (at 1.7, err -0.2) — nothing was sent, the recorded curve was discarded, and the caller's step line will look like a turn that happened
      |       align at portrait_room: yaw nulled to 1.7 (reference 1.5) — 0.2 deg REMAINING = ~4px of phantom dx still in the dx below
      |       align: step 1/6 dx=-83.8 (prev --)
      |       align: dx=-83.8 -> strafe left 0.10s
      |       align: step 2/6 dx=-47.7 (prev +83.8)
      |       align: dx=-47.7 -> strafe left 0.10s
      |       align: dx barely changed (-48 -> -36) — blocked sideways, cannot correct from here
      |       aligned at portrait_room: 36px from the recorded pose
      |       align at portrait_room: dx +35.6px
      |     leg portrait_room -> bar_pool_room
      |         turn to 286.6: TURNED to 286.2 (err +0.3) in 2 push(es)
      |         portrait_room->bar_pool_room step 1/4: 1 chunk(s) of 0.16s, change 10.0, best 10.0, hazards none — one push, so `best` IS the whole leg's travel
      |       step 1/4 bearing  286.6 (got  286.2) 0.16s -> walked 0.16s, best change 10.0
      |         turn to 292.2: TURNED to 291.3 (err +0.9) in 1 push(es)
      |         portrait_room->bar_pool_room step 2/4: 1 chunk(s) of 0.79s, change 18.7, best 18.7, hazards none — one push, so `best` IS the whole leg's travel
      |       step 2/4 bearing  292.2 (got  291.3) 0.79s -> walked 0.79s, best change 18.7
      |         turn to 285.6: TURNED to 287.7 (err -2.1) in 1 push(es)
      |         portrait_room->bar_pool_room step 3/4: 1 chunk(s) of 0.80s, change 18.6, best 18.6, hazards none — one push, so `best` IS the whole leg's travel
      |       step 3/4 bearing  285.6 (got  287.7) 0.80s -> walked 0.80s, best change 18.6
      |         turn to 287.6: NO-OP, already inside 4.0 deg (at 287.7, err -0.2) — nothing was sent, the recorded curve was discarded, and the caller's step line will look like a turn that happened
      |         portrait_room->bar_pool_room step 4/4: 1 chunk(s) of 0.23s, change 11.7, best 11.7, hazards none — one push, so `best` IS the whole leg's travel
      |       step 4/4 bearing  287.6 (got  287.7) 0.23s -> walked 0.23s, best change 11.7
      |       arrived? True  (bar_pool_room 432.000/4.040)
      |         turn to 288.2: NO-OP, already inside 0.5 deg (at 287.7, err +0.4) — nothing was sent, the recorded curve was discarded, and the caller's step line will look like a turn that happened
      |       align at bar_pool_room: yaw nulled to 287.7 (reference 288.2) — 0.4 deg REMAINING = ~8px of phantom dx still in the dx below
      |       align: step 1/6 dx=+135.6 (prev --)
      |       align: dx=+135.6 -> strafe right 0.11s
      |       align: step 2/6 dx=+107.7 (prev +135.6)
      |       align: dx=+107.7 -> strafe right 0.10s
      |       align: step 3/6 dx=+79.8 (prev +107.7)
      |       align: dx=+79.8 -> strafe right 0.10s
      |       align: step 4/6 dx=+52.0 (prev +79.8)
      |       align: dx=+52.0 -> strafe right 0.10s
      |       align: within 35px (dx=+28.9) after 4 step(s)
      |       aligned at bar_pool_room: 29px from the recorded pose
      |       align at bar_pool_room: dx +28.9px
      |     leg bar_pool_room -> bar_jukebox
      |         turn to 2.1: TURNED to 359.4 (err +2.7) in 1 push(es)
      |         bar_pool_room->bar_jukebox step 1/5: 1 chunk(s) of 0.80s, change 16.8, best 16.8, hazards none — one push, so `best` IS the whole leg's travel
      |       step 1/5 bearing    2.1 (got  359.4) 0.80s -> walked 0.80s, best change 16.8
      |         turn to 1.2: NO-OP, already inside 4.0 deg (at 359.4, err +1.8) — nothing was sent, the recorded curve was discarded, and the caller's step line will look like a turn that happened
      |         bar_pool_room->bar_jukebox step 2/5: 1 chunk(s) of 0.79s, change 6.6, best 6.6, hazards none — one push, so `best` IS the whole leg's travel
      |       step 2/5 bearing    1.2 (got  359.4) 0.79s -> walked 0.79s, best change 6.6
      |         turn to 0.8: NO-OP, already inside 4.0 deg (at 359.4, err +1.4) — nothing was sent, the recorded curve was discarded, and the caller's step line will look like a turn that happened
      |         bar_pool_room->bar_jukebox step 3/5: 1 chunk(s) of 0.80s, change 2.4, best 2.4, hazards SHORT — one push, so `best` IS the whole leg's travel
      |       step 3/5 bearing    0.8 (got  359.4) 0.80s -> walked 0.80s, best change 2.4
      |       step 3 blocked but the scene is MOVING — an NPC in the passage, not a wall
      |       the view is featureless — this is geometry, not a mover; skipping the escape ladder it has never cleared
      |       escape ladder: did NOT clear (best 0.0 PIXELS, against SLIP_PROGRESS_PX 20.0px — NOT against STALL_CHANGE 6.0, which is grey_levels)
      |       step 3 moved only 2.4 grey_levels (< 6.0) over 0.80s — stall score 1
      |         turn to 359.4: NO-OP, already inside 4.0 deg (at 359.4, err +0.0) — nothing was sent, the recorded curve was discarded, and the caller's step line will look like a turn that happened
      |         bar_pool_room->bar_jukebox step 4/5: 1 chunk(s) of 0.79s, change 4.7, best 4.7, hazards none — one push, so `best` IS the whole leg's travel
      |       step 4/5 bearing  359.4 (got  359.4) 0.79s -> walked 0.79s, best change 4.7
      |       step 4 blocked but the scene is MOVING — an NPC in the passage, not a wall
      |       the view is featureless — this is geometry, not a mover; skipping the escape ladder it has never cleared
      |       escape ladder: did NOT clear (best 0.0 PIXELS, against SLIP_PROGRESS_PX 20.0px — NOT against STALL_CHANGE 6.0, which is grey_levels)
      |       step 4 moved only 4.7 grey_levels (< 6.0) over 0.79s — stall score 2
      |       BLOCKED on step 4; abandoning the rest of this leg rather than pushing into whatever is in the way
      |       recovery fan did not find bar_jukebox
      |       arrived? None  (unverified, abstained (1.000/1.000))
      |   arrived, but 2 node(s) could not be confirmed on the way: ['office_door', 'bar_jukebox'] — each is a hole in the reference set
      |   attempt 3/9 at bar_jukebox
      |       re-localised by turning 180 deg: bar_pool_room 255.000/2.300
      |   re-localised at bar_pool_room by turning; routing from there
      |   route: bar_pool_room -> bar_jukebox  (3.3s of walking)
      |     leg bar_pool_room -> bar_jukebox
      |         turn to 2.1: TURNED to 2.6 (err -0.5) in 1 push(es)
      |         bar_pool_room->bar_jukebox step 1/5: 1 chunk(s) of 0.80s, change 13.7, best 13.7, hazards none — one push, so `best` IS the whole leg's travel
      |       step 1/5 bearing    2.1 (got    2.6) 0.80s -> walked 0.80s, best change 13.7
      |         turn to 1.2: NO-OP, already inside 4.0 deg (at 2.6, err -1.4) — nothing was sent, the recorded curve was discarded, and the caller's step line will look like a turn that happened
      |         bar_pool_room->bar_jukebox step 2/5: 1 chunk(s) of 0.79s, change 8.8, best 8.8, hazards none — one push, so `best` IS the whole leg's travel
      |       step 2/5 bearing    1.2 (got    2.6) 0.79s -> walked 0.79s, best change 8.8
      |         turn to 0.8: NO-OP, already inside 4.0 deg (at 2.6, err -1.8) — nothing was sent, the recorded curve was discarded, and the caller's step line will look like a turn that happened
      |         bar_pool_room->bar_jukebox step 3/5: 1 chunk(s) of 0.80s, change 5.0, best 5.0, hazards none — one push, so `best` IS the whole leg's travel
      |       step 3/5 bearing    0.8 (got    2.6) 0.80s -> walked 0.80s, best change 5.0
      |       step 3 blocked but the scene is MOVING — an NPC in the passage, not a wall
      |       the view is featureless — this is geometry, not a mover; skipping the escape ladder it has never cleared
      |       escape ladder: did NOT clear (best 0.0 PIXELS, against SLIP_PROGRESS_PX 20.0px — NOT against STALL_CHANGE 6.0, which is grey_levels)
      |       step 3 moved only 5.0 grey_levels (< 6.0) over 0.80s — stall score 1
      |         turn to 359.4: NO-OP, already inside 4.0 deg (at 2.6, err -3.2) — nothing was sent, the recorded curve was discarded, and the caller's step line will look like a turn that happened
      |         bar_pool_room->bar_jukebox step 4/5: 1 chunk(s) of 0.79s, change 4.0, best 4.0, hazards none — one push, so `best` IS the whole leg's travel
      |       step 4/5 bearing  359.4 (got    2.6) 0.79s -> walked 0.79s, best change 4.0
      |       step 4 blocked but the scene is MOVING — an NPC in the passage, not a wall
      |       the view is featureless — this is geometry, not a mover; skipping the escape ladder it has never cleared
      |       escape ladder: did NOT clear (best 0.0 PIXELS, against SLIP_PROGRESS_PX 20.0px — NOT against STALL_CHANGE 6.0, which is grey_levels)
      |       step 4 moved only 4.0 grey_levels (< 6.0) over 0.79s — stall score 2
      |       BLOCKED on step 4; abandoning the rest of this leg rather than pushing into whatever is in the way
      |       recovery fan did not find bar_jukebox
      |       arrived? None  (unverified, abstained (1.000/1.000))
      |   arrived, but 1 node(s) could not be confirmed on the way: ['bar_jukebox'] — each is a hole in the reference set
      |   attempt 4/9 at bar_jukebox
      |   not at bar_jukebox and cannot say where this is (unrecognised (137.000/2.320)) — reloading to a known start
      |   pause menu open (selected 'Resume')
      |   selected: Load Last Save
      |   confirmation dialog up (delta 79.0) -> YES
      |   world back after 3.2s, spawn bearing 87 (E)
      |   route: office_corridor -> office_door -> portrait_room -> bar_pool_room -> bar_jukebox  (21.4s of walking)
      |     leg office_corridor -> office_door
      |         turn to 270.4: TURNED to 270.1 (err +0.3) in 2 push(es)
      |         office_corridor->office_door step 1/7: 1 chunk(s) of 0.79s, change 18.9, best 18.9, hazards none — one push, so `best` IS the whole leg's travel
      |       step 1/7 bearing  270.4 (got  270.1) 0.79s -> walked 0.79s, best change 18.9
      |         turn to 270.1: NO-OP, already inside 4.0 deg (at 270.2, err -0.0) — nothing was sent, the recorded curve was discarded, and the caller's step line will look like a turn that happened
      |         office_corridor->office_door step 2/7: 1 chunk(s) of 0.78s, change 19.3, best 19.3, hazards none — one push, so `best` IS the whole leg's travel
      |       step 2/7 bearing  270.1 (got  270.2) 0.78s -> walked 0.78s, best change 19.3
      |         turn to 270.1: NO-OP, already inside 4.0 deg (at 270.2, err -0.0) — nothing was sent, the recorded curve was discarded, and the caller's step line will look like a turn that happened
      |         office_corridor->office_door step 3/7: 1 chunk(s) of 0.78s, change 14.2, best 14.2, hazards none — one push, so `best` IS the whole leg's travel
      |       step 3/7 bearing  270.1 (got  270.2) 0.78s -> walked 0.78s, best change 14.2
      |         turn to 270.3: NO-OP, already inside 4.0 deg (at 270.2, err +0.1) — nothing was sent, the recorded curve was discarded, and the caller's step line will look like a turn that happened
      |         office_corridor->office_door step 4/7: 1 chunk(s) of 0.78s, change 10.6, best 10.6, hazards none — one push, so `best` IS the whole leg's travel
      |       step 4/7 bearing  270.3 (got  270.2) 0.78s -> walked 0.78s, best change 10.6
      |         turn to 270.1: NO-OP, already inside 4.0 deg (at 270.1, err -0.0) — nothing was sent, the recorded curve was discarded, and the caller's step line will look like a turn that happened
      |         office_corridor->office_door step 5/7: 1 chunk(s) of 0.79s, change 8.9, best 8.9, hazards none — one push, so `best` IS the whole leg's travel
      |       step 5/7 bearing  270.1 (got  270.1) 0.79s -> walked 0.79s, best change 8.9
      |         turn to 270.1: NO-OP, already inside 4.0 deg (at 270.2, err -0.1) — nothing was sent, the recorded curve was discarded, and the caller's step line will look like a turn that happened
      |         office_corridor->office_door step 6/7: 1 chunk(s) of 0.79s, change 6.9, best 6.9, hazards none — one push, so `best` IS the whole leg's travel
      |       step 6/7 bearing  270.1 (got  270.2) 0.79s -> walked 0.79s, best change 6.9
      |         turn to 270.4: NO-OP, already inside 4.0 deg (at 270.1, err +0.2) — nothing was sent, the recorded curve was discarded, and the caller's step line will look like a turn that happened
      |         office_corridor->office_door step 7/7: 1 chunk(s) of 0.42s, change 7.0, best 7.0, hazards none — one push, so `best` IS the whole leg's travel
      |       step 7/7 bearing  270.4 (got  270.1) 0.42s -> walked 0.42s, best change 7.0
      |       arrived? None  (no appearance reference by design)
      |     leg office_door -> portrait_room
      |         turn to 338.1: TURNED to 334.5 (err +3.6) in 1 push(es)
      |         office_door->portrait_room step 1/16: 1 chunk(s) of 0.79s, change 10.9, best 10.9, hazards none — one push, so `best` IS the whole leg's travel
      |       step 1/16 bearing  338.1 (got  334.5) 0.79s -> walked 0.79s, best change 10.9
      |         turn to 339.2: TURNED to 341.2 (err -2.0) in 1 push(es)
      |         office_door->portrait_room step 2/16: 1 chunk(s) of 0.70s, change 13.8, best 13.8, hazards none — one push, so `best` IS the whole leg's travel
      |       step 2/16 bearing  339.2 (got  341.2) 0.70s -> walked 0.70s, best change 13.8
      |         turn to 347.9: TURNED to 346.7 (err +1.2) in 1 push(es)
      |         office_door->portrait_room step 3/16: 1 chunk(s) of 0.42s, change 21.0, best 21.0, hazards none — one push, so `best` IS the whole leg's travel
      |       step 3/16 bearing  347.9 (got  346.7) 0.42s -> walked 0.42s, best change 21.0
      |         turn to 355.2: TURNED to 354.7 (err +0.5) in 2 push(es)
      |         office_door->portrait_room step 4/16: 1 chunk(s) of 0.79s, change 43.3, best 43.3, hazards none — one push, so `best` IS the whole leg's travel
      |       step 4/16 bearing  355.2 (got  354.7) 0.79s -> walked 0.79s, best change 43.3
      |         turn to 360.0: TURNED to 2.6 (err -2.6) in 1 push(es)
      |         office_door->portrait_room step 5/16: 1 chunk(s) of 0.51s, change 26.4, best 26.4, hazards none — one push, so `best` IS the whole leg's travel
      |       step 5/16 bearing  360.0 (got    2.6) 0.51s -> walked 0.51s, best change 26.4
      |         turn to 8.6: TURNED to 8.3 (err +0.3) in 1 push(es)
      |         office_door->portrait_room step 6/16: 1 chunk(s) of 0.78s, change 19.1, best 19.1, hazards none — one push, so `best` IS the whole leg's travel
      |       step 6/16 bearing    8.6 (got    8.3) 0.78s -> walked 0.78s, best change 19.1
      |         turn to 7.7: NO-OP, already inside 4.0 deg (at 8.3, err -0.6) — nothing was sent, the recorded curve was discarded, and the caller's step line will look like a turn that happened
      |         office_door->portrait_room step 7/16: 1 chunk(s) of 0.78s, change 28.2, best 28.2, hazards none — one push, so `best` IS the whole leg's travel
      |       step 7/16 bearing    7.7 (got    8.3) 0.78s -> walked 0.78s, best change 28.2
      |         turn to 1.7: TURNED to 4.4 (err -2.6) in 1 push(es)
      |         office_door->portrait_room step 8/16: 1 chunk(s) of 0.80s, change 32.9, best 32.9, hazards none — one push, so `best` IS the whole leg's travel
      |       step 8/16 bearing    1.7 (got    4.4) 0.80s -> walked 0.80s, best change 32.9
      |         turn to 359.6: NO-OP, already inside 4.0 deg (at 3.6, err -4.0) — nothing was sent, the recorded curve was discarded, and the caller's step line will look like a turn that happened
      |         office_door->portrait_room step 9/16: 1 chunk(s) of 0.36s, change 17.5, best 17.5, hazards none — one push, so `best` IS the whole leg's travel
      |       step 9/16 bearing  359.6 (got    3.6) 0.36s -> walked 0.36s, best change 17.5
      |         turn to 359.4: TURNED to 0.6 (err -1.2) in 1 push(es)
      |         office_door->portrait_room step 10/16: 1 chunk(s) of 0.78s, change 18.9, best 18.9, hazards none — one push, so `best` IS the whole leg's travel
      |       step 10/16 bearing  359.4 (got    0.6) 0.78s -> walked 0.78s, best change 18.9
      |         turn to 357.9: NO-OP, already inside 4.0 deg (at 0.7, err -2.8) — nothing was sent, the recorded curve was discarded, and the caller's step line will look like a turn that happened
      |         office_door->portrait_room step 11/16: 1 chunk(s) of 0.79s, change 19.1, best 19.1, hazards none — one push, so `best` IS the whole leg's travel
      |       step 11/16 bearing  357.9 (got    0.7) 0.79s -> walked 0.79s, best change 19.1
      |         turn to 358.0: NO-OP, already inside 4.0 deg (at 0.7, err -2.6) — nothing was sent, the recorded curve was discarded, and the caller's step line will look like a turn that happened
      |         office_door->portrait_room step 12/16: 1 chunk(s) of 0.79s, change 18.5, best 18.5, hazards none — one push, so `best` IS the whole leg's travel
      |       step 12/16 bearing  358.0 (got    0.7) 0.79s -> walked 0.79s, best change 18.5
      |         turn to 357.8: NO-OP, already inside 4.0 deg (at 0.7, err -2.8) — nothing was sent, the recorded curve was discarded, and the caller's step line will look like a turn that happened
      |         office_door->portrait_room step 13/16: 1 chunk(s) of 0.79s, change 23.7, best 23.7, hazards none — one push, so `best` IS the whole leg's travel
      |       step 13/16 bearing  357.8 (got    0.7) 0.79s -> walked 0.79s, best change 23.7
      |         turn to 357.9: NO-OP, already inside 4.0 deg (at 0.7, err -2.7) — nothing was sent, the recorded curve was discarded, and the caller's step line will look like a turn that happened
      |         office_door->portrait_room step 14/16: 1 chunk(s) of 0.79s, change 30.5, best 30.5, hazards none — one push, so `best` IS the whole leg's travel
      |       step 14/16 bearing  357.9 (got    0.7) 0.79s -> walked 0.79s, best change 30.5
      |         turn to 0.8: NO-OP, already inside 4.0 deg (at 0.6, err +0.2) — nothing was sent, the recorded curve was discarded, and the caller's step line will look like a turn that happened
      |         office_door->portrait_room step 15/16: 1 chunk(s) of 0.79s, change 28.5, best 28.5, hazards none — one push, so `best` IS the whole leg's travel
      |       step 15/16 bearing    0.8 (got    0.6) 0.79s -> walked 0.79s, best change 28.5
      |         turn to 4.0: NO-OP, already inside 4.0 deg (at 0.7, err +3.3) — nothing was sent, the recorded curve was discarded, and the caller's step line will look like a turn that happened
      |         office_door->portrait_room step 16/16: 1 chunk(s) of 0.36s, change 17.1, best 17.1, hazards none — one push, so `best` IS the whole leg's travel
      |       step 16/16 bearing    4.0 (got    0.7) 0.36s -> walked 0.36s, best change 17.1
      |       arrived? True  (portrait_room 675.000/5.970)
      |         turn to 1.5: TURNED to 1.5 (err -0.0) in 1 push(es)
      |       align at portrait_room: yaw nulled to 1.5 (reference 1.5) — 0.0 deg REMAINING = ~0px of phantom dx still in the dx below
      |       align: step 1/6 dx=-66.9 (prev --)
      |       align: dx=-66.9 -> strafe left 0.10s
      |       align: step 2/6 dx=-42.0 (prev +66.9)
      |       align: dx=-42.0 -> strafe left 0.10s
      |       align: within 35px (dx=-1.8) after 2 step(s)
      |       aligned at portrait_room: 2px from the recorded pose
      |       align at portrait_room: dx +1.8px
      |     leg portrait_room -> bar_pool_room
      |         turn to 286.6: TURNED to 290.4 (err -3.8) in 1 push(es)
      |         portrait_room->bar_pool_room step 1/4: 1 chunk(s) of 0.16s, change 7.9, best 7.9, hazards none — one push, so `best` IS the whole leg's travel
      |       step 1/4 bearing  286.6 (got  290.4) 0.16s -> walked 0.16s, best change 7.9
      |         turn to 292.2: NO-OP, already inside 4.0 deg (at 290.4, err +1.8) — nothing was sent, the recorded curve was discarded, and the caller's step line will look like a turn that happened
      |         portrait_room->bar_pool_room step 2/4: 1 chunk(s) of 0.79s, change 15.1, best 15.1, hazards none — one push, so `best` IS the whole leg's travel
      |       step 2/4 bearing  292.2 (got  290.4) 0.79s -> walked 0.79s, best change 15.1
      |         turn to 285.6: TURNED to 286.4 (err -0.8) in 1 push(es)
      |         portrait_room->bar_pool_room step 3/4: 1 chunk(s) of 0.80s, change 16.0, best 16.0, hazards none — one push, so `best` IS the whole leg's travel
      |       step 3/4 bearing  285.6 (got  286.4) 0.80s -> walked 0.80s, best change 16.0
      |         turn to 287.6: NO-OP, already inside 4.0 deg (at 286.4, err +1.2) — nothing was sent, the recorded curve was discarded, and the caller's step line will look like a turn that happened
      |         portrait_room->bar_pool_room step 4/4: 1 chunk(s) of 0.23s, change 11.3, best 11.3, hazards none — one push, so `best` IS the whole leg's travel
      |       step 4/4 bearing  287.6 (got  286.4) 0.23s -> walked 0.23s, best change 11.3
      |       arrived? True  (bar_pool_room 535.000/4.350)
      |         turn to 288.2: TURNED to 288.2 (err -0.1) in 2 push(es)
      |       align at bar_pool_room: yaw nulled to 288.2 (reference 288.2) — 0.1 deg REMAINING = ~1px of phantom dx still in the dx below
      |       align: step 1/6 dx=+160.8 (prev --)
      |       align: dx=+160.8 -> strafe right 0.13s
      |       align: step 2/6 dx=+135.0 (prev +160.8)
      |       align: dx=+135.0 -> strafe right 0.11s
      |       align: step 3/6 dx=+104.0 (prev +135.0)
      |       align: dx=+104.0 -> strafe right 0.10s
      |       align: step 4/6 dx=+40.7 (prev +104.0)
      |       align: dx=+40.7 -> strafe right 0.10s
      |       align: within 35px (dx=+14.4) after 4 step(s)
      |       aligned at bar_pool_room: 14px from the recorded pose
      |       align at bar_pool_room: dx +14.4px
      |     leg bar_pool_room -> bar_jukebox
      |         turn to 2.1: TURNED to 2.4 (err -0.3) in 1 push(es)
      |         bar_pool_room->bar_jukebox step 1/5: 1 chunk(s) of 0.80s, change 16.7, best 16.7, hazards none — one push, so `best` IS the whole leg's travel
      |       step 1/5 bearing    2.1 (got    2.4) 0.80s -> walked 0.80s, best change 16.7
      |         turn to 1.2: NO-OP, already inside 4.0 deg (at 2.4, err -1.2) — nothing was sent, the recorded curve was discarded, and the caller's step line will look like a turn that happened
      |         bar_pool_room->bar_jukebox step 2/5: 1 chunk(s) of 0.79s, change 10.0, best 10.0, hazards none — one push, so `best` IS the whole leg's travel
      |       step 2/5 bearing    1.2 (got    2.4) 0.79s -> walked 0.79s, best change 10.0
      |         turn to 0.8: NO-OP, already inside 4.0 deg (at 2.4, err -1.6) — nothing was sent, the recorded curve was discarded, and the caller's step line will look like a turn that happened
      |         bar_pool_room->bar_jukebox step 3/5: 1 chunk(s) of 0.80s, change 8.8, best 8.8, hazards none — one push, so `best` IS the whole leg's travel
      |       step 3/5 bearing    0.8 (got    2.4) 0.80s -> walked 0.80s, best change 8.8
      |         turn to 359.4: NO-OP, already inside 4.0 deg (at 2.4, err -2.9) — nothing was sent, the recorded curve was discarded, and the caller's step line will look like a turn that happened
      |         bar_pool_room->bar_jukebox step 4/5: 1 chunk(s) of 0.79s, change 5.5, best 5.5, hazards none — one push, so `best` IS the whole leg's travel
      |       step 4/5 bearing  359.4 (got    2.4) 0.79s -> walked 0.79s, best change 5.5
      |       step 4 blocked but the scene is MOVING — an NPC in the passage, not a wall
      |       the view is featureless — this is geometry, not a mover; skipping the escape ladder it has never cleared
      |       escape ladder: did NOT clear (best 0.0 PIXELS, against SLIP_PROGRESS_PX 20.0px — NOT against STALL_CHANGE 6.0, which is grey_levels)
      |       step 4 moved only 5.5 grey_levels (< 6.0) over 0.79s — stall score 1
      |         turn to 359.6: NO-OP, already inside 4.0 deg (at 2.3, err -2.7) — nothing was sent, the recorded curve was discarded, and the caller's step line will look like a turn that happened
      |         bar_pool_room->bar_jukebox step 5/5: 1 chunk(s) of 0.14s, change 2.4, best 2.4, hazards SHORT — one push, so `best` IS the whole leg's travel
      |       step 5/5 bearing  359.6 (got    2.3) 0.14s -> walked 0.14s, best change 2.4
      |       step 5 blocked but the scene is MOVING — an NPC in the passage, not a wall
      |       the view is featureless — this is geometry, not a mover; skipping the escape ladder it has never cleared
      |       escape ladder: did NOT clear (best 0.0 PIXELS, against SLIP_PROGRESS_PX 20.0px — NOT against STALL_CHANGE 6.0, which is grey_levels)
      |       step 5 moved only 2.4 grey_levels (< 6.0) over 0.14s — stall score 2
      |       BLOCKED on step 5; abandoning the rest of this leg rather than pushing into whatever is in the way
      |       recovery fan did not find bar_jukebox
      |       arrived? None  (unverified, abstained (1.000/1.000))
      |   arrived, but 2 node(s) could not be confirmed on the way: ['office_door', 'bar_jukebox'] — each is a hole in the reference set
      |   attempt 5/9 at bar_jukebox
      |       re-localised by turning 180 deg: bar_pool_room 256.000/1.920
      |   re-localised at bar_pool_room by turning; routing from there
      |   route: bar_pool_room -> bar_jukebox  (3.3s of walking)
      |     leg bar_pool_room -> bar_jukebox
      |         turn to 2.1: TURNED to 3.1 (err -1.0) in 2 push(es)
      |         bar_pool_room->bar_jukebox step 1/5: 1 chunk(s) of 0.80s, change 18.8, best 18.8, hazards none — one push, so `best` IS the whole leg's travel
      |       step 1/5 bearing    2.1 (got    3.1) 0.80s -> walked 0.80s, best change 18.8
      |         turn to 1.2: NO-OP, already inside 4.0 deg (at 3.1, err -1.9) — nothing was sent, the recorded curve was discarded, and the caller's step line will look like a turn that happened
      |         bar_pool_room->bar_jukebox step 2/5: 1 chunk(s) of 0.79s, change 21.7, best 21.7, hazards none — one push, so `best` IS the whole leg's travel
      |       step 2/5 bearing    1.2 (got    3.1) 0.79s -> walked 0.79s, best change 21.7
      |         turn to 0.8: NO-OP, already inside 4.0 deg (at 3.1, err -2.4) — nothing was sent, the recorded curve was discarded, and the caller's step line will look like a turn that happened
      |         bar_pool_room->bar_jukebox step 3/5: 1 chunk(s) of 0.80s, change 11.5, best 11.5, hazards none — one push, so `best` IS the whole leg's travel
      |       step 3/5 bearing    0.8 (got    3.1) 0.80s -> walked 0.80s, best change 11.5
      |         turn to 359.4: NO-OP, already inside 4.0 deg (at 3.1, err -3.7) — nothing was sent, the recorded curve was discarded, and the caller's step line will look like a turn that happened
      |         bar_pool_room->bar_jukebox step 4/5: 1 chunk(s) of 0.79s, change 11.3, best 11.3, hazards none — one push, so `best` IS the whole leg's travel
      |       step 4/5 bearing  359.4 (got    3.1) 0.79s -> walked 0.79s, best change 11.3
      |         turn to 359.6: NO-OP, already inside 4.0 deg (at 3.1, err -3.5) — nothing was sent, the recorded curve was discarded, and the caller's step line will look like a turn that happened
      |         bar_pool_room->bar_jukebox step 5/5: 1 chunk(s) of 0.14s, change 4.2, best 4.2, hazards none — one push, so `best` IS the whole leg's travel
      |       step 5/5 bearing  359.6 (got    3.1) 0.14s -> walked 0.14s, best change 4.2
      |       step 5 blocked but the scene is MOVING — an NPC in the passage, not a wall
      |       the view is featureless — this is geometry, not a mover; skipping the escape ladder it has never cleared
      |       escape ladder: did NOT clear (best 0.0 PIXELS, against SLIP_PROGRESS_PX 20.0px — NOT against STALL_CHANGE 6.0, which is grey_levels)
      |       step 5 moved only 4.2 grey_levels (< 6.0) over 0.14s — stall score 1
      |       recovery fan did not find bar_jukebox
      |       arrived? None  (unverified, abstained (4.000/1.000))
      |   arrived, but 1 node(s) could not be confirmed on the way: ['bar_jukebox'] — each is a hole in the reference set
      |   attempt 6/9 at bar_jukebox
      |   not at bar_jukebox and cannot say where this is (unrecognised (54.000/1.080)) — reloading to a known start
      |   pause menu open (selected 'Resume')
      |   selected: Load Last Save
      |   confirmation dialog up (delta 78.9) -> YES
      |   world back after 3.2s, spawn bearing 87 (E)
      |   route: office_corridor -> office_door -> portrait_room -> bar_pool_room -> bar_jukebox  (21.4s of walking)
      |     leg office_corridor -> office_door
      |         turn to 270.4: TURNED to 271.4 (err -1.0) in 2 push(es)
      |         office_corridor->office_door step 1/7: 1 chunk(s) of 0.79s, change 19.0, best 19.0, hazards none — one push, so `best` IS the whole leg's travel
      |       step 1/7 bearing  270.4 (got  271.4) 0.79s -> walked 0.79s, best change 19.0
      |         turn to 270.1: NO-OP, already inside 4.0 deg (at 271.5, err -1.4) — nothing was sent, the recorded curve was discarded, and the caller's step line will look like a turn that happened
      |         office_corridor->office_door step 2/7: 1 chunk(s) of 0.78s, change 18.6, best 18.6, hazards none — one push, so `best` IS the whole leg's travel
      |       step 2/7 bearing  270.1 (got  271.5) 0.78s -> walked 0.78s, best change 18.6
      |         turn to 270.1: NO-OP, already inside 4.0 deg (at 271.4, err -1.2) — nothing was sent, the recorded curve was discarded, and the caller's step line will look like a turn that happened
      |         office_corridor->office_door step 3/7: 1 chunk(s) of 0.78s, change 14.3, best 14.3, hazards none — one push, so `best` IS the whole leg's travel
      |       step 3/7 bearing  270.1 (got  271.4) 0.78s -> walked 0.78s, best change 14.3
      |         turn to 270.3: NO-OP, already inside 4.0 deg (at 271.4, err -1.1) — nothing was sent, the recorded curve was discarded, and the caller's step line will look like a turn that happened
      |         office_corridor->office_door step 4/7: 1 chunk(s) of 0.78s, change 11.2, best 11.2, hazards none — one push, so `best` IS the whole leg's travel
      |       step 4/7 bearing  270.3 (got  271.4) 0.78s -> walked 0.78s, best change 11.2
      |         turn to 270.1: NO-OP, already inside 4.0 deg (at 271.4, err -1.3) — nothing was sent, the recorded curve was discarded, and the caller's step line will look like a turn that happened
      |         office_corridor->office_door step 5/7: 1 chunk(s) of 0.79s, change 9.4, best 9.4, hazards none — one push, so `best` IS the whole leg's travel
      |       step 5/7 bearing  270.1 (got  271.4) 0.79s -> walked 0.79s, best change 9.4
      |         turn to 270.1: NO-OP, already inside 4.0 deg (at 271.4, err -1.3) — nothing was sent, the recorded curve was discarded, and the caller's step line will look like a turn that happened
      |         office_corridor->office_door step 6/7: 1 chunk(s) of 0.79s, change 7.0, best 7.0, hazards none — one push, so `best` IS the whole leg's travel
      |       step 6/7 bearing  270.1 (got  271.4) 0.79s -> walked 0.79s, best change 7.0
      |         turn to 270.4: NO-OP, already inside 4.0 deg (at 271.4, err -1.0) — nothing was sent, the recorded curve was discarded, and the caller's step line will look like a turn that happened
      |         office_corridor->office_door step 7/7: 1 chunk(s) of 0.42s, change 6.9, best 6.9, hazards none — one push, so `best` IS the whole leg's travel
      |       step 7/7 bearing  270.4 (got  271.4) 0.42s -> walked 0.42s, best change 6.9
      |       arrived? None  (no appearance reference by design)
      |     leg office_door -> portrait_room
      |         turn to 338.1: TURNED to 338.2 (err -0.0) in 1 push(es)
      |         office_door->portrait_room step 1/16: 1 chunk(s) of 0.79s, change 12.5, best 12.5, hazards none — one push, so `best` IS the whole leg's travel
      |       step 1/16 bearing  338.1 (got  338.2) 0.79s -> walked 0.79s, best change 12.5
      |         turn to 339.2: NO-OP, already inside 4.0 deg (at 338.2, err +1.0) — nothing was sent, the recorded curve was discarded, and the caller's step line will look like a turn that happened
      |         office_door->portrait_room step 2/16: 1 chunk(s) of 0.70s, change 20.0, best 20.0, hazards none — one push, so `best` IS the whole leg's travel
      |       step 2/16 bearing  339.2 (got  338.2) 0.70s -> walked 0.70s, best change 20.0
      |         turn to 347.9: TURNED to 348.0 (err -0.1) in 1 push(es)
      |         office_door->portrait_room step 3/16: 1 chunk(s) of 0.42s, change 26.8, best 26.8, hazards none — one push, so `best` IS the whole leg's travel
      |       step 3/16 bearing  347.9 (got  348.0) 0.42s -> walked 0.42s, best change 26.8
      |         turn to 355.2: TURNED to 355.3 (err -0.1) in 1 push(es)
      |         office_door->portrait_room step 4/16: 1 chunk(s) of 0.79s, change 40.8, best 40.8, hazards none — one push, so `best` IS the whole leg's travel
      |       step 4/16 bearing  355.2 (got  355.3) 0.79s -> walked 0.79s, best change 40.8
      |         turn to 360.0: TURNED to 1.5 (err -1.5) in 1 push(es)
      |         office_door->portrait_room step 5/16: 1 chunk(s) of 0.51s, change 18.1, best 18.1, hazards none — one push, so `best` IS the whole leg's travel
      |       step 5/16 bearing  360.0 (got    1.5) 0.51s -> walked 0.51s, best change 18.1
      |         turn to 8.6: TURNED to 9.3 (err -0.8) in 1 push(es)
      |         office_door->portrait_room step 6/16: 1 chunk(s) of 0.78s, change 18.2, best 18.2, hazards none — one push, so `best` IS the whole leg's travel
      |       step 6/16 bearing    8.6 (got    9.3) 0.78s -> walked 0.78s, best change 18.2
      |         turn to 7.7: NO-OP, already inside 4.0 deg (at 9.3, err -1.5) — nothing was sent, the recorded curve was discarded, and the caller's step line will look like a turn that happened
      |         office_door->portrait_room step 7/16: 1 chunk(s) of 0.78s, change 27.4, best 27.4, hazards none — one push, so `best` IS the whole leg's travel
      |       step 7/16 bearing    7.7 (got    9.3) 0.78s -> walked 0.78s, best change 27.4
      |         turn to 1.7: TURNED to 1.9 (err -0.2) in 1 push(es)
      |         office_door->portrait_room step 8/16: 1 chunk(s) of 0.80s, change 34.1, best 34.1, hazards none — one push, so `best` IS the whole leg's travel
      |       step 8/16 bearing    1.7 (got    1.9) 0.80s -> walked 0.80s, best change 34.1
      |         turn to 359.6: NO-OP, already inside 4.0 deg (at 2.1, err -2.5) — nothing was sent, the recorded curve was discarded, and the caller's step line will look like a turn that happened
      |         office_door->portrait_room step 9/16: 1 chunk(s) of 0.36s, change 18.4, best 18.4, hazards none — one push, so `best` IS the whole leg's travel
      |       step 9/16 bearing  359.6 (got    2.1) 0.36s -> walked 0.36s, best change 18.4
      |         turn to 359.4: NO-OP, already inside 4.0 deg (at 2.1, err -2.7) — nothing was sent, the recorded curve was discarded, and the caller's step line will look like a turn that happened
      |         office_door->portrait_room step 10/16: 1 chunk(s) of 0.78s, change 21.1, best 21.1, hazards none — one push, so `best` IS the whole leg's travel
      |       step 10/16 bearing  359.4 (got    2.1) 0.78s -> walked 0.78s, best change 21.1
      |         turn to 357.9: TURNED to 0.2 (err -2.3) in 1 push(es)
      |         office_door->portrait_room step 11/16: 1 chunk(s) of 0.79s, change 19.0, best 19.0, hazards none — one push, so `best` IS the whole leg's travel
      |       step 11/16 bearing  357.9 (got    0.2) 0.79s -> walked 0.79s, best change 19.0
      |         turn to 358.0: NO-OP, already inside 4.0 deg (at 0.2, err -2.1) — nothing was sent, the recorded curve was discarded, and the caller's step line will look like a turn that happened
      |         office_door->portrait_room step 12/16: 1 chunk(s) of 0.79s, change 19.2, best 19.2, hazards none — one push, so `best` IS the whole leg's travel
      |       step 12/16 bearing  358.0 (got    0.2) 0.79s -> walked 0.79s, best change 19.2
      |         turn to 357.8: NO-OP, already inside 4.0 deg (at 359.7, err -1.9) — nothing was sent, the recorded curve was discarded, and the caller's step line will look like a turn that happened
      |         office_door->portrait_room step 13/16: 1 chunk(s) of 0.79s, change 23.6, best 23.6, hazards none — one push, so `best` IS the whole leg's travel
      |       step 13/16 bearing  357.8 (got  359.7) 0.79s -> walked 0.79s, best change 23.6
      |         turn to 357.9: NO-OP, already inside 4.0 deg (at 0.2, err -2.2) — nothing was sent, the recorded curve was discarded, and the caller's step line will look like a turn that happened
      |         office_door->portrait_room step 14/16: 1 chunk(s) of 0.79s, change 30.5, best 30.5, hazards none — one push, so `best` IS the whole leg's travel
      |       step 14/16 bearing  357.9 (got    0.2) 0.79s -> walked 0.79s, best change 30.5
      |         turn to 0.8: NO-OP, already inside 4.0 deg (at 0.1, err +0.7) — nothing was sent, the recorded curve was discarded, and the caller's step line will look like a turn that happened
      |         office_door->portrait_room step 15/16: 1 chunk(s) of 0.79s, change 28.2, best 28.2, hazards none — one push, so `best` IS the whole leg's travel
      |       step 15/16 bearing    0.8 (got    0.1) 0.79s -> walked 0.79s, best change 28.2
      |         turn to 4.0: NO-OP, already inside 4.0 deg (at 0.2, err +3.8) — nothing was sent, the recorded curve was discarded, and the caller's step line will look like a turn that happened
      |         office_door->portrait_room step 16/16: 1 chunk(s) of 0.36s, change 16.6, best 16.6, hazards none — one push, so `best` IS the whole leg's travel
      |       step 16/16 bearing    4.0 (got    0.2) 0.36s -> walked 0.36s, best change 16.6
      |       arrived? True  (portrait_room 590.000/5.320)
      |         turn to 1.5: TURNED to 1.6 (err -0.1) in 1 push(es)
      |       align at portrait_room: yaw nulled to 1.6 (reference 1.5) — 0.1 deg REMAINING = ~3px of phantom dx still in the dx below
      |       align: step 1/6 dx=-46.2 (prev --)
      |       align: dx=-46.2 -> strafe left 0.10s
      |       align: within 35px (dx=+19.9) after 1 step(s)
      |       aligned at portrait_room: 20px from the recorded pose
      |       align at portrait_room: dx +19.9px
      |     leg portrait_room -> bar_pool_room
      |         turn to 286.6: TURNED to 286.4 (err +0.2) in 2 push(es)
      |         portrait_room->bar_pool_room step 1/4: 1 chunk(s) of 0.16s, change 7.7, best 7.7, hazards none — one push, so `best` IS the whole leg's travel
      |       step 1/4 bearing  286.6 (got  286.4) 0.16s -> walked 0.16s, best change 7.7
      |         turn to 292.2: TURNED to 293.8 (err -1.6) in 1 push(es)
      |         portrait_room->bar_pool_room step 2/4: 1 chunk(s) of 0.79s, change 18.3, best 18.3, hazards none — one push, so `best` IS the whole leg's travel
      |       step 2/4 bearing  292.2 (got  293.8) 0.79s -> walked 0.79s, best change 18.3
      |         turn to 285.6: TURNED to 286.6 (err -1.0) in 1 push(es)
      |         portrait_room->bar_pool_room step 3/4: 1 chunk(s) of 0.80s, change 18.0, best 18.0, hazards none — one push, so `best` IS the whole leg's travel
      |       step 3/4 bearing  285.6 (got  286.6) 0.80s -> walked 0.80s, best change 18.0
      |         turn to 287.6: NO-OP, already inside 4.0 deg (at 286.6, err +1.0) — nothing was sent, the recorded curve was discarded, and the caller's step line will look like a turn that happened
      |         portrait_room->bar_pool_room step 4/4: 1 chunk(s) of 0.23s, change 12.2, best 12.2, hazards none — one push, so `best` IS the whole leg's travel
      |       step 4/4 bearing  287.6 (got  286.6) 0.23s -> walked 0.23s, best change 12.2
      |       arrived? True  (bar_pool_room 542.000/4.550)
      |         turn to 288.2: TURNED to 288.2 (err -0.1) in 1 push(es)
      |       align at bar_pool_room: yaw nulled to 288.2 (reference 288.2) — 0.1 deg REMAINING = ~1px of phantom dx still in the dx below
      |       align: step 1/6 dx=+148.6 (prev --)
      |       align: dx=+148.6 -> strafe right 0.12s
      |       align: step 2/6 dx=+124.8 (prev +148.6)
      |       align: dx=+124.8 -> strafe right 0.10s
      |       align: step 3/6 dx=+90.0 (prev +124.8)
      |       align: dx=+90.0 -> strafe right 0.10s
      |       align: step 4/6 dx=+47.0 (prev +90.0)
      |       align: dx=+47.0 -> strafe right 0.10s
      |       align: within 35px (dx=+7.9) after 4 step(s)
      |       aligned at bar_pool_room: 8px from the recorded pose
      |       align at bar_pool_room: dx +7.9px
      |     leg bar_pool_room -> bar_jukebox
      |         turn to 2.1: TURNED to 2.9 (err -0.8) in 2 push(es)
      |         bar_pool_room->bar_jukebox step 1/5: 1 chunk(s) of 0.80s, change 19.0, best 19.0, hazards none — one push, so `best` IS the whole leg's travel
      |       step 1/5 bearing    2.1 (got    2.9) 0.80s -> walked 0.80s, best change 19.0
      |         turn to 1.2: NO-OP, already inside 4.0 deg (at 2.9, err -1.7) — nothing was sent, the recorded curve was discarded, and the caller's step line will look like a turn that happened
      |         bar_pool_room->bar_jukebox step 2/5: 1 chunk(s) of 0.79s, change 7.7, best 7.7, hazards none — one push, so `best` IS the whole leg's travel
      |       step 2/5 bearing    1.2 (got    2.9) 0.79s -> walked 0.79s, best change 7.7
      |         turn to 0.8: NO-OP, already inside 4.0 deg (at 2.9, err -2.1) — nothing was sent, the recorded curve was discarded, and the caller's step line will look like a turn that happened
      |         bar_pool_room->bar_jukebox step 3/5: 1 chunk(s) of 0.80s, change 6.0, best 6.0, hazards none — one push, so `best` IS the whole leg's travel
      |       step 3/5 bearing    0.8 (got    2.9) 0.80s -> walked 0.80s, best change 6.0
      |       step 3 blocked but the scene is MOVING — an NPC in the passage, not a wall
      |       the view is featureless — this is geometry, not a mover; skipping the escape ladder it has never cleared
      |       escape ladder: did NOT clear (best 0.0 PIXELS, against SLIP_PROGRESS_PX 20.0px — NOT against STALL_CHANGE 6.0, which is grey_levels)
      |       step 3 moved only 6.0 grey_levels (< 6.0) over 0.80s — stall score 1
      |         turn to 359.4: NO-OP, already inside 4.0 deg (at 2.9, err -3.5) — nothing was sent, the recorded curve was discarded, and the caller's step line will look like a turn that happened
      |         bar_pool_room->bar_jukebox step 4/5: 1 chunk(s) of 0.79s, change 5.6, best 5.6, hazards none — one push, so `best` IS the whole leg's travel
      |       step 4/5 bearing  359.4 (got    2.9) 0.79s -> walked 0.79s, best change 5.6
      |       step 4 blocked but the scene is MOVING — an NPC in the passage, not a wall
      |       the view is featureless — this is geometry, not a mover; skipping the escape ladder it has never cleared
      |       escape ladder: did NOT clear (best 0.0 PIXELS, against SLIP_PROGRESS_PX 20.0px — NOT against STALL_CHANGE 6.0, which is grey_levels)
      |       step 4 moved only 5.6 grey_levels (< 6.0) over 0.79s — stall score 2
      |       BLOCKED on step 4; abandoning the rest of this leg rather than pushing into whatever is in the way
      |       recovery fan did not find bar_jukebox
      |       arrived? None  (unverified, abstained (1.000/1.000))
      |   arrived, but 2 node(s) could not be confirmed on the way: ['office_door', 'bar_jukebox'] — each is a hole in the reference set
      |   attempt 7/9 at bar_jukebox
      |       re-localised by turning 180 deg: bar_pool_room 474.000/3.430
      |   re-localised at bar_pool_room by turning; routing from there
      |   route: bar_pool_room -> bar_jukebox  (3.3s of walking)
      |     leg bar_pool_room -> bar_jukebox
      |         turn to 2.1: TURNED to 3.0 (err -0.9) in 2 push(es)
      |         bar_pool_room->bar_jukebox step 1/5: 1 chunk(s) of 0.80s, change 15.0, best 15.0, hazards none — one push, so `best` IS the whole leg's travel
      |       step 1/5 bearing    2.1 (got    3.0) 0.80s -> walked 0.80s, best change 15.0
      |         turn to 1.2: NO-OP, already inside 4.0 deg (at 3.0, err -1.8) — nothing was sent, the recorded curve was discarded, and the caller's step line will look like a turn that happened
      |         bar_pool_room->bar_jukebox step 2/5: 1 chunk(s) of 0.79s, change 10.5, best 10.5, hazards none — one push, so `best` IS the whole leg's travel
      |       step 2/5 bearing    1.2 (got    3.0) 0.79s -> walked 0.79s, best change 10.5
      |         turn to 0.8: NO-OP, already inside 4.0 deg (at 3.0, err -2.2) — nothing was sent, the recorded curve was discarded, and the caller's step line will look like a turn that happened
      |         bar_pool_room->bar_jukebox step 3/5: 1 chunk(s) of 0.80s, change 4.3, best 4.3, hazards none — one push, so `best` IS the whole leg's travel
      |       step 3/5 bearing    0.8 (got    3.0) 0.80s -> walked 0.80s, best change 4.3
      |       step 3 blocked but the scene is MOVING — an NPC in the passage, not a wall
      |       the view is featureless — this is geometry, not a mover; skipping the escape ladder it has never cleared
      |       escape ladder: did NOT clear (best 0.0 PIXELS, against SLIP_PROGRESS_PX 20.0px — NOT against STALL_CHANGE 6.0, which is grey_levels)
      |       step 3 moved only 4.3 grey_levels (< 6.0) over 0.80s — stall score 1
      |         turn to 359.4: NO-OP, already inside 4.0 deg (at 3.0, err -3.5) — nothing was sent, the recorded curve was discarded, and the caller's step line will look like a turn that happened
      |         bar_pool_room->bar_jukebox step 4/5: 1 chunk(s) of 0.79s, change 3.5, best 3.5, hazards none — one push, so `best` IS the whole leg's travel
      |       step 4/5 bearing  359.4 (got    3.0) 0.79s -> walked 0.79s, best change 3.5
      |       step 4 blocked but the scene is MOVING — an NPC in the passage, not a wall
      |       the view is featureless — this is geometry, not a mover; skipping the escape ladder it has never cleared
      |       escape ladder: did NOT clear (best 0.0 PIXELS, against SLIP_PROGRESS_PX 20.0px — NOT against STALL_CHANGE 6.0, which is grey_levels)
      |       step 4 moved only 3.5 grey_levels (< 6.0) over 0.79s — stall score 2
      |       BLOCKED on step 4; abandoning the rest of this leg rather than pushing into whatever is in the way
      |       recovery fan did not find bar_jukebox
      |       arrived? None  (unverified, abstained (0.000/0.000))
      |   arrived, but 1 node(s) could not be confirmed on the way: ['bar_jukebox'] — each is a hole in the reference set
      |   attempt 8/9 at bar_jukebox
      |   not at bar_jukebox and cannot say where this is (unrecognised (85.000/1.130)) — reloading to a known start
      |   pause menu open (selected 'Resume')
      |   selected: Load Last Save
      |   confirmation dialog up (delta 82.4) -> YES
      |   YES press 1 did not register, retrying
      |   world back after 3.2s, spawn bearing 87 (E)
      |   route: office_corridor -> office_door -> portrait_room -> bar_pool_room -> bar_jukebox  (21.4s of walking)
      |     leg office_corridor -> office_door
      |         turn to 270.4: TURNED to 269.1 (err +1.4) in 2 push(es)
      |         office_corridor->office_door step 1/7: 1 chunk(s) of 0.79s, change 19.5, best 19.5, hazards none — one push, so `best` IS the whole leg's travel
      |       step 1/7 bearing  270.4 (got  269.1) 0.79s -> walked 0.79s, best change 19.5
      |         turn to 270.1: NO-OP, already inside 4.0 deg (at 269.1, err +1.1) — nothing was sent, the recorded curve was discarded, and the caller's step line will look like a turn that happened
      |         office_corridor->office_door step 2/7: 1 chunk(s) of 0.78s, change 19.0, best 19.0, hazards none — one push, so `best` IS the whole leg's travel
      |       step 2/7 bearing  270.1 (got  269.1) 0.78s -> walked 0.78s, best change 19.0
      |         turn to 270.1: NO-OP, already inside 4.0 deg (at 269.1, err +1.1) — nothing was sent, the recorded curve was discarded, and the caller's step line will look like a turn that happened
      |         office_corridor->office_door step 3/7: 1 chunk(s) of 0.78s, change 14.9, best 14.9, hazards none — one push, so `best` IS the whole leg's travel
      |       step 3/7 bearing  270.1 (got  269.1) 0.78s -> walked 0.78s, best change 14.9
      |         turn to 270.3: NO-OP, already inside 4.0 deg (at 269.1, err +1.2) — nothing was sent, the recorded curve was discarded, and the caller's step line will look like a turn that happened
      |         office_corridor->office_door step 4/7: 1 chunk(s) of 0.78s, change 10.5, best 10.5, hazards none — one push, so `best` IS the whole leg's travel
      |       step 4/7 bearing  270.3 (got  269.1) 0.78s -> walked 0.78s, best change 10.5
      |         turn to 270.1: NO-OP, already inside 4.0 deg (at 269.1, err +1.0) — nothing was sent, the recorded curve was discarded, and the caller's step line will look like a turn that happened
      |         office_corridor->office_door step 5/7: 1 chunk(s) of 0.79s, change 8.3, best 8.3, hazards none — one push, so `best` IS the whole leg's travel
      |       step 5/7 bearing  270.1 (got  269.1) 0.79s -> walked 0.79s, best change 8.3
      |         turn to 270.1: NO-OP, already inside 4.0 deg (at 269.1, err +1.0) — nothing was sent, the recorded curve was discarded, and the caller's step line will look like a turn that happened
      |         office_corridor->office_door step 6/7: 1 chunk(s) of 0.79s, change 7.6, best 7.6, hazards none — one push, so `best` IS the whole leg's travel
      |       step 6/7 bearing  270.1 (got  269.1) 0.79s -> walked 0.79s, best change 7.6
      |         turn to 270.4: NO-OP, already inside 4.0 deg (at 269.1, err +1.3) — nothing was sent, the recorded curve was discarded, and the caller's step line will look like a turn that happened
      |         office_corridor->office_door step 7/7: 1 chunk(s) of 0.42s, change 7.8, best 7.8, hazards none — one push, so `best` IS the whole leg's travel
      |       step 7/7 bearing  270.4 (got  269.1) 0.42s -> walked 0.42s, best change 7.8
      |       arrived? None  (no appearance reference by design)
      |     leg office_door -> portrait_room
      |         turn to 338.1: TURNED to 335.8 (err +2.3) in 1 push(es)
      |         office_door->portrait_room step 1/16: 1 chunk(s) of 0.79s, change 12.0, best 12.0, hazards none — one push, so `best` IS the whole leg's travel
      |       step 1/16 bearing  338.1 (got  335.8) 0.79s -> walked 0.79s, best change 12.0
      |         turn to 339.2: NO-OP, already inside 4.0 deg (at 335.9, err +3.3) — nothing was sent, the recorded curve was discarded, and the caller's step line will look like a turn that happened
      |         office_door->portrait_room step 2/16: 1 chunk(s) of 0.70s, change 11.7, best 11.7, hazards none — one push, so `best` IS the whole leg's travel
      |       step 2/16 bearing  339.2 (got  335.9) 0.70s -> walked 0.70s, best change 11.7
      |         turn to 347.9: TURNED to 346.9 (err +1.0) in 1 push(es)
      |         office_door->portrait_room step 3/16: 1 chunk(s) of 0.42s, change 16.9, best 16.9, hazards none — one push, so `best` IS the whole leg's travel
      |       step 3/16 bearing  347.9 (got  346.9) 0.42s -> walked 0.42s, best change 16.9
      |         turn to 355.2: TURNED to 356.8 (err -1.7) in 1 push(es)
      |         office_door->portrait_room step 4/16: 1 chunk(s) of 0.79s, change 46.1, best 46.1, hazards none — one push, so `best` IS the whole leg's travel
      |       step 4/16 bearing  355.2 (got  356.8) 0.79s -> walked 0.79s, best change 46.1
      |         turn to 360.0: NO-OP, already inside 4.0 deg (at 356.8, err +3.2) — nothing was sent, the recorded curve was discarded, and the caller's step line will look like a turn that happened
      |         office_door->portrait_room step 5/16: 1 chunk(s) of 0.51s, change 35.4, best 35.4, hazards none — one push, so `best` IS the whole leg's travel
      |       step 5/16 bearing  360.0 (got  356.8) 0.51s -> walked 0.51s, best change 35.4
      |         turn to 8.6: TURNED to 9.7 (err -1.2) in 1 push(es)
      |         office_door->portrait_room step 6/16: 1 chunk(s) of 0.78s, change 16.4, best 16.4, hazards none — one push, so `best` IS the whole leg's travel
      |       step 6/16 bearing    8.6 (got    9.7) 0.78s -> walked 0.78s, best change 16.4
      |         turn to 7.7: NO-OP, already inside 4.0 deg (at 9.7, err -2.0) — nothing was sent, the recorded curve was discarded, and the caller's step line will look like a turn that happened
      |         office_door->portrait_room step 7/16: 1 chunk(s) of 0.78s, change 27.1, best 27.1, hazards none — one push, so `best` IS the whole leg's travel
      |       step 7/16 bearing    7.7 (got    9.7) 0.78s -> walked 0.78s, best change 27.1
      |         turn to 1.7: TURNED to 359.6 (err +2.2) in 1 push(es)
      |         office_door->portrait_room step 8/16: 1 chunk(s) of 0.80s, change 34.3, best 34.3, hazards none — one push, so `best` IS the whole leg's travel
      |       step 8/16 bearing    1.7 (got  359.6) 0.80s -> walked 0.80s, best change 34.3
      |         turn to 359.6: NO-OP, already inside 4.0 deg (at 359.6, err +0.0) — nothing was sent, the recorded curve was discarded, and the caller's step line will look like a turn that happened
      |         office_door->portrait_room step 9/16: 1 chunk(s) of 0.36s, change 27.0, best 27.0, hazards none — one push, so `best` IS the whole leg's travel
      |       step 9/16 bearing  359.6 (got  359.6) 0.36s -> walked 0.36s, best change 27.0
      |         turn to 359.4: NO-OP, already inside 4.0 deg (at 359.5, err -0.2) — nothing was sent, the recorded curve was discarded, and the caller's step line will look like a turn that happened
      |         office_door->portrait_room step 10/16: 1 chunk(s) of 0.78s, change 25.6, best 25.6, hazards none — one push, so `best` IS the whole leg's travel
      |       step 10/16 bearing  359.4 (got  359.5) 0.78s -> walked 0.78s, best change 25.6
      |         turn to 357.9: NO-OP, already inside 4.0 deg (at 359.5, err -1.7) — nothing was sent, the recorded curve was discarded, and the caller's step line will look like a turn that happened
      |         office_door->portrait_room step 11/16: 1 chunk(s) of 0.79s, change 18.2, best 18.2, hazards none — one push, so `best` IS the whole leg's travel
      |       step 11/16 bearing  357.9 (got  359.5) 0.79s -> walked 0.79s, best change 18.2
      |         turn to 358.0: NO-OP, already inside 4.0 deg (at 359.6, err -1.5) — nothing was sent, the recorded curve was discarded, and the caller's step line will look like a turn that happened
      |         office_door->portrait_room step 12/16: 1 chunk(s) of 0.79s, change 18.2, best 18.2, hazards none — one push, so `best` IS the whole leg's travel
      |       step 12/16 bearing  358.0 (got  359.6) 0.79s -> walked 0.79s, best change 18.2
      |         turn to 357.8: NO-OP, already inside 4.0 deg (at 359.6, err -1.7) — nothing was sent, the recorded curve was discarded, and the caller's step line will look like a turn that happened
      |         office_door->portrait_room step 13/16: 1 chunk(s) of 0.79s, change 22.9, best 22.9, hazards none — one push, so `best` IS the whole leg's travel
      |       step 13/16 bearing  357.8 (got  359.6) 0.79s -> walked 0.79s, best change 22.9
      |         turn to 357.9: NO-OP, already inside 4.0 deg (at 359.5, err -1.6) — nothing was sent, the recorded curve was discarded, and the caller's step line will look like a turn that happened
      |         office_door->portrait_room step 14/16: 1 chunk(s) of 0.79s, change 29.2, best 29.2, hazards none — one push, so `best` IS the whole leg's travel
      |       step 14/16 bearing  357.9 (got  359.5) 0.79s -> walked 0.79s, best change 29.2
      |         turn to 0.8: NO-OP, already inside 4.0 deg (at 359.5, err +1.3) — nothing was sent, the recorded curve was discarded, and the caller's step line will look like a turn that happened
      |         office_door->portrait_room step 15/16: 1 chunk(s) of 0.79s, change 29.0, best 29.0, hazards none — one push, so `best` IS the whole leg's travel
      |       step 15/16 bearing    0.8 (got  359.5) 0.79s -> walked 0.79s, best change 29.0
      |         turn to 4.0: TURNED to 5.1 (err -1.2) in 1 push(es)
      |         office_door->portrait_room step 16/16: 1 chunk(s) of 0.36s, change 15.5, best 15.5, hazards none — one push, so `best` IS the whole leg's travel
      |       step 16/16 bearing    4.0 (got    5.1) 0.36s -> walked 0.36s, best change 15.5
      |       arrived? True  (portrait_room 774.000/5.910)
      |         turn to 1.5: TURNED to 1.6 (err -0.2) in 2 push(es)
      |       align at portrait_room: yaw nulled to 1.6 (reference 1.5) — 0.2 deg REMAINING = ~3px of phantom dx still in the dx below
      |       align: step 1/6 dx=+75.6 (prev --)
      |       align: dx=+75.6 -> strafe right 0.10s
      |       align: step 2/6 dx=+44.4 (prev +75.6)
      |       align: dx=+44.4 -> strafe right 0.10s
      |       align: within 35px (dx=+1.2) after 2 step(s)
      |       aligned at portrait_room: 1px from the recorded pose
      |       align at portrait_room: dx +1.2px
      |     leg portrait_room -> bar_pool_room
      |         turn to 286.6: TURNED to 289.1 (err -2.5) in 2 push(es)
      |         portrait_room->bar_pool_room step 1/4: 1 chunk(s) of 0.16s, change 11.1, best 11.1, hazards none — one push, so `best` IS the whole leg's travel
      |       step 1/4 bearing  286.6 (got  289.1) 0.16s -> walked 0.16s, best change 11.1
      |         turn to 292.2: NO-OP, already inside 4.0 deg (at 289.1, err +3.1) — nothing was sent, the recorded curve was discarded, and the caller's step line will look like a turn that happened
      |         portrait_room->bar_pool_room step 2/4: 1 chunk(s) of 0.79s, change 17.3, best 17.3, hazards none — one push, so `best` IS the whole leg's travel
      |       step 2/4 bearing  292.2 (got  289.1) 0.79s -> walked 0.79s, best change 17.3
      |         turn to 285.6: NO-OP, already inside 4.0 deg (at 289.1, err -3.5) — nothing was sent, the recorded curve was discarded, and the caller's step line will look like a turn that happened
      |         portrait_room->bar_pool_room step 3/4: 1 chunk(s) of 0.80s, change 5.8, best 5.8, hazards none — one push, so `best` IS the whole leg's travel
      |       step 3/4 bearing  285.6 (got  289.1) 0.80s -> walked 0.80s, best change 5.8
      |       step 3 blocked but the scene is MOVING — an NPC in the passage, not a wall
      |       waited 2.5s: displaced 4.1px
      |       jump 1: displaced 0.0px
      |       jump 2: displaced 0.0px
      |       displacement UNMEASURABLE (too few keypoints) — NOT the same as 0px
      |       slip right: displaced 0.0px
      |       slip left: displaced 2.5px
      |       nothing cleared it — treating this as geometry, not an NPC
      |       escape ladder: did NOT clear (best 4.1 PIXELS, against SLIP_PROGRESS_PX 20.0px — NOT against STALL_CHANGE 6.0, which is grey_levels)
      |       step 3 moved only 5.8 grey_levels (< 6.0) over 0.80s — stall score 1
      |         turn to 287.6: NO-OP, already inside 4.0 deg (at 284.5, err +3.0) — nothing was sent, the recorded curve was discarded, and the caller's step line will look like a turn that happened
      |         portrait_room->bar_pool_room step 4/4: 1 chunk(s) of 0.23s, change 13.4, best 13.4, hazards none — one push, so `best` IS the whole leg's travel
      |       step 4/4 bearing  287.6 (got  284.5) 0.23s -> walked 0.23s, best change 13.4
      |       arrived? True  (bar_pool_room 646.000/4.680)
      |         turn to 288.2: TURNED to 287.7 (err +0.5) in 2 push(es)
      |       align at bar_pool_room: yaw nulled to 287.7 (reference 288.2) — 0.5 deg REMAINING = ~9px of phantom dx still in the dx below
      |       align: step 1/6 dx=+147.2 (prev --)
      |       align: dx=+147.2 -> strafe right 0.12s
      |       align: step 2/6 dx=+121.6 (prev +147.2)
      |       align: dx=+121.6 -> strafe right 0.10s
      |       align: dx barely changed (+122 -> +111) — blocked sideways, cannot correct from here
      |       aligned at bar_pool_room: 111px from the recorded pose
      |       align at bar_pool_room: dx +111.4px
      |     leg bar_pool_room -> bar_jukebox
      |         turn to 2.1: TURNED to 4.6 (err -2.5) in 1 push(es)
      |         bar_pool_room->bar_jukebox step 1/5: 1 chunk(s) of 0.80s, change 22.9, best 22.9, hazards none — one push, so `best` IS the whole leg's travel
      |       step 1/5 bearing    2.1 (got    4.6) 0.80s -> walked 0.80s, best change 22.9
      |         turn to 1.2: NO-OP, already inside 4.0 deg (at 4.6, err -3.4) — nothing was sent, the recorded curve was discarded, and the caller's step line will look like a turn that happened
      |         bar_pool_room->bar_jukebox step 2/5: 1 chunk(s) of 0.79s, change 25.9, best 25.9, hazards none — one push, so `best` IS the whole leg's travel
      |       step 2/5 bearing    1.2 (got    4.6) 0.79s -> walked 0.79s, best change 25.9
      |         turn to 0.8: NO-OP, already inside 4.0 deg (at 4.6, err -3.8) — nothing was sent, the recorded curve was discarded, and the caller's step line will look like a turn that happened
      |         bar_pool_room->bar_jukebox step 3/5: 1 chunk(s) of 0.80s, change 20.1, best 20.1, hazards none — one push, so `best` IS the whole leg's travel
      |       step 3/5 bearing    0.8 (got    4.6) 0.80s -> walked 0.80s, best change 20.1
      |         turn to 359.4: TURNED to 359.3 (err +0.1) in 1 push(es)
      |         bar_pool_room->bar_jukebox step 4/5: 1 chunk(s) of 0.79s, change 8.4, best 8.4, hazards none — one push, so `best` IS the whole leg's travel
      |       step 4/5 bearing  359.4 (got  359.3) 0.79s -> walked 0.79s, best change 8.4
      |         turn to 359.6: NO-OP, already inside 4.0 deg (at 359.3, err +0.3) — nothing was sent, the recorded curve was discarded, and the caller's step line will look like a turn that happened
      |         bar_pool_room->bar_jukebox step 5/5: 1 chunk(s) of 0.14s, change 3.2, best 3.2, hazards none — one push, so `best` IS the whole leg's travel
      |       step 5/5 bearing  359.6 (got  359.3) 0.14s -> walked 0.14s, best change 3.2
      |       step 5 blocked but the scene is MOVING — an NPC in the passage, not a wall
      |       the view is featureless — this is geometry, not a mover; skipping the escape ladder it has never cleared
      |       escape ladder: did NOT clear (best 0.0 PIXELS, against SLIP_PROGRESS_PX 20.0px — NOT against STALL_CHANGE 6.0, which is grey_levels)
      |       step 5 moved only 3.2 grey_levels (< 6.0) over 0.14s — stall score 1
      |       recovery fan did not find bar_jukebox
      |       arrived? None  (unverified, abstained (5.000/1.670))
      |   arrived, but 2 node(s) could not be confirmed on the way: ['office_door', 'bar_jukebox'] — each is a hole in the reference set
      |   attempt 9/9 at bar_jukebox
      |       re-localised by turning 180 deg: bar_pool_room 264.000/1.890
      |   re-localised at bar_pool_room by turning; routing from there
      |   route: bar_pool_room -> bar_jukebox  (3.3s of walking)
      |     leg bar_pool_room -> bar_jukebox
      |         turn to 2.1: TURNED to 0.0 (err +2.1) in 1 push(es)
      |         bar_pool_room->bar_jukebox step 1/5: 1 chunk(s) of 0.80s, change 16.3, best 16.3, hazards none — one push, so `best` IS the whole leg's travel
      |       step 1/5 bearing    2.1 (got    0.0) 0.80s -> walked 0.80s, best change 16.3
      |         turn to 1.2: NO-OP, already inside 4.0 deg (at 0.0, err +1.1) — nothing was sent, the recorded curve was discarded, and the caller's step line will look like a turn that happened
      |         bar_pool_room->bar_jukebox step 2/5: 1 chunk(s) of 0.79s, change 18.0, best 18.0, hazards none — one push, so `best` IS the whole leg's travel
      |       step 2/5 bearing    1.2 (got    0.0) 0.79s -> walked 0.79s, best change 18.0
      |         turn to 0.8: NO-OP, already inside 4.0 deg (at 0.0, err +0.7) — nothing was sent, the recorded curve was discarded, and the caller's step line will look like a turn that happened
      |         bar_pool_room->bar_jukebox step 3/5: 1 chunk(s) of 0.80s, change 3.5, best 3.5, hazards none — one push, so `best` IS the whole leg's travel
      |       step 3/5 bearing    0.8 (got    0.0) 0.80s -> walked 0.80s, best change 3.5
      |       step 3 blocked but the scene is MOVING — an NPC in the passage, not a wall
      |       the view is featureless — this is geometry, not a mover; skipping the escape ladder it has never cleared
      |       escape ladder: did NOT clear (best 0.0 PIXELS, against SLIP_PROGRESS_PX 20.0px — NOT against STALL_CHANGE 6.0, which is grey_levels)
      |       step 3 moved only 3.5 grey_levels (< 6.0) over 0.80s — stall score 1
      |         turn to 359.4: NO-OP, already inside 4.0 deg (at 0.0, err -0.6) — nothing was sent, the recorded curve was discarded, and the caller's step line will look like a turn that happened
      |         bar_pool_room->bar_jukebox step 4/5: 1 chunk(s) of 0.79s, change 2.7, best 2.7, hazards SHORT — one push, so `best` IS the whole leg's travel
      |       step 4/5 bearing  359.4 (got    0.0) 0.79s -> walked 0.79s, best change 2.7
      |       step 4 blocked but the scene is MOVING — an NPC in the passage, not a wall
      |       the view is featureless — this is geometry, not a mover; skipping the escape ladder it has never cleared
      |       escape ladder: did NOT clear (best 0.0 PIXELS, against SLIP_PROGRESS_PX 20.0px — NOT against STALL_CHANGE 6.0, which is grey_levels)
      |       step 4 moved only 2.7 grey_levels (< 6.0) over 0.79s — stall score 2
      |       BLOCKED on step 4; abandoning the rest of this leg rather than pushing into whatever is in the way
      |       recovery fan did not find bar_jukebox
      |       arrived? None  (unverified, abstained (0.000/0.000))
      |   arrived, but 1 node(s) could not be confirmed on the way: ['bar_jukebox'] — each is a hole in the reference set
      |   could not verify bar_jukebox after 9 attempt(s); here is None (unrecognised (1.000/1.000))
      |   could not verify bar_jukebox — stopping rather than walking the next leg from an unknown pose
      |       failure kind: wedged — 8 keypoints — pressed against geometry [frame: the leg's own end]
      |       saved the failing frame to /Users/bpatterson/Documents/Claude Cowork Personal/Auto Baseball/overnight/streak_table_failframes/fail_bar_jukebox_1788774268772.jpg (the leg's own end)
[ 8] missed  depth 2/4 in 1049s  recheck at_table=False  streak 0  best 2
      |   pause menu open (selected 'Resume')
      |   selected: Load Last Save
      |   confirmation dialog up (delta 79.8) -> YES
      |   world back after 3.3s, spawn bearing 87 (E)
      |   attempt 1/9 at portrait_room
      |   locate() cannot name office_corridor (it has no appearance reference by design) but the caller reset onto it — routing from there instead of sweeping and reloading
      |   route: office_corridor -> office_door -> portrait_room  (16.2s of walking)
      |     leg office_corridor -> office_door
      |         turn to 270.4: TURNED to 269.5 (err +0.9) in 2 push(es)
      |         office_corridor->office_door step 1/7: 1 chunk(s) of 0.79s, change 19.5, best 19.5, hazards none — one push, so `best` IS the whole leg's travel
      |       step 1/7 bearing  270.4 (got  269.5) 0.79s -> walked 0.79s, best change 19.5
      |         turn to 270.1: NO-OP, already inside 4.0 deg (at 269.5, err +0.6) — nothing was sent, the recorded curve was discarded, and the caller's step line will look like a turn that happened
      |         office_corridor->office_door step 2/7: 1 chunk(s) of 0.78s, change 18.5, best 18.5, hazards none — one push, so `best` IS the whole leg's travel
      |       step 2/7 bearing  270.1 (got  269.5) 0.78s -> walked 0.78s, best change 18.5
      |         turn to 270.1: NO-OP, already inside 4.0 deg (at 269.5, err +0.6) — nothing was sent, the recorded curve was discarded, and the caller's step line will look like a turn that happened
      |         office_corridor->office_door step 3/7: 1 chunk(s) of 0.78s, change 14.0, best 14.0, hazards none — one push, so `best` IS the whole leg's travel
      |       step 3/7 bearing  270.1 (got  269.5) 0.78s -> walked 0.78s, best change 14.0
      |         turn to 270.3: NO-OP, already inside 4.0 deg (at 269.5, err +0.7) — nothing was sent, the recorded curve was discarded, and the caller's step line will look like a turn that happened
      |         office_corridor->office_door step 4/7: 1 chunk(s) of 0.78s, change 10.4, best 10.4, hazards none — one push, so `best` IS the whole leg's travel
      |       step 4/7 bearing  270.3 (got  269.5) 0.78s -> walked 0.78s, best change 10.4
      |         turn to 270.1: NO-OP, already inside 4.0 deg (at 269.5, err +0.6) — nothing was sent, the recorded curve was discarded, and the caller's step line will look like a turn that happened
      |         office_corridor->office_door step 5/7: 1 chunk(s) of 0.79s, change 10.0, best 10.0, hazards none — one push, so `best` IS the whole leg's travel
      |       step 5/7 bearing  270.1 (got  269.5) 0.79s -> walked 0.79s, best change 10.0
      |         turn to 270.1: NO-OP, already inside 4.0 deg (at 269.5, err +0.6) — nothing was sent, the recorded curve was discarded, and the caller's step line will look like a turn that happened
      |         office_corridor->office_door step 6/7: 1 chunk(s) of 0.79s, change 7.1, best 7.1, hazards none — one push, so `best` IS the whole leg's travel
      |       step 6/7 bearing  270.1 (got  269.5) 0.79s -> walked 0.79s, best change 7.1
      |         turn to 270.4: NO-OP, already inside 4.0 deg (at 269.5, err +0.8) — nothing was sent, the recorded curve was discarded, and the caller's step line will look like a turn that happened
      |         office_corridor->office_door step 7/7: 1 chunk(s) of 0.42s, change 7.5, best 7.5, hazards none — one push, so `best` IS the whole leg's travel
      |       step 7/7 bearing  270.4 (got  269.5) 0.42s -> walked 0.42s, best change 7.5
      |       arrived? None  (no appearance reference by design)
      |     leg office_door -> portrait_room
      |         turn to 338.1: TURNED to 337.5 (err +0.6) in 1 push(es)
      |         office_door->portrait_room step 1/16: 1 chunk(s) of 0.79s, change 12.1, best 12.1, hazards none — one push, so `best` IS the whole leg's travel
      |       step 1/16 bearing  338.1 (got  337.5) 0.79s -> walked 0.79s, best change 12.1
      |         turn to 339.2: NO-OP, already inside 4.0 deg (at 337.4, err +1.7) — nothing was sent, the recorded curve was discarded, and the caller's step line will look like a turn that happened
      |         office_door->portrait_room step 2/16: 1 chunk(s) of 0.70s, change 15.1, best 15.1, hazards none — one push, so `best` IS the whole leg's travel
      |       step 2/16 bearing  339.2 (got  337.4) 0.70s -> walked 0.70s, best change 15.1
      |         turn to 347.9: TURNED to 348.5 (err -0.6) in 1 push(es)
      |         office_door->portrait_room step 3/16: 1 chunk(s) of 0.42s, change 22.2, best 22.2, hazards none — one push, so `best` IS the whole leg's travel
      |       step 3/16 bearing  347.9 (got  348.5) 0.42s -> walked 0.42s, best change 22.2
      |         turn to 355.2: TURNED to 354.0 (err +1.2) in 1 push(es)
      |         office_door->portrait_room step 4/16: 1 chunk(s) of 0.79s, change 46.1, best 46.1, hazards none — one push, so `best` IS the whole leg's travel
      |       step 4/16 bearing  355.2 (got  354.0) 0.79s -> walked 0.79s, best change 46.1
      |         turn to 360.0: TURNED to 359.0 (err +1.0) in 1 push(es)
      |         office_door->portrait_room step 5/16: 1 chunk(s) of 0.51s, change 34.6, best 34.6, hazards none — one push, so `best` IS the whole leg's travel
      |       step 5/16 bearing  360.0 (got  359.0) 0.51s -> walked 0.51s, best change 34.6
      |         turn to 8.6: TURNED to 9.0 (err -0.5) in 2 push(es)
      |         office_door->portrait_room step 6/16: 1 chunk(s) of 0.78s, change 17.7, best 17.7, hazards none — one push, so `best` IS the whole leg's travel
      |       step 6/16 bearing    8.6 (got    9.0) 0.78s -> walked 0.78s, best change 17.7
      |         turn to 7.7: NO-OP, already inside 4.0 deg (at 9.0, err -1.2) — nothing was sent, the recorded curve was discarded, and the caller's step line will look like a turn that happened
      |         office_door->portrait_room step 7/16: 1 chunk(s) of 0.78s, change 29.0, best 29.0, hazards none — one push, so `best` IS the whole leg's travel
      |       step 7/16 bearing    7.7 (got    9.0) 0.78s -> walked 0.78s, best change 29.0
      |         turn to 1.7: TURNED to 4.7 (err -3.0) in 1 push(es)
      |         office_door->portrait_room step 8/16: 1 chunk(s) of 0.80s, change 34.3, best 34.3, hazards none — one push, so `best` IS the whole leg's travel
      |       step 8/16 bearing    1.7 (got    4.7) 0.80s -> walked 0.80s, best change 34.3
      |         turn to 359.6: NO-OP, already inside 4.0 deg (at 3.3, err -3.7) — nothing was sent, the recorded curve was discarded, and the caller's step line will look like a turn that happened
      |         office_door->portrait_room step 9/16: 1 chunk(s) of 0.36s, change 19.2, best 19.2, hazards none — one push, so `best` IS the whole leg's travel
      |       step 9/16 bearing  359.6 (got    3.3) 0.36s -> walked 0.36s, best change 19.2
      |         turn to 359.4: TURNED to 358.9 (err +0.5) in 1 push(es)
      |         office_door->portrait_room step 10/16: 1 chunk(s) of 0.78s, change 22.1, best 22.1, hazards none — one push, so `best` IS the whole leg's travel
      |       step 10/16 bearing  359.4 (got  358.9) 0.78s -> walked 0.78s, best change 22.1
      |         turn to 357.9: NO-OP, already inside 4.0 deg (at 358.9, err -1.1) — nothing was sent, the recorded curve was discarded, and the caller's step line will look like a turn that happened
      |         office_door->portrait_room step 11/16: 1 chunk(s) of 0.79s, change 20.5, best 20.5, hazards none — one push, so `best` IS the whole leg's travel
      |       step 11/16 bearing  357.9 (got  358.9) 0.79s -> walked 0.79s, best change 20.5
      |         turn to 358.0: NO-OP, already inside 4.0 deg (at 358.9, err -0.9) — nothing was sent, the recorded curve was discarded, and the caller's step line will look like a turn that happened
      |         office_door->portrait_room step 12/16: 1 chunk(s) of 0.79s, change 17.9, best 17.9, hazards none — one push, so `best` IS the whole leg's travel
      |       step 12/16 bearing  358.0 (got  358.9) 0.79s -> walked 0.79s, best change 17.9
      |         turn to 357.8: NO-OP, already inside 4.0 deg (at 358.9, err -1.1) — nothing was sent, the recorded curve was discarded, and the caller's step line will look like a turn that happened
      |         office_door->portrait_room step 13/16: 1 chunk(s) of 0.79s, change 23.9, best 23.9, hazards none — one push, so `best` IS the whole leg's travel
      |       step 13/16 bearing  357.8 (got  358.9) 0.79s -> walked 0.79s, best change 23.9
      |         turn to 357.9: NO-OP, already inside 4.0 deg (at 358.9, err -0.9) — nothing was sent, the recorded curve was discarded, and the caller's step line will look like a turn that happened
      |         office_door->portrait_room step 14/16: 1 chunk(s) of 0.79s, change 30.5, best 30.5, hazards none — one push, so `best` IS the whole leg's travel
      |       step 14/16 bearing  357.9 (got  358.9) 0.79s -> walked 0.79s, best change 30.5
      |         turn to 0.8: NO-OP, already inside 4.0 deg (at 358.8, err +2.0) — nothing was sent, the recorded curve was discarded, and the caller's step line will look like a turn that happened
      |         office_door->portrait_room step 15/16: 1 chunk(s) of 0.79s, change 27.6, best 27.6, hazards none — one push, so `best` IS the whole leg's travel
      |       step 15/16 bearing    0.8 (got  358.8) 0.79s -> walked 0.79s, best change 27.6
      |         turn to 4.0: TURNED to 3.3 (err +0.7) in 1 push(es)
      |         office_door->portrait_room step 16/16: 1 chunk(s) of 0.36s, change 16.9, best 16.9, hazards none — one push, so `best` IS the whole leg's travel
      |       step 16/16 bearing    4.0 (got    3.3) 0.36s -> walked 0.36s, best change 16.9
      |       arrived? True  (portrait_room 722.000/6.170)
      |         turn to 1.5: TURNED to 1.8 (err -0.3) in 2 push(es)
      |       align at portrait_room: yaw nulled to 1.8 (reference 1.5) — 0.3 deg REMAINING = ~5px of phantom dx still in the dx below
      |       align: step 1/6 dx=+61.0 (prev --)
      |       align: dx=+61.0 -> strafe right 0.10s
      |       align: within 35px (dx=+26.6) after 1 step(s)
      |       aligned at portrait_room: 27px from the recorded pose
      |       align at portrait_room: dx +26.6px
      |   arrived, but 1 node(s) could not be confirmed on the way: ['office_door'] — each is a hole in the reference set
      |   attempt 2/9 at portrait_room
      |   verified at portrait_room (portrait_room 716.000/6.020)
      |   attempt 1/9 at bar_pool_room
      |   route: portrait_room -> bar_pool_room  (2.0s of walking)
      |     leg portrait_room -> bar_pool_room
      |         turn to 286.6: TURNED to 286.5 (err +0.1) in 2 push(es)
      |         portrait_room->bar_pool_room step 1/4: 1 chunk(s) of 0.16s, change 10.1, best 10.1, hazards none — one push, so `best` IS the whole leg's travel
      |       step 1/4 bearing  286.6 (got  286.5) 0.16s -> walked 0.16s, best change 10.1
      |         turn to 292.2: TURNED to 290.8 (err +1.4) in 1 push(es)
      |         portrait_room->bar_pool_room step 2/4: 1 chunk(s) of 0.79s, change 15.9, best 15.9, hazards none — one push, so `best` IS the whole leg's travel
      |       step 2/4 bearing  292.2 (got  290.8) 0.79s -> walked 0.79s, best change 15.9
      |         turn to 285.6: TURNED to 288.1 (err -2.5) in 1 push(es)
      |         portrait_room->bar_pool_room step 3/4: 1 chunk(s) of 0.80s, change 16.2, best 16.2, hazards none — one push, so `best` IS the whole leg's travel
      |       step 3/4 bearing  285.6 (got  288.1) 0.80s -> walked 0.80s, best change 16.2
      |         turn to 287.6: NO-OP, already inside 4.0 deg (at 288.0, err -0.4) — nothing was sent, the recorded curve was discarded, and the caller's step line will look like a turn that happened
      |         portrait_room->bar_pool_room step 4/4: 1 chunk(s) of 0.23s, change 9.6, best 9.6, hazards none — one push, so `best` IS the whole leg's travel
      |       step 4/4 bearing  287.6 (got  288.0) 0.23s -> walked 0.23s, best change 9.6
      |       arrived? True  (bar_pool_room 693.000/5.020)
      |         turn to 288.2: NO-OP, already inside 0.5 deg (at 288.0, err +0.1) — nothing was sent, the recorded curve was discarded, and the caller's step line will look like a turn that happened
      |       align at bar_pool_room: yaw nulled to 288.0 (reference 288.2) — 0.1 deg REMAINING = ~2px of phantom dx still in the dx below
      |       align: step 1/6 dx=+116.2 (prev --)
      |       align: dx=+116.2 -> strafe right 0.10s
      |       align: step 2/6 dx=+70.3 (prev +116.2)
      |       align: dx=+70.3 -> strafe right 0.10s
      |       align: within 35px (dx=+32.6) after 2 step(s)
      |       aligned at bar_pool_room: 33px from the recorded pose
      |       align at bar_pool_room: dx +32.6px
      |   attempt 2/9 at bar_pool_room
      |   verified at bar_pool_room (bar_pool_room 601.000/4.890)
      |   attempt 1/9 at bar_jukebox
      |   route: bar_pool_room -> bar_jukebox  (3.3s of walking)
      |     leg bar_pool_room -> bar_jukebox
      |         turn to 2.1: TURNED to 3.3 (err -1.3) in 1 push(es)
      |         bar_pool_room->bar_jukebox step 1/5: 1 chunk(s) of 0.80s, change 16.1, best 16.1, hazards none — one push, so `best` IS the whole leg's travel
      |       step 1/5 bearing    2.1 (got    3.3) 0.80s -> walked 0.80s, best change 16.1
      |         turn to 1.2: NO-OP, already inside 4.0 deg (at 3.3, err -2.2) — nothing was sent, the recorded curve was discarded, and the caller's step line will look like a turn that happened
      |         bar_pool_room->bar_jukebox step 2/5: 1 chunk(s) of 0.79s, change 7.3, best 7.3, hazards none — one push, so `best` IS the whole leg's travel
      |       step 2/5 bearing    1.2 (got    3.3) 0.79s -> walked 0.79s, best change 7.3
      |         turn to 0.8: NO-OP, already inside 4.0 deg (at 3.3, err -2.6) — nothing was sent, the recorded curve was discarded, and the caller's step line will look like a turn that happened
      |         bar_pool_room->bar_jukebox step 3/5: 1 chunk(s) of 0.80s, change 3.6, best 3.6, hazards none — one push, so `best` IS the whole leg's travel
      |       step 3/5 bearing    0.8 (got    3.3) 0.80s -> walked 0.80s, best change 3.6
      |       step 3 blocked but the scene is MOVING — an NPC in the passage, not a wall
      |       the view is featureless — this is geometry, not a mover; skipping the escape ladder it has never cleared
      |       escape ladder: did NOT clear (best 0.0 PIXELS, against SLIP_PROGRESS_PX 20.0px — NOT against STALL_CHANGE 6.0, which is grey_levels)
      |       step 3 moved only 3.6 grey_levels (< 6.0) over 0.80s — stall score 1
      |         turn to 359.4: NO-OP, already inside 4.0 deg (at 3.3, err -3.9) — nothing was sent, the recorded curve was discarded, and the caller's step line will look like a turn that happened
      |         bar_pool_room->bar_jukebox step 4/5: 1 chunk(s) of 0.79s, change 5.0, best 5.0, hazards none — one push, so `best` IS the whole leg's travel
      |       step 4/5 bearing  359.4 (got    3.3) 0.79s -> walked 0.79s, best change 5.0
      |       step 4 blocked but the scene is MOVING — an NPC in the passage, not a wall
      |       the view is featureless — this is geometry, not a mover; skipping the escape ladder it has never cleared
      |       escape ladder: did NOT clear (best 0.0 PIXELS, against SLIP_PROGRESS_PX 20.0px — NOT against STALL_CHANGE 6.0, which is grey_levels)
      |       step 4 moved only 5.0 grey_levels (< 6.0) over 0.79s — stall score 2
      |       BLOCKED on step 4; abandoning the rest of this leg rather than pushing into whatever is in the way
      |       recovery fan did not find bar_jukebox
      |       arrived? None  (unverified, abstained (1.000/1.000))
      |   arrived, but 1 node(s) could not be confirmed on the way: ['bar_jukebox'] — each is a hole in the reference set
      |   attempt 2/9 at bar_jukebox
      |       re-localised by turning 180 deg: bar_pool_room 469.000/3.370
      |   re-localised at bar_pool_room by turning; routing from there
      |   route: bar_pool_room -> bar_jukebox  (3.3s of walking)
      |     leg bar_pool_room -> bar_jukebox
      |         turn to 2.1: TURNED to 358.9 (err +3.2) in 1 push(es)
      |         bar_pool_room->bar_jukebox step 1/5: 1 chunk(s) of 0.80s, change 14.4, best 14.4, hazards none — one push, so `best` IS the whole leg's travel
      |       step 1/5 bearing    2.1 (got  358.9) 0.80s -> walked 0.80s, best change 14.4
      |         turn to 1.2: NO-OP, already inside 4.0 deg (at 359.0, err +2.2) — nothing was sent, the recorded curve was discarded, and the caller's step line will look like a turn that happened
      |         bar_pool_room->bar_jukebox step 2/5: 1 chunk(s) of 0.79s, change 10.1, best 10.1, hazards none — one push, so `best` IS the whole leg's travel
      |       step 2/5 bearing    1.2 (got  359.0) 0.79s -> walked 0.79s, best change 10.1
      |         turn to 0.8: NO-OP, already inside 4.0 deg (at 359.0, err +1.8) — nothing was sent, the recorded curve was discarded, and the caller's step line will look like a turn that happened
      |         bar_pool_room->bar_jukebox step 3/5: 1 chunk(s) of 0.80s, change 3.2, best 3.2, hazards none — one push, so `best` IS the whole leg's travel
      |       step 3/5 bearing    0.8 (got  359.0) 0.80s -> walked 0.80s, best change 3.2
      |       step 3 blocked but the scene is MOVING — an NPC in the passage, not a wall
      |       the view is featureless — this is geometry, not a mover; skipping the escape ladder it has never cleared
      |       escape ladder: did NOT clear (best 0.0 PIXELS, against SLIP_PROGRESS_PX 20.0px — NOT against STALL_CHANGE 6.0, which is grey_levels)
      |       step 3 moved only 3.2 grey_levels (< 6.0) over 0.80s — stall score 1
      |         turn to 359.4: NO-OP, already inside 4.0 deg (at 359.0, err +0.5) — nothing was sent, the recorded curve was discarded, and the caller's step line will look like a turn that happened
      |         bar_pool_room->bar_jukebox step 4/5: 1 chunk(s) of 0.79s, change 3.9, best 3.9, hazards none — one push, so `best` IS the whole leg's travel
      |       step 4/5 bearing  359.4 (got  359.0) 0.79s -> walked 0.79s, best change 3.9
      |       step 4 blocked but the scene is MOVING — an NPC in the passage, not a wall
      |       the view is featureless — this is geometry, not a mover; skipping the escape ladder it has never cleared
      |       escape ladder: did NOT clear (best 0.0 PIXELS, against SLIP_PROGRESS_PX 20.0px — NOT against STALL_CHANGE 6.0, which is grey_levels)
      |       step 4 moved only 3.9 grey_levels (< 6.0) over 0.79s — stall score 2
      |       BLOCKED on step 4; abandoning the rest of this leg rather than pushing into whatever is in the way
      |       recovery fan did not find bar_jukebox
      |       arrived? None  (unverified, abstained (1.000/1.000))
      |   arrived, but 1 node(s) could not be confirmed on the way: ['bar_jukebox'] — each is a hole in the reference set
      |   attempt 3/9 at bar_jukebox
      |   not at bar_jukebox and cannot say where this is (unrecognised (84.000/1.200)) — reloading to a known start
      |   pause menu open (selected 'Resume')
      |   selected: Load Last Save
      |   no dialog yet (delta 2.7) — the commit press did not land, retrying (1/3)
      |   no dialog yet (delta 2.9) — the commit press did not land, retrying (2/3)
      |   confirmation dialog up (delta 81.9) -> YES
      |   world back after 3.1s, spawn bearing 87 (E)
      |   route: office_corridor -> office_door -> portrait_room -> bar_pool_room -> bar_jukebox  (21.4s of walking)
      |     leg office_corridor -> office_door
      |         turn to 270.4: TURNED to 270.4 (err -0.0) in 2 push(es)
      |         office_corridor->office_door step 1/7: 1 chunk(s) of 0.79s, change 19.4, best 19.4, hazards none — one push, so `best` IS the whole leg's travel
      |       step 1/7 bearing  270.4 (got  270.4) 0.79s -> walked 0.79s, best change 19.4
      |         turn to 270.1: NO-OP, already inside 4.0 deg (at 270.5, err -0.3) — nothing was sent, the recorded curve was discarded, and the caller's step line will look like a turn that happened
      |         office_corridor->office_door step 2/7: 1 chunk(s) of 0.78s, change 19.7, best 19.7, hazards none — one push, so `best` IS the whole leg's travel
      |       step 2/7 bearing  270.1 (got  270.5) 0.78s -> walked 0.78s, best change 19.7
      |         turn to 270.1: NO-OP, already inside 4.0 deg (at 270.4, err -0.3) — nothing was sent, the recorded curve was discarded, and the caller's step line will look like a turn that happened
      |         office_corridor->office_door step 3/7: 1 chunk(s) of 0.78s, change 14.5, best 14.5, hazards none — one push, so `best` IS the whole leg's travel
      |       step 3/7 bearing  270.1 (got  270.4) 0.78s -> walked 0.78s, best change 14.5
      |         turn to 270.3: NO-OP, already inside 4.0 deg (at 270.4, err -0.2) — nothing was sent, the recorded curve was discarded, and the caller's step line will look like a turn that happened
      |         office_corridor->office_door step 4/7: 1 chunk(s) of 0.78s, change 11.2, best 11.2, hazards none — one push, so `best` IS the whole leg's travel
      |       step 4/7 bearing  270.3 (got  270.4) 0.78s -> walked 0.78s, best change 11.2
      |         turn to 270.1: NO-OP, already inside 4.0 deg (at 270.4, err -0.3) — nothing was sent, the recorded curve was discarded, and the caller's step line will look like a turn that happened
      |         office_corridor->office_door step 5/7: 1 chunk(s) of 0.79s, change 8.3, best 8.3, hazards none — one push, so `best` IS the whole leg's travel
      |       step 5/7 bearing  270.1 (got  270.4) 0.79s -> walked 0.79s, best change 8.3
      |         turn to 270.1: NO-OP, already inside 4.0 deg (at 270.4, err -0.3) — nothing was sent, the recorded curve was discarded, and the caller's step line will look like a turn that happened
      |         office_corridor->office_door step 6/7: 1 chunk(s) of 0.79s, change 7.9, best 7.9, hazards none — one push, so `best` IS the whole leg's travel
      |       step 6/7 bearing  270.1 (got  270.4) 0.79s -> walked 0.79s, best change 7.9
      |         turn to 270.4: NO-OP, already inside 4.0 deg (at 270.4, err -0.1) — nothing was sent, the recorded curve was discarded, and the caller's step line will look like a turn that happened
      |         office_corridor->office_door step 7/7: 1 chunk(s) of 0.42s, change 6.5, best 6.5, hazards none — one push, so `best` IS the whole leg's travel
      |       step 7/7 bearing  270.4 (got  270.4) 0.42s -> walked 0.42s, best change 6.5
      |       arrived? None  (no appearance reference by design)
      |     leg office_door -> portrait_room
      |         turn to 338.1: TURNED to 340.6 (err -2.4) in 2 push(es)
      |         office_door->portrait_room step 1/16: 1 chunk(s) of 0.79s, change 12.5, best 12.5, hazards none — one push, so `best` IS the whole leg's travel
      |       step 1/16 bearing  338.1 (got  340.6) 0.79s -> walked 0.79s, best change 12.5
      |         turn to 339.2: NO-OP, already inside 4.0 deg (at 340.6, err -1.4) — nothing was sent, the recorded curve was discarded, and the caller's step line will look like a turn that happened
      |         office_door->portrait_room step 2/16: 1 chunk(s) of 0.70s, change 13.7, best 13.7, hazards none — one push, so `best` IS the whole leg's travel
      |       step 2/16 bearing  339.2 (got  340.6) 0.70s -> walked 0.70s, best change 13.7
      |         turn to 347.9: TURNED to 345.0 (err +2.9) in 1 push(es)
      |         office_door->portrait_room step 3/16: 1 chunk(s) of 0.42s, change 20.8, best 20.8, hazards none — one push, so `best` IS the whole leg's travel
      |       step 3/16 bearing  347.9 (got  345.0) 0.42s -> walked 0.42s, best change 20.8
      |         turn to 355.2: TURNED to 357.5 (err -2.4) in 1 push(es)
      |         office_door->portrait_room step 4/16: 1 chunk(s) of 0.79s, change 39.1, best 39.1, hazards none — one push, so `best` IS the whole leg's travel
      |       step 4/16 bearing  355.2 (got  357.5) 0.79s -> walked 0.79s, best change 39.1
      |         turn to 360.0: NO-OP, already inside 4.0 deg (at 357.6, err +2.4) — nothing was sent, the recorded curve was discarded, and the caller's step line will look like a turn that happened
      |         office_door->portrait_room step 5/16: 1 chunk(s) of 0.51s, change 29.3, best 29.3, hazards none — one push, so `best` IS the whole leg's travel
      |       step 5/16 bearing  360.0 (got  357.6) 0.51s -> walked 0.51s, best change 29.3
      |         turn to 8.6: TURNED to 7.0 (err +1.5) in 1 push(es)
      |         office_door->portrait_room step 6/16: 1 chunk(s) of 0.78s, change 19.3, best 19.3, hazards none — one push, so `best` IS the whole leg's travel
      |       step 6/16 bearing    8.6 (got    7.0) 0.78s -> walked 0.78s, best change 19.3
      |         turn to 7.7: NO-OP, already inside 4.0 deg (at 7.1, err +0.7) — nothing was sent, the recorded curve was discarded, and the caller's step line will look like a turn that happened
      |         office_door->portrait_room step 7/16: 1 chunk(s) of 0.78s, change 27.6, best 27.6, hazards none — one push, so `best` IS the whole leg's travel
      |       step 7/16 bearing    7.7 (got    7.1) 0.78s -> walked 0.78s, best change 27.6
      |         turn to 1.7: TURNED to 2.5 (err -0.8) in 1 push(es)
      |         office_door->portrait_room step 8/16: 1 chunk(s) of 0.80s, change 32.5, best 32.5, hazards none — one push, so `best` IS the whole leg's travel
      |       step 8/16 bearing    1.7 (got    2.5) 0.80s -> walked 0.80s, best change 32.5
      |         turn to 359.6: NO-OP, already inside 4.0 deg (at 2.6, err -3.0) — nothing was sent, the recorded curve was discarded, and the caller's step line will look like a turn that happened
      |         office_door->portrait_room step 9/16: 1 chunk(s) of 0.36s, change 21.4, best 21.4, hazards none — one push, so `best` IS the whole leg's travel
      |       step 9/16 bearing  359.6 (got    2.6) 0.36s -> walked 0.36s, best change 21.4
      |         turn to 359.4: NO-OP, already inside 4.0 deg (at 2.5, err -3.1) — nothing was sent, the recorded curve was discarded, and the caller's step line will look like a turn that happened
      |         office_door->portrait_room step 10/16: 1 chunk(s) of 0.78s, change 19.0, best 19.0, hazards none — one push, so `best` IS the whole leg's travel
      |       step 10/16 bearing  359.4 (got    2.5) 0.78s -> walked 0.78s, best change 19.0
      |         turn to 357.9: TURNED to 359.5 (err -1.7) in 1 push(es)
      |         office_door->portrait_room step 11/16: 1 chunk(s) of 0.79s, change 19.9, best 19.9, hazards none — one push, so `best` IS the whole leg's travel
      |       step 11/16 bearing  357.9 (got  359.5) 0.79s -> walked 0.79s, best change 19.9
      |         turn to 358.0: NO-OP, already inside 4.0 deg (at 359.6, err -1.5) — nothing was sent, the recorded curve was discarded, and the caller's step line will look like a turn that happened
      |         office_door->portrait_room step 12/16: 1 chunk(s) of 0.79s, change 18.8, best 18.8, hazards none — one push, so `best` IS the whole leg's travel
      |       step 12/16 bearing  358.0 (got  359.6) 0.79s -> walked 0.79s, best change 18.8
      |         turn to 357.8: NO-OP, already inside 4.0 deg (at 359.5, err -1.7) — nothing was sent, the recorded curve was discarded, and the caller's step line will look like a turn that happened
      |         office_door->portrait_room step 13/16: 1 chunk(s) of 0.79s, change 23.9, best 23.9, hazards none — one push, so `best` IS the whole leg's travel
      |       step 13/16 bearing  357.8 (got  359.5) 0.79s -> walked 0.79s, best change 23.9
      |         turn to 357.9: NO-OP, already inside 4.0 deg (at 359.5, err -1.6) — nothing was sent, the recorded curve was discarded, and the caller's step line will look like a turn that happened
      |         office_door->portrait_room step 14/16: 1 chunk(s) of 0.79s, change 30.7, best 30.7, hazards none — one push, so `best` IS the whole leg's travel
      |       step 14/16 bearing  357.9 (got  359.5) 0.79s -> walked 0.79s, best change 30.7
      |         turn to 0.8: NO-OP, already inside 4.0 deg (at 359.5, err +1.4) — nothing was sent, the recorded curve was discarded, and the caller's step line will look like a turn that happened
      |         office_door->portrait_room step 15/16: 1 chunk(s) of 0.79s, change 28.0, best 28.0, hazards none — one push, so `best` IS the whole leg's travel
      |       step 15/16 bearing    0.8 (got  359.5) 0.79s -> walked 0.79s, best change 28.0
      |         turn to 4.0: TURNED to 4.3 (err -0.4) in 1 push(es)
      |         office_door->portrait_room step 16/16: 1 chunk(s) of 0.36s, change 17.3, best 17.3, hazards none — one push, so `best` IS the whole leg's travel
      |       step 16/16 bearing    4.0 (got    4.3) 0.36s -> walked 0.36s, best change 17.3
      |       arrived? True  (portrait_room 693.000/5.250)
      |         turn to 1.5: TURNED to 1.2 (err +0.3) in 1 push(es)
      |       align at portrait_room: yaw nulled to 1.2 (reference 1.5) — 0.3 deg REMAINING = ~5px of phantom dx still in the dx below
      |       align: step 1/6 dx=-52.2 (prev --)
      |       align: dx=-52.2 -> strafe left 0.10s
      |       align: within 35px (dx=-17.7) after 1 step(s)
      |       aligned at portrait_room: 18px from the recorded pose
      |       align at portrait_room: dx +17.7px
      |     leg portrait_room -> bar_pool_room
      |         turn to 286.6: TURNED to 290.1 (err -3.5) in 1 push(es)
      |         portrait_room->bar_pool_room step 1/4: 1 chunk(s) of 0.16s, change 10.0, best 10.0, hazards none — one push, so `best` IS the whole leg's travel
      |       step 1/4 bearing  286.6 (got  290.1) 0.16s -> walked 0.16s, best change 10.0
      |         turn to 292.2: NO-OP, already inside 4.0 deg (at 290.1, err +2.1) — nothing was sent, the recorded curve was discarded, and the caller's step line will look like a turn that happened
      |         portrait_room->bar_pool_room step 2/4: 1 chunk(s) of 0.79s, change 19.1, best 19.1, hazards none — one push, so `best` IS the whole leg's travel
      |       step 2/4 bearing  292.2 (got  290.1) 0.79s -> walked 0.79s, best change 19.1
      |         turn to 285.6: TURNED to 285.3 (err +0.3) in 1 push(es)
      |         portrait_room->bar_pool_room step 3/4: 1 chunk(s) of 0.80s, change 17.6, best 17.6, hazards none — one push, so `best` IS the whole leg's travel
      |       step 3/4 bearing  285.6 (got  285.3) 0.80s -> walked 0.80s, best change 17.6
      |         turn to 287.6: NO-OP, already inside 4.0 deg (at 285.3, err +2.3) — nothing was sent, the recorded curve was discarded, and the caller's step line will look like a turn that happened
      |         portrait_room->bar_pool_room step 4/4: 1 chunk(s) of 0.23s, change 10.7, best 10.7, hazards none — one push, so `best` IS the whole leg's travel
      |       step 4/4 bearing  287.6 (got  285.3) 0.23s -> walked 0.23s, best change 10.7
      |       arrived? True  (bar_pool_room 841.000/6.840)
      |         turn to 288.2: TURNED to 288.0 (err +0.2) in 1 push(es)
      |       align at bar_pool_room: yaw nulled to 288.0 (reference 288.2) — 0.2 deg REMAINING = ~3px of phantom dx still in the dx below
      |       align: step 1/6 dx=+125.4 (prev --)
      |       align: dx=+125.4 -> strafe right 0.10s
      |       align: dx barely changed (+125 -> +108) — blocked sideways, cannot correct from here
      |       aligned at bar_pool_room: 108px from the recorded pose
      |       align at bar_pool_room: dx +107.5px
      |     leg bar_pool_room -> bar_jukebox
      |         turn to 2.1: TURNED to 5.7 (err -3.6) in 1 push(es)
      |         bar_pool_room->bar_jukebox step 1/5: 1 chunk(s) of 0.80s, change 16.6, best 16.6, hazards none — one push, so `best` IS the whole leg's travel
      |       step 1/5 bearing    2.1 (got    5.7) 0.80s -> walked 0.80s, best change 16.6
      |         turn to 1.2: TURNED to 2.8 (err -1.6) in 1 push(es)
      |         bar_pool_room->bar_jukebox step 2/5: 1 chunk(s) of 0.79s, change 11.2, best 11.2, hazards none — one push, so `best` IS the whole leg's travel
      |       step 2/5 bearing    1.2 (got    2.8) 0.79s -> walked 0.79s, best change 11.2
      |         turn to 0.8: NO-OP, already inside 4.0 deg (at 2.8, err -2.0) — nothing was sent, the recorded curve was discarded, and the caller's step line will look like a turn that happened
      |         bar_pool_room->bar_jukebox step 3/5: 1 chunk(s) of 0.80s, change 2.9, best 2.9, hazards SHORT — one push, so `best` IS the whole leg's travel
      |       step 3/5 bearing    0.8 (got    2.8) 0.80s -> walked 0.80s, best change 2.9
      |       step 3 blocked but the scene is MOVING — an NPC in the passage, not a wall
      |       the view is featureless — this is geometry, not a mover; skipping the escape ladder it has never cleared
      |       escape ladder: did NOT clear (best 0.0 PIXELS, against SLIP_PROGRESS_PX 20.0px — NOT against STALL_CHANGE 6.0, which is grey_levels)
      |       step 3 moved only 2.9 grey_levels (< 6.0) over 0.80s — stall score 1
      |         turn to 359.4: NO-OP, already inside 4.0 deg (at 2.8, err -3.4) — nothing was sent, the recorded curve was discarded, and the caller's step line will look like a turn that happened
      |         bar_pool_room->bar_jukebox step 4/5: 1 chunk(s) of 0.79s, change 5.0, best 5.0, hazards none — one push, so `best` IS the whole leg's travel
      |       step 4/5 bearing  359.4 (got    2.8) 0.79s -> walked 0.79s, best change 5.0
      |       step 4 blocked but the scene is MOVING — an NPC in the passage, not a wall
      |       the view is featureless — this is geometry, not a mover; skipping the escape ladder it has never cleared
      |       escape ladder: did NOT clear (best 0.0 PIXELS, against SLIP_PROGRESS_PX 20.0px — NOT against STALL_CHANGE 6.0, which is grey_levels)
      |       step 4 moved only 5.0 grey_levels (< 6.0) over 0.79s — stall score 2
      |       BLOCKED on step 4; abandoning the rest of this leg rather than pushing into whatever is in the way
      |       recovery fan did not find bar_jukebox
      |       arrived? None  (unverified, abstained (1.000/1.000))
      |   arrived, but 2 node(s) could not be confirmed on the way: ['office_door', 'bar_jukebox'] — each is a hole in the reference set
      |   attempt 4/9 at bar_jukebox
      |       re-localised by turning 180 deg: bar_pool_room 336.000/2.470
      |   re-localised at bar_pool_room by turning; routing from there
      |   route: bar_pool_room -> bar_jukebox  (3.3s of walking)
      |     leg bar_pool_room -> bar_jukebox
      |         turn to 2.1: TURNED to 358.6 (err +3.4) in 1 push(es)
      |         bar_pool_room->bar_jukebox step 1/5: 1 chunk(s) of 0.80s, change 15.8, best 15.8, hazards none — one push, so `best` IS the whole leg's travel
      |       step 1/5 bearing    2.1 (got  358.6) 0.80s -> walked 0.80s, best change 15.8
      |         turn to 1.2: NO-OP, already inside 4.0 deg (at 358.7, err +2.5) — nothing was sent, the recorded curve was discarded, and the caller's step line will look like a turn that happened
      |         bar_pool_room->bar_jukebox step 2/5: 1 chunk(s) of 0.79s, change 10.1, best 10.1, hazards none — one push, so `best` IS the whole leg's travel
      |       step 2/5 bearing    1.2 (got  358.7) 0.79s -> walked 0.79s, best change 10.1
      |         turn to 0.8: NO-OP, already inside 4.0 deg (at 358.7, err +2.1) — nothing was sent, the recorded curve was discarded, and the caller's step line will look like a turn that happened
      |         bar_pool_room->bar_jukebox step 3/5: 1 chunk(s) of 0.80s, change 4.2, best 4.2, hazards none — one push, so `best` IS the whole leg's travel
      |       step 3/5 bearing    0.8 (got  358.7) 0.80s -> walked 0.80s, best change 4.2
      |       step 3 blocked but the scene is MOVING — an NPC in the passage, not a wall
      |       the view is featureless — this is geometry, not a mover; skipping the escape ladder it has never cleared
      |       escape ladder: did NOT clear (best 0.0 PIXELS, against SLIP_PROGRESS_PX 20.0px — NOT against STALL_CHANGE 6.0, which is grey_levels)
      |       step 3 moved only 4.2 grey_levels (< 6.0) over 0.80s — stall score 1
      |         turn to 359.4: NO-OP, already inside 4.0 deg (at 358.7, err +0.8) — nothing was sent, the recorded curve was discarded, and the caller's step line will look like a turn that happened
      |         bar_pool_room->bar_jukebox step 4/5: 1 chunk(s) of 0.79s, change 3.6, best 3.6, hazards none — one push, so `best` IS the whole leg's travel
      |       step 4/5 bearing  359.4 (got  358.7) 0.79s -> walked 0.79s, best change 3.6
      |       step 4 blocked but the scene is MOVING — an NPC in the passage, not a wall
      |       the view is featureless — this is geometry, not a mover; skipping the escape ladder it has never cleared
      |       escape ladder: did NOT clear (best 0.0 PIXELS, against SLIP_PROGRESS_PX 20.0px — NOT against STALL_CHANGE 6.0, which is grey_levels)
      |       step 4 moved only 3.6 grey_levels (< 6.0) over 0.79s — stall score 2
      |       BLOCKED on step 4; abandoning the rest of this leg rather than pushing into whatever is in the way
      |       recovery fan did not find bar_jukebox
      |       arrived? None  (unverified, abstained (1.000/1.000))
      |   arrived, but 1 node(s) could not be confirmed on the way: ['bar_jukebox'] — each is a hole in the reference set
      |   attempt 5/9 at bar_jukebox
      |   not at bar_jukebox and cannot say where this is (unrecognised (74.000/1.300)) — reloading to a known start
      |   pause menu open (selected 'Resume')
      |   selected: Load Last Save
      |   confirmation dialog up (delta 82.3) -> YES
      |   world back after 3.2s, spawn bearing 87 (E)
      |   route: office_corridor -> office_door -> portrait_room -> bar_pool_room -> bar_jukebox  (21.4s of walking)
      |     leg office_corridor -> office_door
      |         turn to 270.4: TURNED to 270.2 (err +0.3) in 2 push(es)
      |         office_corridor->office_door step 1/7: 1 chunk(s) of 0.79s, change 19.2, best 19.2, hazards none — one push, so `best` IS the whole leg's travel
      |       step 1/7 bearing  270.4 (got  270.2) 0.79s -> walked 0.79s, best change 19.2
      |         turn to 270.1: NO-OP, already inside 4.0 deg (at 270.2, err -0.0) — nothing was sent, the recorded curve was discarded, and the caller's step line will look like a turn that happened
      |         office_corridor->office_door step 2/7: 1 chunk(s) of 0.78s, change 19.4, best 19.4, hazards none — one push, so `best` IS the whole leg's travel
      |       step 2/7 bearing  270.1 (got  270.2) 0.78s -> walked 0.78s, best change 19.4
      |         turn to 270.1: NO-OP, already inside 4.0 deg (at 270.2, err -0.0) — nothing was sent, the recorded curve was discarded, and the caller's step line will look like a turn that happened
      |         office_corridor->office_door step 3/7: 1 chunk(s) of 0.78s, change 15.3, best 15.3, hazards none — one push, so `best` IS the whole leg's travel
      |       step 3/7 bearing  270.1 (got  270.2) 0.78s -> walked 0.78s, best change 15.3
      |         turn to 270.3: NO-OP, already inside 4.0 deg (at 270.2, err +0.1) — nothing was sent, the recorded curve was discarded, and the caller's step line will look like a turn that happened
      |         office_corridor->office_door step 4/7: 1 chunk(s) of 0.78s, change 10.9, best 10.9, hazards none — one push, so `best` IS the whole leg's travel
      |       step 4/7 bearing  270.3 (got  270.2) 0.78s -> walked 0.78s, best change 10.9
      |         turn to 270.1: NO-OP, already inside 4.0 deg (at 270.2, err -0.0) — nothing was sent, the recorded curve was discarded, and the caller's step line will look like a turn that happened
      |         office_corridor->office_door step 5/7: 1 chunk(s) of 0.79s, change 7.6, best 7.6, hazards none — one push, so `best` IS the whole leg's travel
      |       step 5/7 bearing  270.1 (got  270.2) 0.79s -> walked 0.79s, best change 7.6
      |         turn to 270.1: NO-OP, already inside 4.0 deg (at 270.1, err -0.0) — nothing was sent, the recorded curve was discarded, and the caller's step line will look like a turn that happened
      |         office_corridor->office_door step 6/7: 1 chunk(s) of 0.79s, change 7.7, best 7.7, hazards none — one push, so `best` IS the whole leg's travel
      |       step 6/7 bearing  270.1 (got  270.1) 0.79s -> walked 0.79s, best change 7.7
      |         turn to 270.4: NO-OP, already inside 4.0 deg (at 270.1, err +0.2) — nothing was sent, the recorded curve was discarded, and the caller's step line will look like a turn that happened
      |         office_corridor->office_door step 7/7: 1 chunk(s) of 0.42s, change 7.7, best 7.7, hazards none — one push, so `best` IS the whole leg's travel
      |       step 7/7 bearing  270.4 (got  270.1) 0.42s -> walked 0.42s, best change 7.7
      |       arrived? None  (no appearance reference by design)
      |     leg office_door -> portrait_room
      |         turn to 338.1: TURNED to 334.5 (err +3.6) in 1 push(es)
      |         office_door->portrait_room step 1/16: 1 chunk(s) of 0.79s, change 11.8, best 11.8, hazards none — one push, so `best` IS the whole leg's travel
      |       step 1/16 bearing  338.1 (got  334.5) 0.79s -> walked 0.79s, best change 11.8
      |         turn to 339.2: TURNED to 338.6 (err +0.6) in 1 push(es)
      |         office_door->portrait_room step 2/16: 1 chunk(s) of 0.70s, change 17.6, best 17.6, hazards none — one push, so `best` IS the whole leg's travel
      |       step 2/16 bearing  339.2 (got  338.6) 0.70s -> walked 0.70s, best change 17.6
      |         turn to 347.9: TURNED to 349.0 (err -1.1) in 1 push(es)
      |         office_door->portrait_room step 3/16: 1 chunk(s) of 0.42s, change 21.0, best 21.0, hazards none — one push, so `best` IS the whole leg's travel
      |       step 3/16 bearing  347.9 (got  349.0) 0.42s -> walked 0.42s, best change 21.0
      |         turn to 355.2: TURNED to 354.9 (err +0.3) in 1 push(es)
      |         office_door->portrait_room step 4/16: 1 chunk(s) of 0.79s, change 45.9, best 45.9, hazards none — one push, so `best` IS the whole leg's travel
      |       step 4/16 bearing  355.2 (got  354.9) 0.79s -> walked 0.79s, best change 45.9
      |         turn to 360.0: TURNED to 0.9 (err -0.9) in 1 push(es)
      |         office_door->portrait_room step 5/16: 1 chunk(s) of 0.51s, change 34.1, best 34.1, hazards none — one push, so `best` IS the whole leg's travel
      |       step 5/16 bearing  360.0 (got    0.9) 0.51s -> walked 0.51s, best change 34.1
      |         turn to 8.6: TURNED to 8.7 (err -0.2) in 1 push(es)
      |         office_door->portrait_room step 6/16: 1 chunk(s) of 0.78s, change 17.3, best 17.3, hazards none — one push, so `best` IS the whole leg's travel
      |       step 6/16 bearing    8.6 (got    8.7) 0.78s -> walked 0.78s, best change 17.3
      |         turn to 7.7: NO-OP, already inside 4.0 deg (at 8.7, err -0.9) — nothing was sent, the recorded curve was discarded, and the caller's step line will look like a turn that happened
      |         office_door->portrait_room step 7/16: 1 chunk(s) of 0.78s, change 29.1, best 29.1, hazards none — one push, so `best` IS the whole leg's travel
      |       step 7/16 bearing    7.7 (got    8.7) 0.78s -> walked 0.78s, best change 29.1
      |         turn to 1.7: TURNED to 0.6 (err +1.1) in 1 push(es)
      |         office_door->portrait_room step 8/16: 1 chunk(s) of 0.80s, change 35.7, best 35.7, hazards none — one push, so `best` IS the whole leg's travel
      |       step 8/16 bearing    1.7 (got    0.6) 0.80s -> walked 0.80s, best change 35.7
      |         turn to 359.6: NO-OP, already inside 4.0 deg (at 0.5, err -0.8) — nothing was sent, the recorded curve was discarded, and the caller's step line will look like a turn that happened
      |         office_door->portrait_room step 9/16: 1 chunk(s) of 0.36s, change 21.0, best 21.0, hazards none — one push, so `best` IS the whole leg's travel
      |       step 9/16 bearing  359.6 (got    0.5) 0.36s -> walked 0.36s, best change 21.0
      |         turn to 359.4: NO-OP, already inside 4.0 deg (at 0.6, err -1.2) — nothing was sent, the recorded curve was discarded, and the caller's step line will look like a turn that happened
      |         office_door->portrait_room step 10/16: 1 chunk(s) of 0.78s, change 19.6, best 19.6, hazards none — one push, so `best` IS the whole leg's travel
      |       step 10/16 bearing  359.4 (got    0.6) 0.78s -> walked 0.78s, best change 19.6
      |         turn to 357.9: NO-OP, already inside 4.0 deg (at 0.6, err -2.8) — nothing was sent, the recorded curve was discarded, and the caller's step line will look like a turn that happened
      |         office_door->portrait_room step 11/16: 1 chunk(s) of 0.79s, change 20.3, best 20.3, hazards none — one push, so `best` IS the whole leg's travel
      |       step 11/16 bearing  357.9 (got    0.6) 0.79s -> walked 0.79s, best change 20.3
      |         turn to 358.0: NO-OP, already inside 4.0 deg (at 0.6, err -2.6) — nothing was sent, the recorded curve was discarded, and the caller's step line will look like a turn that happened
      |         office_door->portrait_room step 12/16: 1 chunk(s) of 0.79s, change 19.1, best 19.1, hazards none — one push, so `best` IS the whole leg's travel
      |       step 12/16 bearing  358.0 (got    0.6) 0.79s -> walked 0.79s, best change 19.1
      |         turn to 357.8: NO-OP, already inside 4.0 deg (at 0.5, err -2.7) — nothing was sent, the recorded curve was discarded, and the caller's step line will look like a turn that happened
      |         office_door->portrait_room step 13/16: 1 chunk(s) of 0.79s, change 23.7, best 23.7, hazards none — one push, so `best` IS the whole leg's travel
      |       step 13/16 bearing  357.8 (got    0.5) 0.79s -> walked 0.79s, best change 23.7
      |         turn to 357.9: NO-OP, already inside 4.0 deg (at 0.6, err -2.6) — nothing was sent, the recorded curve was discarded, and the caller's step line will look like a turn that happened
      |         office_door->portrait_room step 14/16: 1 chunk(s) of 0.79s, change 29.8, best 29.8, hazards none — one push, so `best` IS the whole leg's travel
      |       step 14/16 bearing  357.9 (got    0.6) 0.79s -> walked 0.79s, best change 29.8
      |         turn to 0.8: NO-OP, already inside 4.0 deg (at 0.6, err +0.3) — nothing was sent, the recorded curve was discarded, and the caller's step line will look like a turn that happened
      |         office_door->portrait_room step 15/16: 1 chunk(s) of 0.79s, change 27.6, best 27.6, hazards none — one push, so `best` IS the whole leg's travel
      |       step 15/16 bearing    0.8 (got    0.6) 0.79s -> walked 0.79s, best change 27.6
      |         turn to 4.0: NO-OP, already inside 4.0 deg (at 0.6, err +3.3) — nothing was sent, the recorded curve was discarded, and the caller's step line will look like a turn that happened
      |         office_door->portrait_room step 16/16: 1 chunk(s) of 0.36s, change 16.9, best 16.9, hazards none — one push, so `best` IS the whole leg's travel
      |       step 16/16 bearing    4.0 (got    0.6) 0.36s -> walked 0.36s, best change 16.9
      |       arrived? True  (portrait_room 775.000/6.300)
      |         turn to 1.5: TURNED to 1.5 (err -0.1) in 1 push(es)
      |       align at portrait_room: yaw nulled to 1.5 (reference 1.5) — 0.1 deg REMAINING = ~1px of phantom dx still in the dx below
      |       align: within 35px (dx=+10.0) after 0 step(s)
      |       aligned at portrait_room: 10px from the recorded pose
      |       align at portrait_room: dx +10.0px
      |     leg portrait_room -> bar_pool_room
      |         turn to 286.6: TURNED to 290.5 (err -3.9) in 1 push(es)
      |         portrait_room->bar_pool_room step 1/4: 1 chunk(s) of 0.16s, change 10.3, best 10.3, hazards none — one push, so `best` IS the whole leg's travel
      |       step 1/4 bearing  286.6 (got  290.5) 0.16s -> walked 0.16s, best change 10.3
      |         turn to 292.2: NO-OP, already inside 4.0 deg (at 290.5, err +1.7) — nothing was sent, the recorded curve was discarded, and the caller's step line will look like a turn that happened
      |         portrait_room->bar_pool_room step 2/4: 1 chunk(s) of 0.79s, change 21.3, best 21.3, hazards none — one push, so `best` IS the whole leg's travel
      |       step 2/4 bearing  292.2 (got  290.5) 0.79s -> walked 0.79s, best change 21.3
      |         turn to 285.6: TURNED to 285.3 (err +0.3) in 1 push(es)
      |         portrait_room->bar_pool_room step 3/4: 1 chunk(s) of 0.80s, change 18.6, best 18.6, hazards none — one push, so `best` IS the whole leg's travel
      |       step 3/4 bearing  285.6 (got  285.3) 0.80s -> walked 0.80s, best change 18.6
      |         turn to 287.6: NO-OP, already inside 4.0 deg (at 285.3, err +2.3) — nothing was sent, the recorded curve was discarded, and the caller's step line will look like a turn that happened
      |         portrait_room->bar_pool_room step 4/4: 1 chunk(s) of 0.23s, change 13.1, best 13.1, hazards none — one push, so `best` IS the whole leg's travel
      |       step 4/4 bearing  287.6 (got  285.3) 0.23s -> walked 0.23s, best change 13.1
      |       arrived? True  (bar_pool_room 638.000/5.600)
      |         turn to 288.2: TURNED to 288.0 (err +0.2) in 2 push(es)
      |       align at bar_pool_room: yaw nulled to 288.0 (reference 288.2) — 0.2 deg REMAINING = ~3px of phantom dx still in the dx below
      |       align: step 1/6 dx=+151.4 (prev --)
      |       align: dx=+151.4 -> strafe right 0.13s
      |       align: step 2/6 dx=+113.4 (prev +151.4)
      |       align: dx=+113.4 -> strafe right 0.10s
      |       align: step 3/6 dx=+78.6 (prev +113.4)
      |       align: dx=+78.6 -> strafe right 0.10s
      |       align: step 4/6 dx=+49.0 (prev +78.6)
      |       align: dx=+49.0 -> strafe right 0.10s
      |       align: within 35px (dx=+24.1) after 4 step(s)
      |       aligned at bar_pool_room: 24px from the recorded pose
      |       align at bar_pool_room: dx +24.1px
      |     leg bar_pool_room -> bar_jukebox
      |         turn to 2.1: TURNED to 2.1 (err -0.0) in 1 push(es)
      |         bar_pool_room->bar_jukebox step 1/5: 1 chunk(s) of 0.80s, change 18.7, best 18.7, hazards none — one push, so `best` IS the whole leg's travel
      |       step 1/5 bearing    2.1 (got    2.1) 0.80s -> walked 0.80s, best change 18.7
      |         turn to 1.2: NO-OP, already inside 4.0 deg (at 2.0, err -0.8) — nothing was sent, the recorded curve was discarded, and the caller's step line will look like a turn that happened
      |         bar_pool_room->bar_jukebox step 2/5: 1 chunk(s) of 0.79s, change 8.2, best 8.2, hazards none — one push, so `best` IS the whole leg's travel
      |       step 2/5 bearing    1.2 (got    2.0) 0.79s -> walked 0.79s, best change 8.2
      |         turn to 0.8: NO-OP, already inside 4.0 deg (at 2.0, err -1.3) — nothing was sent, the recorded curve was discarded, and the caller's step line will look like a turn that happened
      |         bar_pool_room->bar_jukebox step 3/5: 1 chunk(s) of 0.80s, change 5.6, best 5.6, hazards none — one push, so `best` IS the whole leg's travel
      |       step 3/5 bearing    0.8 (got    2.0) 0.80s -> walked 0.80s, best change 5.6
      |       step 3 blocked but the scene is MOVING — an NPC in the passage, not a wall
      |       the view is featureless — this is geometry, not a mover; skipping the escape ladder it has never cleared
      |       escape ladder: did NOT clear (best 0.0 PIXELS, against SLIP_PROGRESS_PX 20.0px — NOT against STALL_CHANGE 6.0, which is grey_levels)
      |       step 3 moved only 5.6 grey_levels (< 6.0) over 0.80s — stall score 1
      |         turn to 359.4: NO-OP, already inside 4.0 deg (at 2.0, err -2.6) — nothing was sent, the recorded curve was discarded, and the caller's step line will look like a turn that happened
      |         bar_pool_room->bar_jukebox step 4/5: 1 chunk(s) of 0.79s, change 3.7, best 3.7, hazards none — one push, so `best` IS the whole leg's travel
      |       step 4/5 bearing  359.4 (got    2.0) 0.79s -> walked 0.79s, best change 3.7
      |       step 4 blocked but the scene is MOVING — an NPC in the passage, not a wall
      |       the view is featureless — this is geometry, not a mover; skipping the escape ladder it has never cleared
      |       escape ladder: did NOT clear (best 0.0 PIXELS, against SLIP_PROGRESS_PX 20.0px — NOT against STALL_CHANGE 6.0, which is grey_levels)
      |       step 4 moved only 3.7 grey_levels (< 6.0) over 0.79s — stall score 2
      |       BLOCKED on step 4; abandoning the rest of this leg rather than pushing into whatever is in the way
      |       recovered bar_jukebox at 322 after 1 step(s)
      |       arrived? None  (unverified, abstained (164.000/1.220))
      |   arrived, but 2 node(s) could not be confirmed on the way: ['office_door', 'bar_jukebox'] — each is a hole in the reference set
      |   attempt 6/9 at bar_jukebox
      |       re-localised by turning 60 deg: portrait_room 222.000/1.570
      |   re-localised at portrait_room by turning; routing from there
      |   route: portrait_room -> bar_pool_room -> bar_jukebox  (5.3s of walking)
      |     leg portrait_room -> bar_pool_room
      |         turn to 286.6: TURNED to 287.5 (err -0.9) in 2 push(es)
      |         portrait_room->bar_pool_room step 1/4: 1 chunk(s) of 0.16s, change 16.7, best 16.7, hazards none — one push, so `best` IS the whole leg's travel
      |       step 1/4 bearing  286.6 (got  287.5) 0.16s -> walked 0.16s, best change 16.7
      |         turn to 292.2: TURNED to 292.1 (err +0.1) in 1 push(es)
      |         portrait_room->bar_pool_room step 2/4: 1 chunk(s) of 0.79s, change 30.5, best 30.5, hazards none — one push, so `best` IS the whole leg's travel
      |       step 2/4 bearing  292.2 (got  292.1) 0.79s -> walked 0.79s, best change 30.5
      |         turn to 285.6: NO compass reading, abandoned BEFORE turning — the caller's 'got --' is an unread heading, not a heading that was reached
      |         portrait_room->bar_pool_room step 3/4: 1 chunk(s) of 0.80s, change 40.0, best 40.0, hazards none — one push, so `best` IS the whole leg's travel
      |       step 3/4 bearing  285.6 (got --) 0.80s -> walked 0.80s, best change 40.0
      |         turn to 287.6: TURNED to 289.0 (err -1.4) in 1 push(es)
      |         portrait_room->bar_pool_room step 4/4: 1 chunk(s) of 0.23s, change 25.7, best 25.7, hazards none — one push, so `best` IS the whole leg's travel
      |       step 4/4 bearing  287.6 (got  289.0) 0.23s -> walked 0.23s, best change 25.7
      |       arrived? True  (bar_pool_room 156.000/1.430)
      |         turn to 288.2: TURNED to 287.9 (err +0.3) in 1 push(es)
      |       align at bar_pool_room: yaw nulled to 287.9 (reference 288.2) — 0.3 deg REMAINING = ~5px of phantom dx still in the dx below
      |       align: step 1/6 dx=-105.9 (prev --)
      |       align: dx=-105.9 -> strafe left 0.10s
      |       align: step 2/6 dx=+45.0 (prev +105.9)
      |       align: dx=+45.0 -> strafe right 0.10s
      |       align: step 3/6 dx=-63.5 (prev +45.0)
      |       align: dx=-63.5 -> strafe left 0.10s
      |       align: within 35px (dx=+19.0) after 3 step(s)
      |       aligned at bar_pool_room: 19px from the recorded pose
      |       align at bar_pool_room: dx +19.0px
      |     leg bar_pool_room -> bar_jukebox
      |         turn to 2.1: TURNED to 2.0 (err +0.1) in 1 push(es)
      |         bar_pool_room->bar_jukebox step 1/5: 1 chunk(s) of 0.80s, change 45.6, best 45.6, hazards none — one push, so `best` IS the whole leg's travel
      |       step 1/5 bearing    2.1 (got    2.0) 0.80s -> walked 0.80s, best change 45.6
      |         turn to 1.2: NO compass reading, abandoned BEFORE turning — the caller's 'got --' is an unread heading, not a heading that was reached
      |         bar_pool_room->bar_jukebox step 2/5: 1 chunk(s) of 0.79s, change 30.3, best 30.3, hazards none — one push, so `best` IS the whole leg's travel
      |       step 2/5 bearing    1.2 (got --) 0.79s -> walked 0.79s, best change 30.3
      |         turn to 0.8: NO compass reading, abandoned BEFORE turning — the caller's 'got --' is an unread heading, not a heading that was reached
      |         bar_pool_room->bar_jukebox step 3/5: 1 chunk(s) of 0.80s, change 38.6, best 38.6, hazards none — one push, so `best` IS the whole leg's travel
      |       step 3/5 bearing    0.8 (got --) 0.80s -> walked 0.80s, best change 38.6
      |         turn to 359.4: NO-OP, already inside 4.0 deg (at 2.0, err -2.6) — nothing was sent, the recorded curve was discarded, and the caller's step line will look like a turn that happened
      |         bar_pool_room->bar_jukebox step 4/5: 1 chunk(s) of 0.79s, change 48.1, best 48.1, hazards none — one push, so `best` IS the whole leg's travel
      |       step 4/5 bearing  359.4 (got    2.0) 0.79s -> walked 0.79s, best change 48.1
      |         turn to 359.6: NO-OP, already inside 4.0 deg (at 2.0, err -2.4) — nothing was sent, the recorded curve was discarded, and the caller's step line will look like a turn that happened
      |         bar_pool_room->bar_jukebox step 5/5: 1 chunk(s) of 0.14s, change 26.3, best 26.3, hazards none — one push, so `best` IS the whole leg's travel
      |       step 5/5 bearing  359.6 (got    2.0) 0.14s -> walked 0.14s, best change 26.3
      |       arrived? True  (bar_jukebox 227.000/2.270)
      |         turn to 1.0: TURNED to 1.1 (err -0.1) in 1 push(es)
      |       align at bar_jukebox: yaw nulled to 1.1 (reference 1.0) — 0.1 deg REMAINING = ~1px of phantom dx still in the dx below
      |       align: step 1/6 dx=+254.5 (prev --)
      |       align: dx=+254.5 -> strafe right 0.21s
      |       align: step 2/6 dx=+204.0 (prev +254.5)
      |       align: dx=+204.0 -> strafe right 0.17s
      |       align: step 3/6 dx=+165.7 (prev +204.0)
      |       align: dx=+165.7 -> strafe right 0.14s
      |       align: step 4/6 dx=+137.9 (prev +165.7)
      |       align: dx=+137.9 -> strafe right 0.11s
      |       align: step 5/6 dx=+110.9 (prev +137.9)
      |       align: dx=+110.9 -> strafe right 0.10s
      |       align: step 6/6 dx=+87.5 (prev +110.9)
      |       align: dx=+87.5 -> strafe right 0.10s
      |       align: dx barely changed (+88 -> +70) — blocked sideways, cannot correct from here
      |       aligned at bar_jukebox: 70px from the recorded pose
      |       align at bar_jukebox: dx +69.9px
      |   attempt 7/9 at bar_jukebox
      |   verified at bar_jukebox (bar_jukebox 285.000/1.910)
      |   attempt 1/9 at dealer_table
      |   route: bar_jukebox -> dealer_table  (4.1s of walking)
      |     leg bar_jukebox -> dealer_table
      |       swept 19 headings around 77; best ink 0.0000 at None, prompt never appeared
      |       no compass reading, so there is no arc to sweep
      |       no compass reading, so there is no arc to sweep
      |       no compass reading, so there is no arc to sweep
      |       no compass reading, so there is no arc to sweep
      |       stepped 6.8s of a 6.5s budget without finding the prompt
      |       approach_goal: prompt not seen
      |       no compass reading, so there is no arc to sweep
      |       reach_table: GAVE UP
      |       arrived? False  (at_table=False)
      |     STOPPING at leg bar_jukebox -> dealer_table: the destination did not check out, so every leg after this one would be walked from an unknown position
      |   attempt 2/9 at dealer_table
      |   not at dealer_table and cannot say where this is (unrecognised (79.000/1.110)) — reloading to a known start
      |   pause menu open (selected 'Resume')
      |   selected: Load Last Save
      |   no dialog yet (delta 2.4) — the commit press did not land, retrying (1/3)
      |   confirmation dialog up (delta 79.6) -> YES
      |   YES press 1 did not register, retrying
      |   YES press 2 did not register, retrying
      |   world back after 3.2s, spawn bearing 87 (E)
      |   route: office_corridor -> office_door -> portrait_room -> bar_pool_room -> bar_jukebox -> dealer_table  (25.5s of walking)
      |     leg office_corridor -> office_door
      |         turn to 270.4: TURNED to 274.0 (err -3.5) in 1 push(es)
      |         office_corridor->office_door step 1/7: 1 chunk(s) of 0.79s, change 18.7, best 18.7, hazards none — one push, so `best` IS the whole leg's travel
      |       step 1/7 bearing  270.4 (got  274.0) 0.79s -> walked 0.79s, best change 18.7
      |         turn to 270.1: NO-OP, already inside 4.0 deg (at 274.0, err -3.9) — nothing was sent, the recorded curve was discarded, and the caller's step line will look like a turn that happened
      |         office_corridor->office_door step 2/7: 1 chunk(s) of 0.78s, change 18.4, best 18.4, hazards none — one push, so `best` IS the whole leg's travel
      |       step 2/7 bearing  270.1 (got  274.0) 0.78s -> walked 0.78s, best change 18.4
      |         turn to 270.1: NO-OP, already inside 4.0 deg (at 273.9, err -3.8) — nothing was sent, the recorded curve was discarded, and the caller's step line will look like a turn that happened
      |         office_corridor->office_door step 3/7: 1 chunk(s) of 0.78s, change 15.5, best 15.5, hazards none — one push, so `best` IS the whole leg's travel
      |       step 3/7 bearing  270.1 (got  273.9) 0.78s -> walked 0.78s, best change 15.5
      |         turn to 270.3: NO-OP, already inside 4.0 deg (at 274.0, err -3.7) — nothing was sent, the recorded curve was discarded, and the caller's step line will look like a turn that happened
      |         office_corridor->office_door step 4/7: 1 chunk(s) of 0.78s, change 11.1, best 11.1, hazards none — one push, so `best` IS the whole leg's travel
      |       step 4/7 bearing  270.3 (got  274.0) 0.78s -> walked 0.78s, best change 11.1
      |         turn to 270.1: NO-OP, already inside 4.0 deg (at 274.0, err -3.9) — nothing was sent, the recorded curve was discarded, and the caller's step line will look like a turn that happened
      |         office_corridor->office_door step 5/7: 1 chunk(s) of 0.79s, change 7.7, best 7.7, hazards none — one push, so `best` IS the whole leg's travel
      |       step 5/7 bearing  270.1 (got  274.0) 0.79s -> walked 0.79s, best change 7.7
      |         turn to 270.1: NO-OP, already inside 4.0 deg (at 274.0, err -3.9) — nothing was sent, the recorded curve was discarded, and the caller's step line will look like a turn that happened
      |         office_corridor->office_door step 6/7: 1 chunk(s) of 0.79s, change 6.8, best 6.8, hazards none — one push, so `best` IS the whole leg's travel
      |       step 6/7 bearing  270.1 (got  274.0) 0.79s -> walked 0.79s, best change 6.8
      |         turn to 270.4: NO-OP, already inside 4.0 deg (at 274.0, err -3.6) — nothing was sent, the recorded curve was discarded, and the caller's step line will look like a turn that happened
      |         office_corridor->office_door step 7/7: 1 chunk(s) of 0.42s, change 5.0, best 5.0, hazards none — one push, so `best` IS the whole leg's travel
      |       step 7/7 bearing  270.4 (got  274.0) 0.42s -> walked 0.42s, best change 5.0
      |       step 7 blocked but the scene is MOVING — an NPC in the passage, not a wall
      |       the view is featureless — this is geometry, not a mover; skipping the escape ladder it has never cleared
      |       escape ladder: did NOT clear (best 0.0 PIXELS, against SLIP_PROGRESS_PX 20.0px — NOT against STALL_CHANGE 6.0, which is grey_levels)
      |       step 7 moved only 5.0 grey_levels (< 6.0) over 0.42s — stall score 1
      |       arrived? None  (no appearance reference by design)
      |     leg office_door -> portrait_room
      |         turn to 338.1: TURNED to 337.1 (err +1.0) in 1 push(es)
      |         office_door->portrait_room step 1/16: 1 chunk(s) of 0.79s, change 13.7, best 13.7, hazards none — one push, so `best` IS the whole leg's travel
      |       step 1/16 bearing  338.1 (got  337.1) 0.79s -> walked 0.79s, best change 13.7
      |         turn to 339.2: NO-OP, already inside 4.0 deg (at 337.1, err +2.1) — nothing was sent, the recorded curve was discarded, and the caller's step line will look like a turn that happened
      |         office_door->portrait_room step 2/16: 1 chunk(s) of 0.70s, change 21.6, best 21.6, hazards none — one push, so `best` IS the whole leg's travel
      |       step 2/16 bearing  339.2 (got  337.1) 0.70s -> walked 0.70s, best change 21.6
      |         turn to 347.9: TURNED to 350.6 (err -2.7) in 1 push(es)
      |         office_door->portrait_room step 3/16: 1 chunk(s) of 0.42s, change 22.8, best 22.8, hazards none — one push, so `best` IS the whole leg's travel
      |       step 3/16 bearing  347.9 (got  350.6) 0.42s -> walked 0.42s, best change 22.8
      |         turn to 355.2: TURNED to 356.0 (err -0.8) in 1 push(es)
      |         office_door->portrait_room step 4/16: 1 chunk(s) of 0.79s, change 41.6, best 41.6, hazards none — one push, so `best` IS the whole leg's travel
      |       step 4/16 bearing  355.2 (got  356.0) 0.79s -> walked 0.79s, best change 41.6
      |         turn to 360.0: TURNED to 1.0 (err -1.0) in 1 push(es)
      |         office_door->portrait_room step 5/16: 1 chunk(s) of 0.51s, change 21.6, best 21.6, hazards none — one push, so `best` IS the whole leg's travel
      |       step 5/16 bearing  360.0 (got    1.0) 0.51s -> walked 0.51s, best change 21.6
      |         turn to 8.6: TURNED to 8.6 (err -0.1) in 1 push(es)
      |         office_door->portrait_room step 6/16: 1 chunk(s) of 0.78s, change 18.5, best 18.5, hazards none — one push, so `best` IS the whole leg's travel
      |       step 6/16 bearing    8.6 (got    8.6) 0.78s -> walked 0.78s, best change 18.5
      |         turn to 7.7: NO-OP, already inside 4.0 deg (at 8.6, err -0.9) — nothing was sent, the recorded curve was discarded, and the caller's step line will look like a turn that happened
      |         office_door->portrait_room step 7/16: 1 chunk(s) of 0.78s, change 29.0, best 29.0, hazards none — one push, so `best` IS the whole leg's travel
      |       step 7/16 bearing    7.7 (got    8.6) 0.78s -> walked 0.78s, best change 29.0
      |         turn to 1.7: TURNED to 4.6 (err -2.8) in 1 push(es)
      |         office_door->portrait_room step 8/16: 1 chunk(s) of 0.80s, change 33.6, best 33.6, hazards none — one push, so `best` IS the whole leg's travel
      |       step 8/16 bearing    1.7 (got    4.6) 0.80s -> walked 0.80s, best change 33.6
      |         turn to 359.6: TURNED to 1.5 (err -1.9) in 1 push(es)
      |         office_door->portrait_room step 9/16: 1 chunk(s) of 0.36s, change 16.5, best 16.5, hazards none — one push, so `best` IS the whole leg's travel
      |       step 9/16 bearing  359.6 (got    1.5) 0.36s -> walked 0.36s, best change 16.5
      |         turn to 359.4: NO-OP, already inside 4.0 deg (at 1.5, err -2.1) — nothing was sent, the recorded curve was discarded, and the caller's step line will look like a turn that happened
      |         office_door->portrait_room step 10/16: 1 chunk(s) of 0.78s, change 18.9, best 18.9, hazards none — one push, so `best` IS the whole leg's travel
      |       step 10/16 bearing  359.4 (got    1.5) 0.78s -> walked 0.78s, best change 18.9
      |         turn to 357.9: NO-OP, already inside 4.0 deg (at 1.4, err -3.5) — nothing was sent, the recorded curve was discarded, and the caller's step line will look like a turn that happened
      |         office_door->portrait_room step 11/16: 1 chunk(s) of 0.79s, change 21.9, best 21.9, hazards none — one push, so `best` IS the whole leg's travel
      |       step 11/16 bearing  357.9 (got    1.4) 0.79s -> walked 0.79s, best change 21.9
      |         turn to 358.0: NO-OP, already inside 4.0 deg (at 1.5, err -3.5) — nothing was sent, the recorded curve was discarded, and the caller's step line will look like a turn that happened
      |         office_door->portrait_room step 12/16: 1 chunk(s) of 0.79s, change 21.2, best 21.2, hazards none — one push, so `best` IS the whole leg's travel
      |       step 12/16 bearing  358.0 (got    1.5) 0.79s -> walked 0.79s, best change 21.2
      |         turn to 357.8: NO-OP, already inside 4.0 deg (at 1.5, err -3.7) — nothing was sent, the recorded curve was discarded, and the caller's step line will look like a turn that happened
      |         office_door->portrait_room step 13/16: 1 chunk(s) of 0.79s, change 22.6, best 22.6, hazards none — one push, so `best` IS the whole leg's travel
      |       step 13/16 bearing  357.8 (got    1.5) 0.79s -> walked 0.79s, best change 22.6
      |         turn to 357.9: NO-OP, already inside 4.0 deg (at 1.5, err -3.6) — nothing was sent, the recorded curve was discarded, and the caller's step line will look like a turn that happened
      |         office_door->portrait_room step 14/16: 1 chunk(s) of 0.79s, change 31.0, best 31.0, hazards none — one push, so `best` IS the whole leg's travel
      |       step 14/16 bearing  357.9 (got    1.5) 0.79s -> walked 0.79s, best change 31.0
      |         turn to 0.8: NO-OP, already inside 4.0 deg (at 1.5, err -0.7) — nothing was sent, the recorded curve was discarded, and the caller's step line will look like a turn that happened
      |         office_door->portrait_room step 15/16: 1 chunk(s) of 0.79s, change 26.8, best 26.8, hazards none — one push, so `best` IS the whole leg's travel
      |       step 15/16 bearing    0.8 (got    1.5) 0.79s -> walked 0.79s, best change 26.8
      |         turn to 4.0: NO-OP, already inside 4.0 deg (at 1.5, err +2.5) — nothing was sent, the recorded curve was discarded, and the caller's step line will look like a turn that happened
      |         office_door->portrait_room step 16/16: 1 chunk(s) of 0.36s, change 18.0, best 18.0, hazards none — one push, so `best` IS the whole leg's travel
      |       step 16/16 bearing    4.0 (got    1.5) 0.36s -> walked 0.36s, best change 18.0
      |       arrived? True  (portrait_room 832.000/5.990)
      |         turn to 1.5: NO-OP, already inside 0.5 deg (at 1.5, err -0.0) — nothing was sent, the recorded curve was discarded, and the caller's step line will look like a turn that happened
      |       align at portrait_room: yaw nulled to 1.5 (reference 1.5) — 0.0 deg REMAINING = ~1px of phantom dx still in the dx below
      |       align: step 1/6 dx=-44.8 (prev --)
      |       align: dx=-44.8 -> strafe left 0.10s
      |       align: dx barely changed (-45 -> -53) — blocked sideways, cannot correct from here
      |       aligned at portrait_room: 53px from the recorded pose
      |       align at portrait_room: dx +53.4px
      |     leg portrait_room -> bar_pool_room
      |         turn to 286.6: TURNED to 286.8 (err -0.3) in 1 push(es)
      |         portrait_room->bar_pool_room step 1/4: 1 chunk(s) of 0.16s, change 11.5, best 11.5, hazards none — one push, so `best` IS the whole leg's travel
      |       step 1/4 bearing  286.6 (got  286.8) 0.16s -> walked 0.16s, best change 11.5
      |         turn to 292.2: TURNED to 291.5 (err +0.7) in 1 push(es)
      |         portrait_room->bar_pool_room step 2/4: 1 chunk(s) of 0.79s, change 17.8, best 17.8, hazards none — one push, so `best` IS the whole leg's travel
      |       step 2/4 bearing  292.2 (got  291.5) 0.79s -> walked 0.79s, best change 17.8
      |         turn to 285.6: TURNED to 286.7 (err -1.1) in 1 push(es)
      |         portrait_room->bar_pool_room step 3/4: 1 chunk(s) of 0.80s, change 19.4, best 19.4, hazards none — one push, so `best` IS the whole leg's travel
      |       step 3/4 bearing  285.6 (got  286.7) 0.80s -> walked 0.80s, best change 19.4
      |         turn to 287.6: NO-OP, already inside 4.0 deg (at 286.7, err +0.9) — nothing was sent, the recorded curve was discarded, and the caller's step line will look like a turn that happened
      |         portrait_room->bar_pool_room step 4/4: 1 chunk(s) of 0.23s, change 11.0, best 11.0, hazards none — one push, so `best` IS the whole leg's travel
      |       step 4/4 bearing  287.6 (got  286.7) 0.23s -> walked 0.23s, best change 11.0
      |       arrived? True  (bar_pool_room 476.000/3.610)
      |         turn to 288.2: TURNED to 288.0 (err +0.1) in 2 push(es)
      |       align at bar_pool_room: yaw nulled to 288.0 (reference 288.2) — 0.1 deg REMAINING = ~3px of phantom dx still in the dx below
      |       align: step 1/6 dx=+138.9 (prev --)
      |       align: dx=+138.9 -> strafe right 0.12s
      |       align: step 2/6 dx=+81.6 (prev +138.9)
      |       align: dx=+81.6 -> strafe right 0.10s
      |       align: step 3/6 dx=+53.5 (prev +81.6)
      |       align: dx=+53.5 -> strafe right 0.10s
      |       align: within 35px (dx=+29.4) after 3 step(s)
      |       aligned at bar_pool_room: 29px from the recorded pose
      |       align at bar_pool_room: dx +29.4px
      |     leg bar_pool_room -> bar_jukebox
      |         turn to 2.1: TURNED to 3.3 (err -1.2) in 1 push(es)
      |         bar_pool_room->bar_jukebox step 1/5: 1 chunk(s) of 0.80s, change 16.7, best 16.7, hazards none — one push, so `best` IS the whole leg's travel
      |       step 1/5 bearing    2.1 (got    3.3) 0.80s -> walked 0.80s, best change 16.7
      |         turn to 1.2: NO-OP, already inside 4.0 deg (at 3.3, err -2.1) — nothing was sent, the recorded curve was discarded, and the caller's step line will look like a turn that happened
      |         bar_pool_room->bar_jukebox step 2/5: 1 chunk(s) of 0.79s, change 7.5, best 7.5, hazards none — one push, so `best` IS the whole leg's travel
      |       step 2/5 bearing    1.2 (got    3.3) 0.79s -> walked 0.79s, best change 7.5
      |         turn to 0.8: NO-OP, already inside 4.0 deg (at 3.3, err -2.5) — nothing was sent, the recorded curve was discarded, and the caller's step line will look like a turn that happened
      |         bar_pool_room->bar_jukebox step 3/5: 1 chunk(s) of 0.80s, change 2.1, best 2.1, hazards SHORT — one push, so `best` IS the whole leg's travel
      |       step 3/5 bearing    0.8 (got    3.3) 0.80s -> walked 0.80s, best change 2.1
      |       step 3 blocked but the scene is MOVING — an NPC in the passage, not a wall
      |       the view is featureless — this is geometry, not a mover; skipping the escape ladder it has never cleared
      |       escape ladder: did NOT clear (best 0.0 PIXELS, against SLIP_PROGRESS_PX 20.0px — NOT against STALL_CHANGE 6.0, which is grey_levels)
      |       step 3 moved only 2.1 grey_levels (< 6.0) over 0.80s — stall score 1
      |         turn to 359.4: NO-OP, already inside 4.0 deg (at 3.3, err -3.9) — nothing was sent, the recorded curve was discarded, and the caller's step line will look like a turn that happened
      |         bar_pool_room->bar_jukebox step 4/5: 1 chunk(s) of 0.79s, change 3.6, best 3.6, hazards none — one push, so `best` IS the whole leg's travel
      |       step 4/5 bearing  359.4 (got    3.3) 0.79s -> walked 0.79s, best change 3.6
      |       step 4 blocked but the scene is MOVING — an NPC in the passage, not a wall
      |       the view is featureless — this is geometry, not a mover; skipping the escape ladder it has never cleared
      |       escape ladder: did NOT clear (best 0.0 PIXELS, against SLIP_PROGRESS_PX 20.0px — NOT against STALL_CHANGE 6.0, which is grey_levels)
      |       step 4 moved only 3.6 grey_levels (< 6.0) over 0.79s — stall score 2
      |       BLOCKED on step 4; abandoning the rest of this leg rather than pushing into whatever is in the way
      |       recovery fan did not find bar_jukebox
      |       arrived? None  (unverified, abstained (0.000/0.000))
      |     leg bar_jukebox -> dealer_table
      |       swept 19 headings around 77; best ink 0.0000 at None, prompt never appeared
      |       no compass reading, so there is no arc to sweep
      |       no compass reading, so there is no arc to sweep
      |       no compass reading, so there is no arc to sweep
      |       swept 19 headings around 75; best ink 0.0034 at 255.11409626998142, prompt never appeared
      |       stepped 6.8s of a 6.5s budget without finding the prompt
      |       approach_goal: prompt not seen
      |       swept 19 headings around 75; best ink 0.0000 at None, prompt never appeared
      |       reach_table: GAVE UP
      |       arrived? False  (at_table=False)
      |     STOPPING at leg bar_jukebox -> dealer_table: the destination did not check out, so every leg after this one would be walked from an unknown position
      |   attempt 3/9 at dealer_table
      |       no compass reading — the relocalise sweep did NOT run (this is not 'nothing was recognised')
      |   not at dealer_table and cannot say where this is (unrecognised (1.000/1.000)) — reloading to a known start
      |   pause menu open (selected 'Resume')
      |   selected: Load Last Save
      |   confirmation dialog up (delta 79.5) -> YES
      |   world back after 3.2s, spawn bearing 87 (E)
      |   route: office_corridor -> office_door -> portrait_room -> bar_pool_room -> bar_jukebox -> dealer_table  (25.5s of walking)
      |     leg office_corridor -> office_door
      |         turn to 270.4: TURNED to 270.6 (err -0.1) in 2 push(es)
      |         office_corridor->office_door step 1/7: 1 chunk(s) of 0.79s, change 19.1, best 19.1, hazards none — one push, so `best` IS the whole leg's travel
      |       step 1/7 bearing  270.4 (got  270.6) 0.79s -> walked 0.79s, best change 19.1
      |         turn to 270.1: NO-OP, already inside 4.0 deg (at 270.6, err -0.5) — nothing was sent, the recorded curve was discarded, and the caller's step line will look like a turn that happened
      |         office_corridor->office_door step 2/7: 1 chunk(s) of 0.78s, change 18.7, best 18.7, hazards none — one push, so `best` IS the whole leg's travel
      |       step 2/7 bearing  270.1 (got  270.6) 0.78s -> walked 0.78s, best change 18.7
      |         turn to 270.1: NO-OP, already inside 4.0 deg (at 270.6, err -0.4) — nothing was sent, the recorded curve was discarded, and the caller's step line will look like a turn that happened
      |         office_corridor->office_door step 3/7: 1 chunk(s) of 0.78s, change 14.7, best 14.7, hazards none — one push, so `best` IS the whole leg's travel
      |       step 3/7 bearing  270.1 (got  270.6) 0.78s -> walked 0.78s, best change 14.7
      |         turn to 270.3: NO-OP, already inside 4.0 deg (at 270.6, err -0.3) — nothing was sent, the recorded curve was discarded, and the caller's step line will look like a turn that happened
      |         office_corridor->office_door step 4/7: 1 chunk(s) of 0.78s, change 12.5, best 12.5, hazards none — one push, so `best` IS the whole leg's travel
      |       step 4/7 bearing  270.3 (got  270.6) 0.78s -> walked 0.78s, best change 12.5
      |         turn to 270.1: NO-OP, already inside 4.0 deg (at 270.6, err -0.5) — nothing was sent, the recorded curve was discarded, and the caller's step line will look like a turn that happened
      |         office_corridor->office_door step 5/7: 1 chunk(s) of 0.79s, change 7.9, best 7.9, hazards none — one push, so `best` IS the whole leg's travel
      |       step 5/7 bearing  270.1 (got  270.6) 0.79s -> walked 0.79s, best change 7.9
      |         turn to 270.1: NO-OP, already inside 4.0 deg (at 270.6, err -0.5) — nothing was sent, the recorded curve was discarded, and the caller's step line will look like a turn that happened
      |         office_corridor->office_door step 6/7: 1 chunk(s) of 0.79s, change 6.3, best 6.3, hazards none — one push, so `best` IS the whole leg's travel
      |       step 6/7 bearing  270.1 (got  270.6) 0.79s -> walked 0.79s, best change 6.3
      |         turn to 270.4: NO-OP, already inside 4.0 deg (at 270.6, err -0.2) — nothing was sent, the recorded curve was discarded, and the caller's step line will look like a turn that happened
      |         office_corridor->office_door step 7/7: 1 chunk(s) of 0.42s, change 6.7, best 6.7, hazards none — one push, so `best` IS the whole leg's travel
      |       step 7/7 bearing  270.4 (got  270.6) 0.42s -> walked 0.42s, best change 6.7
      |       arrived? None  (no appearance reference by design)
      |     leg office_door -> portrait_room
      |         turn to 338.1: TURNED to 334.9 (err +3.2) in 1 push(es)
      |         office_door->portrait_room step 1/16: 1 chunk(s) of 0.79s, change 12.2, best 12.2, hazards none — one push, so `best` IS the whole leg's travel
      |       step 1/16 bearing  338.1 (got  334.9) 0.79s -> walked 0.79s, best change 12.2
      |         turn to 339.2: TURNED to 339.7 (err -0.5) in 1 push(es)
      |         office_door->portrait_room step 2/16: 1 chunk(s) of 0.70s, change 16.7, best 16.7, hazards none — one push, so `best` IS the whole leg's travel
      |       step 2/16 bearing  339.2 (got  339.7) 0.70s -> walked 0.70s, best change 16.7
      |         turn to 347.9: TURNED to 348.8 (err -0.9) in 1 push(es)
      |         office_door->portrait_room step 3/16: 1 chunk(s) of 0.42s, change 23.0, best 23.0, hazards none — one push, so `best` IS the whole leg's travel
      |       step 3/16 bearing  347.9 (got  348.8) 0.42s -> walked 0.42s, best change 23.0
      |         turn to 355.2: TURNED to 355.5 (err -0.4) in 1 push(es)
      |         office_door->portrait_room step 4/16: 1 chunk(s) of 0.79s, change 43.9, best 43.9, hazards none — one push, so `best` IS the whole leg's travel
      |       step 4/16 bearing  355.2 (got  355.5) 0.79s -> walked 0.79s, best change 43.9
      |         turn to 360.0: TURNED to 0.5 (err -0.5) in 1 push(es)
      |         office_door->portrait_room step 5/16: 1 chunk(s) of 0.51s, change 24.7, best 24.7, hazards none — one push, so `best` IS the whole leg's travel
      |       step 5/16 bearing  360.0 (got    0.5) 0.51s -> walked 0.51s, best change 24.7
      |         turn to 8.6: TURNED to 7.7 (err +0.8) in 1 push(es)
      |         office_door->portrait_room step 6/16: 1 chunk(s) of 0.78s, change 17.8, best 17.8, hazards none — one push, so `best` IS the whole leg's travel
      |       step 6/16 bearing    8.6 (got    7.7) 0.78s -> walked 0.78s, best change 17.8
      |         turn to 7.7: NO-OP, already inside 4.0 deg (at 7.7, err +0.0) — nothing was sent, the recorded curve was discarded, and the caller's step line will look like a turn that happened
      |         office_door->portrait_room step 7/16: 1 chunk(s) of 0.78s, change 30.0, best 30.0, hazards none — one push, so `best` IS the whole leg's travel
      |       step 7/16 bearing    7.7 (got    7.7) 0.78s -> walked 0.78s, best change 30.0
      |         turn to 1.7: TURNED to 2.2 (err -0.5) in 1 push(es)
      |         office_door->portrait_room step 8/16: 1 chunk(s) of 0.80s, change 34.3, best 34.3, hazards none — one push, so `best` IS the whole leg's travel
      |       step 8/16 bearing    1.7 (got    2.2) 0.80s -> walked 0.80s, best change 34.3
      |         turn to 359.6: NO-OP, already inside 4.0 deg (at 2.3, err -2.7) — nothing was sent, the recorded curve was discarded, and the caller's step line will look like a turn that happened
      |         office_door->portrait_room step 9/16: 1 chunk(s) of 0.36s, change 17.4, best 17.4, hazards none — one push, so `best` IS the whole leg's travel
      |       step 9/16 bearing  359.6 (got    2.3) 0.36s -> walked 0.36s, best change 17.4
      |         turn to 359.4: NO-OP, already inside 4.0 deg (at 2.2, err -2.8) — nothing was sent, the recorded curve was discarded, and the caller's step line will look like a turn that happened
      |         office_door->portrait_room step 10/16: 1 chunk(s) of 0.78s, change 21.4, best 21.4, hazards none — one push, so `best` IS the whole leg's travel
      |       step 10/16 bearing  359.4 (got    2.2) 0.78s -> walked 0.78s, best change 21.4
      |         turn to 357.9: TURNED to 357.5 (err +0.3) in 1 push(es)
      |         office_door->portrait_room step 11/16: 1 chunk(s) of 0.79s, change 18.8, best 18.8, hazards none — one push, so `best` IS the whole leg's travel
      |       step 11/16 bearing  357.9 (got  357.5) 0.79s -> walked 0.79s, best change 18.8
      |         turn to 358.0: NO-OP, already inside 4.0 deg (at 357.5, err +0.5) — nothing was sent, the recorded curve was discarded, and the caller's step line will look like a turn that happened
      |         office_door->portrait_room step 12/16: 1 chunk(s) of 0.79s, change 20.3, best 20.3, hazards none — one push, so `best` IS the whole leg's travel
      |       step 12/16 bearing  358.0 (got  357.5) 0.79s -> walked 0.79s, best change 20.3
      |         turn to 357.8: NO-OP, already inside 4.0 deg (at 357.5, err +0.3) — nothing was sent, the recorded curve was discarded, and the caller's step line will look like a turn that happened
      |         office_door->portrait_room step 13/16: 1 chunk(s) of 0.79s, change 25.4, best 25.4, hazards none — one push, so `best` IS the whole leg's travel
      |       step 13/16 bearing  357.8 (got  357.5) 0.79s -> walked 0.79s, best change 25.4
      |         turn to 357.9: NO-OP, already inside 4.0 deg (at 357.5, err +0.5) — nothing was sent, the recorded curve was discarded, and the caller's step line will look like a turn that happened
      |         office_door->portrait_room step 14/16: 1 chunk(s) of 0.79s, change 26.9, best 26.9, hazards none — one push, so `best` IS the whole leg's travel
      |       step 14/16 bearing  357.9 (got  357.5) 0.79s -> walked 0.79s, best change 26.9
      |         turn to 0.8: NO-OP, already inside 4.0 deg (at 357.5, err +3.3) — nothing was sent, the recorded curve was discarded, and the caller's step line will look like a turn that happened
      |         office_door->portrait_room step 15/16: 1 chunk(s) of 0.79s, change 22.4, best 22.4, hazards none — one push, so `best` IS the whole leg's travel
      |       step 15/16 bearing    0.8 (got  357.5) 0.79s -> walked 0.79s, best change 22.4
      |         turn to 4.0: TURNED to 5.0 (err -1.0) in 1 push(es)
      |         office_door->portrait_room step 16/16: 1 chunk(s) of 0.36s, change 17.5, best 17.5, hazards none — one push, so `best` IS the whole leg's travel
      |       step 16/16 bearing    4.0 (got    5.0) 0.36s -> walked 0.36s, best change 17.5
      |       arrived? True  (portrait_room 591.000/5.370)
      |         turn to 1.5: TURNED to 1.5 (err -0.0) in 1 push(es)
      |       align at portrait_room: yaw nulled to 1.5 (reference 1.5) — 0.0 deg REMAINING = ~0px of phantom dx still in the dx below
      |       align: step 1/6 dx=+98.3 (prev --)
      |       align: dx=+98.3 -> strafe right 0.10s
      |       align: step 2/6 dx=+121.9 (prev +98.3)
      |       align: dx=+121.9 -> strafe right 0.10s
      |       align: step 3/6 dx=+76.1 (prev +121.9)
      |       align: dx=+76.1 -> strafe right 0.10s
      |       align: step 4/6 dx=+52.3 (prev +76.1)
      |       align: dx=+52.3 -> strafe right 0.10s
      |       align: within 35px (dx=+8.0) after 4 step(s)
      |       aligned at portrait_room: 8px from the recorded pose
      |       align at portrait_room: dx +8.0px
      |     leg portrait_room -> bar_pool_room
      |         turn to 286.6: TURNED to 286.2 (err +0.3) in 2 push(es)
      |         portrait_room->bar_pool_room step 1/4: 1 chunk(s) of 0.16s, change 9.6, best 9.6, hazards none — one push, so `best` IS the whole leg's travel
      |       step 1/4 bearing  286.6 (got  286.2) 0.16s -> walked 0.16s, best change 9.6
      |         turn to 292.2: TURNED to 291.8 (err +0.4) in 1 push(es)
      |         portrait_room->bar_pool_room step 2/4: 1 chunk(s) of 0.79s, change 16.4, best 16.4, hazards none — one push, so `best` IS the whole leg's travel
      |       step 2/4 bearing  292.2 (got  291.8) 0.79s -> walked 0.79s, best change 16.4
      |         turn to 285.6: TURNED to 286.7 (err -1.1) in 1 push(es)
      |         portrait_room->bar_pool_room step 3/4: 1 chunk(s) of 0.80s, change 16.6, best 16.6, hazards none — one push, so `best` IS the whole leg's travel
      |       step 3/4 bearing  285.6 (got  286.7) 0.80s -> walked 0.80s, best change 16.6
      |         turn to 287.6: NO-OP, already inside 4.0 deg (at 286.7, err +0.9) — nothing was sent, the recorded curve was discarded, and the caller's step line will look like a turn that happened
      |         portrait_room->bar_pool_room step 4/4: 1 chunk(s) of 0.23s, change 11.3, best 11.3, hazards none — one push, so `best` IS the whole leg's travel
      |       step 4/4 bearing  287.6 (got  286.7) 0.23s -> walked 0.23s, best change 11.3
      |       arrived? True  (bar_pool_room 650.000/5.800)
      |         turn to 288.2: TURNED to 288.1 (err +0.1) in 1 push(es)
      |       align at bar_pool_room: yaw nulled to 288.1 (reference 288.2) — 0.1 deg REMAINING = ~1px of phantom dx still in the dx below
      |       align: step 1/6 dx=+157.6 (prev --)
      |       align: dx=+157.6 -> strafe right 0.13s
      |       align: step 2/6 dx=+89.2 (prev +157.6)
      |       align: dx=+89.2 -> strafe right 0.10s
      |       align: step 3/6 dx=+67.2 (prev +89.2)
      |       align: dx=+67.2 -> strafe right 0.10s
      |       align: within 35px (dx=+3.6) after 3 step(s)
      |       aligned at bar_pool_room: 4px from the recorded pose
      |       align at bar_pool_room: dx +3.6px
      |     leg bar_pool_room -> bar_jukebox
      |         turn to 2.1: TURNED to 358.5 (err +3.6) in 1 push(es)
      |         bar_pool_room->bar_jukebox step 1/5: 1 chunk(s) of 0.80s, change 19.1, best 19.1, hazards none — one push, so `best` IS the whole leg's travel
      |       step 1/5 bearing    2.1 (got  358.5) 0.80s -> walked 0.80s, best change 19.1
      |         turn to 1.2: NO compass reading, abandoned BEFORE turning — the caller's 'got --' is an unread heading, not a heading that was reached
      |         bar_pool_room->bar_jukebox step 2/5: 1 chunk(s) of 0.79s, change 9.7, best 9.7, hazards none — one push, so `best` IS the whole leg's travel
      |       step 2/5 bearing    1.2 (got --) 0.79s -> walked 0.79s, best change 9.7
      |         turn to 0.8: NO-OP, already inside 4.0 deg (at 358.6, err +2.2) — nothing was sent, the recorded curve was discarded, and the caller's step line will look like a turn that happened
      |         bar_pool_room->bar_jukebox step 3/5: 1 chunk(s) of 0.80s, change 5.0, best 5.0, hazards none — one push, so `best` IS the whole leg's travel
      |       step 3/5 bearing    0.8 (got  358.6) 0.80s -> walked 0.80s, best change 5.0
      |       step 3 blocked but the scene is MOVING — an NPC in the passage, not a wall
      |       waited 2.5s: displaced 0.0px
      |       jump 1: displaced 0.0px
      |       jump 2: displaced 0.0px
      |       displacement UNMEASURABLE (too few keypoints) — NOT the same as 0px
      |       slip right: displaced 0.0px
      |       slip left: displaced 38.0px
      |       escape ladder: CLEARED by strafe_left (best 38.0 PIXELS, against SLIP_PROGRESS_PX 20.0px — NOT against STALL_CHANGE 6.0, which is grey_levels)
      |         turn to 359.4: NO-OP, already inside 4.0 deg (at 358.5, err +0.9) — nothing was sent, the recorded curve was discarded, and the caller's step line will look like a turn that happened
      |         bar_pool_room->bar_jukebox step 4/5: 1 chunk(s) of 0.79s, change 47.8, best 47.8, hazards none — one push, so `best` IS the whole leg's travel
      |       step 4/5 bearing  359.4 (got  358.5) 0.79s -> walked 0.79s, best change 47.8
      |         turn to 359.6: NO-OP, already inside 4.0 deg (at 358.5, err +1.1) — nothing was sent, the recorded curve was discarded, and the caller's step line will look like a turn that happened
      |         bar_pool_room->bar_jukebox step 5/5: 1 chunk(s) of 0.14s, change 17.4, best 17.4, hazards none — one push, so `best` IS the whole leg's travel
      |       step 5/5 bearing  359.6 (got  358.5) 0.14s -> walked 0.14s, best change 17.4
      |       arrived? True  (bar_jukebox 221.000/1.750)
      |         turn to 1.0: TURNED to 1.1 (err -0.1) in 1 push(es)
      |       align at bar_jukebox: yaw nulled to 1.1 (reference 1.0) — 0.1 deg REMAINING = ~1px of phantom dx still in the dx below
      |       align: within 35px (dx=+28.1) after 0 step(s)
      |       aligned at bar_jukebox: 28px from the recorded pose
      |       align at bar_jukebox: dx +28.1px
      |     leg bar_jukebox -> dealer_table
      |       swept 19 headings around 76; best ink 0.0223 at 36.34824105356124, prompt never appeared
      |       no compass reading, so there is no arc to sweep
      |       swept 19 headings around 77; best ink 0.0161 at 257.15882768414565, prompt never appeared
      |       swept 19 headings around 75; best ink 0.0013 at 75.42416452442158, prompt never appeared
      |       swept 19 headings around 76; best ink 0.0010 at 55.67474086776532, prompt never appeared
      |       stepped 6.8s of a 6.5s budget without finding the prompt
      |       approach_goal: prompt not seen
      |       swept 19 headings around 73; best ink 0.0002 at 73.19966089635952, prompt never appeared
      |       reach_table: GAVE UP
      |       arrived? False  (at_table=False)
      |     STOPPING at leg bar_jukebox -> dealer_table: the destination did not check out, so every leg after this one would be walked from an unknown position
      |   attempt 4/9 at dealer_table
      |   not at dealer_table and cannot say where this is (unrecognised (25.000/1.140)) — reloading to a known start
      |   pause menu open (selected 'Resume')
      |   selected: Load Last Save
      |   confirmation dialog up (delta 86.3) -> YES
      |   YES press 1 did not register, retrying
      |   world back after 3.1s, spawn bearing 87 (E)
      |   route: office_corridor -> office_door -> portrait_room -> bar_pool_room -> bar_jukebox -> dealer_table  (25.5s of walking)
      |     leg office_corridor -> office_door
      |         turn to 270.4: TURNED to 269.2 (err +1.3) in 3 push(es)
      |         office_corridor->office_door step 1/7: 1 chunk(s) of 0.79s, change 19.8, best 19.8, hazards none — one push, so `best` IS the whole leg's travel
      |       step 1/7 bearing  270.4 (got  269.2) 0.79s -> walked 0.79s, best change 19.8
      |         turn to 270.1: NO-OP, already inside 4.0 deg (at 269.2, err +1.0) — nothing was sent, the recorded curve was discarded, and the caller's step line will look like a turn that happened
      |         office_corridor->office_door step 2/7: 1 chunk(s) of 0.78s, change 19.1, best 19.1, hazards none — one push, so `best` IS the whole leg's travel
      |       step 2/7 bearing  270.1 (got  269.2) 0.78s -> walked 0.78s, best change 19.1
      |         turn to 270.1: NO-OP, already inside 4.0 deg (at 269.2, err +1.0) — nothing was sent, the recorded curve was discarded, and the caller's step line will look like a turn that happened
      |         office_corridor->office_door step 3/7: 1 chunk(s) of 0.78s, change 14.3, best 14.3, hazards none — one push, so `best` IS the whole leg's travel
      |       step 3/7 bearing  270.1 (got  269.2) 0.78s -> walked 0.78s, best change 14.3
      |         turn to 270.3: NO-OP, already inside 4.0 deg (at 269.2, err +1.1) — nothing was sent, the recorded curve was discarded, and the caller's step line will look like a turn that happened
      |         office_corridor->office_door step 4/7: 1 chunk(s) of 0.78s, change 12.0, best 12.0, hazards none — one push, so `best` IS the whole leg's travel
      |       step 4/7 bearing  270.3 (got  269.2) 0.78s -> walked 0.78s, best change 12.0
      |         turn to 270.1: NO-OP, already inside 4.0 deg (at 269.2, err +1.0) — nothing was sent, the recorded curve was discarded, and the caller's step line will look like a turn that happened
      |         office_corridor->office_door step 5/7: 1 chunk(s) of 0.79s, change 8.6, best 8.6, hazards none — one push, so `best` IS the whole leg's travel
      |       step 5/7 bearing  270.1 (got  269.2) 0.79s -> walked 0.79s, best change 8.6
      |         turn to 270.1: NO-OP, already inside 4.0 deg (at 269.2, err +0.9) — nothing was sent, the recorded curve was discarded, and the caller's step line will look like a turn that happened
      |         office_corridor->office_door step 6/7: 1 chunk(s) of 0.79s, change 6.8, best 6.8, hazards none — one push, so `best` IS the whole leg's travel
      |       step 6/7 bearing  270.1 (got  269.2) 0.79s -> walked 0.79s, best change 6.8
      |         turn to 270.4: NO-OP, already inside 4.0 deg (at 269.2, err +1.2) — nothing was sent, the recorded curve was discarded, and the caller's step line will look like a turn that happened
      |         office_corridor->office_door step 7/7: 1 chunk(s) of 0.42s, change 6.3, best 6.3, hazards none — one push, so `best` IS the whole leg's travel
      |       step 7/7 bearing  270.4 (got  269.2) 0.42s -> walked 0.42s, best change 6.3
      |       arrived? None  (no appearance reference by design)
      |     leg office_door -> portrait_room
      |         turn to 338.1: TURNED to 335.9 (err +2.2) in 1 push(es)
      |         office_door->portrait_room step 1/16: 1 chunk(s) of 0.79s, change 11.3, best 11.3, hazards none — one push, so `best` IS the whole leg's travel
      |       step 1/16 bearing  338.1 (got  335.9) 0.79s -> walked 0.79s, best change 11.3
      |         turn to 339.2: NO-OP, already inside 4.0 deg (at 335.9, err +3.3) — nothing was sent, the recorded curve was discarded, and the caller's step line will look like a turn that happened
      |         office_door->portrait_room step 2/16: 1 chunk(s) of 0.70s, change 15.6, best 15.6, hazards none — one push, so `best` IS the whole leg's travel
      |       step 2/16 bearing  339.2 (got  335.9) 0.70s -> walked 0.70s, best change 15.6
      |         turn to 347.9: TURNED to 349.2 (err -1.3) in 1 push(es)
      |         office_door->portrait_room step 3/16: 1 chunk(s) of 0.42s, change 21.8, best 21.8, hazards none — one push, so `best` IS the whole leg's travel
      |       step 3/16 bearing  347.9 (got  349.2) 0.42s -> walked 0.42s, best change 21.8
      |         turn to 355.2: TURNED to 353.1 (err +2.1) in 1 push(es)
      |         office_door->portrait_room step 4/16: 1 chunk(s) of 0.79s, change 46.2, best 46.2, hazards none — one push, so `best` IS the whole leg's travel
      |       step 4/16 bearing  355.2 (got  353.1) 0.79s -> walked 0.79s, best change 46.2
      |         turn to 360.0: TURNED to 357.4 (err +2.6) in 1 push(es)
      |         office_door->portrait_room step 5/16: 1 chunk(s) of 0.51s, change 34.8, best 34.8, hazards none — one push, so `best` IS the whole leg's travel
      |       step 5/16 bearing  360.0 (got  357.4) 0.51s -> walked 0.51s, best change 34.8
      |         turn to 8.6: TURNED to 7.7 (err +0.8) in 1 push(es)
      |         office_door->portrait_room step 6/16: 1 chunk(s) of 0.78s, change 16.7, best 16.7, hazards none — one push, so `best` IS the whole leg's travel
      |       step 6/16 bearing    8.6 (got    7.7) 0.78s -> walked 0.78s, best change 16.7
      |         turn to 7.7: NO-OP, already inside 4.0 deg (at 7.8, err -0.1) — nothing was sent, the recorded curve was discarded, and the caller's step line will look like a turn that happened
      |         office_door->portrait_room step 7/16: 1 chunk(s) of 0.78s, change 27.8, best 27.8, hazards none — one push, so `best` IS the whole leg's travel
      |       step 7/16 bearing    7.7 (got    7.8) 0.78s -> walked 0.78s, best change 27.8
      |         turn to 1.7: TURNED to 0.3 (err +1.4) in 1 push(es)
      |         office_door->portrait_room step 8/16: 1 chunk(s) of 0.80s, change 35.8, best 35.8, hazards none — one push, so `best` IS the whole leg's travel
      |       step 8/16 bearing    1.7 (got    0.3) 0.80s -> walked 0.80s, best change 35.8
      |         turn to 359.6: NO-OP, already inside 4.0 deg (at 0.3, err -0.7) — nothing was sent, the recorded curve was discarded, and the caller's step line will look like a turn that happened
      |         office_door->portrait_room step 9/16: 1 chunk(s) of 0.36s, change 25.2, best 25.2, hazards none — one push, so `best` IS the whole leg's travel
      |       step 9/16 bearing  359.6 (got    0.3) 0.36s -> walked 0.36s, best change 25.2
      |         turn to 359.4: NO-OP, already inside 4.0 deg (at 0.3, err -0.9) — nothing was sent, the recorded curve was discarded, and the caller's step line will look like a turn that happened
      |         office_door->portrait_room step 10/16: 1 chunk(s) of 0.78s, change 22.5, best 22.5, hazards none — one push, so `best` IS the whole leg's travel
      |       step 10/16 bearing  359.4 (got    0.3) 0.78s -> walked 0.78s, best change 22.5
      |         turn to 357.9: NO-OP, already inside 4.0 deg (at 0.3, err -2.4) — nothing was sent, the recorded curve was discarded, and the caller's step line will look like a turn that happened
      |         office_door->portrait_room step 11/16: 1 chunk(s) of 0.79s, change 19.6, best 19.6, hazards none — one push, so `best` IS the whole leg's travel
      |       step 11/16 bearing  357.9 (got    0.3) 0.79s -> walked 0.79s, best change 19.6
      |         turn to 358.0: NO-OP, already inside 4.0 deg (at 0.4, err -2.3) — nothing was sent, the recorded curve was discarded, and the caller's step line will look like a turn that happened
      |         office_door->portrait_room step 12/16: 1 chunk(s) of 0.79s, change 18.4, best 18.4, hazards none — one push, so `best` IS the whole leg's travel
      |       step 12/16 bearing  358.0 (got    0.4) 0.79s -> walked 0.79s, best change 18.4
      |         turn to 357.8: NO-OP, already inside 4.0 deg (at 0.3, err -2.5) — nothing was sent, the recorded curve was discarded, and the caller's step line will look like a turn that happened
      |         office_door->portrait_room step 13/16: 1 chunk(s) of 0.79s, change 25.2, best 25.2, hazards none — one push, so `best` IS the whole leg's travel
      |       step 13/16 bearing  357.8 (got    0.3) 0.79s -> walked 0.79s, best change 25.2
      |         turn to 357.9: NO-OP, already inside 4.0 deg (at 0.4, err -2.4) — nothing was sent, the recorded curve was discarded, and the caller's step line will look like a turn that happened
      |         office_door->portrait_room step 14/16: 1 chunk(s) of 0.79s, change 28.9, best 28.9, hazards none — one push, so `best` IS the whole leg's travel
      |       step 14/16 bearing  357.9 (got    0.4) 0.79s -> walked 0.79s, best change 28.9
      |         turn to 0.8: NO-OP, already inside 4.0 deg (at 0.4, err +0.5) — nothing was sent, the recorded curve was discarded, and the caller's step line will look like a turn that happened
      |         office_door->portrait_room step 15/16: 1 chunk(s) of 0.79s, change 26.4, best 26.4, hazards none — one push, so `best` IS the whole leg's travel
      |       step 15/16 bearing    0.8 (got    0.4) 0.79s -> walked 0.79s, best change 26.4
      |         turn to 4.0: NO-OP, already inside 4.0 deg (at 0.4, err +3.6) — nothing was sent, the recorded curve was discarded, and the caller's step line will look like a turn that happened
      |         office_door->portrait_room step 16/16: 1 chunk(s) of 0.36s, change 16.6, best 16.6, hazards none — one push, so `best` IS the whole leg's travel
      |       step 16/16 bearing    4.0 (got    0.4) 0.36s -> walked 0.36s, best change 16.6
      |       arrived? True  (portrait_room 753.000/5.660)
      |         turn to 1.5: TURNED to 1.4 (err +0.1) in 1 push(es)
      |       align at portrait_room: yaw nulled to 1.4 (reference 1.5) — 0.1 deg REMAINING = ~2px of phantom dx still in the dx below
      |       align: step 1/6 dx=+61.1 (prev --)
      |       align: dx=+61.1 -> strafe right 0.10s
      |       align: within 35px (dx=+10.0) after 1 step(s)
      |       aligned at portrait_room: 10px from the recorded pose
      |       align at portrait_room: dx +10.0px
      |     leg portrait_room -> bar_pool_room
      |         turn to 286.6: TURNED to 286.8 (err -0.2) in 2 push(es)
      |         portrait_room->bar_pool_room step 1/4: 1 chunk(s) of 0.16s, change 8.4, best 8.4, hazards none — one push, so `best` IS the whole leg's travel
      |       step 1/4 bearing  286.6 (got  286.8) 0.16s -> walked 0.16s, best change 8.4
      |         turn to 292.2: TURNED to 293.7 (err -1.6) in 1 push(es)
      |         portrait_room->bar_pool_room step 2/4: 1 chunk(s) of 0.79s, change 18.6, best 18.6, hazards none — one push, so `best` IS the whole leg's travel
      |       step 2/4 bearing  292.2 (got  293.7) 0.79s -> walked 0.79s, best change 18.6
      |         turn to 285.6: TURNED to 287.3 (err -1.7) in 1 push(es)
      |         portrait_room->bar_pool_room step 3/4: 1 chunk(s) of 0.80s, change 19.5, best 19.5, hazards none — one push, so `best` IS the whole leg's travel
      |       step 3/4 bearing  285.6 (got  287.3) 0.80s -> walked 0.80s, best change 19.5
      |         turn to 287.6: NO-OP, already inside 4.0 deg (at 287.3, err +0.3) — nothing was sent, the recorded curve was discarded, and the caller's step line will look like a turn that happened
      |         portrait_room->bar_pool_room step 4/4: 1 chunk(s) of 0.23s, change 13.3, best 13.3, hazards none — one push, so `best` IS the whole leg's travel
      |       step 4/4 bearing  287.6 (got  287.3) 0.23s -> walked 0.23s, best change 13.3
      |       arrived? True  (bar_pool_room 643.000/5.020)
      |         turn to 288.2: TURNED to 288.4 (err -0.2) in 1 push(es)
      |       align at bar_pool_room: yaw nulled to 288.4 (reference 288.2) — 0.2 deg REMAINING = ~4px of phantom dx still in the dx below
      |       align: step 1/6 dx=+146.0 (prev --)
      |       align: dx=+146.0 -> strafe right 0.12s
      |       align: step 2/6 dx=+106.8 (prev +146.0)
      |       align: dx=+106.8 -> strafe right 0.10s
      |       align: dx barely changed (+107 -> +87) — blocked sideways, cannot correct from here
      |       aligned at bar_pool_room: 87px from the recorded pose
      |       align at bar_pool_room: dx +87.4px
      |     leg bar_pool_room -> bar_jukebox
      |         turn to 2.1: TURNED to 3.6 (err -1.6) in 1 push(es)
      |         bar_pool_room->bar_jukebox step 1/5: 1 chunk(s) of 0.80s, change 19.6, best 19.6, hazards none — one push, so `best` IS the whole leg's travel
      |       step 1/5 bearing    2.1 (got    3.6) 0.80s -> walked 0.80s, best change 19.6
      |         turn to 1.2: NO-OP, already inside 4.0 deg (at 3.6, err -2.4) — nothing was sent, the recorded curve was discarded, and the caller's step line will look like a turn that happened
      |         bar_pool_room->bar_jukebox step 2/5: 1 chunk(s) of 0.79s, change 13.7, best 13.7, hazards none — one push, so `best` IS the whole leg's travel
      |       step 2/5 bearing    1.2 (got    3.6) 0.79s -> walked 0.79s, best change 13.7
      |         turn to 0.8: NO-OP, already inside 4.0 deg (at 3.7, err -2.9) — nothing was sent, the recorded curve was discarded, and the caller's step line will look like a turn that happened
      |         bar_pool_room->bar_jukebox step 3/5: 1 chunk(s) of 0.80s, change 5.7, best 5.7, hazards none — one push, so `best` IS the whole leg's travel
      |       step 3/5 bearing    0.8 (got    3.7) 0.80s -> walked 0.80s, best change 5.7
      |       step 3 blocked but the scene is MOVING — an NPC in the passage, not a wall
      |       the view is featureless — this is geometry, not a mover; skipping the escape ladder it has never cleared
      |       escape ladder: did NOT clear (best 0.0 PIXELS, against SLIP_PROGRESS_PX 20.0px — NOT against STALL_CHANGE 6.0, which is grey_levels)
      |       step 3 moved only 5.7 grey_levels (< 6.0) over 0.80s — stall score 1
      |         turn to 359.4: TURNED to 0.0 (err -0.6) in 1 push(es)
      |         bar_pool_room->bar_jukebox step 4/5: 1 chunk(s) of 0.79s, change 3.9, best 3.9, hazards none — one push, so `best` IS the whole leg's travel
      |       step 4/5 bearing  359.4 (got    0.0) 0.79s -> walked 0.79s, best change 3.9
      |       step 4 blocked but the scene is MOVING — an NPC in the passage, not a wall
      |       the view is featureless — this is geometry, not a mover; skipping the escape ladder it has never cleared
      |       escape ladder: did NOT clear (best 0.0 PIXELS, against SLIP_PROGRESS_PX 20.0px — NOT against STALL_CHANGE 6.0, which is grey_levels)
      |       step 4 moved only 3.9 grey_levels (< 6.0) over 0.79s — stall score 2
      |       BLOCKED on step 4; abandoning the rest of this leg rather than pushing into whatever is in the way
      |       recovery fan did not find bar_jukebox
      |       arrived? None  (unverified, abstained (1.000/1.000))
      |     leg bar_jukebox -> dealer_table
      |       swept 19 headings around 78; best ink 0.0174 at 18.06755604256054, prompt never appeared
      |       swept 19 headings around 74; best ink 0.0118 at 353.7754088599519, prompt never appeared
      |       swept 19 headings around 74; best ink 0.0072 at 214.45821322956098, prompt never appeared
      |       swept 19 headings around 74; best ink 0.0000 at None, prompt never appeared
      |       swept 19 headings around 77; best ink 0.0000 at None, prompt never appeared
      |       stepped 6.8s of a 6.5s budget without finding the prompt
      |       approach_goal: prompt not seen
      |       no compass reading, so there is no arc to sweep
      |       reach_table: GAVE UP
      |       arrived? False  (at_table=False)
      |     STOPPING at leg bar_jukebox -> dealer_table: the destination did not check out, so every leg after this one would be walked from an unknown position
      |   attempt 5/9 at dealer_table
      |   not at dealer_table and cannot say where this is (unrecognised (0.000/0.000)) — reloading to a known start
      |   pause menu open (selected 'Resume')
      |   selected: Load Last Save
      |   confirmation dialog up (delta 80.6) -> YES
      |   world back after 3.2s, spawn bearing 87 (E)
      |   route: office_corridor -> office_door -> portrait_room -> bar_pool_room -> bar_jukebox -> dealer_table  (25.5s of walking)
      |     leg office_corridor -> office_door
      |         turn to 270.4: TURNED to 269.0 (err +1.4) in 2 push(es)
      |         office_corridor->office_door step 1/7: 1 chunk(s) of 0.79s, change 19.4, best 19.4, hazards none — one push, so `best` IS the whole leg's travel
      |       step 1/7 bearing  270.4 (got  269.0) 0.79s -> walked 0.79s, best change 19.4
      |         turn to 270.1: NO-OP, already inside 4.0 deg (at 269.0, err +1.1) — nothing was sent, the recorded curve was discarded, and the caller's step line will look like a turn that happened
      |         office_corridor->office_door step 2/7: 1 chunk(s) of 0.78s, change 18.3, best 18.3, hazards none — one push, so `best` IS the whole leg's travel
      |       step 2/7 bearing  270.1 (got  269.0) 0.78s -> walked 0.78s, best change 18.3
      |         turn to 270.1: NO-OP, already inside 4.0 deg (at 269.0, err +1.1) — nothing was sent, the recorded curve was discarded, and the caller's step line will look like a turn that happened
      |         office_corridor->office_door step 3/7: 1 chunk(s) of 0.78s, change 14.7, best 14.7, hazards none — one push, so `best` IS the whole leg's travel
      |       step 3/7 bearing  270.1 (got  269.0) 0.78s -> walked 0.78s, best change 14.7
      |         turn to 270.3: NO-OP, already inside 4.0 deg (at 269.0, err +1.2) — nothing was sent, the recorded curve was discarded, and the caller's step line will look like a turn that happened
      |         office_corridor->office_door step 4/7: 1 chunk(s) of 0.78s, change 11.2, best 11.2, hazards none — one push, so `best` IS the whole leg's travel
      |       step 4/7 bearing  270.3 (got  269.0) 0.78s -> walked 0.78s, best change 11.2
      |         turn to 270.1: NO-OP, already inside 4.0 deg (at 269.0, err +1.1) — nothing was sent, the recorded curve was discarded, and the caller's step line will look like a turn that happened
      |         office_corridor->office_door step 5/7: 1 chunk(s) of 0.79s, change 10.2, best 10.2, hazards none — one push, so `best` IS the whole leg's travel
      |       step 5/7 bearing  270.1 (got  269.0) 0.79s -> walked 0.79s, best change 10.2
      |         turn to 270.1: NO-OP, already inside 4.0 deg (at 269.0, err +1.1) — nothing was sent, the recorded curve was discarded, and the caller's step line will look like a turn that happened
      |         office_corridor->office_door step 6/7: 1 chunk(s) of 0.79s, change 6.5, best 6.5, hazards none — one push, so `best` IS the whole leg's travel
      |       step 6/7 bearing  270.1 (got  269.0) 0.79s -> walked 0.79s, best change 6.5
      |         turn to 270.4: NO-OP, already inside 4.0 deg (at 269.0, err +1.3) — nothing was sent, the recorded curve was discarded, and the caller's step line will look like a turn that happened
      |         office_corridor->office_door step 7/7: 1 chunk(s) of 0.42s, change 6.9, best 6.9, hazards none — one push, so `best` IS the whole leg's travel
      |       step 7/7 bearing  270.4 (got  269.0) 0.42s -> walked 0.42s, best change 6.9
      |       arrived? None  (no appearance reference by design)
      |     leg office_door -> portrait_room
      |         turn to 338.1: TURNED to 339.4 (err -1.3) in 1 push(es)
      |         office_door->portrait_room step 1/16: 1 chunk(s) of 0.79s, change 13.5, best 13.5, hazards none — one push, so `best` IS the whole leg's travel
      |       step 1/16 bearing  338.1 (got  339.4) 0.79s -> walked 0.79s, best change 13.5
      |         turn to 339.2: NO-OP, already inside 4.0 deg (at 339.4, err -0.2) — nothing was sent, the recorded curve was discarded, and the caller's step line will look like a turn that happened
      |         office_door->portrait_room step 2/16: 1 chunk(s) of 0.70s, change 14.9, best 14.9, hazards none — one push, so `best` IS the whole leg's travel
      |       step 2/16 bearing  339.2 (got  339.4) 0.70s -> walked 0.70s, best change 14.9
      |         turn to 347.9: TURNED to 351.3 (err -3.4) in 1 push(es)
      |         office_door->portrait_room step 3/16: 1 chunk(s) of 0.42s, change 23.5, best 23.5, hazards none — one push, so `best` IS the whole leg's travel
      |       step 3/16 bearing  347.9 (got  351.3) 0.42s -> walked 0.42s, best change 23.5
      |         turn to 355.2: NO-OP, already inside 4.0 deg (at 351.3, err +3.8) — nothing was sent, the recorded curve was discarded, and the caller's step line will look like a turn that happened
      |         office_door->portrait_room step 4/16: 1 chunk(s) of 0.79s, change 46.4, best 46.4, hazards none — one push, so `best` IS the whole leg's travel
      |       step 4/16 bearing  355.2 (got  351.3) 0.79s -> walked 0.79s, best change 46.4
      |         turn to 360.0: TURNED to 356.3 (err +3.7) in 1 push(es)
      |         office_door->portrait_room step 5/16: 1 chunk(s) of 0.51s, change 32.3, best 32.3, hazards none — one push, so `best` IS the whole leg's travel
      |       step 5/16 bearing  360.0 (got  356.3) 0.51s -> walked 0.51s, best change 32.3
      |         turn to 8.6: TURNED to 6.7 (err +1.8) in 1 push(es)
      |         office_door->portrait_room step 6/16: 1 chunk(s) of 0.78s, change 17.5, best 17.5, hazards none — one push, so `best` IS the whole leg's travel
      |       step 6/16 bearing    8.6 (got    6.7) 0.78s -> walked 0.78s, best change 17.5
      |         turn to 7.7: NO-OP, already inside 4.0 deg (at 6.8, err +0.9) — nothing was sent, the recorded curve was discarded, and the caller's step line will look like a turn that happened
      |         office_door->portrait_room step 7/16: 1 chunk(s) of 0.78s, change 29.3, best 29.3, hazards none — one push, so `best` IS the whole leg's travel
      |       step 7/16 bearing    7.7 (got    6.8) 0.78s -> walked 0.78s, best change 29.3
      |         turn to 1.7: TURNED to 3.5 (err -1.8) in 1 push(es)
      |         office_door->portrait_room step 8/16: 1 chunk(s) of 0.80s, change 33.4, best 33.4, hazards none — one push, so `best` IS the whole leg's travel
      |       step 8/16 bearing    1.7 (got    3.5) 0.80s -> walked 0.80s, best change 33.4
      |         turn to 359.6: NO-OP, already inside 4.0 deg (at 3.6, err -3.9) — nothing was sent, the recorded curve was discarded, and the caller's step line will look like a turn that happened
      |         office_door->portrait_room step 9/16: 1 chunk(s) of 0.36s, change 19.4, best 19.4, hazards none — one push, so `best` IS the whole leg's travel
      |       step 9/16 bearing  359.6 (got    3.6) 0.36s -> walked 0.36s, best change 19.4
      |         turn to 359.4: TURNED to 358.1 (err +1.2) in 1 push(es)
      |         office_door->portrait_room step 10/16: 1 chunk(s) of 0.78s, change 24.3, best 24.3, hazards none — one push, so `best` IS the whole leg's travel
      |       step 10/16 bearing  359.4 (got  358.1) 0.78s -> walked 0.78s, best change 24.3
      |         turn to 357.9: NO-OP, already inside 4.0 deg (at 358.2, err -0.3) — nothing was sent, the recorded curve was discarded, and the caller's step line will look like a turn that happened
    trial exceeded 1800s and was killed — INVALID, not a failure
[ 9] INVALID after 1800s — timeout/crash/stream; not a failure
      |   pause menu open (selected 'Resume')
      |   selected: Load Last Save
      |   confirmation dialog up (delta 84.6) -> YES
      |   world back after 3.3s, spawn bearing 87 (E)
      |   attempt 1/9 at portrait_room
      |   locate() cannot name office_corridor (it has no appearance reference by design) but the caller reset onto it — routing from there instead of sweeping and reloading
      |   route: office_corridor -> office_door -> portrait_room  (16.2s of walking)
      |     leg office_corridor -> office_door
      |         turn to 270.4: TURNED to 272.3 (err -1.9) in 2 push(es)
      |         office_corridor->office_door step 1/7: 1 chunk(s) of 0.79s, change 18.7, best 18.7, hazards none — one push, so `best` IS the whole leg's travel
      |       step 1/7 bearing  270.4 (got  272.3) 0.79s -> walked 0.79s, best change 18.7
      |         turn to 270.1: NO-OP, already inside 4.0 deg (at 272.3, err -2.2) — nothing was sent, the recorded curve was discarded, and the caller's step line will look like a turn that happened
      |         office_corridor->office_door step 2/7: 1 chunk(s) of 0.78s, change 19.0, best 19.0, hazards none — one push, so `best` IS the whole leg's travel
      |       step 2/7 bearing  270.1 (got  272.3) 0.78s -> walked 0.78s, best change 19.0
      |         turn to 270.1: NO-OP, already inside 4.0 deg (at 272.2, err -2.1) — nothing was sent, the recorded curve was discarded, and the caller's step line will look like a turn that happened
      |         office_corridor->office_door step 3/7: 1 chunk(s) of 0.78s, change 15.2, best 15.2, hazards none — one push, so `best` IS the whole leg's travel
      |       step 3/7 bearing  270.1 (got  272.2) 0.78s -> walked 0.78s, best change 15.2
      |         turn to 270.3: NO-OP, already inside 4.0 deg (at 272.3, err -2.0) — nothing was sent, the recorded curve was discarded, and the caller's step line will look like a turn that happened
      |         office_corridor->office_door step 4/7: 1 chunk(s) of 0.78s, change 13.2, best 13.2, hazards none — one push, so `best` IS the whole leg's travel
      |       step 4/7 bearing  270.3 (got  272.3) 0.78s -> walked 0.78s, best change 13.2
      |         turn to 270.1: NO-OP, already inside 4.0 deg (at 272.3, err -2.2) — nothing was sent, the recorded curve was discarded, and the caller's step line will look like a turn that happened
      |         office_corridor->office_door step 5/7: 1 chunk(s) of 0.79s, change 7.3, best 7.3, hazards none — one push, so `best` IS the whole leg's travel
      |       step 5/7 bearing  270.1 (got  272.3) 0.79s -> walked 0.79s, best change 7.3
      |         turn to 270.1: NO-OP, already inside 4.0 deg (at 272.3, err -2.2) — nothing was sent, the recorded curve was discarded, and the caller's step line will look like a turn that happened
      |         office_corridor->office_door step 6/7: 1 chunk(s) of 0.79s, change 5.8, best 5.8, hazards none — one push, so `best` IS the whole leg's travel
      |       step 6/7 bearing  270.1 (got  272.3) 0.79s -> walked 0.79s, best change 5.8
      |       step 6 blocked but the scene is MOVING — an NPC in the passage, not a wall
      |       the view is featureless — this is geometry, not a mover; skipping the escape ladder it has never cleared
      |       escape ladder: did NOT clear (best 0.0 PIXELS, against SLIP_PROGRESS_PX 20.0px — NOT against STALL_CHANGE 6.0, which is grey_levels)
      |       step 6 moved only 5.8 grey_levels (< 6.0) over 0.79s — stall score 1
      |         turn to 270.4: NO-OP, already inside 4.0 deg (at 272.3, err -1.9) — nothing was sent, the recorded curve was discarded, and the caller's step line will look like a turn that happened
      |         office_corridor->office_door step 7/7: 1 chunk(s) of 0.42s, change 5.5, best 5.5, hazards none — one push, so `best` IS the whole leg's travel
      |       step 7/7 bearing  270.4 (got  272.3) 0.42s -> walked 0.42s, best change 5.5
      |       step 7 blocked but the scene is MOVING — an NPC in the passage, not a wall
      |       the view is featureless — this is geometry, not a mover; skipping the escape ladder it has never cleared
      |       escape ladder: did NOT clear (best 0.0 PIXELS, against SLIP_PROGRESS_PX 20.0px — NOT against STALL_CHANGE 6.0, which is grey_levels)
      |       step 7 moved only 5.5 grey_levels (< 6.0) over 0.42s — stall score 2
      |       BLOCKED on step 7; abandoning the rest of this leg rather than pushing into whatever is in the way
      |       arrived? None  (no appearance reference by design)
      |     leg office_door -> portrait_room
      |         turn to 338.1: TURNED to 339.0 (err -0.9) in 1 push(es)
      |         office_door->portrait_room step 1/16: 1 chunk(s) of 0.79s, change 12.1, best 12.1, hazards none — one push, so `best` IS the whole leg's travel
      |       step 1/16 bearing  338.1 (got  339.0) 0.79s -> walked 0.79s, best change 12.1
      |         turn to 339.2: NO-OP, already inside 4.0 deg (at 339.1, err +0.1) — nothing was sent, the recorded curve was discarded, and the caller's step line will look like a turn that happened
      |         office_door->portrait_room step 2/16: 1 chunk(s) of 0.70s, change 21.4, best 21.4, hazards none — one push, so `best` IS the whole leg's travel
      |       step 2/16 bearing  339.2 (got  339.1) 0.70s -> walked 0.70s, best change 21.4
      |         turn to 347.9: TURNED to 348.9 (err -1.0) in 1 push(es)
      |         office_door->portrait_room step 3/16: 1 chunk(s) of 0.42s, change 25.2, best 25.2, hazards none — one push, so `best` IS the whole leg's travel
      |       step 3/16 bearing  347.9 (got  348.9) 0.42s -> walked 0.42s, best change 25.2
      |         turn to 355.2: TURNED to 355.5 (err -0.3) in 1 push(es)
      |         office_door->portrait_room step 4/16: 1 chunk(s) of 0.79s, change 42.1, best 42.1, hazards none — one push, so `best` IS the whole leg's travel
      |       step 4/16 bearing  355.2 (got  355.5) 0.79s -> walked 0.79s, best change 42.1
      |         turn to 360.0: TURNED to 1.4 (err -1.4) in 1 push(es)
      |         office_door->portrait_room step 5/16: 1 chunk(s) of 0.51s, change 22.8, best 22.8, hazards none — one push, so `best` IS the whole leg's travel
      |       step 5/16 bearing  360.0 (got    1.4) 0.51s -> walked 0.51s, best change 22.8
      |         turn to 8.6: TURNED to 7.1 (err +1.4) in 1 push(es)
      |         office_door->portrait_room step 6/16: 1 chunk(s) of 0.78s, change 18.3, best 18.3, hazards none — one push, so `best` IS the whole leg's travel
      |       step 6/16 bearing    8.6 (got    7.1) 0.78s -> walked 0.78s, best change 18.3
      |         turn to 7.7: NO-OP, already inside 4.0 deg (at 7.2, err +0.5) — nothing was sent, the recorded curve was discarded, and the caller's step line will look like a turn that happened
      |         office_door->portrait_room step 7/16: 1 chunk(s) of 0.78s, change 30.1, best 30.1, hazards none — one push, so `best` IS the whole leg's travel
      |       step 7/16 bearing    7.7 (got    7.2) 0.78s -> walked 0.78s, best change 30.1
      |         turn to 1.7: TURNED to 2.1 (err -0.4) in 1 push(es)
      |         office_door->portrait_room step 8/16: 1 chunk(s) of 0.80s, change 33.2, best 33.2, hazards none — one push, so `best` IS the whole leg's travel
      |       step 8/16 bearing    1.7 (got    2.1) 0.80s -> walked 0.80s, best change 33.2
      |         turn to 359.6: NO-OP, already inside 4.0 deg (at 2.1, err -2.5) — nothing was sent, the recorded curve was discarded, and the caller's step line will look like a turn that happened
      |         office_door->portrait_room step 9/16: 1 chunk(s) of 0.36s, change 17.9, best 17.9, hazards none — one push, so `best` IS the whole leg's travel
      |       step 9/16 bearing  359.6 (got    2.1) 0.36s -> walked 0.36s, best change 17.9
      |         turn to 359.4: NO-OP, already inside 4.0 deg (at 2.1, err -2.7) — nothing was sent, the recorded curve was discarded, and the caller's step line will look like a turn that happened
      |         office_door->portrait_room step 10/16: 1 chunk(s) of 0.78s, change 19.6, best 19.6, hazards none — one push, so `best` IS the whole leg's travel
      |       step 10/16 bearing  359.4 (got    2.1) 0.78s -> walked 0.78s, best change 19.6
      |         turn to 357.9: TURNED to 358.5 (err -0.6) in 1 push(es)
      |         office_door->portrait_room step 11/16: 1 chunk(s) of 0.79s, change 19.1, best 19.1, hazards none — one push, so `best` IS the whole leg's travel
      |       step 11/16 bearing  357.9 (got  358.5) 0.79s -> walked 0.79s, best change 19.1
      |         turn to 358.0: NO-OP, already inside 4.0 deg (at 358.5, err -0.4) — nothing was sent, the recorded curve was discarded, and the caller's step line will look like a turn that happened
      |         office_door->portrait_room step 12/16: 1 chunk(s) of 0.79s, change 19.0, best 19.0, hazards none — one push, so `best` IS the whole leg's travel
      |       step 12/16 bearing  358.0 (got  358.5) 0.79s -> walked 0.79s, best change 19.0
      |         turn to 357.8: NO-OP, already inside 4.0 deg (at 358.9, err -1.1) — nothing was sent, the recorded curve was discarded, and the caller's step line will look like a turn that happened
      |         office_door->portrait_room step 13/16: 1 chunk(s) of 0.79s, change 25.5, best 25.5, hazards none — one push, so `best` IS the whole leg's travel
      |       step 13/16 bearing  357.8 (got  358.9) 0.79s -> walked 0.79s, best change 25.5
      |         turn to 357.9: NO-OP, already inside 4.0 deg (at 358.5, err -0.5) — nothing was sent, the recorded curve was discarded, and the caller's step line will look like a turn that happened
      |         office_door->portrait_room step 14/16: 1 chunk(s) of 0.79s, change 29.2, best 29.2, hazards none — one push, so `best` IS the whole leg's travel
      |       step 14/16 bearing  357.9 (got  358.5) 0.79s -> walked 0.79s, best change 29.2
      |         turn to 0.8: NO-OP, already inside 4.0 deg (at 358.5, err +2.4) — nothing was sent, the recorded curve was discarded, and the caller's step line will look like a turn that happened
      |         office_door->portrait_room step 15/16: 1 chunk(s) of 0.79s, change 27.1, best 27.1, hazards none — one push, so `best` IS the whole leg's travel
      |       step 15/16 bearing    0.8 (got  358.5) 0.79s -> walked 0.79s, best change 27.1
      |         turn to 4.0: TURNED to 3.3 (err +0.6) in 1 push(es)
      |         office_door->portrait_room step 16/16: 1 chunk(s) of 0.36s, change 15.9, best 15.9, hazards none — one push, so `best` IS the whole leg's travel
      |       step 16/16 bearing    4.0 (got    3.3) 0.36s -> walked 0.36s, best change 15.9
      |       arrived? True  (portrait_room 705.000/6.410)
      |         turn to 1.5: TURNED to 1.1 (err +0.4) in 2 push(es)
      |       align at portrait_room: yaw nulled to 1.1 (reference 1.5) — 0.4 deg REMAINING = ~7px of phantom dx still in the dx below
      |       align: step 1/6 dx=+81.7 (prev --)
      |       align: dx=+81.7 -> strafe right 0.10s
      |       align: step 2/6 dx=+55.0 (prev +81.7)
      |       align: dx=+55.0 -> strafe right 0.10s
      |       align: within 35px (dx=+30.8) after 2 step(s)
      |       aligned at portrait_room: 31px from the recorded pose
      |       align at portrait_room: dx +30.8px
      |   arrived, but 1 node(s) could not be confirmed on the way: ['office_door'] — each is a hole in the reference set
      |   attempt 2/9 at portrait_room
      |   verified at portrait_room (portrait_room 817.000/6.870)
      |   attempt 1/9 at bar_pool_room
      |   route: portrait_room -> bar_pool_room  (2.0s of walking)
      |     leg portrait_room -> bar_pool_room
      |         turn to 286.6: TURNED to 285.4 (err +1.2) in 2 push(es)
      |         portrait_room->bar_pool_room step 1/4: 1 chunk(s) of 0.16s, change 12.4, best 12.4, hazards none — one push, so `best` IS the whole leg's travel
      |       step 1/4 bearing  286.6 (got  285.4) 0.16s -> walked 0.16s, best change 12.4
      |         turn to 292.2: TURNED to 289.6 (err +2.6) in 1 push(es)
      |         portrait_room->bar_pool_room step 2/4: 1 chunk(s) of 0.79s, change 18.1, best 18.1, hazards none — one push, so `best` IS the whole leg's travel
      |       step 2/4 bearing  292.2 (got  289.6) 0.79s -> walked 0.79s, best change 18.1
      |         turn to 285.6: TURNED to 284.4 (err +1.2) in 1 push(es)
      |         portrait_room->bar_pool_room step 3/4: 1 chunk(s) of 0.80s, change 16.4, best 16.4, hazards none — one push, so `best` IS the whole leg's travel
      |       step 3/4 bearing  285.6 (got  284.4) 0.80s -> walked 0.80s, best change 16.4
      |         turn to 287.6: NO-OP, already inside 4.0 deg (at 284.3, err +3.3) — nothing was sent, the recorded curve was discarded, and the caller's step line will look like a turn that happened
      |         portrait_room->bar_pool_room step 4/4: 1 chunk(s) of 0.23s, change 12.3, best 12.3, hazards none — one push, so `best` IS the whole leg's travel
      |       step 4/4 bearing  287.6 (got  284.3) 0.23s -> walked 0.23s, best change 12.3
      |       arrived? True  (bar_pool_room 547.000/4.600)
      |         turn to 288.2: TURNED to 288.4 (err -0.2) in 2 push(es)
      |       align at bar_pool_room: yaw nulled to 288.4 (reference 288.2) — 0.2 deg REMAINING = ~5px of phantom dx still in the dx below
      |       align: step 1/6 dx=+100.5 (prev --)
      |       align: dx=+100.5 -> strafe right 0.10s
      |       align: dx barely changed (+101 -> +85) — blocked sideways, cannot correct from here
      |       aligned at bar_pool_room: 85px from the recorded pose
      |       align at bar_pool_room: dx +84.8px
      |   attempt 2/9 at bar_pool_room
      |   verified at bar_pool_room (bar_pool_room 559.000/3.880)
      |   attempt 1/9 at bar_jukebox
      |   route: bar_pool_room -> bar_jukebox  (3.3s of walking)
      |     leg bar_pool_room -> bar_jukebox
      |         turn to 2.1: TURNED to 1.3 (err +0.8) in 1 push(es)
      |         bar_pool_room->bar_jukebox step 1/5: 1 chunk(s) of 0.80s, change 19.1, best 19.1, hazards none — one push, so `best` IS the whole leg's travel
      |       step 1/5 bearing    2.1 (got    1.3) 0.80s -> walked 0.80s, best change 19.1
      |         turn to 1.2: NO-OP, already inside 4.0 deg (at 1.3, err -0.2) — nothing was sent, the recorded curve was discarded, and the caller's step line will look like a turn that happened
      |         bar_pool_room->bar_jukebox step 2/5: 1 chunk(s) of 0.79s, change 11.6, best 11.6, hazards none — one push, so `best` IS the whole leg's travel
      |       step 2/5 bearing    1.2 (got    1.3) 0.79s -> walked 0.79s, best change 11.6
      |         turn to 0.8: NO-OP, already inside 4.0 deg (at 1.3, err -0.6) — nothing was sent, the recorded curve was discarded, and the caller's step line will look like a turn that happened
      |         bar_pool_room->bar_jukebox step 3/5: 1 chunk(s) of 0.80s, change 2.4, best 2.4, hazards SHORT — one push, so `best` IS the whole leg's travel
      |       step 3/5 bearing    0.8 (got    1.3) 0.80s -> walked 0.80s, best change 2.4
      |       step 3 blocked but the scene is MOVING — an NPC in the passage, not a wall
      |       the view is featureless — this is geometry, not a mover; skipping the escape ladder it has never cleared
      |       escape ladder: did NOT clear (best 0.0 PIXELS, against SLIP_PROGRESS_PX 20.0px — NOT against STALL_CHANGE 6.0, which is grey_levels)
      |       step 3 moved only 2.4 grey_levels (< 6.0) over 0.80s — stall score 1
      |         turn to 359.4: NO-OP, already inside 4.0 deg (at 1.3, err -1.9) — nothing was sent, the recorded curve was discarded, and the caller's step line will look like a turn that happened
      |         bar_pool_room->bar_jukebox step 4/5: 1 chunk(s) of 0.79s, change 4.7, best 4.7, hazards none — one push, so `best` IS the whole leg's travel
      |       step 4/5 bearing  359.4 (got    1.3) 0.79s -> walked 0.79s, best change 4.7
      |       step 4 blocked but the scene is MOVING — an NPC in the passage, not a wall
      |       the view is featureless — this is geometry, not a mover; skipping the escape ladder it has never cleared
      |       escape ladder: did NOT clear (best 0.0 PIXELS, against SLIP_PROGRESS_PX 20.0px — NOT against STALL_CHANGE 6.0, which is grey_levels)
      |       step 4 moved only 4.7 grey_levels (< 6.0) over 0.79s — stall score 2
      |       BLOCKED on step 4; abandoning the rest of this leg rather than pushing into whatever is in the way
      |       recovery fan did not find bar_jukebox
      |       arrived? None  (unverified, abstained (1.000/1.000))
      |   arrived, but 1 node(s) could not be confirmed on the way: ['bar_jukebox'] — each is a hole in the reference set
      |   attempt 2/9 at bar_jukebox
      |       re-localised by turning 180 deg: bar_pool_room 444.000/3.340
      |   re-localised at bar_pool_room by turning; routing from there
      |   route: bar_pool_room -> bar_jukebox  (3.3s of walking)
      |     leg bar_pool_room -> bar_jukebox
      |         turn to 2.1: TURNED to 2.5 (err -0.4) in 1 push(es)
      |         bar_pool_room->bar_jukebox step 1/5: 1 chunk(s) of 0.80s, change 19.1, best 19.1, hazards none — one push, so `best` IS the whole leg's travel
      |       step 1/5 bearing    2.1 (got    2.5) 0.80s -> walked 0.80s, best change 19.1
      |         turn to 1.2: NO-OP, already inside 4.0 deg (at 2.5, err -1.4) — nothing was sent, the recorded curve was discarded, and the caller's step line will look like a turn that happened
      |         bar_pool_room->bar_jukebox step 2/5: 1 chunk(s) of 0.79s, change 23.5, best 23.5, hazards none — one push, so `best` IS the whole leg's travel
      |       step 2/5 bearing    1.2 (got    2.5) 0.79s -> walked 0.79s, best change 23.5
      |         turn to 0.8: NO-OP, already inside 4.0 deg (at 2.6, err -1.8) — nothing was sent, the recorded curve was discarded, and the caller's step line will look like a turn that happened
      |         bar_pool_room->bar_jukebox step 3/5: 1 chunk(s) of 0.80s, change 4.3, best 4.3, hazards none — one push, so `best` IS the whole leg's travel
      |       step 3/5 bearing    0.8 (got    2.6) 0.80s -> walked 0.80s, best change 4.3
      |       step 3 blocked but the scene is MOVING — an NPC in the passage, not a wall
      |       the view is featureless — this is geometry, not a mover; skipping the escape ladder it has never cleared
      |       escape ladder: did NOT clear (best 0.0 PIXELS, against SLIP_PROGRESS_PX 20.0px — NOT against STALL_CHANGE 6.0, which is grey_levels)
      |       step 3 moved only 4.3 grey_levels (< 6.0) over 0.80s — stall score 1
      |         turn to 359.4: NO-OP, already inside 4.0 deg (at 2.6, err -3.2) — nothing was sent, the recorded curve was discarded, and the caller's step line will look like a turn that happened
      |         bar_pool_room->bar_jukebox step 4/5: 1 chunk(s) of 0.79s, change 5.1, best 5.1, hazards none — one push, so `best` IS the whole leg's travel
      |       step 4/5 bearing  359.4 (got    2.6) 0.79s -> walked 0.79s, best change 5.1
      |       step 4 blocked but the scene is MOVING — an NPC in the passage, not a wall
      |       the view is featureless — this is geometry, not a mover; skipping the escape ladder it has never cleared
      |       escape ladder: did NOT clear (best 0.0 PIXELS, against SLIP_PROGRESS_PX 20.0px — NOT against STALL_CHANGE 6.0, which is grey_levels)
      |       step 4 moved only 5.1 grey_levels (< 6.0) over 0.79s — stall score 2
      |       BLOCKED on step 4; abandoning the rest of this leg rather than pushing into whatever is in the way
      |       recovery fan did not find bar_jukebox
      |       arrived? None  (unverified, abstained (2.000/2.000))
      |   arrived, but 1 node(s) could not be confirmed on the way: ['bar_jukebox'] — each is a hole in the reference set
      |   attempt 3/9 at bar_jukebox
      |       re-localised by turning 300 deg: portrait_room 170.000/2.020
      |   re-localised at portrait_room by turning; routing from there
      |   route: portrait_room -> bar_pool_room -> bar_jukebox  (5.3s of walking)
      |     leg portrait_room -> bar_pool_room
      |         turn to 286.6: NO compass reading, abandoned BEFORE turning — the caller's 'got --' is an unread heading, not a heading that was reached
      |         portrait_room->bar_pool_room step 1/4: 1 chunk(s) of 0.16s, change 23.3, best 23.3, hazards none — one push, so `best` IS the whole leg's travel
      |       step 1/4 bearing  286.6 (got --) 0.16s -> walked 0.16s, best change 23.3
      |         turn to 292.2: NO compass reading, abandoned BEFORE turning — the caller's 'got --' is an unread heading, not a heading that was reached
      |         portrait_room->bar_pool_room step 2/4: 1 chunk(s) of 0.79s, change 42.8, best 42.8, hazards none — one push, so `best` IS the whole leg's travel
      |       step 2/4 bearing  292.2 (got --) 0.79s -> walked 0.79s, best change 42.8
      |         turn to 285.6: TURNED to 287.1 (err -1.5) in 2 push(es)
      |         portrait_room->bar_pool_room step 3/4: 1 chunk(s) of 0.80s, change 14.1, best 14.1, hazards none — one push, so `best` IS the whole leg's travel
      |       step 3/4 bearing  285.6 (got  287.1) 0.80s -> walked 0.80s, best change 14.1
      |         turn to 287.6: NO-OP, already inside 4.0 deg (at 287.2, err +0.4) — nothing was sent, the recorded curve was discarded, and the caller's step line will look like a turn that happened
      |         portrait_room->bar_pool_room step 4/4: 1 chunk(s) of 0.23s, change 5.1, best 5.1, hazards none — one push, so `best` IS the whole leg's travel
      |       step 4/4 bearing  287.6 (got  287.2) 0.23s -> walked 0.23s, best change 5.1
      |       step 4 blocked but the scene is MOVING — an NPC in the passage, not a wall
      |       the view is featureless — this is geometry, not a mover; skipping the escape ladder it has never cleared
      |       escape ladder: did NOT clear (best 0.0 PIXELS, against SLIP_PROGRESS_PX 20.0px — NOT against STALL_CHANGE 6.0, which is grey_levels)
      |       step 4 moved only 5.1 grey_levels (< 6.0) over 0.23s — stall score 1
      |       recovery fan did not find bar_pool_room
      |       arrived? None  (unverified, abstained (10.000/1.250))
      |     leg bar_pool_room -> bar_jukebox
      |         turn to 2.1: TURNED to 4.9 (err -2.9) in 1 push(es)
      |         bar_pool_room->bar_jukebox step 1/5: 1 chunk(s) of 0.80s, change 28.1, best 28.1, hazards none — one push, so `best` IS the whole leg's travel
      |       step 1/5 bearing    2.1 (got    4.9) 0.80s -> walked 0.80s, best change 28.1
      |         turn to 1.2: NO-OP, already inside 4.0 deg (at 4.9, err -3.8) — nothing was sent, the recorded curve was discarded, and the caller's step line will look like a turn that happened
      |         bar_pool_room->bar_jukebox step 2/5: 1 chunk(s) of 0.79s, change 25.0, best 25.0, hazards none — one push, so `best` IS the whole leg's travel
      |       step 2/5 bearing    1.2 (got    4.9) 0.79s -> walked 0.79s, best change 25.0
      |         turn to 0.8: TURNED to 1.3 (err -0.6) in 1 push(es)
      |         bar_pool_room->bar_jukebox step 3/5: 1 chunk(s) of 0.80s, change 10.0, best 10.0, hazards none — one push, so `best` IS the whole leg's travel
      |       step 3/5 bearing    0.8 (got    1.3) 0.80s -> walked 0.80s, best change 10.0
      |         turn to 359.4: NO-OP, already inside 4.0 deg (at 1.4, err -2.0) — nothing was sent, the recorded curve was discarded, and the caller's step line will look like a turn that happened
      |         bar_pool_room->bar_jukebox step 4/5: 1 chunk(s) of 0.79s, change 8.9, best 8.9, hazards none — one push, so `best` IS the whole leg's travel
      |       step 4/5 bearing  359.4 (got    1.4) 0.79s -> walked 0.79s, best change 8.9
      |         turn to 359.6: NO-OP, already inside 4.0 deg (at 1.4, err -1.8) — nothing was sent, the recorded curve was discarded, and the caller's step line will look like a turn that happened
      |         bar_pool_room->bar_jukebox step 5/5: 1 chunk(s) of 0.14s, change 3.7, best 3.7, hazards none — one push, so `best` IS the whole leg's travel
      |       step 5/5 bearing  359.6 (got    1.4) 0.14s -> walked 0.14s, best change 3.7
      |       step 5 blocked but the scene is MOVING — an NPC in the passage, not a wall
      |       the view is featureless — this is geometry, not a mover; skipping the escape ladder it has never cleared
      |       escape ladder: did NOT clear (best 0.0 PIXELS, against SLIP_PROGRESS_PX 20.0px — NOT against STALL_CHANGE 6.0, which is grey_levels)
      |       step 5 moved only 3.7 grey_levels (< 6.0) over 0.14s — stall score 1
      |       recovery fan did not find bar_jukebox
      |       arrived? None  (unverified, abstained (1.000/1.000))
      |   arrived, but 2 node(s) could not be confirmed on the way: ['bar_pool_room', 'bar_jukebox'] — each is a hole in the reference set
      |   attempt 4/9 at bar_jukebox
      |   not at bar_jukebox and cannot say where this is (unrecognised (132.000/1.060)) — reloading to a known start
      |   pause menu open (selected 'Resume')
      |   selected: Load Last Save
      |   confirmation dialog up (delta 81.0) -> YES
      |   world back after 3.2s, spawn bearing 87 (E)
      |   route: office_corridor -> office_door -> portrait_room -> bar_pool_room -> bar_jukebox  (21.4s of walking)
      |     leg office_corridor -> office_door
      |         turn to 270.4: TURNED to 273.1 (err -2.7) in 2 push(es)
      |         office_corridor->office_door step 1/7: 1 chunk(s) of 0.79s, change 19.0, best 19.0, hazards none — one push, so `best` IS the whole leg's travel
      |       step 1/7 bearing  270.4 (got  273.1) 0.79s -> walked 0.79s, best change 19.0
      |         turn to 270.1: NO-OP, already inside 4.0 deg (at 273.1, err -3.0) — nothing was sent, the recorded curve was discarded, and the caller's step line will look like a turn that happened
      |         office_corridor->office_door step 2/7: 1 chunk(s) of 0.78s, change 18.2, best 18.2, hazards none — one push, so `best` IS the whole leg's travel
      |       step 2/7 bearing  270.1 (got  273.1) 0.78s -> walked 0.78s, best change 18.2
      |         turn to 270.1: NO-OP, already inside 4.0 deg (at 273.1, err -3.0) — nothing was sent, the recorded curve was discarded, and the caller's step line will look like a turn that happened
      |         office_corridor->office_door step 3/7: 1 chunk(s) of 0.78s, change 15.5, best 15.5, hazards none — one push, so `best` IS the whole leg's travel
      |       step 3/7 bearing  270.1 (got  273.1) 0.78s -> walked 0.78s, best change 15.5
      |         turn to 270.3: NO-OP, already inside 4.0 deg (at 273.1, err -2.8) — nothing was sent, the recorded curve was discarded, and the caller's step line will look like a turn that happened
      |         office_corridor->office_door step 4/7: 1 chunk(s) of 0.78s, change 11.2, best 11.2, hazards none — one push, so `best` IS the whole leg's travel
      |       step 4/7 bearing  270.3 (got  273.1) 0.78s -> walked 0.78s, best change 11.2
      |         turn to 270.1: NO-OP, already inside 4.0 deg (at 273.1, err -3.0) — nothing was sent, the recorded curve was discarded, and the caller's step line will look like a turn that happened
      |         office_corridor->office_door step 5/7: 1 chunk(s) of 0.79s, change 10.2, best 10.2, hazards none — one push, so `best` IS the whole leg's travel
      |       step 5/7 bearing  270.1 (got  273.1) 0.79s -> walked 0.79s, best change 10.2
      |         turn to 270.1: NO-OP, already inside 4.0 deg (at 273.1, err -3.0) — nothing was sent, the recorded curve was discarded, and the caller's step line will look like a turn that happened
      |         office_corridor->office_door step 6/7: 1 chunk(s) of 0.79s, change 6.5, best 6.5, hazards none — one push, so `best` IS the whole leg's travel
      |       step 6/7 bearing  270.1 (got  273.1) 0.79s -> walked 0.79s, best change 6.5
      |         turn to 270.4: NO-OP, already inside 4.0 deg (at 273.1, err -2.7) — nothing was sent, the recorded curve was discarded, and the caller's step line will look like a turn that happened
      |         office_corridor->office_door step 7/7: 1 chunk(s) of 0.42s, change 5.0, best 5.0, hazards none — one push, so `best` IS the whole leg's travel
      |       step 7/7 bearing  270.4 (got  273.1) 0.42s -> walked 0.42s, best change 5.0
      |       step 7 blocked but the scene is MOVING — an NPC in the passage, not a wall
      |       the view is featureless — this is geometry, not a mover; skipping the escape ladder it has never cleared
      |       escape ladder: did NOT clear (best 0.0 PIXELS, against SLIP_PROGRESS_PX 20.0px — NOT against STALL_CHANGE 6.0, which is grey_levels)
      |       step 7 moved only 5.0 grey_levels (< 6.0) over 0.42s — stall score 1
      |       arrived? None  (no appearance reference by design)
      |     leg office_door -> portrait_room
      |         turn to 338.1: TURNED to 337.4 (err +0.7) in 1 push(es)
      |         office_door->portrait_room step 1/16: 1 chunk(s) of 0.79s, change 15.4, best 15.4, hazards none — one push, so `best` IS the whole leg's travel
      |       step 1/16 bearing  338.1 (got  337.4) 0.79s -> walked 0.79s, best change 15.4
      |         turn to 339.2: NO-OP, already inside 4.0 deg (at 337.4, err +1.8) — nothing was sent, the recorded curve was discarded, and the caller's step line will look like a turn that happened
      |         office_door->portrait_room step 2/16: 1 chunk(s) of 0.70s, change 22.5, best 22.5, hazards none — one push, so `best` IS the whole leg's travel
      |       step 2/16 bearing  339.2 (got  337.4) 0.70s -> walked 0.70s, best change 22.5
      |         turn to 347.9: TURNED to 347.2 (err +0.7) in 2 push(es)
      |         office_door->portrait_room step 3/16: 1 chunk(s) of 0.42s, change 26.8, best 26.8, hazards none — one push, so `best` IS the whole leg's travel
      |       step 3/16 bearing  347.9 (got  347.2) 0.42s -> walked 0.42s, best change 26.8
      |         turn to 355.2: TURNED to 354.2 (err +1.0) in 1 push(es)
      |         office_door->portrait_room step 4/16: 1 chunk(s) of 0.79s, change 43.8, best 43.8, hazards none — one push, so `best` IS the whole leg's travel
      |       step 4/16 bearing  355.2 (got  354.2) 0.79s -> walked 0.79s, best change 43.8
      |         turn to 360.0: TURNED to 1.0 (err -1.0) in 1 push(es)
      |         office_door->portrait_room step 5/16: 1 chunk(s) of 0.51s, change 17.8, best 17.8, hazards none — one push, so `best` IS the whole leg's travel
      |       step 5/16 bearing  360.0 (got    1.0) 0.51s -> walked 0.51s, best change 17.8
      |         turn to 8.6: TURNED to 7.8 (err +0.8) in 1 push(es)
      |         office_door->portrait_room step 6/16: 1 chunk(s) of 0.78s, change 18.5, best 18.5, hazards none — one push, so `best` IS the whole leg's travel
      |       step 6/16 bearing    8.6 (got    7.8) 0.78s -> walked 0.78s, best change 18.5
      |         turn to 7.7: NO-OP, already inside 4.0 deg (at 7.8, err -0.1) — nothing was sent, the recorded curve was discarded, and the caller's step line will look like a turn that happened
      |         office_door->portrait_room step 7/16: 1 chunk(s) of 0.78s, change 33.0, best 33.0, hazards none — one push, so `best` IS the whole leg's travel
      |       step 7/16 bearing    7.7 (got    7.8) 0.78s -> walked 0.78s, best change 33.0
      |         turn to 1.7: TURNED to 1.0 (err +0.8) in 1 push(es)
      |         office_door->portrait_room step 8/16: 1 chunk(s) of 0.80s, change 37.9, best 37.9, hazards none — one push, so `best` IS the whole leg's travel
      |       step 8/16 bearing    1.7 (got    1.0) 0.80s -> walked 0.80s, best change 37.9
      |         turn to 359.6: NO-OP, already inside 4.0 deg (at 1.0, err -1.4) — nothing was sent, the recorded curve was discarded, and the caller's step line will look like a turn that happened
      |         office_door->portrait_room step 9/16: 1 chunk(s) of 0.36s, change 18.4, best 18.4, hazards none — one push, so `best` IS the whole leg's travel
      |       step 9/16 bearing  359.6 (got    1.0) 0.36s -> walked 0.36s, best change 18.4
      |         turn to 359.4: NO-OP, already inside 4.0 deg (at 1.0, err -1.6) — nothing was sent, the recorded curve was discarded, and the caller's step line will look like a turn that happened
      |         office_door->portrait_room step 10/16: 1 chunk(s) of 0.78s, change 18.0, best 18.0, hazards none — one push, so `best` IS the whole leg's travel
      |       step 10/16 bearing  359.4 (got    1.0) 0.78s -> walked 0.78s, best change 18.0
      |         turn to 357.9: NO-OP, already inside 4.0 deg (at 1.0, err -3.1) — nothing was sent, the recorded curve was discarded, and the caller's step line will look like a turn that happened
      |         office_door->portrait_room step 11/16: 1 chunk(s) of 0.79s, change 17.7, best 17.7, hazards none — one push, so `best` IS the whole leg's travel
      |       step 11/16 bearing  357.9 (got    1.0) 0.79s -> walked 0.79s, best change 17.7
      |         turn to 358.0: NO-OP, already inside 4.0 deg (at 1.0, err -3.0) — nothing was sent, the recorded curve was discarded, and the caller's step line will look like a turn that happened
      |         office_door->portrait_room step 12/16: 1 chunk(s) of 0.79s, change 19.8, best 19.8, hazards none — one push, so `best` IS the whole leg's travel
      |       step 12/16 bearing  358.0 (got    1.0) 0.79s -> walked 0.79s, best change 19.8
      |         turn to 357.8: NO-OP, already inside 4.0 deg (at 1.0, err -3.1) — nothing was sent, the recorded curve was discarded, and the caller's step line will look like a turn that happened
      |         office_door->portrait_room step 13/16: 1 chunk(s) of 0.79s, change 25.6, best 25.6, hazards none — one push, so `best` IS the whole leg's travel
      |       step 13/16 bearing  357.8 (got    1.0) 0.79s -> walked 0.79s, best change 25.6
      |         turn to 357.9: NO-OP, already inside 4.0 deg (at 1.0, err -3.1) — nothing was sent, the recorded curve was discarded, and the caller's step line will look like a turn that happened
      |         office_door->portrait_room step 14/16: 1 chunk(s) of 0.79s, change 28.1, best 28.1, hazards none — one push, so `best` IS the whole leg's travel
      |       step 14/16 bearing  357.9 (got    1.0) 0.79s -> walked 0.79s, best change 28.1
      |         turn to 0.8: NO-OP, already inside 4.0 deg (at 1.0, err -0.2) — nothing was sent, the recorded curve was discarded, and the caller's step line will look like a turn that happened
      |         office_door->portrait_room step 15/16: 1 chunk(s) of 0.79s, change 25.1, best 25.1, hazards none — one push, so `best` IS the whole leg's travel
      |       step 15/16 bearing    0.8 (got    1.0) 0.79s -> walked 0.79s, best change 25.1
      |         turn to 4.0: NO-OP, already inside 4.0 deg (at 1.0, err +2.9) — nothing was sent, the recorded curve was discarded, and the caller's step line will look like a turn that happened
      |         office_door->portrait_room step 16/16: 1 chunk(s) of 0.36s, change 15.4, best 15.4, hazards none — one push, so `best` IS the whole leg's travel
      |       step 16/16 bearing    4.0 (got    1.0) 0.36s -> walked 0.36s, best change 15.4
      |       arrived? True  (portrait_room 692.000/5.820)
      |         turn to 1.5: NO-OP, already inside 0.5 deg (at 1.0, err +0.5) — nothing was sent, the recorded curve was discarded, and the caller's step line will look like a turn that happened
      |       align at portrait_room: yaw nulled to 1.0 (reference 1.5) — 0.5 deg REMAINING = ~9px of phantom dx still in the dx below
      |       align: within 35px (dx=+0.3) after 0 step(s)
      |       aligned at portrait_room: 0px from the recorded pose
      |       align at portrait_room: dx +0.3px
      |     leg portrait_room -> bar_pool_room
      |         turn to 286.6: TURNED to 286.4 (err +0.2) in 1 push(es)
      |         portrait_room->bar_pool_room step 1/4: 1 chunk(s) of 0.16s, change 8.1, best 8.1, hazards none — one push, so `best` IS the whole leg's travel
      |       step 1/4 bearing  286.6 (got  286.4) 0.16s -> walked 0.16s, best change 8.1
      |         turn to 292.2: TURNED to 291.3 (err +0.9) in 1 push(es)
      |         portrait_room->bar_pool_room step 2/4: 1 chunk(s) of 0.79s, change 16.2, best 16.2, hazards none — one push, so `best` IS the whole leg's travel
      |       step 2/4 bearing  292.2 (got  291.3) 0.79s -> walked 0.79s, best change 16.2
      |         turn to 285.6: TURNED to 287.2 (err -1.7) in 1 push(es)
      |         portrait_room->bar_pool_room step 3/4: 1 chunk(s) of 0.80s, change 17.1, best 17.1, hazards none — one push, so `best` IS the whole leg's travel
      |       step 3/4 bearing  285.6 (got  287.2) 0.80s -> walked 0.80s, best change 17.1
      |         turn to 287.6: NO-OP, already inside 4.0 deg (at 287.2, err +0.4) — nothing was sent, the recorded curve was discarded, and the caller's step line will look like a turn that happened
      |         portrait_room->bar_pool_room step 4/4: 1 chunk(s) of 0.23s, change 13.6, best 13.6, hazards none — one push, so `best` IS the whole leg's travel
      |       step 4/4 bearing  287.6 (got  287.2) 0.23s -> walked 0.23s, best change 13.6
      |       arrived? True  (bar_pool_room 494.000/3.980)
      |         turn to 288.2: TURNED to 288.5 (err -0.3) in 1 push(es)
      |       align at bar_pool_room: yaw nulled to 288.5 (reference 288.2) — 0.3 deg REMAINING = ~6px of phantom dx still in the dx below
      |       align: step 1/6 dx=+166.7 (prev --)
      |       align: dx=+166.7 -> strafe right 0.14s
      |       align: step 2/6 dx=+134.8 (prev +166.7)
      |       align: dx=+134.8 -> strafe right 0.11s
      |       align: step 3/6 dx=+108.0 (prev +134.8)
      |       align: dx=+108.0 -> strafe right 0.10s
      |       align: step 4/6 dx=+82.0 (prev +108.0)
      |       align: dx=+82.0 -> strafe right 0.10s
      |       align: dx barely changed (+82 -> +68) — blocked sideways, cannot correct from here
      |       aligned at bar_pool_room: 68px from the recorded pose
      |       align at bar_pool_room: dx +68.3px
      |     leg bar_pool_room -> bar_jukebox
      |         turn to 2.1: TURNED to 1.2 (err +0.8) in 1 push(es)
      |         bar_pool_room->bar_jukebox step 1/5: 1 chunk(s) of 0.80s, change 21.6, best 21.6, hazards none — one push, so `best` IS the whole leg's travel
      |       step 1/5 bearing    2.1 (got    1.2) 0.80s -> walked 0.80s, best change 21.6
      |         turn to 1.2: NO-OP, already inside 4.0 deg (at 1.2, err -0.1) — nothing was sent, the recorded curve was discarded, and the caller's step line will look like a turn that happened
      |         bar_pool_room->bar_jukebox step 2/5: 1 chunk(s) of 0.79s, change 15.5, best 15.5, hazards none — one push, so `best` IS the whole leg's travel
      |       step 2/5 bearing    1.2 (got    1.2) 0.79s -> walked 0.79s, best change 15.5
      |         turn to 0.8: NO-OP, already inside 4.0 deg (at 1.3, err -0.6) — nothing was sent, the recorded curve was discarded, and the caller's step line will look like a turn that happened
      |         bar_pool_room->bar_jukebox step 3/5: 1 chunk(s) of 0.80s, change 30.5, best 30.5, hazards none — one push, so `best` IS the whole leg's travel
      |       step 3/5 bearing    0.8 (got    1.3) 0.80s -> walked 0.80s, best change 30.5
      |         turn to 359.4: NO-OP, already inside 4.0 deg (at 2.2, err -2.8) — nothing was sent, the recorded curve was discarded, and the caller's step line will look like a turn that happened
      |         bar_pool_room->bar_jukebox step 4/5: 1 chunk(s) of 0.79s, change 32.3, best 32.3, hazards none — one push, so `best` IS the whole leg's travel
      |       step 4/5 bearing  359.4 (got    2.2) 0.79s -> walked 0.79s, best change 32.3
      |         turn to 359.6: NO-OP, already inside 4.0 deg (at 1.3, err -1.7) — nothing was sent, the recorded curve was discarded, and the caller's step line will look like a turn that happened
      |         bar_pool_room->bar_jukebox step 5/5: 1 chunk(s) of 0.14s, change 17.3, best 17.3, hazards none — one push, so `best` IS the whole leg's travel
      |       step 5/5 bearing  359.6 (got    1.3) 0.14s -> walked 0.14s, best change 17.3
      |       arrived? True  (bar_jukebox 384.000/2.740)
      |         turn to 1.0: NO-OP, already inside 0.5 deg (at 1.3, err -0.3) — nothing was sent, the recorded curve was discarded, and the caller's step line will look like a turn that happened
      |       align at bar_jukebox: yaw nulled to 1.3 (reference 1.0) — 0.3 deg REMAINING = ~6px of phantom dx still in the dx below
      |       align: within 35px (dx=-14.3) after 0 step(s)
      |       aligned at bar_jukebox: 14px from the recorded pose
      |       align at bar_jukebox: dx +14.3px
      |   arrived, but 1 node(s) could not be confirmed on the way: ['office_door'] — each is a hole in the reference set
      |   attempt 5/9 at bar_jukebox
      |   verified at bar_jukebox (bar_jukebox 378.000/2.780)
      |   attempt 1/9 at dealer_table
      |   route: bar_jukebox -> dealer_table  (4.1s of walking)
      |     leg bar_jukebox -> dealer_table
      |       swept 19 headings around 74; best ink 0.0194 at 74.1411951308322, prompt never appeared
      |       swept 19 headings around 78; best ink 0.0168 at 38.04394748999363, prompt never appeared
      |       swept 19 headings around 75; best ink 0.0120 at 54.69072164948453, prompt never appeared
      |       no compass reading, so there is no arc to sweep
      |       swept 19 headings around 73; best ink 0.0153 at 233.36220007424993, prompt never appeared
      |       stepped 6.8s of a 6.5s budget without finding the prompt
      |       approach_goal: prompt not seen
      |       no compass reading, so there is no arc to sweep
      |       reach_table: GAVE UP
      |       arrived? False  (at_table=False)
      |     STOPPING at leg bar_jukebox -> dealer_table: the destination did not check out, so every leg after this one would be walked from an unknown position
      |   attempt 2/9 at dealer_table
      |   not at dealer_table and cannot say where this is (unrecognised (167.000/1.130)) — reloading to a known start
      |   pause menu open (selected 'Resume')
      |   selected: Load Last Save
      |   confirmation dialog up (delta 84.1) -> YES
      |   YES press 1 did not register, retrying
      |   world back after 3.2s, spawn bearing 87 (E)
      |   route: office_corridor -> office_door -> portrait_room -> bar_pool_room -> bar_jukebox -> dealer_table  (25.5s of walking)
      |     leg office_corridor -> office_door
      |         turn to 270.4: TURNED to 271.4 (err -1.0) in 2 push(es)
      |         office_corridor->office_door step 1/7: 1 chunk(s) of 0.79s, change 19.3, best 19.3, hazards none — one push, so `best` IS the whole leg's travel
      |       step 1/7 bearing  270.4 (got  271.4) 0.79s -> walked 0.79s, best change 19.3
      |         turn to 270.1: NO-OP, already inside 4.0 deg (at 271.4, err -1.2) — nothing was sent, the recorded curve was discarded, and the caller's step line will look like a turn that happened
      |         office_corridor->office_door step 2/7: 1 chunk(s) of 0.78s, change 18.9, best 18.9, hazards none — one push, so `best` IS the whole leg's travel
      |       step 2/7 bearing  270.1 (got  271.4) 0.78s -> walked 0.78s, best change 18.9
      |         turn to 270.1: NO-OP, already inside 4.0 deg (at 271.4, err -1.2) — nothing was sent, the recorded curve was discarded, and the caller's step line will look like a turn that happened
      |         office_corridor->office_door step 3/7: 1 chunk(s) of 0.78s, change 15.4, best 15.4, hazards none — one push, so `best` IS the whole leg's travel
      |       step 3/7 bearing  270.1 (got  271.4) 0.78s -> walked 0.78s, best change 15.4
      |         turn to 270.3: NO-OP, already inside 4.0 deg (at 271.3, err -1.1) — nothing was sent, the recorded curve was discarded, and the caller's step line will look like a turn that happened
      |         office_corridor->office_door step 4/7: 1 chunk(s) of 0.78s, change 10.8, best 10.8, hazards none — one push, so `best` IS the whole leg's travel
      |       step 4/7 bearing  270.3 (got  271.3) 0.78s -> walked 0.78s, best change 10.8
      |         turn to 270.1: NO-OP, already inside 4.0 deg (at 271.4, err -1.3) — nothing was sent, the recorded curve was discarded, and the caller's step line will look like a turn that happened
      |         office_corridor->office_door step 5/7: 1 chunk(s) of 0.79s, change 7.9, best 7.9, hazards none — one push, so `best` IS the whole leg's travel
      |       step 5/7 bearing  270.1 (got  271.4) 0.79s -> walked 0.79s, best change 7.9
      |         turn to 270.1: NO-OP, already inside 4.0 deg (at 271.4, err -1.3) — nothing was sent, the recorded curve was discarded, and the caller's step line will look like a turn that happened
      |         office_corridor->office_door step 6/7: 1 chunk(s) of 0.79s, change 7.4, best 7.4, hazards none — one push, so `best` IS the whole leg's travel
      |       step 6/7 bearing  270.1 (got  271.4) 0.79s -> walked 0.79s, best change 7.4
      |         turn to 270.4: NO-OP, already inside 4.0 deg (at 271.4, err -1.0) — nothing was sent, the recorded curve was discarded, and the caller's step line will look like a turn that happened
      |         office_corridor->office_door step 7/7: 1 chunk(s) of 0.42s, change 7.6, best 7.6, hazards none — one push, so `best` IS the whole leg's travel
      |       step 7/7 bearing  270.4 (got  271.4) 0.42s -> walked 0.42s, best change 7.6
      |       arrived? None  (no appearance reference by design)
      |     leg office_door -> portrait_room
      |         turn to 338.1: TURNED to 334.5 (err +3.6) in 1 push(es)
      |         office_door->portrait_room step 1/16: 1 chunk(s) of 0.79s, change 13.8, best 13.8, hazards none — one push, so `best` IS the whole leg's travel
      |       step 1/16 bearing  338.1 (got  334.5) 0.79s -> walked 0.79s, best change 13.8
      |         turn to 339.2: TURNED to 339.6 (err -0.4) in 1 push(es)
      |         office_door->portrait_room step 2/16: 1 chunk(s) of 0.70s, change 22.6, best 22.6, hazards none — one push, so `best` IS the whole leg's travel
      |       step 2/16 bearing  339.2 (got  339.6) 0.70s -> walked 0.70s, best change 22.6
      |         turn to 347.9: TURNED to 345.5 (err +2.4) in 1 push(es)
      |         office_door->portrait_room step 3/16: 1 chunk(s) of 0.42s, change 23.5, best 23.5, hazards none — one push, so `best` IS the whole leg's travel
      |       step 3/16 bearing  347.9 (got  345.5) 0.42s -> walked 0.42s, best change 23.5
      |         turn to 355.2: TURNED to 354.4 (err +0.8) in 1 push(es)
      |         office_door->portrait_room step 4/16: 1 chunk(s) of 0.79s, change 44.8, best 44.8, hazards none — one push, so `best` IS the whole leg's travel
      |       step 4/16 bearing  355.2 (got  354.4) 0.79s -> walked 0.79s, best change 44.8
      |         turn to 360.0: TURNED to 358.0 (err +2.0) in 1 push(es)
      |         office_door->portrait_room step 5/16: 1 chunk(s) of 0.51s, change 28.6, best 28.6, hazards none — one push, so `best` IS the whole leg's travel
      |       step 5/16 bearing  360.0 (got  358.0) 0.51s -> walked 0.51s, best change 28.6
      |         turn to 8.6: TURNED to 5.7 (err +2.9) in 1 push(es)
      |         office_door->portrait_room step 6/16: 1 chunk(s) of 0.78s, change 16.6, best 16.6, hazards none — one push, so `best` IS the whole leg's travel
      |       step 6/16 bearing    8.6 (got    5.7) 0.78s -> walked 0.78s, best change 16.6
      |         turn to 7.7: NO-OP, already inside 4.0 deg (at 5.7, err +2.0) — nothing was sent, the recorded curve was discarded, and the caller's step line will look like a turn that happened
      |         office_door->portrait_room step 7/16: 1 chunk(s) of 0.78s, change 32.3, best 32.3, hazards none — one push, so `best` IS the whole leg's travel
      |       step 7/16 bearing    7.7 (got    5.7) 0.78s -> walked 0.78s, best change 32.3
      |         turn to 1.7: NO-OP, already inside 4.0 deg (at 5.7, err -3.9) — nothing was sent, the recorded curve was discarded, and the caller's step line will look like a turn that happened
      |         office_door->portrait_room step 8/16: 1 chunk(s) of 0.80s, change 30.9, best 30.9, hazards none — one push, so `best` IS the whole leg's travel
      |       step 8/16 bearing    1.7 (got    5.7) 0.80s -> walked 0.80s, best change 30.9
      |         turn to 359.6: TURNED to 358.3 (err +1.4) in 1 push(es)
      |         office_door->portrait_room step 9/16: 1 chunk(s) of 0.36s, change 28.0, best 28.0, hazards none — one push, so `best` IS the whole leg's travel
      |       step 9/16 bearing  359.6 (got  358.3) 0.36s -> walked 0.36s, best change 28.0
      |         turn to 359.4: NO-OP, already inside 4.0 deg (at 358.4, err +1.0) — nothing was sent, the recorded curve was discarded, and the caller's step line will look like a turn that happened
      |         office_door->portrait_room step 10/16: 1 chunk(s) of 0.78s, change 22.5, best 22.5, hazards none — one push, so `best` IS the whole leg's travel
      |       step 10/16 bearing  359.4 (got  358.4) 0.78s -> walked 0.78s, best change 22.5
      |         turn to 357.9: NO-OP, already inside 4.0 deg (at 358.3, err -0.4) — nothing was sent, the recorded curve was discarded, and the caller's step line will look like a turn that happened
      |         office_door->portrait_room step 11/16: 1 chunk(s) of 0.79s, change 19.8, best 19.8, hazards none — one push, so `best` IS the whole leg's travel
      |       step 11/16 bearing  357.9 (got  358.3) 0.79s -> walked 0.79s, best change 19.8
      |         turn to 358.0: NO-OP, already inside 4.0 deg (at 358.3, err -0.2) — nothing was sent, the recorded curve was discarded, and the caller's step line will look like a turn that happened
      |         office_door->portrait_room step 12/16: 1 chunk(s) of 0.79s, change 17.5, best 17.5, hazards none — one push, so `best` IS the whole leg's travel
      |       step 12/16 bearing  358.0 (got  358.3) 0.79s -> walked 0.79s, best change 17.5
      |         turn to 357.8: NO-OP, already inside 4.0 deg (at 358.3, err -0.4) — nothing was sent, the recorded curve was discarded, and the caller's step line will look like a turn that happened
      |         office_door->portrait_room step 13/16: 1 chunk(s) of 0.79s, change 22.6, best 22.6, hazards none — one push, so `best` IS the whole leg's travel
      |       step 13/16 bearing  357.8 (got  358.3) 0.79s -> walked 0.79s, best change 22.6
      |         turn to 357.9: NO-OP, already inside 4.0 deg (at 358.2, err -0.3) — nothing was sent, the recorded curve was discarded, and the caller's step line will look like a turn that happened
      |         office_door->portrait_room step 14/16: 1 chunk(s) of 0.79s, change 27.5, best 27.5, hazards none — one push, so `best` IS the whole leg's travel
      |       step 14/16 bearing  357.9 (got  358.2) 0.79s -> walked 0.79s, best change 27.5
      |         turn to 0.8: NO-OP, already inside 4.0 deg (at 358.2, err +2.6) — nothing was sent, the recorded curve was discarded, and the caller's step line will look like a turn that happened
      |         office_door->portrait_room step 15/16: 1 chunk(s) of 0.79s, change 25.3, best 25.3, hazards none — one push, so `best` IS the whole leg's travel
      |       step 15/16 bearing    0.8 (got  358.2) 0.79s -> walked 0.79s, best change 25.3
      |         turn to 4.0: TURNED to 5.5 (err -1.5) in 1 push(es)
      |         office_door->portrait_room step 16/16: 1 chunk(s) of 0.36s, change 17.1, best 17.1, hazards none — one push, so `best` IS the whole leg's travel
      |       step 16/16 bearing    4.0 (got    5.5) 0.36s -> walked 0.36s, best change 17.1
      |       arrived? True  (portrait_room 933.000/6.520)
      |         turn to 1.5: TURNED to 1.1 (err +0.4) in 1 push(es)
      |       align at portrait_room: yaw nulled to 1.1 (reference 1.5) — 0.4 deg REMAINING = ~7px of phantom dx still in the dx below
      |       align: step 1/6 dx=+140.0 (prev --)
      |       align: dx=+140.0 -> strafe right 0.12s
      |       align: step 2/6 dx=+97.5 (prev +140.0)
      |       align: dx=+97.5 -> strafe right 0.10s
      |       align: dx barely changed (+97 -> +84) — blocked sideways, cannot correct from here
      |       aligned at portrait_room: 84px from the recorded pose
      |       align at portrait_room: dx +83.8px
      |     leg portrait_room -> bar_pool_room
      |         turn to 286.6: TURNED to 288.8 (err -2.3) in 1 push(es)
      |         portrait_room->bar_pool_room step 1/4: 1 chunk(s) of 0.16s, change 13.1, best 13.1, hazards none — one push, so `best` IS the whole leg's travel
      |       step 1/4 bearing  286.6 (got  288.8) 0.16s -> walked 0.16s, best change 13.1
      |         turn to 292.2: NO-OP, already inside 4.0 deg (at 288.8, err +3.3) — nothing was sent, the recorded curve was discarded, and the caller's step line will look like a turn that happened
      |         portrait_room->bar_pool_room step 2/4: 1 chunk(s) of 0.79s, change 26.9, best 26.9, hazards none — one push, so `best` IS the whole leg's travel
      |       step 2/4 bearing  292.2 (got  288.8) 0.79s -> walked 0.79s, best change 26.9
      |         turn to 285.6: NO-OP, already inside 4.0 deg (at 288.8, err -3.3) — nothing was sent, the recorded curve was discarded, and the caller's step line will look like a turn that happened
      |         portrait_room->bar_pool_room step 3/4: 1 chunk(s) of 0.80s, change 14.2, best 14.2, hazards none — one push, so `best` IS the whole leg's travel
      |       step 3/4 bearing  285.6 (got  288.8) 0.80s -> walked 0.80s, best change 14.2
      |         turn to 287.6: NO-OP, already inside 4.0 deg (at 288.9, err -1.3) — nothing was sent, the recorded curve was discarded, and the caller's step line will look like a turn that happened
      |         portrait_room->bar_pool_room step 4/4: 1 chunk(s) of 0.23s, change 11.7, best 11.7, hazards none — one push, so `best` IS the whole leg's travel
      |       step 4/4 bearing  287.6 (got  288.9) 0.23s -> walked 0.23s, best change 11.7
      |       recovery fan did not find bar_pool_room
      |       arrived? None  (unverified, abstained (84.000/1.080))
      |     leg bar_pool_room -> bar_jukebox
      |         turn to 2.1: NO compass reading, abandoned BEFORE turning — the caller's 'got --' is an unread heading, not a heading that was reached
      |         bar_pool_room->bar_jukebox step 1/5: 1 chunk(s) of 0.80s, change 34.8, best 34.8, hazards none — one push, so `best` IS the whole leg's travel
      |       step 1/5 bearing    2.1 (got   28.9) 0.80s -> walked 0.80s, best change 34.8
      |         turn to 1.2: TURNED to 4.7 (err -3.6) in 1 push(es)
      |         bar_pool_room->bar_jukebox step 2/5: 1 chunk(s) of 0.79s, change 12.9, best 12.9, hazards none — one push, so `best` IS the whole leg's travel
      |       step 2/5 bearing    1.2 (got    4.7) 0.79s -> walked 0.79s, best change 12.9
      |         turn to 0.8: NO-OP, already inside 4.0 deg (at 4.7, err -4.0) — nothing was sent, the recorded curve was discarded, and the caller's step line will look like a turn that happened
      |         bar_pool_room->bar_jukebox step 3/5: 1 chunk(s) of 0.80s, change 30.9, best 30.9, hazards none — one push, so `best` IS the whole leg's travel
      |       step 3/5 bearing    0.8 (got    4.7) 0.80s -> walked 0.80s, best change 30.9
      |         turn to 359.4: TURNED to 359.6 (err -0.2) in 1 push(es)
      |         bar_pool_room->bar_jukebox step 4/5: 1 chunk(s) of 0.79s, change 7.5, best 7.5, hazards none — one push, so `best` IS the whole leg's travel
      |       step 4/5 bearing  359.4 (got  359.6) 0.79s -> walked 0.79s, best change 7.5
      |         turn to 359.6: NO-OP, already inside 4.0 deg (at 359.7, err -0.1) — nothing was sent, the recorded curve was discarded, and the caller's step line will look like a turn that happened
      |         bar_pool_room->bar_jukebox step 5/5: 1 chunk(s) of 0.14s, change 2.3, best 2.3, hazards SHORT — one push, so `best` IS the whole leg's travel
      |       step 5/5 bearing  359.6 (got  359.7) 0.14s -> walked 0.14s, best change 2.3
      |       step 5 blocked but the scene is MOVING — an NPC in the passage, not a wall
      |       the view is featureless — this is geometry, not a mover; skipping the escape ladder it has never cleared
      |       escape ladder: did NOT clear (best 0.0 PIXELS, against SLIP_PROGRESS_PX 20.0px — NOT against STALL_CHANGE 6.0, which is grey_levels)
      |       step 5 moved only 2.3 grey_levels (< 6.0) over 0.14s — stall score 1
      |       recovery fan did not find bar_jukebox
      |       arrived? None  (unverified, abstained (4.000/1.000))
      |     leg bar_jukebox -> dealer_table
      |       swept 19 headings around 76; best ink 0.0032 at 195.62389475119832, prompt never appeared
      |       swept 19 headings around 74; best ink 0.0000 at None, prompt never appeared
      |       swept 19 headings around 77; best ink 0.0000 at None, prompt never appeared
      |       swept 19 headings around 77; best ink 0.0000 at None, prompt never appeared
      |       swept 19 headings around 76; best ink 0.0000 at None, prompt never appeared
      |       stepped 6.8s of a 6.5s budget without finding the prompt
      |       approach_goal: prompt not seen
      |       swept 19 headings around 72; best ink 0.0000 at None, prompt never appeared
      |       reach_table: GAVE UP
      |       arrived? False  (at_table=False)
      |     STOPPING at leg bar_jukebox -> dealer_table: the destination did not check out, so every leg after this one would be walked from an unknown position
      |   attempt 3/9 at dealer_table
      |       no compass reading — the relocalise sweep did NOT run (this is not 'nothing was recognised')
      |   not at dealer_table and cannot say where this is (unrecognised (1.000/1.000)) — reloading to a known start
      |   pause menu open (selected 'Resume')
      |   selected: Load Last Save
      |   confirmation dialog up (delta 79.7) -> YES
      |   world back after 3.2s, spawn bearing 87 (E)
      |   route: office_corridor -> office_door -> portrait_room -> bar_pool_room -> bar_jukebox -> dealer_table  (25.5s of walking)
      |     leg office_corridor -> office_door
      |         turn to 270.4: TURNED to 270.2 (err +0.2) in 2 push(es)
      |         office_corridor->office_door step 1/7: 1 chunk(s) of 0.79s, change 19.0, best 19.0, hazards none — one push, so `best` IS the whole leg's travel
      |       step 1/7 bearing  270.4 (got  270.2) 0.79s -> walked 0.79s, best change 19.0
      |         turn to 270.1: NO-OP, already inside 4.0 deg (at 270.3, err -0.2) — nothing was sent, the recorded curve was discarded, and the caller's step line will look like a turn that happened
      |         office_corridor->office_door step 2/7: 1 chunk(s) of 0.78s, change 18.9, best 18.9, hazards none — one push, so `best` IS the whole leg's travel
      |       step 2/7 bearing  270.1 (got  270.3) 0.78s -> walked 0.78s, best change 18.9
      |         turn to 270.1: NO-OP, already inside 4.0 deg (at 270.2, err -0.0) — nothing was sent, the recorded curve was discarded, and the caller's step line will look like a turn that happened
      |         office_corridor->office_door step 3/7: 1 chunk(s) of 0.78s, change 14.5, best 14.5, hazards none — one push, so `best` IS the whole leg's travel
      |       step 3/7 bearing  270.1 (got  270.2) 0.78s -> walked 0.78s, best change 14.5
      |         turn to 270.3: NO-OP, already inside 4.0 deg (at 270.2, err +0.1) — nothing was sent, the recorded curve was discarded, and the caller's step line will look like a turn that happened
      |         office_corridor->office_door step 4/7: 1 chunk(s) of 0.78s, change 12.4, best 12.4, hazards none — one push, so `best` IS the whole leg's travel
      |       step 4/7 bearing  270.3 (got  270.2) 0.78s -> walked 0.78s, best change 12.4
      |         turn to 270.1: NO-OP, already inside 4.0 deg (at 270.2, err -0.1) — nothing was sent, the recorded curve was discarded, and the caller's step line will look like a turn that happened
      |         office_corridor->office_door step 5/7: 1 chunk(s) of 0.79s, change 8.6, best 8.6, hazards none — one push, so `best` IS the whole leg's travel
      |       step 5/7 bearing  270.1 (got  270.2) 0.79s -> walked 0.79s, best change 8.6
      |         turn to 270.1: NO-OP, already inside 4.0 deg (at 270.2, err -0.1) — nothing was sent, the recorded curve was discarded, and the caller's step line will look like a turn that happened
      |         office_corridor->office_door step 6/7: 1 chunk(s) of 0.79s, change 6.8, best 6.8, hazards none — one push, so `best` IS the whole leg's travel
      |       step 6/7 bearing  270.1 (got  270.2) 0.79s -> walked 0.79s, best change 6.8
      |         turn to 270.4: NO-OP, already inside 4.0 deg (at 270.2, err +0.2) — nothing was sent, the recorded curve was discarded, and the caller's step line will look like a turn that happened
      |         office_corridor->office_door step 7/7: 1 chunk(s) of 0.42s, change 7.2, best 7.2, hazards none — one push, so `best` IS the whole leg's travel
      |       step 7/7 bearing  270.4 (got  270.2) 0.42s -> walked 0.42s, best change 7.2
      |       arrived? None  (no appearance reference by design)
      |     leg office_door -> portrait_room
      |         turn to 338.1: TURNED to 335.8 (err +2.4) in 1 push(es)
      |         office_door->portrait_room step 1/16: 1 chunk(s) of 0.79s, change 11.3, best 11.3, hazards none — one push, so `best` IS the whole leg's travel
      |       step 1/16 bearing  338.1 (got  335.8) 0.79s -> walked 0.79s, best change 11.3
      |         turn to 339.2: NO-OP, already inside 4.0 deg (at 335.8, err +3.4) — nothing was sent, the recorded curve was discarded, and the caller's step line will look like a turn that happened
      |         office_door->portrait_room step 2/16: 1 chunk(s) of 0.70s, change 14.5, best 14.5, hazards none — one push, so `best` IS the whole leg's travel
      |       step 2/16 bearing  339.2 (got  335.8) 0.70s -> walked 0.70s, best change 14.5
      |         turn to 347.9: TURNED to 346.1 (err +1.8) in 1 push(es)
      |         office_door->portrait_room step 3/16: 1 chunk(s) of 0.42s, change 22.9, best 22.9, hazards none — one push, so `best` IS the whole leg's travel
      |       step 3/16 bearing  347.9 (got  346.1) 0.42s -> walked 0.42s, best change 22.9
      |         turn to 355.2: TURNED to 354.4 (err +0.8) in 1 push(es)
      |         office_door->portrait_room step 4/16: 1 chunk(s) of 0.79s, change 47.4, best 47.4, hazards none — one push, so `best` IS the whole leg's travel
      |       step 4/16 bearing  355.2 (got  354.4) 0.79s -> walked 0.79s, best change 47.4
      |         turn to 360.0: TURNED to 1.2 (err -1.2) in 1 push(es)
      |         office_door->portrait_room step 5/16: 1 chunk(s) of 0.51s, change 31.5, best 31.5, hazards none — one push, so `best` IS the whole leg's travel
      |       step 5/16 bearing  360.0 (got    1.2) 0.51s -> walked 0.51s, best change 31.5
      |         turn to 8.6: TURNED to 10.0 (err -1.5) in 1 push(es)
      |         office_door->portrait_room step 6/16: 1 chunk(s) of 0.78s, change 16.9, best 16.9, hazards none — one push, so `best` IS the whole leg's travel
      |       step 6/16 bearing    8.6 (got   10.0) 0.78s -> walked 0.78s, best change 16.9
      |         turn to 7.7: NO-OP, already inside 4.0 deg (at 10.0, err -2.3) — nothing was sent, the recorded curve was discarded, and the caller's step line will look like a turn that happened
      |         office_door->portrait_room step 7/16: 1 chunk(s) of 0.78s, change 28.6, best 28.6, hazards none — one push, so `best` IS the whole leg's travel
      |       step 7/16 bearing    7.7 (got   10.0) 0.78s -> walked 0.78s, best change 28.6
      |         turn to 1.7: TURNED to 2.0 (err -0.3) in 1 push(es)
      |         office_door->portrait_room step 8/16: 1 chunk(s) of 0.80s, change 35.0, best 35.0, hazards none — one push, so `best` IS the whole leg's travel
      |       step 8/16 bearing    1.7 (got    2.0) 0.80s -> walked 0.80s, best change 35.0
      |         turn to 359.6: NO-OP, already inside 4.0 deg (at 2.0, err -2.4) — nothing was sent, the recorded curve was discarded, and the caller's step line will look like a turn that happened
      |         office_door->portrait_room step 9/16: 1 chunk(s) of 0.36s, change 19.3, best 19.3, hazards none — one push, so `best` IS the whole leg's travel
      |       step 9/16 bearing  359.6 (got    2.0) 0.36s -> walked 0.36s, best change 19.3
      |         turn to 359.4: NO-OP, already inside 4.0 deg (at 2.1, err -2.7) — nothing was sent, the recorded curve was discarded, and the caller's step line will look like a turn that happened
      |         office_door->portrait_room step 10/16: 1 chunk(s) of 0.78s, change 19.6, best 19.6, hazards none — one push, so `best` IS the whole leg's travel
      |       step 10/16 bearing  359.4 (got    2.1) 0.78s -> walked 0.78s, best change 19.6
      |         turn to 357.9: TURNED to 357.5 (err +0.3) in 1 push(es)
      |         office_door->portrait_room step 11/16: 1 chunk(s) of 0.79s, change 18.9, best 18.9, hazards none — one push, so `best` IS the whole leg's travel
      |       step 11/16 bearing  357.9 (got  357.5) 0.79s -> walked 0.79s, best change 18.9
      |         turn to 358.0: NO-OP, already inside 4.0 deg (at 357.5, err +0.5) — nothing was sent, the recorded curve was discarded, and the caller's step line will look like a turn that happened
      |         office_door->portrait_room step 12/16: 1 chunk(s) of 0.79s, change 18.5, best 18.5, hazards none — one push, so `best` IS the whole leg's travel
      |       step 12/16 bearing  358.0 (got  357.5) 0.79s -> walked 0.79s, best change 18.5
      |         turn to 357.8: NO-OP, already inside 4.0 deg (at 357.5, err +0.3) — nothing was sent, the recorded curve was discarded, and the caller's step line will look like a turn that happened
      |         office_door->portrait_room step 13/16: 1 chunk(s) of 0.79s, change 23.9, best 23.9, hazards none — one push, so `best` IS the whole leg's travel
      |       step 13/16 bearing  357.8 (got  357.5) 0.79s -> walked 0.79s, best change 23.9
      |         turn to 357.9: NO-OP, already inside 4.0 deg (at 357.5, err +0.4) — nothing was sent, the recorded curve was discarded, and the caller's step line will look like a turn that happened
      |         office_door->portrait_room step 14/16: 1 chunk(s) of 0.79s, change 29.9, best 29.9, hazards none — one push, so `best` IS the whole leg's travel
      |       step 14/16 bearing  357.9 (got  357.5) 0.79s -> walked 0.79s, best change 29.9
      |         turn to 0.8: NO-OP, already inside 4.0 deg (at 357.4, err +3.4) — nothing was sent, the recorded curve was discarded, and the caller's step line will look like a turn that happened
      |         office_door->portrait_room step 15/16: 1 chunk(s) of 0.79s, change 27.1, best 27.1, hazards none — one push, so `best` IS the whole leg's travel
      |       step 15/16 bearing    0.8 (got  357.4) 0.79s -> walked 0.79s, best change 27.1
      |         turn to 4.0: TURNED to 3.4 (err +0.5) in 1 push(es)
      |         office_door->portrait_room step 16/16: 1 chunk(s) of 0.36s, change 18.1, best 18.1, hazards none — one push, so `best` IS the whole leg's travel
      |       step 16/16 bearing    4.0 (got    3.4) 0.36s -> walked 0.36s, best change 18.1
      |       arrived? True  (portrait_room 720.000/5.710)
      |         turn to 1.5: TURNED to 1.2 (err +0.3) in 1 push(es)
      |       align at portrait_room: yaw nulled to 1.2 (reference 1.5) — 0.3 deg REMAINING = ~5px of phantom dx still in the dx below
      |       align: step 1/6 dx=+110.2 (prev --)
      |       align: dx=+110.2 -> strafe right 0.10s
      |       align: step 2/6 dx=+76.4 (prev +110.2)
      |       align: dx=+76.4 -> strafe right 0.10s
      |       align: dx barely changed (+76 -> +80) — blocked sideways, cannot correct from here
      |       aligned at portrait_room: 80px from the recorded pose
      |       align at portrait_room: dx +80.2px
      |     leg portrait_room -> bar_pool_room
      |         turn to 286.6: TURNED to 290.1 (err -3.5) in 2 push(es)
      |         portrait_room->bar_pool_room step 1/4: 1 chunk(s) of 0.16s, change 9.2, best 9.2, hazards none — one push, so `best` IS the whole leg's travel
      |       step 1/4 bearing  286.6 (got  290.1) 0.16s -> walked 0.16s, best change 9.2
      |         turn to 292.2: NO-OP, already inside 4.0 deg (at 290.1, err +2.1) — nothing was sent, the recorded curve was discarded, and the caller's step line will look like a turn that happened
      |         portrait_room->bar_pool_room step 2/4: 1 chunk(s) of 0.79s, change 18.1, best 18.1, hazards none — one push, so `best` IS the whole leg's travel
      |       step 2/4 bearing  292.2 (got  290.1) 0.79s -> walked 0.79s, best change 18.1
      |         turn to 285.6: TURNED to 286.2 (err -0.6) in 1 push(es)
      |         portrait_room->bar_pool_room step 3/4: 1 chunk(s) of 0.80s, change 15.8, best 15.8, hazards none — one push, so `best` IS the whole leg's travel
      |       step 3/4 bearing  285.6 (got  286.2) 0.80s -> walked 0.80s, best change 15.8
      |         turn to 287.6: NO-OP, already inside 4.0 deg (at 286.2, err +1.4) — nothing was sent, the recorded curve was discarded, and the caller's step line will look like a turn that happened
      |         portrait_room->bar_pool_room step 4/4: 1 chunk(s) of 0.23s, change 11.6, best 11.6, hazards none — one push, so `best` IS the whole leg's travel
      |       step 4/4 bearing  287.6 (got  286.2) 0.23s -> walked 0.23s, best change 11.6
      |       arrived? True  (bar_pool_room 652.000/5.260)
      |         turn to 288.2: TURNED to 288.3 (err -0.2) in 1 push(es)
      |       align at bar_pool_room: yaw nulled to 288.3 (reference 288.2) — 0.2 deg REMAINING = ~3px of phantom dx still in the dx below
      |       align: step 1/6 dx=+110.5 (prev --)
      |       align: dx=+110.5 -> strafe right 0.10s
      |       align: step 2/6 dx=+77.4 (prev +110.5)
      |       align: dx=+77.4 -> strafe right 0.10s
      |       align: within 35px (dx=+26.9) after 2 step(s)
      |       aligned at bar_pool_room: 27px from the recorded pose
      |       align at bar_pool_room: dx +26.9px
      |     leg bar_pool_room -> bar_jukebox
      |         turn to 2.1: TURNED to 3.6 (err -1.5) in 1 push(es)
      |         bar_pool_room->bar_jukebox step 1/5: 1 chunk(s) of 0.80s, change 16.6, best 16.6, hazards none — one push, so `best` IS the whole leg's travel
      |       step 1/5 bearing    2.1 (got    3.6) 0.80s -> walked 0.80s, best change 16.6
      |         turn to 1.2: NO-OP, already inside 4.0 deg (at 3.6, err -2.4) — nothing was sent, the recorded curve was discarded, and the caller's step line will look like a turn that happened
      |         bar_pool_room->bar_jukebox step 2/5: 1 chunk(s) of 0.79s, change 13.4, best 13.4, hazards none — one push, so `best` IS the whole leg's travel
      |       step 2/5 bearing    1.2 (got    3.6) 0.79s -> walked 0.79s, best change 13.4
      |         turn to 0.8: NO-OP, already inside 4.0 deg (at 3.6, err -2.8) — nothing was sent, the recorded curve was discarded, and the caller's step line will look like a turn that happened
      |         bar_pool_room->bar_jukebox step 3/5: 1 chunk(s) of 0.80s, change 11.9, best 11.9, hazards none — one push, so `best` IS the whole leg's travel
      |       step 3/5 bearing    0.8 (got    3.6) 0.80s -> walked 0.80s, best change 11.9
      |         turn to 359.4: TURNED to 360.0 (err -0.6) in 1 push(es)
      |         bar_pool_room->bar_jukebox step 4/5: 1 chunk(s) of 0.79s, change 1.7, best 1.7, hazards SHORT — one push, so `best` IS the whole leg's travel
      |       step 4/5 bearing  359.4 (got  360.0) 0.79s -> walked 0.79s, best change 1.7
      |       step 4 blocked but the scene is MOVING — an NPC in the passage, not a wall
      |       the view is featureless — this is geometry, not a mover; skipping the escape ladder it has never cleared
      |       escape ladder: did NOT clear (best 0.0 PIXELS, against SLIP_PROGRESS_PX 20.0px — NOT against STALL_CHANGE 6.0, which is grey_levels)
      |       step 4 moved only 1.7 grey_levels (< 6.0) over 0.79s — stall score 1
      |         turn to 359.6: NO-OP, already inside 4.0 deg (at 0.0, err -0.4) — nothing was sent, the recorded curve was discarded, and the caller's step line will look like a turn that happened
      |         bar_pool_room->bar_jukebox step 5/5: 1 chunk(s) of 0.14s, change 1.4, best 1.4, hazards SHORT — one push, so `best` IS the whole leg's travel
      |       step 5/5 bearing  359.6 (got    0.0) 0.14s -> walked 0.14s, best change 1.4
      |       step 5 blocked but the scene is MOVING — an NPC in the passage, not a wall
      |       the view is featureless — this is geometry, not a mover; skipping the escape ladder it has never cleared
      |       escape ladder: did NOT clear (best 0.0 PIXELS, against SLIP_PROGRESS_PX 20.0px — NOT against STALL_CHANGE 6.0, which is grey_levels)
      |       step 5 moved only 1.4 grey_levels (< 6.0) over 0.14s — stall score 2
      |       BLOCKED on step 5; abandoning the rest of this leg rather than pushing into whatever is in the way
      |       recovery fan did not find bar_jukebox
      |       arrived? None  (unverified, abstained (0.000/0.000))
      |     leg bar_jukebox -> dealer_table
      |       swept 19 headings around 79; best ink 0.0187 at 18.730703259005153, prompt never appeared
      |       swept 19 headings around 73; best ink 0.0000 at None, prompt never appeared
      |       swept 19 headings around 72; best ink 0.0104 at 252.29562778199184, prompt never appeared
      |       swept 19 headings around 78; best ink 0.0000 at None, prompt never appeared
      |       no compass reading, so there is no arc to sweep
      |       stepped 6.8s of a 6.5s budget without finding the prompt
      |       approach_goal: prompt not seen
      |       no compass reading, so there is no arc to sweep
      |       reach_table: GAVE UP
      |       arrived? False  (at_table=False)
      |     STOPPING at leg bar_jukebox -> dealer_table: the destination did not check out, so every leg after this one would be walked from an unknown position
      |   attempt 4/9 at dealer_table
      |       no compass reading — the relocalise sweep did NOT run (this is not 'nothing was recognised')
      |   not at dealer_table and cannot say where this is (unrecognised (0.000/0.000)) — reloading to a known start
      |   pause menu open (selected 'Resume')
      |   selected: Load Last Save
      |   no dialog yet (delta 2.7) — the commit press did not land, retrying (1/3)
      |   confirmation dialog up (delta 81.8) -> YES
      |   YES press 1 did not register, retrying
      |   world back after 3.2s, spawn bearing 87 (E)
      |   route: office_corridor -> office_door -> portrait_room -> bar_pool_room -> bar_jukebox -> dealer_table  (25.5s of walking)
      |     leg office_corridor -> office_door
      |         turn to 270.4: TURNED to 268.6 (err +1.8) in 2 push(es)
      |         office_corridor->office_door step 1/7: 1 chunk(s) of 0.79s, change 19.5, best 19.5, hazards none — one push, so `best` IS the whole leg's travel
      |       step 1/7 bearing  270.4 (got  268.6) 0.79s -> walked 0.79s, best change 19.5
      |         turn to 270.1: NO-OP, already inside 4.0 deg (at 268.6, err +1.6) — nothing was sent, the recorded curve was discarded, and the caller's step line will look like a turn that happened
      |         office_corridor->office_door step 2/7: 1 chunk(s) of 0.78s, change 18.7, best 18.7, hazards none — one push, so `best` IS the whole leg's travel
      |       step 2/7 bearing  270.1 (got  268.6) 0.78s -> walked 0.78s, best change 18.7
      |         turn to 270.1: NO-OP, already inside 4.0 deg (at 268.5, err +1.7) — nothing was sent, the recorded curve was discarded, and the caller's step line will look like a turn that happened
      |         office_corridor->office_door step 3/7: 1 chunk(s) of 0.78s, change 14.8, best 14.8, hazards none — one push, so `best` IS the whole leg's travel
      |       step 3/7 bearing  270.1 (got  268.5) 0.78s -> walked 0.78s, best change 14.8
      |         turn to 270.3: NO-OP, already inside 4.0 deg (at 268.6, err +1.7) — nothing was sent, the recorded curve was discarded, and the caller's step line will look like a turn that happened
      |         office_corridor->office_door step 4/7: 1 chunk(s) of 0.78s, change 11.1, best 11.1, hazards none — one push, so `best` IS the whole leg's travel
      |       step 4/7 bearing  270.3 (got  268.6) 0.78s -> walked 0.78s, best change 11.1
      |         turn to 270.1: NO-OP, already inside 4.0 deg (at 268.6, err +1.5) — nothing was sent, the recorded curve was discarded, and the caller's step line will look like a turn that happened
      |         office_corridor->office_door step 5/7: 1 chunk(s) of 0.79s, change 10.0, best 10.0, hazards none — one push, so `best` IS the whole leg's travel
      |       step 5/7 bearing  270.1 (got  268.6) 0.79s -> walked 0.79s, best change 10.0
      |         turn to 270.1: NO-OP, already inside 4.0 deg (at 268.5, err +1.6) — nothing was sent, the recorded curve was discarded, and the caller's step line will look like a turn that happened
      |         office_corridor->office_door step 6/7: 1 chunk(s) of 0.79s, change 7.0, best 7.0, hazards none — one push, so `best` IS the whole leg's travel
      |       step 6/7 bearing  270.1 (got  268.5) 0.79s -> walked 0.79s, best change 7.0
      |         turn to 270.4: NO-OP, already inside 4.0 deg (at 268.6, err +1.8) — nothing was sent, the recorded curve was discarded, and the caller's step line will look like a turn that happened
      |         office_corridor->office_door step 7/7: 1 chunk(s) of 0.42s, change 6.6, best 6.6, hazards none — one push, so `best` IS the whole leg's travel
      |       step 7/7 bearing  270.4 (got  268.6) 0.42s -> walked 0.42s, best change 6.6
      |       arrived? None  (no appearance reference by design)
      |     leg office_door -> portrait_room
      |         turn to 338.1: TURNED to 339.0 (err -0.9) in 1 push(es)
      |         office_door->portrait_room step 1/16: 1 chunk(s) of 0.79s, change 12.5, best 12.5, hazards none — one push, so `best` IS the whole leg's travel
      |       step 1/16 bearing  338.1 (got  339.0) 0.79s -> walked 0.79s, best change 12.5
      |         turn to 339.2: NO-OP, already inside 4.0 deg (at 339.0, err +0.2) — nothing was sent, the recorded curve was discarded, and the caller's step line will look like a turn that happened
      |         office_door->portrait_room step 2/16: 1 chunk(s) of 0.70s, change 16.7, best 16.7, hazards none — one push, so `best` IS the whole leg's travel
      |       step 2/16 bearing  339.2 (got  339.0) 0.70s -> walked 0.70s, best change 16.7
      |         turn to 347.9: TURNED to 348.8 (err -0.9) in 1 push(es)
      |         office_door->portrait_room step 3/16: 1 chunk(s) of 0.42s, change 24.6, best 24.6, hazards none — one push, so `best` IS the whole leg's travel
      |       step 3/16 bearing  347.9 (got  348.8) 0.42s -> walked 0.42s, best change 24.6
      |         turn to 355.2: TURNED to 354.1 (err +1.1) in 1 push(es)
      |         office_door->portrait_room step 4/16: 1 chunk(s) of 0.79s, change 41.7, best 41.7, hazards none — one push, so `best` IS the whole leg's travel
      |       step 4/16 bearing  355.2 (got  354.1) 0.79s -> walked 0.79s, best change 41.7
      |         turn to 360.0: TURNED to 359.1 (err +0.9) in 1 push(es)
      |         office_door->portrait_room step 5/16: 1 chunk(s) of 0.51s, change 21.8, best 21.8, hazards none — one push, so `best` IS the whole leg's travel
      |       step 5/16 bearing  360.0 (got  359.1) 0.51s -> walked 0.51s, best change 21.8
      |         turn to 8.6: TURNED to 6.8 (err +1.8) in 1 push(es)
      |         office_door->portrait_room step 6/16: 1 chunk(s) of 0.78s, change 18.6, best 18.6, hazards none — one push, so `best` IS the whole leg's travel
      |       step 6/16 bearing    8.6 (got    6.8) 0.78s -> walked 0.78s, best change 18.6
      |         turn to 7.7: NO-OP, already inside 4.0 deg (at 6.9, err +0.9) — nothing was sent, the recorded curve was discarded, and the caller's step line will look like a turn that happened
      |         office_door->portrait_room step 7/16: 1 chunk(s) of 0.78s, change 28.9, best 28.9, hazards none — one push, so `best` IS the whole leg's travel
      |       step 7/16 bearing    7.7 (got    6.9) 0.78s -> walked 0.78s, best change 28.9
      |         turn to 1.7: TURNED to 1.5 (err +0.2) in 1 push(es)
      |         office_door->portrait_room step 8/16: 1 chunk(s) of 0.80s, change 32.1, best 32.1, hazards none — one push, so `best` IS the whole leg's travel
      |       step 8/16 bearing    1.7 (got    1.5) 0.80s -> walked 0.80s, best change 32.1
      |         turn to 359.6: NO-OP, already inside 4.0 deg (at 1.4, err -1.8) — nothing was sent, the recorded curve was discarded, and the caller's step line will look like a turn that happened
      |         office_door->portrait_room step 9/16: 1 chunk(s) of 0.36s, change 18.0, best 18.0, hazards none — one push, so `best` IS the whole leg's travel
      |       step 9/16 bearing  359.6 (got    1.4) 0.36s -> walked 0.36s, best change 18.0
      |         turn to 359.4: NO-OP, already inside 4.0 deg (at 1.5, err -2.1) — nothing was sent, the recorded curve was discarded, and the caller's step line will look like a turn that happened
      |         office_door->portrait_room step 10/16: 1 chunk(s) of 0.78s, change 22.1, best 22.1, hazards none — one push, so `best` IS the whole leg's travel
      |       step 10/16 bearing  359.4 (got    1.5) 0.78s -> walked 0.78s, best change 22.1
      |         turn to 357.9: NO-OP, already inside 4.0 deg (at 1.6, err -3.7) — nothing was sent, the recorded curve was discarded, and the caller's step line will look like a turn that happened
      |         office_door->portrait_room step 11/16: 1 chunk(s) of 0.79s, change 19.0, best 19.0, hazards none — one push, so `best` IS the whole leg's travel
      |       step 11/16 bearing  357.9 (got    1.6) 0.79s -> walked 0.79s, best change 19.0
      |         turn to 358.0: NO-OP, already inside 4.0 deg (at 1.5, err -3.5) — nothing was sent, the recorded curve was discarded, and the caller's step line will look like a turn that happened
      |         office_door->portrait_room step 12/16: 1 chunk(s) of 0.79s, change 19.6, best 19.6, hazards none — one push, so `best` IS the whole leg's travel
      |       step 12/16 bearing  358.0 (got    1.5) 0.79s -> walked 0.79s, best change 19.6
      |         turn to 357.8: NO-OP, already inside 4.0 deg (at 1.5, err -3.7) — nothing was sent, the recorded curve was discarded, and the caller's step line will look like a turn that happened
      |         office_door->portrait_room step 13/16: 1 chunk(s) of 0.79s, change 23.3, best 23.3, hazards none — one push, so `best` IS the whole leg's travel
      |       step 13/16 bearing  357.8 (got    1.5) 0.79s -> walked 0.79s, best change 23.3
      |         turn to 357.9: NO-OP, already inside 4.0 deg (at 1.5, err -3.6) — nothing was sent, the recorded curve was discarded, and the caller's step line will look like a turn that happened
      |         office_door->portrait_room step 14/16: 1 chunk(s) of 0.79s, change 29.6, best 29.6, hazards none — one push, so `best` IS the whole leg's travel
      |       step 14/16 bearing  357.9 (got    1.5) 0.79s -> walked 0.79s, best change 29.6
      |         turn to 0.8: NO-OP, already inside 4.0 deg (at 1.6, err -0.7) — nothing was sent, the recorded curve was discarded, and the caller's step line will look like a turn that happened
      |         office_door->portrait_room step 15/16: 1 chunk(s) of 0.79s, change 28.6, best 28.6, hazards none — one push, so `best` IS the whole leg's travel
      |       step 15/16 bearing    0.8 (got    1.6) 0.79s -> walked 0.79s, best change 28.6
      |         turn to 4.0: NO-OP, already inside 4.0 deg (at 1.5, err +2.4) — nothing was sent, the recorded curve was discarded, and the caller's step line will look like a turn that happened
      |         office_door->portrait_room step 16/16: 1 chunk(s) of 0.36s, change 15.0, best 15.0, hazards none — one push, so `best` IS the whole leg's travel
      |       step 16/16 bearing    4.0 (got    1.5) 0.36s -> walked 0.36s, best change 15.0
      |       arrived? True  (portrait_room 573.000/4.550)
      |         turn to 1.5: NO-OP, already inside 0.5 deg (at 1.5, err -0.0) — nothing was sent, the recorded curve was discarded, and the caller's step line will look like a turn that happened
      |       align at portrait_room: yaw nulled to 1.5 (reference 1.5) — 0.0 deg REMAINING = ~1px of phantom dx still in the dx below
      |       align: step 1/6 dx=-60.4 (prev --)
      |       align: dx=-60.4 -> strafe left 0.10s
      |       align: within 35px (dx=-17.0) after 1 step(s)
      |       aligned at portrait_room: 17px from the recorded pose
      |       align at portrait_room: dx +17.0px
      |     leg portrait_room -> bar_pool_room
      |         turn to 286.6: TURNED to 289.2 (err -2.6) in 1 push(es)
      |         portrait_room->bar_pool_room step 1/4: 1 chunk(s) of 0.16s, change 6.4, best 6.4, hazards none — one push, so `best` IS the whole leg's travel
      |       step 1/4 bearing  286.6 (got  289.2) 0.16s -> walked 0.16s, best change 6.4
      |         turn to 292.2: NO-OP, already inside 4.0 deg (at 289.2, err +3.0) — nothing was sent, the recorded curve was discarded, and the caller's step line will look like a turn that happened
      |         portrait_room->bar_pool_room step 2/4: 1 chunk(s) of 0.79s, change 19.9, best 19.9, hazards none — one push, so `best` IS the whole leg's travel
      |       step 2/4 bearing  292.2 (got  289.2) 0.79s -> walked 0.79s, best change 19.9
      |         turn to 285.6: NO-OP, already inside 4.0 deg (at 289.2, err -3.6) — nothing was sent, the recorded curve was discarded, and the caller's step line will look like a turn that happened
      |         portrait_room->bar_pool_room step 3/4: 1 chunk(s) of 0.80s, change 19.6, best 19.6, hazards none — one push, so `best` IS the whole leg's travel
      |       step 3/4 bearing  285.6 (got  289.2) 0.80s -> walked 0.80s, best change 19.6
      |         turn to 287.6: NO-OP, already inside 4.0 deg (at 289.2, err -1.6) — nothing was sent, the recorded curve was discarded, and the caller's step line will look like a turn that happened
      |         portrait_room->bar_pool_room step 4/4: 1 chunk(s) of 0.23s, change 11.2, best 11.2, hazards none — one push, so `best` IS the whole leg's travel
      |       step 4/4 bearing  287.6 (got  289.2) 0.23s -> walked 0.23s, best change 11.2
      |       arrived? True  (bar_pool_room 876.000/7.060)
      |         turn to 288.2: TURNED to 288.0 (err +0.1) in 1 push(es)
      |       align at bar_pool_room: yaw nulled to 288.0 (reference 288.2) — 0.1 deg REMAINING = ~2px of phantom dx still in the dx below
      |       align: step 1/6 dx=+135.5 (prev --)
      |       align: dx=+135.5 -> strafe right 0.11s
      |       align: step 2/6 dx=+78.0 (prev +135.5)
      |       align: dx=+78.0 -> strafe right 0.10s
      |       align: dx barely changed (+78 -> +60) — blocked sideways, cannot correct from here
      |       aligned at bar_pool_room: 60px from the recorded pose
      |       align at bar_pool_room: dx +60.2px
      |     leg bar_pool_room -> bar_jukebox
      |         turn to 2.1: TURNED to 3.3 (err -1.2) in 1 push(es)
      |         bar_pool_room->bar_jukebox step 1/5: 1 chunk(s) of 0.80s, change 18.7, best 18.7, hazards none — one push, so `best` IS the whole leg's travel
      |       step 1/5 bearing    2.1 (got    3.3) 0.80s -> walked 0.80s, best change 18.7
      |         turn to 1.2: NO-OP, already inside 4.0 deg (at 3.3, err -2.1) — nothing was sent, the recorded curve was discarded, and the caller's step line will look like a turn that happened
      |         bar_pool_room->bar_jukebox step 2/5: 1 chunk(s) of 0.79s, change 9.4, best 9.4, hazards none — one push, so `best` IS the whole leg's travel
      |       step 2/5 bearing    1.2 (got    3.3) 0.79s -> walked 0.79s, best change 9.4
      |         turn to 0.8: NO-OP, already inside 4.0 deg (at 3.3, err -2.5) — nothing was sent, the recorded curve was discarded, and the caller's step line will look like a turn that happened
      |         bar_pool_room->bar_jukebox step 3/5: 1 chunk(s) of 0.80s, change 2.8, best 2.8, hazards SHORT — one push, so `best` IS the whole leg's travel
      |       step 3/5 bearing    0.8 (got    3.3) 0.80s -> walked 0.80s, best change 2.8
      |       step 3 blocked but the scene is MOVING — an NPC in the passage, not a wall
      |       the view is featureless — this is geometry, not a mover; skipping the escape ladder it has never cleared
      |       escape ladder: did NOT clear (best 0.0 PIXELS, against SLIP_PROGRESS_PX 20.0px — NOT against STALL_CHANGE 6.0, which is grey_levels)
      |       step 3 moved only 2.8 grey_levels (< 6.0) over 0.80s — stall score 1
      |         turn to 359.4: NO-OP, already inside 4.0 deg (at 3.3, err -3.9) — nothing was sent, the recorded curve was discarded, and the caller's step line will look like a turn that happened
      |         bar_pool_room->bar_jukebox step 4/5: 1 chunk(s) of 0.79s, change 5.2, best 5.2, hazards none — one push, so `best` IS the whole leg's travel
      |       step 4/5 bearing  359.4 (got    3.3) 0.79s -> walked 0.79s, best change 5.2
      |       step 4 blocked but the scene is MOVING — an NPC in the passage, not a wall
      |       the view is featureless — this is geometry, not a mover; skipping the escape ladder it has never cleared
      |       escape ladder: did NOT clear (best 0.0 PIXELS, against SLIP_PROGRESS_PX 20.0px — NOT against STALL_CHANGE 6.0, which is grey_levels)
      |       step 4 moved only 5.2 grey_levels (< 6.0) over 0.79s — stall score 2
      |       BLOCKED on step 4; abandoning the rest of this leg rather than pushing into whatever is in the way
      |       recovery fan did not find bar_jukebox
      |       arrived? None  (unverified, abstained (2.000/2.000))
      |     leg bar_jukebox -> dealer_table
      |       no compass reading, so there is no arc to sweep
      |       no compass reading, so there is no arc to sweep
      |       swept 19 headings around 75; best ink 0.0000 at None, prompt never appeared
      |       swept 19 headings around 78; best ink 0.0137 at 298.04859900031795, prompt never appeared
      |       swept 19 headings around 72; best ink 0.0000 at None, prompt never appeared
      |       stepped 6.8s of a 6.5s budget without finding the prompt
      |       approach_goal: prompt not seen
      |       no compass reading, so there is no arc to sweep
      |       reach_table: GAVE UP
      |       arrived? False  (at_table=False)
      |     STOPPING at leg bar_jukebox -> dealer_table: the destination did not check out, so every leg after this one would be walked from an unknown position
      |   attempt 5/9 at dealer_table
      |   not at dealer_table and cannot say where this is (unrecognised (1.000/1.000)) — reloading to a known start
      |   pause menu open (selected 'Resume')
      |   selected: Load Last Save
      |   confirmation dialog up (delta 81.1) -> YES
      |   world back after 3.2s, spawn bearing 87 (E)
      |   route: office_corridor -> office_door -> portrait_room -> bar_pool_room -> bar_jukebox -> dealer_table  (25.5s of walking)
      |     leg office_corridor -> office_door
      |         turn to 270.4: TURNED to 270.2 (err +0.2) in 2 push(es)
      |         office_corridor->office_door step 1/7: 1 chunk(s) of 0.79s, change 19.9, best 19.9, hazards none — one push, so `best` IS the whole leg's travel
      |       step 1/7 bearing  270.4 (got  270.2) 0.79s -> walked 0.79s, best change 19.9
      |         turn to 270.1: NO-OP, already inside 4.0 deg (at 270.3, err -0.2) — nothing was sent, the recorded curve was discarded, and the caller's step line will look like a turn that happened
    trial exceeded 1800s and was killed — INVALID, not a failure
[10] INVALID after 1800s — timeout/crash/stream; not a failure

--- STREAK TO THE TABLE ---
  arrived 2/3 valid (7 invalid)
  BEST CONSECUTIVE: 2  (need 25)
  failures by class: {'wedged': 1}
  -> /Users/bpatterson/Documents/Claude Cowork Personal/Auto Baseball/overnight/streak_table.json
